{
  "format" : "NLHE_MTT_8MAX",
  "hands" : {
    "22" : {
      "fold" : 0.97160000000000002,
      "raise25x" : 0.028400000000000002
    },
    "32o" : {
      "fold" : 1
    },
    "32s" : {
      "fold" : 1
    },
    "33" : {
      "fold" : 0.97370000000000001,
      "raise25x" : 0.0263
    },
    "42o" : {
      "fold" : 1
    },
    "42s" : {
      "fold" : 1
    },
    "43o" : {
      "fold" : 1
    },
    "43s" : {
      "fold" : 1
    },
    "44" : {
      "fold" : 0.94950000000000001,
      "raise25x" : 0.050500000000000003
    },
    "52o" : {
      "fold" : 1
    },
    "52s" : {
      "fold" : 1
    },
    "53o" : {
      "fold" : 1
    },
    "53s" : {
      "fold" : 1
    },
    "54o" : {
      "fold" : 1
    },
    "54s" : {
      "fold" : 0.99919999999999998
    },
    "55" : {
      "raise25x" : 0.99960000000000004
    },
    "62o" : {
      "fold" : 1
    },
    "62s" : {
      "fold" : 1
    },
    "63o" : {
      "fold" : 1
    },
    "63s" : {
      "fold" : 1
    },
    "64o" : {
      "fold" : 1
    },
    "64s" : {
      "fold" : 0.99950000000000006
    },
    "65o" : {
      "fold" : 1
    },
    "65s" : {
      "fold" : 0.99950000000000006
    },
    "66" : {
      "raise25x" : 0.99980000000000002
    },
    "72o" : {
      "fold" : 1
    },
    "72s" : {
      "fold" : 1
    },
    "73o" : {
      "fold" : 1
    },
    "73s" : {
      "fold" : 1
    },
    "74o" : {
      "fold" : 1
    },
    "74s" : {
      "fold" : 1
    },
    "75o" : {
      "fold" : 1
    },
    "75s" : {
      "fold" : 1
    },
    "76o" : {
      "fold" : 1
    },
    "76s" : {
      "fold" : 1
    },
    "77" : {
      "raise25x" : 1
    },
    "82o" : {
      "fold" : 1
    },
    "82s" : {
      "fold" : 1
    },
    "83o" : {
      "fold" : 1
    },
    "83s" : {
      "fold" : 0.99970000000000003
    },
    "84o" : {
      "fold" : 1
    },
    "84s" : {
      "fold" : 1
    },
    "85o" : {
      "fold" : 1
    },
    "85s" : {
      "fold" : 1
    },
    "86o" : {
      "fold" : 1
    },
    "86s" : {
      "fold" : 1
    },
    "87o" : {
      "fold" : 1
    },
    "87s" : {
      "fold" : 1
    },
    "88" : {
      "raise25x" : 1
    },
    "92o" : {
      "fold" : 1
    },
    "92s" : {
      "fold" : 1
    },
    "93o" : {
      "fold" : 1
    },
    "93s" : {
      "fold" : 1
    },
    "94o" : {
      "fold" : 1
    },
    "94s" : {
      "fold" : 1
    },
    "95o" : {
      "fold" : 0.99990000000000001
    },
    "95s" : {
      "fold" : 1
    },
    "96o" : {
      "fold" : 1
    },
    "96s" : {
      "fold" : 0.99960000000000004
    },
    "97o" : {
      "fold" : 1
    },
    "97s" : {
      "fold" : 1
    },
    "98o" : {
      "fold" : 0.99980000000000002
    },
    "98s" : {
      "fold" : 0.99690000000000001,
      "raise25x" : 0.0030999999999999999
    },
    "99" : {
      "raise25x" : 1
    },
    "A2o" : {
      "fold" : 0.015100000000000001,
      "raise25x" : 0.9849
    },
    "A2s" : {
      "fold" : 0.013299999999999999,
      "raise25x" : 0.98670000000000002
    },
    "A3o" : {
      "fold" : 0.021999999999999999,
      "raise25x" : 0.97799999999999998
    },
    "A3s" : {
      "fold" : 0.0028,
      "raise25x" : 0.99719999999999998
    },
    "A4o" : {
      "fold" : 0.0015,
      "raise25x" : 0.99850000000000005
    },
    "A4s" : {
      "raise25x" : 0.99990000000000001
    },
    "A5o" : {
      "raise25x" : 1
    },
    "A5s" : {
      "fold" : 0.12520000000000001,
      "raise25x" : 0.87480000000000002
    },
    "A6o" : {
      "fold" : 0.0012999999999999999,
      "raise25x" : 0.99870000000000003
    },
    "A6s" : {
      "fold" : 0.0030000000000000001,
      "raise25x" : 0.997
    },
    "A7o" : {
      "fold" : 0.0023999999999999998,
      "raise25x" : 0.99760000000000004
    },
    "A7s" : {
      "raise25x" : 1
    },
    "A8o" : {
      "raise25x" : 0.99990000000000001
    },
    "A8s" : {
      "raise25x" : 0.99960000000000004
    },
    "A9o" : {
      "raise25x" : 1
    },
    "A9s" : {
      "raise25x" : 0.99990000000000001
    },
    "AA" : {
      "raise25x" : 1
    },
    "AJo" : {
      "raise25x" : 1
    },
    "AJs" : {
      "raise25x" : 1
    },
    "AKo" : {
      "raise25x" : 1
    },
    "AKs" : {
      "raise25x" : 1
    },
    "AQo" : {
      "raise25x" : 1
    },
    "AQs" : {
      "raise25x" : 1
    },
    "ATo" : {
      "raise25x" : 1
    },
    "ATs" : {
      "raise25x" : 1
    },
    "J2o" : {
      "fold" : 1
    },
    "J2s" : {
      "fold" : 1
    },
    "J3o" : {
      "fold" : 1
    },
    "J3s" : {
      "fold" : 0.99990000000000001
    },
    "J4o" : {
      "fold" : 1
    },
    "J4s" : {
      "fold" : 1
    },
    "J5o" : {
      "fold" : 1
    },
    "J5s" : {
      "fold" : 1
    },
    "J6o" : {
      "fold" : 1
    },
    "J6s" : {
      "fold" : 1
    },
    "J7o" : {
      "fold" : 0.99980000000000002
    },
    "J7s" : {
      "fold" : 0.92900000000000005,
      "raise25x" : 0.070999999999999994
    },
    "J8o" : {
      "fold" : 0.99839999999999995,
      "raise25x" : 0.0016000000000000001
    },
    "J8s" : {
      "fold" : 0.59970000000000001,
      "raise25x" : 0.40029999999999999
    },
    "J9o" : {
      "fold" : 1
    },
    "J9s" : {
      "fold" : 0.29449999999999998,
      "raise25x" : 0.70550000000000002
    },
    "JJ" : {
      "raise25x" : 1
    },
    "JTo" : {
      "raise25x" : 0.99919999999999998
    },
    "JTs" : {
      "fold" : 0.026599999999999999,
      "raise25x" : 0.97340000000000004
    },
    "K2o" : {
      "fold" : 1
    },
    "K2s" : {
      "fold" : 0.98760000000000003,
      "raise25x" : 0.0124
    },
    "K3o" : {
      "fold" : 1
    },
    "K3s" : {
      "fold" : 0.17879999999999999,
      "raise25x" : 0.82120000000000004
    },
    "K4o" : {
      "fold" : 0.99919999999999998
    },
    "K4s" : {
      "fold" : 0.24590000000000001,
      "raise25x" : 0.75409999999999999
    },
    "K5o" : {
      "fold" : 0.95730000000000004,
      "raise25x" : 0.042700000000000002
    },
    "K5s" : {
      "fold" : 0.1077,
      "raise25x" : 0.89229999999999998
    },
    "K6o" : {
      "fold" : 0.66779999999999995,
      "raise25x" : 0.3322
    },
    "K6s" : {
      "fold" : 0.57640000000000002,
      "raise25x" : 0.42359999999999998
    },
    "K7o" : {
      "fold" : 0.058799999999999998,
      "raise25x" : 0.94120000000000004
    },
    "K7s" : {
      "fold" : 0.050099999999999999,
      "raise25x" : 0.94989999999999997
    },
    "K8o" : {
      "fold" : 0.0089999999999999993,
      "raise25x" : 0.99099999999999999
    },
    "K8s" : {
      "fold" : 0.0041999999999999997,
      "raise25x" : 0.99580000000000002
    },
    "K9o" : {
      "fold" : 0.002,
      "raise25x" : 0.998
    },
    "K9s" : {
      "raise25x" : 0.99970000000000003
    },
    "KJo" : {
      "raise25x" : 0.99970000000000003
    },
    "KJs" : {
      "raise25x" : 0.99990000000000001
    },
    "KK" : {
      "raise25x" : 1
    },
    "KQo" : {
      "fold" : 0.0011999999999999999,
      "raise25x" : 0.99880000000000002
    },
    "KQs" : {
      "raise25x" : 1
    },
    "KTo" : {
      "fold" : 0.0012999999999999999,
      "raise25x" : 0.99870000000000003
    },
    "KTs" : {
      "fold" : 0.0023,
      "raise25x" : 0.99770000000000003
    },
    "Q2o" : {
      "fold" : 1
    },
    "Q2s" : {
      "fold" : 1
    },
    "Q3o" : {
      "fold" : 1
    },
    "Q3s" : {
      "fold" : 0.99829999999999997,
      "raise25x" : 0.0016999999999999999
    },
    "Q4o" : {
      "fold" : 1
    },
    "Q4s" : {
      "fold" : 0.98699999999999999,
      "raise25x" : 0.012999999999999999
    },
    "Q5o" : {
      "fold" : 1
    },
    "Q5s" : {
      "fold" : 0.92410000000000003,
      "raise25x" : 0.075899999999999995
    },
    "Q6o" : {
      "fold" : 0.99850000000000005,
      "raise25x" : 0.0015
    },
    "Q6s" : {
      "fold" : 0.94310000000000005,
      "raise25x" : 0.056899999999999999
    },
    "Q7o" : {
      "fold" : 0.99909999999999999
    },