{
  "format" : "NLHE_MTT_8MAX",
  "hands" : {
    "54s" : {
      "call" : 1
    },
    "55" : {
      "call" : 1
    },
    "65s" : {
      "call" : 1
    },
    "66" : {
      "call" : 0.86019999999999996,
      "shove" : 0.13980000000000001
    },
    "76s" : {
      "call" : 1
    },
    "77" : {
      "call" : 0.8851,
      "fold" : 0.1149
    },
    "87s" : {
      "call" : 1
    },
    "88" : {
      "call" : 0.90010000000000001,
      "shove" : 0.099900000000000003
    },
    "98s" : {
      "call" : 1
    },
    "99" : {
      "call" : 1
    },
    "A3s" : {
      "call" : 0.95569999999999999,
      "shove" : 0.044299999999999999
    },
    "A4s" : {
      "call" : 0.2049,
      "shove" : 0.79510000000000003
    },
    "A5s" : {
      "shove" : 1
    },
    "A6s" : {
      "call" : 0.33489999999999998,
      "fold" : 0.66510000000000002
    },
    "A7s" : {
      "call" : 0.090399999999999994,
      "fold" : 0.58299999999999996,
      "shove" : 0.3266
    },
    "A8s" : {
      "call" : 0.59009999999999996,
      "fold" : 0.40989999999999999
    },
    "A9s" : {
      "call" : 0.43509999999999999,
      "fold" : 0.56489999999999996
    },
    "AA" : {
      "call" : 0.70499999999999996,
      "shove" : 0.29499999999999998
    },
    "AJo" : {
      "call" : 0.1799,
      "fold" : 0.82010000000000005
    },
    "AJs" : {
      "call" : 1
    },
    "AKo" : {
      "shove" : 1
    },
    "AKs" : {
      "shove" : 1
    },
    "AQo" : {
      "call" : 1
    },
    "AQs" : {
      "call" : 1
    },
    "ATs" : {
      "call" : 1
    },
    "JJ" : {
      "shove" : 1
    },
    "JTs" : {
      "call" : 0.87509999999999999,
      "fold" : 0.1249
    },
    "K9s" : {
      "call" : 0.40489999999999998,
      "fold" : 0.59509999999999996
    },
    "KJs" : {
      "call" : 1
    },
    "KK" : {
      "shove" : 1
    },
    "KQo" : {
      "call" : 0.25490000000000002,
      "fold" : 0.74509999999999998
    },
    "KQs" : {
      "call" : 1
    },
    "KTs" : {
      "call" : 1
    },
    "Q9s" : {
      "call" : 0.83999999999999997,
      "fold" : 0.16
    },
    "QJs" : {
      "call" : 1
    },
    "QQ" : {
      "shove" : 1
    },
    "QTs" : {
      "call" : 1
    },
    "T9s" : {
      "call" : 0.46999999999999997,
      "fold" : 0.53000000000000003
    },
    "TT" : {
      "call" : 0.16500000000000001,
      "shove" : 0.83499999999999996
    }
  },
  "id" : "mtt_8max_30bb_utg_vs3bet_vs_btn",
  "source" : {
    "description" : "RangeConverter free PDF — 8-max 30bb 1bb ante (12.5%).",
    "publisher" : {
      "accessedDate" : "2026-06-01",
      "name" : "RangeConverter",
      "product" : "Free Poker Charts — 8 max 1bb ante MTT GTO Ranges",
      "treeParams" : "poker.academy CE-Symmetric Regular @ 30bb (GTO ChipEV, 1bb ante)",
      "url" : "https:\/\/rangeconverter.com\/free-poker-charts"
    },
    "solver" : {
      "assumptions" : "Frequencies rounded to nearest 25% per source. ChipEV (non-ICM). 1bb (12.5%) big-blind ante."
    },
    "type" : "published"
  },
  "spot" : {
    "anteType" : "bigBlindAnte",
    "facingAction" : "vs3Bet",
    "opponentPosition" : "BTN",
    "position" : "UTG",
    "stackDepthBB" : 30
  }
}