{
  "format" : "NLHE_MTT_9MAX",
  "hands" : {
    "22" : {
      "call" : 1
    },
    "32s" : {
      "call" : 1
    },
    "33" : {
      "call" : 1
    },
    "42s" : {
      "call" : 1
    },
    "43o" : {
      "call" : 0.21190000000000001,
      "fold" : 0.78810000000000002
    },
    "43s" : {
      "call" : 1
    },
    "44" : {
      "call" : 1
    },
    "52s" : {
      "call" : 1
    },
    "53o" : {
      "call" : 0.98009999999999997,
      "fold" : 0.019899999999999998
    },
    "53s" : {
      "call" : 1
    },
    "54o" : {
      "call" : 1
    },
    "54s" : {
      "call" : 0.53000000000000003,
      "raise25x" : 0.46999999999999997
    },
    "55" : {
      "call" : 1
    },
    "62s" : {
      "call" : 1
    },
    "63s" : {
      "call" : 1
    },
    "64o" : {
      "call" : 0.46400000000000002,
      "fold" : 0.53600000000000003
    },
    "64s" : {
      "call" : 1
    },
    "65o" : {
      "call" : 1
    },
    "65s" : {
      "call" : 0.68000000000000005,
      "raise25x" : 0.32000000000000001
    },
    "66" : {
      "call" : 1
    },
    "72s" : {
      "call" : 1
    },
    "73s" : {
      "call" : 1
    },
    "74s" : {
      "call" : 1
    },
    "75o" : {
      "call" : 0.4461,
      "fold" : 0.55389999999999995
    },
    "75s" : {
      "call" : 1
    },
    "76o" : {
      "call" : 1
    },
    "76s" : {
      "call" : 0.73609999999999998,
      "raise25x" : 0.26390000000000002
    },
    "77" : {
      "call" : 1
    },
    "82s" : {
      "call" : 1
    },
    "83s" : {
      "call" : 1
    },
    "84s" : {
      "call" : 1
    },
    "85s" : {
      "call" : 1
    },
    "86o" : {
      "call" : 1
    },
    "86s" : {
      "call" : 0.95199999999999996,
      "raise25x" : 0.048000000000000001
    },
    "87o" : {
      "call" : 1
    },
    "87s" : {
      "call" : 0.73199999999999998,
      "raise25x" : 0.26800000000000002
    },
    "88" : {
      "call" : 1
    },
    "92s" : {
      "call" : 1
    },
    "93s" : {
      "call" : 1
    },
    "94s" : {
      "call" : 1
    },
    "95s" : {
      "call" : 1
    },
    "96s" : {
      "call" : 1
    },
    "97o" : {
      "call" : 1
    },
    "97s" : {
      "call" : 1
    },
    "98o" : {
      "call" : 1
    },
    "98s" : {
      "call" : 1
    },
    "99" : {
      "call" : 1
    },
    "A2o" : {
      "call" : 0.097900000000000015,
      "fold" : 0.90210000000000001
    },
    "A2s" : {
      "call" : 1
    },
    "A3o" : {
      "call" : 1
    },
    "A3s" : {
      "call" : 0.59009999999999996,
      "raise25x" : 0.40989999999999999
    },
    "A4o" : {
      "call" : 1
    },
    "A4s" : {
      "call" : 0.5101,
      "raise25x" : 0.4899
    },
    "A5o" : {
      "call" : 1
    },
    "A5s" : {
      "call" : 0.59009999999999996,
      "raise25x" : 0.40989999999999999
    },
    "A6o" : {
      "call" : 1
    },
    "A6s" : {
      "call" : 0.92210000000000003,
      "raise25x" : 0.077900000000000011
    },
    "A7o" : {
      "call" : 1
    },
    "A7s" : {
      "call" : 0.80620000000000003,
      "raise25x" : 0.1938
    },
    "A8o" : {
      "call" : 1
    },
    "A8s" : {
      "call" : 0.65800000000000003,
      "raise25x" : 0.34200000000000003
    },
    "A9o" : {
      "call" : 1
    },
    "A9s" : {
      "call" : 0.98009999999999997,
      "raise25x" : 0.019899999999999998
    },
    "AA" : {
      "raise25x" : 1
    },
    "AJo" : {
      "call" : 0.92000000000000004,
      "raise25x" : 0.080000000000000002
    },
    "AJs" : {
      "call" : 1
    },
    "AKo" : {
      "call" : 0.43009999999999998,
      "raise25x" : 0.56989999999999996
    },
    "AKs" : {
      "raise25x" : 1
    },
    "AQo" : {
      "call" : 1
    },
    "AQs" : {
      "call" : 1
    },
    "ATo" : {
      "call" : 0.70809999999999995,
      "raise25x" : 0.29189999999999999
    },
    "ATs" : {
      "call" : 1
    },
    "J2s" : {
      "call" : 1
    },
    "J3s" : {
      "call" : 1
    },
    "J4s" : {
      "call" : 1
    },
    "J5s" : {
      "call" : 1
    },
    "J6s" : {
      "call" : 1
    },
    "J7s" : {
      "call" : 1
    },
    "J8o" : {
      "call" : 0.93020000000000003,
      "fold" : 0.069800000000000001
    },
    "J8s" : {
      "call" : 1
    },
    "J9o" : {
      "call" : 1
    },
    "J9s" : {
      "call" : 0.96409999999999996,
      "raise25x" : 0.035900000000000001
    },
    "JJ" : {
      "call" : 0.82609999999999995,
      "raise25x" : 0.1739
    },
    "JTo" : {
      "call" : 1
    },
    "JTs" : {
      "call" : 0.89610000000000001,
      "raise25x" : 0.10390000000000001
    },
    "K2s" : {
      "call" : 1
    },
    "K3s" : {
      "call" : 1
    },
    "K4o" : {
      "call" : 0.22189999999999999,
      "fold" : 0.77810000000000001
    },
    "K4s" : {
      "call" : 1
    },
    "K5o" : {
      "call" : 1
    },
    "K5s" : {
      "call" : 0.92000000000000004,
      "raise25x" : 0.080000000000000002
    },
    "K6o" : {
      "call" : 1
    },
    "K6s" : {
      "call" : 0.754,
      "raise25x" : 0.246
    },
    "K7o" : {
      "call" : 1
    },
    "K7s" : {
      "call" : 1
    },
    "K8o" : {
      "call" : 1
    },
    "K8s" : {
      "call" : 0.91000000000000003,
      "raise25x" : 0.089999999999999997
    },
    "K9o" : {
      "call" : 1
    },
    "K9s" : {
      "call" : 0.87619999999999998,
      "raise25x" : 0.12379999999999999
    },
    "KJo" : {
      "call" : 1
    },
    "KJs" : {
      "raise25x" : 1
    },
    "KK" : {
      "raise25x" : 1
    },
    "KQo" : {
      "call" : 0.81200000000000006,
      "raise25x" : 0.188
    },
    "KQs" : {
      "call" : 1
    },
    "KTo" : {
      "call" : 1
    },
    "KTs" : {
      "call" : 0.63600000000000001,
      "raise25x" : 0.36399999999999999
    },
    "Q2s" : {
      "call" : 1
    },
    "Q3s" : {
      "call" : 1
    },
    "Q4s" : {
      "call" : 1
    },
    "Q5s" : {
      "call" : 1
    },
    "Q6o" : {
      "call" : 0.44800000000000001,
      "fold" : 0.55200000000000005
    },
    "Q6s" : {
      "call" : 1
    },
    "Q7s" : {
      "call" : 1
    },
    "Q8o" : {
      "call" : 0.91610000000000003,
      "fold" : 0.083900000000000002
    },
    "Q8s" : {
      "call" : 1
    },
    "Q9o" : {
      "call" : 1
    },
    "Q9s" : {
      "call" : 1
    },
    "QJo" : {
      "call" : 1
    },
    "QJs" : {
      "call" : 0.52190000000000003,
      "raise25x" : 0.47810000000000002
    },
    "QQ" : {
      "call" : 0.28399999999999997,
      "raise25x" : 0.71599999999999997
    },
    "QTo" : {
      "call" : 1
    },
    "QTs" : {
      "call" : 1
    },
    "T2s" : {
      "call" : 1
    },
    "T3s" : {
      "call" : 1
    },
    "T4s" : {
      "call" : 1
    },
    "T5s" : {
      "call" : 1
    },
    "T6s" : {
      "call" : 1
    },
    "T7s" : {
      "call" : 1
    },
    "T8o" : {
      "call" : 1
    },
    "T8s" : {
      "call" : 1
    },
    "T9o" : {
      "call" : 1
    },
    "T9s" : {
      "call" : 0.71409999999999996,
      "raise25x" : 0.28589999999999999
    },
    "TT" : {
      "call" : 0.96009999999999995,
      "raise25x" : 0.039899999999999998
    }
  },
  "id" : "mtt_9max_50bb_bb_vsopen_vs_utg",
  "source" : {
    "description" : "Adapted from RangeConverter 8-max baseline.",
    "publisher" : {
      "accessedDate" : "2026-06-01",
      "name" : "RangeConverter",
      "product" : "Free Poker Charts — 8 max 1bb ante MTT GTO Ranges",
      "treeParams" : "2.5x open, 3.5x 3bet IP, 4.5x 3bet OOP, 2.3x 4bet IP, 2.75x 4bet OOP, SB vs BB 3.2bb",
      "url" : "https:\/\/rangeconverter.com\/free-poker-charts"
    },
    "solver" : {
      "assumptions" : "Frequencies rounded to nearest 25% per source. ChipEV (non-ICM). 1bb (12.5%) big-blind ante. Copied verbatim from 8-max BB (same effective seat in 9-max)."
    },
    "type" : "published"
  },
  "spot" : {
    "anteType" : "bigBlindAnte",
    "facingAction" : "vsOpen",
    "opponentPosition" : "UTG",
    "position" : "BB",
    "stackDepthBB" : 50
  }
}