{
  "format" : "NLHE_MTT_9MAX",
  "hands" : {
    "22" : {
      "call" : 0.90449999999999997,
      "fold" : 0.089099999999999999,
      "shove" : 0.0055999999999999991
    },
    "33" : {
      "call" : 0.99560000000000004,
      "fold" : 0.0042000000000000006
    },
    "44" : {
      "call" : 0.96930000000000005,
      "fold" : 0.026600000000000002,
      "shove" : 0.0038
    },
    "52s" : {
      "call" : 0.78790000000000004,
      "fold" : 0.21160000000000001
    },
    "55" : {
      "call" : 0.97970000000000002,
      "fold" : 0.0088000000000000005,
      "shove" : 0.0114
    },
    "62s" : {
      "call" : 0.35189999999999999,
      "fold" : 0.26669999999999999,
      "shove" : 0.38129999999999997
    },
    "63s" : {
      "call" : 0.39410000000000001,
      "fold" : 0.60450000000000004,
      "raise25x" : 0.0014
    },
    "66" : {
      "call" : 0.99280000000000002,
      "fold" : 0.0038999999999999998,
      "shove" : 0.0028999999999999998
    },
    "75s" : {
      "call" : 0.87949999999999995,
      "fold" : 0.112,
      "shove" : 0.0084000000000000012
    },
    "76s" : {
      "call" : 0.96709999999999996,
      "fold" : 0.026700000000000002,
      "shove" : 0.0055000000000000005
    },
    "77" : {
      "call" : 0.97719999999999996,
      "fold" : 0.0126,
      "raise25x" : 0.0038,
      "shove" : 0.0064000000000000003
    },
    "82s" : {
      "call" : 0.2288,
      "fold" : 0.77000000000000002
    },
    "84s" : {
      "call" : 0.79510000000000003,
      "fold" : 0.20180000000000001,
      "shove" : 0.0028
    },
    "87s" : {
      "call" : 0.93569999999999998,
      "fold" : 0.064000000000000001
    },
    "88" : {
      "call" : 0.97019999999999995,
      "fold" : 0.0115,
      "raise25x" : 0.0161,
      "shove" : 0.0022000000000000001
    },
    "92s" : {
      "call" : 0.83140000000000003,
      "fold" : 0.16209999999999999,
      "raise25x" : 0.0055000000000000005
    },
    "96s" : {
      "call" : 0.624,
      "fold" : 0.33639999999999998,
      "shove" : 0.038600000000000002
    },
    "98s" : {
      "call" : 0.64710000000000001,
      "fold" : 0.29320000000000002,
      "shove" : 0.059399999999999994
    },
    "99" : {
      "call" : 0.99390000000000001,
      "fold" : 0.002,
      "raise25x" : 0.0036999999999999997
    },
    "A2o" : {
      "call" : 0.26250000000000001,
      "fold" : 0.73640000000000005
    },
    "A2s" : {
      "call" : 0.65229999999999999,
      "fold" : 0.099400000000000016,
      "shove" : 0.24809999999999999
    },
    "A3o" : {
      "call" : 0.99809999999999999,
      "fold" : 0.0015
    },
    "A3s" : {
      "call" : 0.82620000000000005,
      "fold" : 0.11849999999999999,
      "raise25x" : 0.0076,
      "shove" : 0.047599999999999996
    },
    "A4o" : {
      "call" : 0.95269999999999999,
      "fold" : 0.0061999999999999998,
      "raise25x" : 0.040999999999999995
    },
    "A4s" : {
      "call" : 0.70289999999999997,
      "fold" : 0.1008,
      "raise25x" : 0.0015,
      "shove" : 0.19470000000000001
    },
    "A5o" : {
      "call" : 0.99399999999999999,
      "fold" : 0.0057000000000000011
    },
    "A5s" : {
      "call" : 0.99339999999999995,
      "fold" : 0.0061999999999999998
    },
    "A6o" : {
      "call" : 0.82169999999999999,
      "fold" : 0.0030999999999999999,
      "raise25x" : 0.052000000000000005,
      "shove" : 0.1232
    },
    "A6s" : {
      "call" : 0.96230000000000004,
      "fold" : 0.033099999999999984,
      "shove" : 0.0044999999999999997
    },
    "A7o" : {
      "call" : 0.99050000000000005,
      "fold" : 0.0060999999999999995,
      "shove" : 0.0032000000000000002
    },
    "A7s" : {
      "call" : 0.74709999999999999,
      "fold" : 0.099400000000000016,
      "shove" : 0.1535
    },
    "A8o" : {
      "call" : 0.99809999999999999,
      "shove" : 0.0013000000000000002
    },
    "A8s" : {
      "call" : 0.90439999999999998,
      "fold" : 0.031300000000000001,
      "raise25x" : 0.036199999999999996,
      "shove" : 0.027999999999999997
    },
    "A9o" : {
      "call" : 0.99890000000000001
    },
    "A9s" : {
      "call" : 0.8599,
      "fold" : 0.0080000000000000002,
      "raise25x" : 0.002,
      "shove" : 0.13009999999999999
    },
    "AA" : {
      "raise25x" : 0.74260000000000004,
      "shove" : 0.25740000000000002
    },
    "AJo" : {
      "call" : 0.99229999999999996,
      "shove" : 0.0066
    },
    "AJs" : {
      "call" : 0.87429999999999997,
      "fold" : 0.035200000000000002,
      "raise25x" : 0.036299999999999999,
      "shove" : 0.054200000000000005
    },
    "AKo" : {
      "call" : 0.86550000000000005,
      "raise25x" : 0.044999999999999998,
      "shove" : 0.089499999999999996
    },
    "AKs" : {
      "call" : 0.39439999999999997,
      "raise25x" : 0.11940000000000001,
      "shove" : 0.48620000000000002
    },
    "AQo" : {
      "call" : 0.99880000000000002
    },
    "AQs" : {
      "call" : 0.94110000000000005,
      "shove" : 0.058799999999999998
    },
    "ATo" : {
      "call" : 0.99780000000000002,
      "fold" : 0.0018
    },
    "ATs" : {
      "call" : 0.98409999999999997,
      "fold" : 0.011599999999999999,
      "raise25x" : 0.0016000000000000001,
      "shove" : 0.0027000000000000001
    },
    "J4s" : {
      "call" : 0.6714,
      "fold" : 0.32819999999999999
    },
    "J6s" : {
      "call" : 0.68610000000000004,
      "fold" : 0.2959,
      "shove" : 0.0178
    },
    "J7s" : {
      "call" : 0.46710000000000002,
      "fold" : 0.52249999999999996,
      "raise25x" : 0.0028999999999999998,
      "shove" : 0.0076
    },
    "J8s" : {
      "call" : 0.91149999999999998,
      "fold" : 0.083599999999999994,
      "shove" : 0.0048999999999999998
    },
    "J9s" : {
      "call" : 0.68520000000000003,
      "fold" : 0.2999,
      "raise25x" : 0.011300000000000001,
      "shove" : 0.0035999999999999999
    },
    "JJ" : {
      "call" : 0.96009999999999995,
      "fold" : 0.0024000000000000002,
      "raise25x" : 0.024300000000000002,
      "shove" : 0.0132
    },
    "JTo" : {
      "call" : 0.98199999999999998,
      "fold" : 0.016499999999999997
    },
    "JTs" : {
      "call" : 0.84040000000000004,
      "fold" : 0.075700000000000003,
      "shove" : 0.083700000000000011
    },
    "K2s" : {
      "call" : 0.69989999999999997,
      "fold" : 0.29089999999999999,
      "raise25x" : 0.0043,
      "shove" : 0.0048999999999999998
    },
    "K3s" : {
      "call" : 0.98819999999999997,
      "fold" : 0.0091999999999999998,
      "raise25x" : 0.0023
    },
    "K4s" : {
      "call" : 0.86890000000000001,
      "fold" : 0.12509999999999999,
      "shove" : 0.0055999999999999991
    },
    "K5o" : {
      "call" : 0.95679999999999998,
      "fold" : 0.0424
    },
    "K5s" : {
      "call" : 0.98470000000000002,
      "fold" : 0.0152
    },
    "K6s" : {
      "call" : 0.92869999999999997,
      "fold" : 0.065000000000000002,
      "shove" : 0.0063
    },
    "K7s" : {
      "call" : 0.87209999999999999,
      "fold" : 0.1187,
      "shove" : 0.0091999999999999998
    },
    "K8o" : {
      "call" : 0.8085,
      "fold" : 0.19109999999999999
    },
    "K8s" : {
      "call" : 0.33389999999999997,
      "fold" : 0.3216,
      "raise25x" : 0.34449999999999997
    },
    "K9o" : {
      "call" : 0.98460000000000003,
      "fold" : 0.014999999999999999
    },
    "K9s" : {
      "call" : 0.99680000000000002,
      "fold" : 0.0030000000000000001
    },
    "KJo" : {
      "call" : 0.99650000000000005,
      "fold" : 0.0019,
      "shove" : 0.0016000000000000001
    },
    "KJs" : {
      "call" : 0.98229999999999995,
      "fold" : 0.016,
      "shove" : 0.0012000000000000001
    },
    "KK" : {
      "call" : 0.6714,
      "raise25x" : 0.13039999999999999,
      "shove" : 0.19819999999999999
    },
    "KQo" : {
      "call" : 0.99880000000000002
    },
    "KQs" : {
      "call" : 0.99780000000000002,
      "fold" : 0.0018
    },
    "KTo" : {
      "call" : 0.99950000000000006
    },