{
  "format" : "NLHE_MTT_8MAX",
  "hands" : {
    "22" : {
      "call" : 1
    },
    "33" : {
      "call" : 1
    },
    "44" : {
      "call" : 1
    },
    "54s" : {
      "call" : 0.29799999999999999,
      "fold" : 0.34999999999999998,
      "raise3x" : 0.35199999999999998
    },
    "55" : {
      "call" : 1
    },
    "65s" : {
      "call" : 0.40999999999999998,
      "fold" : 0.5202,
      "raise3x" : 0.069800000000000001
    },
    "66" : {
      "call" : 1
    },
    "76s" : {
      "call" : 0.39789999999999998,
      "fold" : 0.60209999999999997
    },
    "77" : {
      "call" : 1
    },
    "87s" : {
      "call" : 0.22,
      "fold" : 0.67800000000000005,
      "raise3x" : 0.10199999999999999
    },
    "88" : {
      "call" : 0.83609999999999995,
      "raise3x" : 0.16389999999999999
    },
    "98s" : {
      "call" : 0.45000000000000001,
      "fold" : 0.5161,
      "raise3x" : 0.0339
    },
    "99" : {
      "call" : 0.71599999999999997,
      "raise3x" : 0.28399999999999997
    },
    "A3s" : {
      "call" : 0.41799999999999998,
      "fold" : 0.58199999999999996
    },
    "A4s" : {
      "call" : 0.70409999999999995,
      "raise3x" : 0.2959
    },
    "A5s" : {
      "call" : 0.67400000000000004,
      "raise3x" : 0.32600000000000001
    },
    "A7s" : {
      "call" : 0.69210000000000005,
      "raise3x" : 0.30790000000000001
    },
    "A8s" : {
      "call" : 0.5,
      "raise3x" : 0.5
    },
    "A9s" : {
      "call" : 0.71599999999999997,
      "raise3x" : 0.28399999999999997
    },
    "AA" : {
      "raise3x" : 1
    },
    "AJo" : {
      "call" : 0.48599999999999999,
      "raise3x" : 0.51400000000000001
    },
    "AJs" : {
      "call" : 1
    },
    "AKo" : {
      "call" : 0.56200000000000006,
      "raise3x" : 0.438
    },
    "AKs" : {
      "raise3x" : 1
    },
    "AQo" : {
      "call" : 0.502,
      "raise3x" : 0.498
    },
    "AQs" : {
      "call" : 1
    },
    "ATo" : {
      "fold" : 0.65410000000000001,
      "raise3x" : 0.34589999999999999
    },
    "ATs" : {
      "call" : 0.73009999999999997,
      "raise3x" : 0.26989999999999997
    },
    "J9s" : {
      "call" : 0.56200000000000006,
      "fold" : 0.28399999999999997,
      "raise3x" : 0.154
    },
    "JJ" : {
      "call" : 0.82010000000000005,
      "raise3x" : 0.1799
    },
    "JTs" : {
      "call" : 1
    },
    "K8s" : {
      "call" : 0.36409999999999998,
      "fold" : 0.39400000000000002,
      "raise3x" : 0.2419
    },
    "K9s" : {
      "call" : 0.218,
      "raise3x" : 0.78200000000000003
    },
    "KJo" : {
      "fold" : 0.79200000000000004,
      "raise3x" : 0.20799999999999999
    },
    "KJs" : {
      "call" : 0.71599999999999997,
      "raise3x" : 0.28399999999999997
    },
    "KK" : {
      "raise3x" : 1
    },
    "KQo" : {
      "call" : 0.58799999999999997,
      "raise3x" : 0.41199999999999998
    },
    "KQs" : {
      "call" : 1
    },
    "KTs" : {
      "call" : 0.54390000000000005,
      "raise3x" : 0.45610000000000001
    },
    "QJs" : {
      "call" : 1
    },
    "QQ" : {
      "call" : 0.28399999999999997,
      "raise3x" : 0.71599999999999997
    },
    "QTs" : {
      "call" : 1
    },
    "T8s" : {
      "call" : 0.31,
      "fold" : 0.68999999999999995
    },
    "T9s" : {
      "call" : 0.95799999999999996,
      "raise3x" : 0.042000000000000003
    },
    "TT" : {
      "call" : 0.53600000000000003,
      "raise3x" : 0.46400000000000002
    }
  },
  "id" : "mtt_8max_50bb_co_vsopen_vs_utg",
  "source" : {
    "description" : "RangeConverter free PDF — 8-max 50bb 1bb ante (12.5%).",
    "publisher" : {
      "accessedDate" : "2026-06-01",
      "name" : "RangeConverter",
      "product" : "Free Poker Charts — 8 max 1bb ante MTT GTO Ranges",
      "treeParams" : "poker.academy CE-Symmetric Regular @ 50bb (GTO ChipEV, 1bb ante)",
      "url" : "https:\/\/rangeconverter.com\/free-poker-charts"
    },
    "solver" : {
      "assumptions" : "Frequencies rounded to nearest 25% per source. ChipEV (non-ICM). 1bb (12.5%) big-blind ante."
    },
    "type" : "published"
  },
  "spot" : {
    "anteType" : "bigBlindAnte",
    "facingAction" : "vsOpen",
    "opponentPosition" : "UTG",
    "position" : "CO",
    "stackDepthBB" : 50
  }
}