{
  "format" : "NLHE_MTT_8MAX",
  "hands" : {
    "22" : {
      "call" : 0.86499999999999999,
      "fold" : 0.13500000000000001
    },
    "33" : {
      "call" : 0.69499999999999995,
      "fold" : 0.30499999999999999
    },
    "44" : {
      "call" : 0.73009999999999997,
      "fold" : 0.26989999999999997
    },
    "54s" : {
      "call" : 0.46510000000000001,
      "fold" : 0.2099,
      "raise3x" : 0.32500000000000001
    },
    "55" : {
      "call" : 0.72509999999999997,
      "fold" : 0.27489999999999998
    },
    "65s" : {
      "call" : 0.2586,
      "fold" : 0.55740000000000001,
      "raise3x" : 0.184
    },
    "66" : {
      "call" : 1
    },
    "76s" : {
      "call" : 0.5,
      "fold" : 0.5
    },
    "77" : {
      "call" : 0.88009999999999999,
      "raise3x" : 0.11990000000000001
    },
    "87s" : {
      "call" : 0.32500000000000001,
      "fold" : 0.67500000000000004
    },
    "88" : {
      "call" : 0.84999999999999998,
      "raise3x" : 0.14999999999999999
    },
    "98s" : {
      "call" : 0.36009999999999998,
      "fold" : 0.63990000000000002
    },
    "99" : {
      "call" : 0.86019999999999996,
      "raise3x" : 0.13980000000000001
    },
    "A4s" : {
      "call" : 0.47999999999999998,
      "fold" : 0.215,
      "raise3x" : 0.30499999999999999
    },
    "A5s" : {
      "call" : 0.90010000000000001,
      "raise3x" : 0.099900000000000003
    },
    "A6s" : {
      "fold" : 0.78000000000000003,
      "raise3x" : 0.22
    },
    "A7s" : {
      "fold" : 0.80010000000000003,
      "raise3x" : 0.19989999999999999
    },
    "A8s" : {
      "call" : 0.50509999999999999,
      "raise3x" : 0.49490000000000001
    },
    "A9s" : {
      "call" : 0.87509999999999999,
      "raise3x" : 0.1249
    },
    "AA" : {
      "raise3x" : 1
    },
    "AJo" : {
      "call" : 0.36009999999999998,
      "fold" : 0.12989999999999999,
      "raise3x" : 0.51000000000000001
    },
    "AJs" : {
      "call" : 1
    },
    "AKo" : {
      "call" : 0.315,
      "raise3x" : 0.68500000000000005
    },
    "AKs" : {
      "raise3x" : 1
    },
    "AQo" : {
      "call" : 0.61499999999999999,
      "raise3x" : 0.38500000000000001
    },
    "AQs" : {
      "call" : 1
    },
    "ATo" : {
      "fold" : 0.72509999999999997,
      "raise3x" : 0.27489999999999998
    },
    "ATs" : {
      "call" : 1
    },
    "J9s" : {
      "call" : 0.19989999999999999,
      "fold" : 0.23000000000000001,
      "raise3x" : 0.57010000000000005
    },
    "JJ" : {
      "call" : 0.46999999999999997,
      "raise3x" : 0.53000000000000003
    },
    "JTs" : {
      "call" : 1
    },
    "K9s" : {
      "call" : 0.4249,
      "raise3x" : 0.57509999999999994
    },
    "KJo" : {
      "fold" : 0.97509999999999997,
      "raise3x" : 0.024899999999999999
    },
    "KJs" : {
      "call" : 0.625,
      "raise3x" : 0.375
    },
    "KK" : {
      "raise3x" : 1
    },
    "KQo" : {
      "call" : 0.59999999999999998,
      "raise3x" : 0.40000000000000002
    },
    "KQs" : {
      "call" : 1
    },
    "KTs" : {
      "call" : 0.67500000000000004,
      "raise3x" : 0.32500000000000001
    },
    "QJs" : {
      "call" : 0.69999999999999996,
      "raise3x" : 0.29999999999999999
    },
    "QQ" : {
      "call" : 0.16500000000000001,
      "raise3x" : 0.83499999999999996
    },
    "QTs" : {
      "call" : 1
    },
    "T8s" : {
      "call" : 0.33989999999999998,
      "fold" : 0.36009999999999998,
      "raise3x" : 0.29999999999999999
    },
    "T9s" : {
      "call" : 0.84999999999999998,
      "raise3x" : 0.14999999999999999
    },
    "TT" : {
      "call" : 0.65510000000000002,
      "raise3x" : 0.34489999999999998
    }
  },
  "id" : "mtt_8max_40bb_co_vsopen_vs_utg",
  "source" : {
    "description" : "RangeConverter free PDF — 8-max 40bb 1bb ante (12.5%).",
    "publisher" : {
      "accessedDate" : "2026-06-01",
      "name" : "RangeConverter",
      "product" : "Free Poker Charts — 8 max 1bb ante MTT GTO Ranges",
      "treeParams" : "poker.academy CE-Symmetric Regular @ 40bb (GTO ChipEV, 1bb ante)",
      "url" : "https:\/\/rangeconverter.com\/free-poker-charts"
    },
    "solver" : {
      "assumptions" : "Frequencies rounded to nearest 25% per source. ChipEV (non-ICM). 1bb (12.5%) big-blind ante."
    },
    "type" : "published"
  },
  "spot" : {
    "anteType" : "bigBlindAnte",
    "facingAction" : "vsOpen",
    "opponentPosition" : "UTG",
    "position" : "CO",
    "stackDepthBB" : 40
  }
}