{
  "format" : "NLHE_MTT_9MAX",
  "hands" : {
    "22" : {
      "call" : 1
    },
    "32s" : {
      "call" : 1
    },
    "33" : {
      "call" : 1
    },
    "42s" : {
      "call" : 1
    },
    "43s" : {
      "call" : 1
    },
    "44" : {
      "call" : 1
    },
    "52s" : {
      "call" : 1
    },
    "53o" : {
      "call" : 0.39600000000000002,
      "fold" : 0.60399999999999998
    },
    "53s" : {
      "call" : 0.62209999999999999,
      "raise25x" : 0.37790000000000001
    },
    "54o" : {
      "call" : 1
    },
    "54s" : {
      "raise25x" : 1
    },
    "55" : {
      "call" : 1
    },
    "62s" : {
      "call" : 1
    },
    "63s" : {
      "call" : 1
    },
    "64o" : {
      "call" : 0.40389999999999998,
      "fold" : 0.59609999999999996
    },
    "64s" : {
      "call" : 1
    },
    "65o" : {
      "call" : 1
    },
    "65s" : {
      "call" : 0.31,
      "raise25x" : 0.68999999999999995
    },
    "66" : {
      "call" : 1
    },
    "72s" : {
      "call" : 1
    },
    "73s" : {
      "call" : 1
    },
    "74s" : {
      "call" : 1
    },
    "75o" : {
      "call" : 0.80010000000000003,
      "fold" : 0.19989999999999999
    },
    "75s" : {
      "call" : 0.92210000000000003,
      "raise25x" : 0.077900000000000011
    },
    "76o" : {
      "call" : 1
    },
    "76s" : {
      "raise25x" : 1
    },
    "77" : {
      "call" : 0.91810000000000003,
      "raise25x" : 0.081900000000000014
    },
    "82s" : {
      "call" : 1
    },
    "83s" : {
      "call" : 1
    },
    "84s" : {
      "call" : 1
    },
    "85s" : {
      "call" : 1
    },
    "86o" : {
      "call" : 1
    },
    "86s" : {
      "raise25x" : 1
    },
    "87o" : {
      "call" : 1
    },
    "87s" : {
      "raise25x" : 1
    },
    "88" : {
      "call" : 0.55989999999999995,
      "raise25x" : 0.44009999999999999
    },
    "92s" : {
      "call" : 1
    },
    "93s" : {
      "call" : 1
    },
    "94s" : {
      "call" : 1
    },
    "95s" : {
      "call" : 1
    },
    "96o" : {
      "call" : 1
    },
    "96s" : {
      "raise25x" : 1
    },
    "97o" : {
      "call" : 1
    },
    "97s" : {
      "call" : 0.60209999999999997,
      "raise25x" : 0.39789999999999998
    },
    "98o" : {
      "call" : 1
    },
    "98s" : {
      "raise25x" : 1
    },
    "99" : {
      "call" : 0.25990000000000002,
      "raise25x" : 0.74009999999999998
    },
    "A2o" : {
      "call" : 1
    },
    "A2s" : {
      "call" : 1
    },
    "A3o" : {
      "call" : 1
    },
    "A3s" : {
      "call" : 0.92000000000000004,
      "raise25x" : 0.080000000000000002
    },
    "A4o" : {
      "call" : 0.93210000000000004,
      "raise25x" : 0.067900000000000002
    },
    "A4s" : {
      "call" : 0.21190000000000001,
      "raise25x" : 0.78810000000000002
    },
    "A5o" : {
      "call" : 0.95799999999999996,
      "raise25x" : 0.042000000000000003
    },
    "A5s" : {
      "raise25x" : 1
    },
    "A6o" : {
      "call" : 0.96220000000000006,
      "raise25x" : 0.0378
    },
    "A6s" : {
      "call" : 0.7621,
      "raise25x" : 0.2379
    },
    "A7o" : {
      "call" : 0.82609999999999995,
      "raise25x" : 0.1739
    },
    "A7s" : {
      "call" : 1
    },
    "A8o" : {
      "call" : 1
    },
    "A8s" : {
      "call" : 1
    },
    "A9o" : {
      "call" : 1
    },
    "A9s" : {
      "call" : 1
    },
    "AA" : {
      "raise25x" : 1
    },
    "AJo" : {
      "call" : 0.70209999999999995,
      "raise25x" : 0.2979
    },
    "AJs" : {
      "raise25x" : 1
    },
    "AKo" : {
      "raise25x" : 1
    },
    "AKs" : {
      "raise25x" : 1
    },
    "AQo" : {
      "raise25x" : 1
    },
    "AQs" : {
      "raise25x" : 1
    },
    "ATo" : {
      "call" : 1
    },
    "ATs" : {
      "raise25x" : 1
    },
    "J2s" : {
      "call" : 1
    },
    "J3s" : {
      "call" : 1
    },
    "J4o" : {
      "call" : 0.2059,
      "fold" : 0.79410000000000003
    },
    "J4s" : {
      "call" : 1
    },
    "J5o" : {
      "call" : 1
    },
    "J5s" : {
      "call" : 0.91000000000000003,
      "raise25x" : 0.089999999999999997
    },
    "J6o" : {
      "call" : 1
    },
    "J6s" : {
      "call" : 1
    },
    "J7o" : {
      "call" : 1
    },
    "J7s" : {
      "call" : 0.498,
      "raise25x" : 0.502
    },
    "J8o" : {
      "call" : 1
    },
    "J8s" : {
      "call" : 0.40000000000000002,
      "raise25x" : 0.59999999999999998
    },
    "J9o" : {
      "call" : 0.97219999999999995,
      "raise25x" : 0.027800000000000002
    },
    "J9s" : {
      "call" : 0.31790000000000002,
      "raise25x" : 0.68210000000000004
    },
    "JJ" : {
      "raise25x" : 1
    },
    "JTo" : {
      "call" : 0.82609999999999995,
      "raise25x" : 0.1739
    },
    "JTs" : {
      "call" : 0.59399999999999997,
      "raise25x" : 0.40600000000000003
    },
    "K2o" : {
      "call" : 1
    },
    "K2s" : {
      "call" : 1
    },
    "K3o" : {
      "call" : 1
    },
    "K3s" : {
      "call" : 1
    },
    "K4o" : {
      "call" : 1
    },
    "K4s" : {
      "call" : 0.68999999999999995,
      "raise25x" : 0.31
    },
    "K5o" : {
      "call" : 0.85599999999999998,
      "raise25x" : 0.14399999999999999
    },
    "K5s" : {
      "call" : 0.84809999999999997,
      "raise25x" : 0.15190000000000001
    },
    "K6o" : {
      "call" : 0.65200000000000002,
      "raise25x" : 0.34799999999999998
    },
    "K6s" : {
      "call" : 1
    },
    "K7o" : {
      "call" : 0.91210000000000002,
      "raise25x" : 0.087900000000000006
    },
    "K7s" : {
      "call" : 1
    },
    "K8o" : {
      "call" : 0.92600000000000005,
      "raise25x" : 0.073999999999999996
    },
    "K8s" : {
      "call" : 1
    },
    "K9o" : {
      "call" : 0.97219999999999995,
      "raise25x" : 0.027800000000000002
    },
    "K9s" : {
      "call" : 1
    },
    "KJo" : {
      "call" : 0.60399999999999998,
      "raise25x" : 0.39600000000000002
    },
    "KJs" : {
      "raise25x" : 1
    },
    "KK" : {
      "raise25x" : 1
    },
    "KQo" : {
      "call" : 0.33389999999999997,
      "raise25x" : 0.66610000000000003
    },
    "KQs" : {
      "raise25x" : 1
    },
    "KTo" : {
      "call" : 0.91810000000000003,
      "raise25x" : 0.081900000000000014
    },
    "KTs" : {
      "call" : 0.13800000000000001,
      "raise25x" : 0.86199999999999999
    },
    "Q2o" : {
      "call" : 0.26800000000000002,
      "fold" : 0.73199999999999998
    },
    "Q2s" : {
      "call" : 1
    },
    "Q3o" : {
      "call" : 1
    },
    "Q3s" : {
      "call" : 1
    },
    "Q4o" : {
      "call" : 1
    },
    "Q4s" : {
      "call" : 1
    },
    "Q5o" : {
      "call" : 1
    },
    "Q5s" : {
      "call" : 0.69399999999999995,
      "raise25x" : 0.30599999999999999
    },
    "Q6o" : {
      "call" : 1
    },
    "Q6s" : {
      "call" : 0.78410000000000002,
      "raise25x" : 0.21590000000000001
    },
    "Q7o" : {
      "call" : 1
    },
    "Q7s" : {
      "call" : 1
    },
    "Q8o" : {
      "call" : 0.97219999999999995,
      "raise25x" : 0.027800000000000002
    },
    "Q8s" : {
      "call" : 1
    },
    "Q9o" : {
      "call" : 1
    },
    "Q9s" : {
      "call" : 1
    },
    "QJo" : {
      "call" : 1
    },
    "QJs" : {
      "raise25x" : 1
    },
    "QQ" : {
      "raise25x" : 1
    },
    "QTo" : {
      "call" : 0.80200000000000005,
      "raise25x" : 0.19800000000000001
    },
    "QTs" : {
      "call" : 0.96009999999999995,
      "raise25x" : 0.039899999999999998
    },
    "T2s" : {
      "call" : 1
    },
    "T3s" : {
      "call" : 1
    },
    "T4s" : {
      "call" : 1
    },
    "T5s" : {
      "call" : 1
    },
    "T6o" : {
      "call" : 1
    },
    "T6s" : {
      "call" : 0.16600000000000001,
      "raise25x" : 0.83399999999999996
    },
    "T7o" : {
      "call" : 1
    },
    "T7s" : {
      "call" : 0.1479,
      "raise25x" : 0.85209999999999997
    },
    "T8o" : {
      "call" : 1
    },
    "T8s" : {
      "raise25x" : 1
    },