{
  "format" : "NLHE_MTT_8MAX",
  "hands" : {
    "44" : {
      "call" : 1
    },
    "55" : {
      "call" : 0.87409999999999999,
      "shove" : 0.12590000000000001
    },
    "66" : {
      "call" : 1
    },
    "76s" : {
      "call" : 1
    },
    "77" : {
      "call" : 1
    },
    "87s" : {
      "call" : 1
    },
    "88" : {
      "call" : 1
    },
    "98s" : {
      "call" : 0.89800000000000002,
      "fold" : 0.10199999999999999
    },
    "99" : {
      "call" : 1
    },
    "A2s" : {
      "shove" : 1
    },
    "A3s" : {
      "shove" : 1
    },
    "A4s" : {
      "shove" : 1
    },
    "A5s" : {
      "shove" : 1
    },
    "A6s" : {
      "call" : 0.38190000000000002,
      "fold" : 0.61809999999999998
    },
    "A7s" : {
      "call" : 0.4632,
      "fold" : 0.45910000000000001,
      "shove" : 0.077700000000000005
    },
    "A8s" : {
      "call" : 1
    },
    "A9s" : {
      "call" : 1
    },
    "AA" : {
      "call" : 0.374,
      "shove" : 0.626
    },
    "AJo" : {
      "call" : 0.32000000000000001,
      "fold" : 0.68000000000000005
    },
    "AJs" : {
      "call" : 1
    },
    "AKo" : {
      "shove" : 1
    },
    "AKs" : {
      "shove" : 1
    },
    "AQo" : {
      "call" : 1
    },
    "AQs" : {
      "call" : 1
    },
    "ATs" : {
      "call" : 1
    },
    "J9s" : {
      "call" : 0.53790000000000004,
      "fold" : 0.46210000000000001
    },
    "JJ" : {
      "shove" : 1
    },
    "JTs" : {
      "call" : 1
    },
    "K6s" : {
      "call" : 1
    },
    "K9s" : {
      "call" : 1
    },
    "KJs" : {
      "call" : 1
    },
    "KK" : {
      "shove" : 1
    },
    "KQo" : {
      "call" : 0.68610000000000004,
      "fold" : 0.31390000000000001
    },
    "KQs" : {
      "call" : 0.84419999999999995,
      "shove" : 0.15579999999999999
    },
    "KTs" : {
      "call" : 1
    },
    "Q9s" : {
      "call" : 0.017899999999999999,
      "fold" : 0.98209999999999997
    },
    "QJs" : {
      "call" : 0.70409999999999995,
      "shove" : 0.2959
    },
    "QQ" : {
      "shove" : 1
    },
    "QTs" : {
      "call" : 1
    },
    "T8s" : {
      "call" : 0.82609999999999995,
      "fold" : 0.1739
    },
    "T9s" : {
      "call" : 1
    },
    "TT" : {
      "call" : 0.55810000000000004,
      "shove" : 0.44190000000000002
    }
  },
  "id" : "mtt_8max_50bb_lj_vs3bet",
  "source" : {
    "description" : "RangeConverter free PDF — 8-max 50bb 1bb ante (12.5%).",
    "publisher" : {
      "accessedDate" : "2026-06-01",
      "name" : "RangeConverter",
      "product" : "Free Poker Charts — 8 max 1bb ante MTT GTO Ranges",
      "treeParams" : "poker.academy CE-Symmetric Regular @ 50bb (GTO ChipEV, 1bb ante)",
      "url" : "https:\/\/rangeconverter.com\/free-poker-charts"
    },
    "solver" : {
      "assumptions" : "Frequencies rounded to nearest 25% per source. ChipEV (non-ICM). 1bb (12.5%) big-blind ante."
    },
    "type" : "published"
  },
  "spot" : {
    "anteType" : "bigBlindAnte",
    "facingAction" : "vs3Bet",
    "position" : "LJ",
    "stackDepthBB" : 50
  }
}