{
  "format" : "NLHE_MTT_8MAX",
  "hands" : {
    "44" : {
      "call" : 1
    },
    "54s" : {
      "call" : 1
    },
    "55" : {
      "call" : 1
    },
    "65s" : {
      "call" : 1
    },
    "66" : {
      "call" : 0.39500000000000002,
      "shove" : 0.60499999999999998
    },
    "76s" : {
      "call" : 1
    },
    "77" : {
      "call" : 0.38,
      "shove" : 0.62
    },
    "86s" : {
      "call" : 0.23499999999999999,
      "fold" : 0.76500000000000001
    },
    "87s" : {
      "call" : 1
    },
    "88" : {
      "call" : 1
    },
    "98s" : {
      "call" : 1
    },
    "99" : {
      "call" : 1
    },
    "A2s" : {
      "call" : 1
    },
    "A3s" : {
      "call" : 0.85499999999999998,
      "shove" : 0.14499999999999999
    },
    "A4s" : {
      "shove" : 1
    },
    "A5o" : {
      "call" : 0.40500000000000003,
      "fold" : 0.2099,
      "shove" : 0.3851
    },
    "A5s" : {
      "shove" : 1
    },
    "A6s" : {
      "call" : 0.63490000000000002,
      "shove" : 0.36509999999999998
    },
    "A7s" : {
      "call" : 0.19989999999999999,
      "shove" : 0.80010000000000003
    },
    "A8o" : {
      "call" : 0.90010000000000001,
      "fold" : 0.099900000000000003
    },
    "A8s" : {
      "call" : 1
    },
    "A9o" : {
      "call" : 1
    },
    "A9s" : {
      "call" : 1
    },
    "AA" : {
      "call" : 1
    },
    "AJo" : {
      "call" : 0.31,
      "shove" : 0.68999999999999995
    },
    "AJs" : {
      "call" : 1
    },
    "AKo" : {
      "shove" : 1
    },
    "AKs" : {
      "call" : 0.40989999999999999,
      "shove" : 0.59009999999999996
    },
    "AQo" : {
      "shove" : 1
    },
    "AQs" : {
      "shove" : 1
    },
    "ATo" : {
      "call" : 0.63990000000000002,
      "shove" : 0.36009999999999998
    },
    "ATs" : {
      "call" : 1
    },
    "J9s" : {
      "call" : 1
    },
    "JJ" : {
      "call" : 1
    },
    "JTs" : {
      "call" : 1
    },
    "K3s" : {
      "call" : 0.48060000000000003,
      "fold" : 0.51939999999999997
    },
    "K4s" : {
      "call" : 1
    },
    "K5s" : {
      "call" : 1
    },
    "K6s" : {
      "call" : 1
    },
    "K7s" : {
      "call" : 1
    },
    "K8s" : {
      "call" : 1
    },
    "K9s" : {
      "call" : 1
    },
    "KJo" : {
      "call" : 1
    },
    "KJs" : {
      "call" : 1
    },
    "KK" : {
      "call" : 1
    },
    "KQo" : {
      "call" : 1
    },
    "KQs" : {
      "call" : 0.81010000000000004,
      "shove" : 0.18990000000000001
    },
    "KTo" : {
      "call" : 0.36509999999999998,
      "fold" : 0.63490000000000002
    },
    "KTs" : {
      "call" : 1
    },
    "Q6s" : {
      "call" : 0.315,
      "fold" : 0.68500000000000005
    },
    "Q8s" : {
      "call" : 0.099900000000000003,
      "fold" : 0.90010000000000001
    },
    "Q9s" : {
      "call" : 1
    },
    "QJo" : {
      "call" : 0.5151,
      "fold" : 0.4849
    },
    "QJs" : {
      "call" : 1
    },
    "QQ" : {
      "call" : 0.39500000000000002,
      "shove" : 0.60499999999999998
    },
    "QTs" : {
      "call" : 1
    },
    "T8s" : {
      "call" : 0.98999999999999999,
      "fold" : 0.01
    },
    "T9s" : {
      "call" : 1
    },
    "TT" : {
      "call" : 0.94510000000000005,
      "shove" : 0.054899999999999997
    }
  },
  "id" : "mtt_8max_25bb_co_vs3bet_vs_sb",
  "source" : {
    "description" : "RangeConverter free PDF — 8-max 25bb 1bb ante (12.5%).",
    "publisher" : {
      "accessedDate" : "2026-06-01",
      "name" : "RangeConverter",
      "product" : "Free Poker Charts — 8 max 1bb ante MTT GTO Ranges",
      "treeParams" : "poker.academy CE-Symmetric Regular @ 25bb (GTO ChipEV, 1bb ante)",
      "url" : "https:\/\/rangeconverter.com\/free-poker-charts"
    },
    "solver" : {
      "assumptions" : "Frequencies rounded to nearest 25% per source. ChipEV (non-ICM). 1bb (12.5%) big-blind ante."
    },
    "type" : "published"
  },
  "spot" : {
    "anteType" : "bigBlindAnte",
    "facingAction" : "vs3Bet",
    "opponentPosition" : "SB",
    "position" : "CO",
    "stackDepthBB" : 25
  }
}