{
  "format" : "NLHE_MTT_9MAX",
  "hands" : {
    "22" : {
      "fold" : 0.999
    },
    "32o" : {
      "fold" : 1
    },
    "32s" : {
      "fold" : 0.99970000000000003
    },
    "33" : {
      "fold" : 0.38279999999999997,
      "raise25x" : 0.61719999999999997
    },
    "42o" : {
      "fold" : 1
    },
    "42s" : {
      "fold" : 1
    },
    "43o" : {
      "fold" : 1
    },
    "43s" : {
      "fold" : 1
    },
    "44" : {
      "fold" : 0.034700000000000002,
      "raise25x" : 0.96530000000000005
    },
    "52o" : {
      "fold" : 1
    },
    "52s" : {
      "fold" : 1
    },
    "53o" : {
      "fold" : 1
    },
    "53s" : {
      "fold" : 1
    },
    "54o" : {
      "fold" : 1
    },
    "54s" : {
      "fold" : 0.99990000000000001
    },
    "55" : {
      "fold" : 0.1326,
      "raise25x" : 0.86739999999999995
    },
    "62o" : {
      "fold" : 1
    },
    "62s" : {
      "fold" : 0.99980000000000002
    },
    "63o" : {
      "fold" : 1
    },
    "63s" : {
      "fold" : 1
    },
    "64o" : {
      "fold" : 1
    },
    "64s" : {
      "fold" : 0.99990000000000001
    },
    "65o" : {
      "fold" : 0.99990000000000001
    },
    "65s" : {
      "fold" : 1
    },
    "66" : {
      "fold" : 0.0117,
      "raise25x" : 0.98829999999999996
    },
    "72o" : {
      "fold" : 1
    },
    "72s" : {
      "fold" : 1
    },
    "73o" : {
      "fold" : 1
    },
    "73s" : {
      "fold" : 1
    },
    "74o" : {
      "fold" : 1
    },
    "74s" : {
      "fold" : 1
    },
    "75o" : {
      "fold" : 1
    },
    "75s" : {
      "fold" : 1
    },
    "76o" : {
      "fold" : 1
    },
    "76s" : {
      "fold" : 1
    },
    "77" : {
      "raise25x" : 1
    },
    "82o" : {
      "fold" : 1
    },
    "82s" : {
      "fold" : 0.99980000000000002
    },
    "83o" : {
      "fold" : 1
    },
    "83s" : {
      "fold" : 0.99980000000000002
    },
    "84o" : {
      "fold" : 1
    },
    "84s" : {
      "fold" : 1
    },
    "85o" : {
      "fold" : 1
    },
    "85s" : {
      "fold" : 1
    },
    "86o" : {
      "fold" : 1
    },
    "86s" : {
      "fold" : 1
    },
    "87o" : {
      "fold" : 1
    },
    "87s" : {
      "fold" : 1
    },
    "88" : {
      "raise25x" : 0.99950000000000006
    },
    "92o" : {
      "fold" : 1
    },
    "92s" : {
      "fold" : 1
    },
    "93o" : {
      "fold" : 1
    },
    "93s" : {
      "fold" : 1
    },
    "94o" : {
      "fold" : 1
    },
    "94s" : {
      "fold" : 0.99990000000000001
    },
    "95o" : {
      "fold" : 1
    },
    "95s" : {
      "fold" : 0.99929999999999997
    },
    "96o" : {
      "fold" : 1
    },
    "96s" : {
      "fold" : 1
    },
    "97o" : {
      "fold" : 1
    },
    "97s" : {
      "fold" : 0.99990000000000001
    },
    "98o" : {
      "fold" : 1
    },
    "98s" : {
      "fold" : 0.92559999999999998,
      "raise25x" : 0.074399999999999994
    },
    "99" : {
      "raise25x" : 1
    },
    "A2o" : {
      "fold" : 0.071300000000000002,
      "raise25x" : 0.92869999999999997
    },
    "A2s" : {
      "fold" : 0.028799999999999999,
      "raise25x" : 0.97119999999999995
    },
    "A3o" : {
      "fold" : 0.0201,
      "raise25x" : 0.97989999999999999
    },
    "A3s" : {
      "fold" : 0.017899999999999999,
      "raise25x" : 0.98209999999999997
    },
    "A4o" : {
      "fold" : 0.0094999999999999998,
      "raise25x" : 0.99050000000000005
    },
    "A4s" : {
      "fold" : 0.0069000000000000008,
      "raise25x" : 0.99309999999999998
    },
    "A5o" : {
      "fold" : 0.0114,
      "raise25x" : 0.98860000000000003
    },
    "A5s" : {
      "raise25x" : 0.99990000000000001
    },
    "A6o" : {
      "fold" : 0.0099000000000000008,
      "raise25x" : 0.99009999999999998
    },
    "A6s" : {
      "fold" : 0.0252,
      "raise25x" : 0.9748
    },
    "A7o" : {
      "fold" : 0.0152,
      "raise25x" : 0.98480000000000001
    },
    "A7s" : {
      "fold" : 0.0032000000000000002,
      "raise25x" : 0.99680000000000002
    },
    "A8o" : {
      "fold" : 0.0012000000000000001,
      "raise25x" : 0.99880000000000002
    },
    "A8s" : {
      "fold" : 0.0027000000000000001,
      "raise25x" : 0.99729999999999996
    },
    "A9o" : {
      "raise25x" : 0.99980000000000002
    },
    "A9s" : {
      "fold" : 0.0030999999999999999,
      "raise25x" : 0.99690000000000001
    },
    "AA" : {
      "raise25x" : 1
    },
    "AJo" : {
      "raise25x" : 1
    },
    "AJs" : {
      "fold" : 0.0016000000000000001,
      "raise25x" : 0.99839999999999995
    },
    "AKo" : {
      "raise25x" : 1
    },
    "AKs" : {
      "raise25x" : 1
    },
    "AQo" : {
      "raise25x" : 1
    },
    "AQs" : {
      "raise25x" : 1
    },
    "ATo" : {
      "raise25x" : 1
    },
    "ATs" : {
      "raise25x" : 1
    },
    "J2o" : {
      "fold" : 1
    },
    "J2s" : {
      "fold" : 1
    },
    "J3o" : {
      "fold" : 1
    },
    "J3s" : {
      "fold" : 1
    },
    "J4o" : {
      "fold" : 1
    },
    "J4s" : {
      "fold" : 0.99990000000000001
    },
    "J5o" : {
      "fold" : 1
    },
    "J5s" : {
      "fold" : 1
    },
    "J6o" : {
      "fold" : 0.99980000000000002
    },
    "J6s" : {
      "fold" : 0.97699999999999998,
      "raise25x" : 0.023
    },
    "J7o" : {
      "fold" : 1
    },
    "J7s" : {
      "fold" : 1
    },
    "J8o" : {
      "fold" : 0.99839999999999995,
      "raise25x" : 0.0016000000000000001
    },
    "J8s" : {
      "fold" : 0.71160000000000001,
      "raise25x" : 0.28839999999999999
    },
    "J9o" : {
      "fold" : 0.88839999999999997,
      "raise25x" : 0.1116
    },
    "J9s" : {
      "fold" : 0.24179999999999999,
      "raise25x" : 0.75819999999999999
    },
    "JJ" : {
      "raise25x" : 1
    },
    "JTo" : {
      "fold" : 0.016499999999999997,
      "raise25x" : 0.98350000000000004
    },
    "JTs" : {
      "fold" : 0.031100000000000006,
      "raise25x" : 0.96889999999999998
    },
    "K2o" : {
      "fold" : 1
    },
    "K2s" : {
      "fold" : 1
    },
    "K3o" : {
      "fold" : 1
    },
    "K3s" : {
      "fold" : 0.75980000000000003,
      "raise25x" : 0.2402
    },
    "K4o" : {
      "fold" : 0.99990000000000001
    },
    "K4s" : {
      "fold" : 0.041600000000000005,
      "raise25x" : 0.95840000000000003
    },
    "K5o" : {
      "fold" : 0.97760000000000002,
      "raise25x" : 0.0224
    },
    "K5s" : {
      "fold" : 0.999
    },
    "K6o" : {
      "fold" : 0.5494,
      "raise25x" : 0.4506
    },
    "K6s" : {
      "fold" : 0.10920000000000001,
      "raise25x" : 0.89080000000000004
    },
    "K7o" : {
      "fold" : 0.77390000000000003,
      "raise25x" : 0.2261
    },
    "K7s" : {
      "fold" : 0.0097999999999999997,
      "raise25x" : 0.99019999999999997
    },
    "K8o" : {
      "fold" : 0.1552,
      "raise25x" : 0.8448
    },
    "K8s" : {
      "fold" : 0.096500000000000002,
      "raise25x" : 0.90349999999999997
    },
    "K9o" : {
      "raise25x" : 1
    },
    "K9s" : {
      "fold" : 0.0055999999999999991,
      "raise25x" : 0.99439999999999995
    },
    "KJo" : {
      "raise25x" : 1
    },
    "KJs" : {
      "fold" : 0.0016000000000000001,
      "raise25x" : 0.99839999999999995
    },
    "KK" : {
      "raise25x" : 1
    },
    "KQo" : {
      "fold" : 0.0011000000000000001,
      "raise25x" : 0.99890000000000001
    },
    "KQs" : {
      "raise25x" : 0.999
    },
    "KTo" : {
      "fold" : 0.0123,
      "raise25x" : 0.98770000000000002
    },
    "KTs" : {
      "fold" : 0.0055999999999999991,
      "raise25x" : 0.99439999999999995
    },
    "Q2o" : {
      "fold" : 1
    },
    "Q2s" : {
      "fold" : 0.99970000000000003
    },
    "Q3o" : {
      "fold" : 1
    },
    "Q3s" : {
      "fold" : 0.99980000000000002
    },
    "Q4o" : {
      "fold" : 1
    },
    "Q4s" : {
      "fold" : 0.99980000000000002
    },
    "Q5o" : {
      "fold" : 1
    },
    "Q5s" : {
      "fold" : 0.99980000000000002
    },