{
  "format" : "NLHE_MTT_9MAX",
  "hands" : {
    "44" : {
      "call" : 0.47499999999999998,
      "shove" : 0.52500000000000002
    },
    "54s" : {
      "call" : 1
    },
    "55" : {
      "call" : 0.39000000000000001,
      "shove" : 0.60999999999999999
    },
    "65s" : {
      "call" : 1
    },
    "66" : {
      "call" : 1
    },
    "76s" : {
      "call" : 1
    },
    "77" : {
      "call" : 1
    },
    "86s" : {
      "call" : 0.16,
      "fold" : 0.83999999999999997
    },
    "87s" : {
      "call" : 1
    },
    "88" : {
      "call" : 0.46500000000000002,
      "shove" : 0.53500000000000003
    },
    "98s" : {
      "call" : 0.73009999999999997,
      "fold" : 0.26989999999999997
    },
    "99" : {
      "call" : 0.0349,
      "shove" : 0.96509999999999996
    },
    "A3s" : {
      "call" : 0.6452,
      "fold" : 0.1749,
      "shove" : 0.1799
    },
    "A4s" : {
      "call" : 0.22,
      "shove" : 0.78000000000000003
    },
    "A5s" : {
      "call" : 0.14999999999999999,
      "shove" : 0.84999999999999998
    },
    "A6s" : {
      "call" : 0.25990000000000002,
      "fold" : 0.74009999999999998
    },
    "A7s" : {
      "call" : 1
    },
    "A8s" : {
      "call" : 1
    },
    "A9s" : {
      "call" : 1
    },
    "AA" : {
      "call" : 0.59999999999999998,
      "shove" : 0.40000000000000002
    },
    "AJo" : {
      "call" : 1
    },
    "AJs" : {
      "call" : 1
    },
    "AKo" : {
      "shove" : 1
    },
    "AKs" : {
      "shove" : 1
    },
    "AQo" : {
      "call" : 0.40489999999999998,
      "shove" : 0.59509999999999996
    },
    "AQs" : {
      "call" : 1
    },
    "ATs" : {
      "call" : 1
    },
    "J9s" : {
      "call" : 1
    },
    "JJ" : {
      "shove" : 1
    },
    "JTs" : {
      "call" : 1
    },
    "K5s" : {
      "call" : 0.155,
      "fold" : 0.84499999999999997
    },
    "K6s" : {
      "call" : 0.70499999999999996,
      "fold" : 0.29499999999999998
    },
    "K8s" : {
      "call" : 0.11990000000000001,
      "fold" : 0.88009999999999999
    },
    "K9s" : {
      "call" : 1
    },
    "KJs" : {
      "call" : 0.34489999999999998,
      "shove" : 0.65510000000000002
    },
    "KK" : {
      "shove" : 1
    },
    "KQo" : {
      "call" : 1
    },
    "KQs" : {
      "call" : 0.5151,
      "shove" : 0.4849
    },
    "KTs" : {
      "call" : 1
    },
    "Q9s" : {
      "call" : 1
    },
    "QJs" : {
      "call" : 0.47499999999999998,
      "shove" : 0.52500000000000002
    },
    "QQ" : {
      "shove" : 1
    },
    "QTs" : {
      "call" : 1
    },
    "T8s" : {
      "call" : 1
    },
    "T9s" : {
      "call" : 1
    },
    "TT" : {
      "shove" : 1
    }
  },
  "id" : "mtt_9max_40bb_hj_vs3bet",
  "source" : {
    "description" : "Adapted from RangeConverter 8-max baseline.",
    "publisher" : {
      "accessedDate" : "2026-06-01",
      "name" : "RangeConverter",
      "product" : "Free Poker Charts — 8 max 1bb ante MTT GTO Ranges",
      "treeParams" : "2.5x open, 3.5x 3bet IP, 4.5x 3bet OOP, 2.3x 4bet IP, 2.75x 4bet OOP, SB vs BB 3.2bb",
      "url" : "https:\/\/rangeconverter.com\/free-poker-charts"
    },
    "solver" : {
      "assumptions" : "Frequencies rounded to nearest 25% per source. ChipEV (non-ICM). 1bb (12.5%) big-blind ante. Copied verbatim from 8-max HJ (same effective seat in 9-max)."
    },
    "type" : "published"
  },
  "spot" : {
    "anteType" : "bigBlindAnte",
    "facingAction" : "vs3Bet",
    "position" : "HJ",
    "stackDepthBB" : 40
  }
}