{
  "format" : "NLHE_MTT_9MAX",
  "hands" : {
    "33" : {
      "fold" : 0.14999999999999999,
      "shove" : 0.84999999999999998
    },
    "44" : {
      "call" : 0.55000000000000004,
      "shove" : 0.45000000000000001
    },
    "54s" : {
      "call" : 0.625,
      "fold" : 0.375
    },
    "55" : {
      "call" : 0.43009999999999998,
      "shove" : 0.56989999999999996
    },
    "65s" : {
      "call" : 0.82509999999999994,
      "fold" : 0.1749
    },
    "66" : {
      "call" : 0.96009999999999995,
      "shove" : 0.039899999999999998
    },
    "76s" : {
      "call" : 1
    },
    "77" : {
      "call" : 1
    },
    "87s" : {
      "call" : 0.97009999999999996,
      "fold" : 0.029899999999999999
    },
    "88" : {
      "call" : 1
    },
    "98s" : {
      "call" : 1
    },
    "99" : {
      "call" : 1
    },
    "A2s" : {
      "call" : 0.57499999999999996,
      "shove" : 0.42499999999999999
    },
    "A3s" : {
      "call" : 1
    },
    "A4s" : {
      "call" : 1
    },
    "A5o" : {
      "call" : 0.54500000000000004,
      "fold" : 0.45500000000000002
    },
    "A5s" : {
      "call" : 0.76500000000000001,
      "shove" : 0.23499999999999999
    },
    "A6s" : {
      "call" : 1
    },
    "A7o" : {
      "call" : 0.29499999999999998,
      "fold" : 0.70499999999999996
    },
    "A7s" : {
      "call" : 1
    },
    "A8o" : {
      "call" : 0.63990000000000002,
      "fold" : 0.36009999999999998
    },
    "A8s" : {
      "call" : 1
    },
    "A9o" : {
      "call" : 1
    },
    "A9s" : {
      "call" : 1
    },
    "AA" : {
      "call" : 1
    },
    "AJo" : {
      "call" : 0.12989999999999999,
      "shove" : 0.87009999999999998
    },
    "AJs" : {
      "call" : 1
    },
    "AKo" : {
      "shove" : 1
    },
    "AKs" : {
      "shove" : 1
    },
    "AQo" : {
      "shove" : 1
    },
    "AQs" : {
      "call" : 0.29999999999999999,
      "shove" : 0.69999999999999996
    },
    "ATo" : {
      "call" : 0.375,
      "shove" : 0.625
    },
    "ATs" : {
      "call" : 1
    },
    "J8s" : {
      "call" : 1
    },
    "J9s" : {
      "call" : 1
    },
    "JJ" : {
      "call" : 0.1099,
      "shove" : 0.8901
    },
    "JTs" : {
      "call" : 1
    },
    "K4s" : {
      "call" : 0.26989999999999997,
      "fold" : 0.73009999999999997
    },
    "K5s" : {
      "call" : 1
    },
    "K6s" : {
      "call" : 1
    },
    "K7s" : {
      "call" : 1
    },
    "K8s" : {
      "call" : 1
    },
    "K9s" : {
      "call" : 1
    },
    "KJo" : {
      "call" : 1
    },
    "KJs" : {
      "call" : 1
    },
    "KK" : {
      "call" : 1
    },
    "KQo" : {
      "call" : 0.88009999999999999,
      "shove" : 0.11990000000000001
    },
    "KQs" : {
      "shove" : 1
    },
    "KTo" : {
      "call" : 0.82999999999999996,
      "fold" : 0.17000000000000001
    },
    "KTs" : {
      "call" : 1
    },
    "Q8s" : {
      "call" : 1
    },
    "Q9s" : {
      "call" : 1
    },
    "QJo" : {
      "call" : 1
    },
    "QJs" : {
      "call" : 0.20979999999999999,
      "shove" : 0.79020000000000001
    },
    "QQ" : {
      "call" : 1
    },
    "QTo" : {
      "call" : 0.74009999999999998,
      "fold" : 0.25990000000000002
    },
    "QTs" : {
      "call" : 1
    },
    "T8s" : {
      "call" : 1
    },
    "T9s" : {
      "call" : 1
    },
    "TT" : {
      "call" : 1
    }
  },
  "id" : "mtt_9max_35bb_btn_vs3bet_vs_bb",
  "source" : {
    "description" : "Adapted from RangeConverter 8-max baseline.",
    "publisher" : {
      "accessedDate" : "2026-06-01",
      "name" : "RangeConverter",
      "product" : "Free Poker Charts — 8 max 1bb ante MTT GTO Ranges",
      "treeParams" : "2.5x open, 3.5x 3bet IP, 4.5x 3bet OOP, 2.3x 4bet IP, 2.75x 4bet OOP, SB vs BB 3.2bb",
      "url" : "https:\/\/rangeconverter.com\/free-poker-charts"
    },
    "solver" : {
      "assumptions" : "Frequencies rounded to nearest 25% per source. ChipEV (non-ICM). 1bb (12.5%) big-blind ante. Copied verbatim from 8-max BTN (same effective seat in 9-max)."
    },
    "type" : "published"
  },
  "spot" : {
    "anteType" : "bigBlindAnte",
    "facingAction" : "vs3Bet",
    "opponentPosition" : "BB",
    "position" : "BTN",
    "stackDepthBB" : 35
  }
}