{
  "format" : "NLHE_MTT_9MAX",
  "hands" : {
    "22" : {
      "call" : 1
    },
    "33" : {
      "call" : 1
    },
    "44" : {
      "call" : 1
    },
    "54s" : {
      "call" : 0.32340000000000002,
      "fold" : 0.61699999999999999,
      "raise25x" : 0.0596
    },
    "55" : {
      "call" : 1
    },
    "65s" : {
      "call" : 0.2049,
      "fold" : 0.79510000000000003
    },
    "66" : {
      "call" : 1
    },
    "76s" : {
      "call" : 0.92500000000000004,
      "raise25x" : 0.074999999999999997
    },
    "77" : {
      "call" : 0.64510000000000001,
      "raise25x" : 0.35489999999999999
    },
    "86s" : {
      "call" : 0.22500000000000001,
      "fold" : 0.77500000000000002
    },
    "87s" : {
      "call" : 0.80010000000000003,
      "raise25x" : 0.19989999999999999
    },
    "88" : {
      "call" : 0.78000000000000003,
      "raise25x" : 0.22
    },
    "97s" : {
      "fold" : 0.68000000000000005,
      "raise25x" : 0.32000000000000001
    },
    "98s" : {
      "call" : 0.98009999999999997,
      "raise25x" : 0.019899999999999998
    },
    "99" : {
      "call" : 0.52000000000000002,
      "raise25x" : 0.47999999999999998
    },
    "A2s" : {
      "call" : 0.33500000000000002,
      "raise25x" : 0.66500000000000004
    },
    "A3s" : {
      "call" : 0.4249,
      "raise25x" : 0.57509999999999994
    },
    "A4s" : {
      "call" : 0.73509999999999998,
      "raise25x" : 0.26490000000000002
    },
    "A5s" : {
      "call" : 1
    },
    "A6s" : {
      "call" : 0.77000000000000002,
      "raise25x" : 0.23000000000000001
    },
    "A7s" : {
      "call" : 1
    },
    "A8o" : {
      "fold" : 0.59509999999999996,
      "raise25x" : 0.40489999999999998
    },
    "A8s" : {
      "call" : 1
    },
    "A9o" : {
      "call" : 0.245,
      "raise25x" : 0.755
    },
    "A9s" : {
      "call" : 1
    },
    "AA" : {
      "raise25x" : 1
    },
    "AJo" : {
      "call" : 0.56489999999999996,
      "raise25x" : 0.43509999999999999
    },
    "AJs" : {
      "call" : 1
    },
    "AKo" : {
      "raise25x" : 1
    },
    "AKs" : {
      "raise25x" : 1
    },
    "AQo" : {
      "call" : 0.78500000000000003,
      "raise25x" : 0.215
    },
    "AQs" : {
      "call" : 0.024899999999999999,
      "raise25x" : 0.97509999999999997
    },
    "ATo" : {
      "call" : 0.63,
      "raise25x" : 0.37
    },
    "ATs" : {
      "call" : 1
    },
    "J8s" : {
      "call" : 0.34489999999999998,
      "raise25x" : 0.65510000000000002
    },
    "J9s" : {
      "call" : 0.90010000000000001,
      "raise25x" : 0.099900000000000003
    },
    "JJ" : {
      "call" : 0.14499999999999999,
      "raise25x" : 0.85499999999999998
    },
    "JTo" : {
      "call" : 0.019899999999999998,
      "fold" : 0.81510000000000005,
      "raise25x" : 0.16500000000000001
    },
    "JTs" : {
      "call" : 1
    },
    "K5s" : {
      "fold" : 0.61499999999999999,
      "raise25x" : 0.38500000000000001
    },
    "K6s" : {
      "call" : 0.45019999999999999,
      "fold" : 0.19489999999999999,
      "raise25x" : 0.35489999999999999
    },
    "K7s" : {
      "call" : 0.37,
      "raise25x" : 0.63
    },
    "K8s" : {
      "call" : 0.74009999999999998,
      "raise25x" : 0.25990000000000002
    },
    "K9s" : {
      "call" : 1
    },
    "KJo" : {
      "call" : 0.78500000000000003,
      "raise25x" : 0.215
    },
    "KJs" : {
      "call" : 0.83499999999999996,
      "raise25x" : 0.16500000000000001
    },
    "KK" : {
      "raise25x" : 1
    },
    "KQo" : {
      "call" : 0.63990000000000002,
      "raise25x" : 0.36009999999999998
    },
    "KQs" : {
      "call" : 1
    },
    "KTo" : {
      "call" : 0.60499999999999998,
      "raise25x" : 0.39500000000000002
    },
    "KTs" : {
      "call" : 1
    },
    "Q8s" : {
      "call" : 0.16,
      "raise25x" : 0.83999999999999997
    },
    "Q9s" : {
      "call" : 0.58509999999999995,
      "raise25x" : 0.41489999999999999
    },
    "QJo" : {
      "call" : 0.52500000000000002,
      "raise25x" : 0.47499999999999998
    },
    "QJs" : {
      "call" : 1
    },
    "QQ" : {
      "raise25x" : 1
    },
    "QTo" : {
      "call" : 0.29499999999999998,
      "fold" : 0.43009999999999998,
      "raise25x" : 0.27489999999999998
    },
    "QTs" : {
      "call" : 1
    },
    "T7s" : {
      "fold" : 0.89510000000000001,
      "raise25x" : 0.10489999999999999
    },
    "T8s" : {
      "call" : 0.79020000000000001,
      "raise25x" : 0.20979999999999999
    },
    "T9s" : {
      "call" : 1
    },
    "TT" : {
      "call" : 0.039899999999999998,
      "raise25x" : 0.96009999999999995
    }
  },
  "id" : "mtt_9max_40bb_btn_vsopen",
  "source" : {
    "description" : "Adapted from RangeConverter 8-max baseline.",
    "publisher" : {
      "accessedDate" : "2026-06-01",
      "name" : "RangeConverter",
      "product" : "Free Poker Charts — 8 max 1bb ante MTT GTO Ranges",
      "treeParams" : "2.5x open, 3.5x 3bet IP, 4.5x 3bet OOP, 2.3x 4bet IP, 2.75x 4bet OOP, SB vs BB 3.2bb",
      "url" : "https:\/\/rangeconverter.com\/free-poker-charts"
    },
    "solver" : {
      "assumptions" : "Frequencies rounded to nearest 25% per source. ChipEV (non-ICM). 1bb (12.5%) big-blind ante. Copied verbatim from 8-max BTN (same effective seat in 9-max)."
    },
    "type" : "published"
  },
  "spot" : {
    "anteType" : "bigBlindAnte",
    "facingAction" : "vsOpen",
    "position" : "BTN",
    "stackDepthBB" : 40
  }
}