{
  "format" : "NLHE_MTT_9MAX",
  "hands" : {
    "55" : {
      "call" : 1
    },
    "66" : {
      "call" : 0.79049999999999998,
      "shove" : 0.20949999999999999
    },
    "77" : {
      "call" : 0.39700000000000002,
      "fold" : 0.41210000000000002,
      "shove" : 0.19089999999999999
    },
    "88" : {
      "call" : 0.45500000000000002,
      "fold" : 0.54500000000000004
    },
    "99" : {
      "call" : 1
    },
    "A4s" : {
      "call" : 0.019899999999999998,
      "shove" : 0.98009999999999997
    },
    "A5s" : {
      "shove" : 1
    },
    "AA" : {
      "call" : 0.33489999999999998,
      "shove" : 0.66510000000000002
    },
    "AJs" : {
      "call" : 1
    },
    "AKo" : {
      "shove" : 1
    },
    "AKs" : {
      "shove" : 1
    },
    "AQo" : {
      "call" : 0.59509999999999996,
      "fold" : 0.40489999999999998
    },
    "AQs" : {
      "call" : 1
    },
    "ATs" : {
      "call" : 1
    },
    "JJ" : {
      "shove" : 1
    },
    "JTs" : {
      "call" : 0.40489999999999998,
      "fold" : 0.59509999999999996
    },
    "KJs" : {
      "call" : 1
    },
    "KK" : {
      "shove" : 1
    },
    "KQs" : {
      "call" : 1
    },
    "KTs" : {
      "call" : 1
    },
    "QQ" : {
      "shove" : 1
    },
    "QTs" : {
      "call" : 0.33989999999999998,
      "fold" : 0.66010000000000002
    },
    "T8s" : {
      "call" : 0.23899999999999999,
      "fold" : 0.76100000000000001
    },
    "T9s" : {
      "call" : 0.70999999999999996,
      "fold" : 0.28999999999999998
    },
    "TT" : {
      "call" : 0.80010000000000003,
      "shove" : 0.19989999999999999
    }
  },
  "id" : "mtt_9max_40bb_utg_vs3bet_vs_lj",
  "source" : {
    "description" : "Adapted from RangeConverter 8-max baseline.",
    "publisher" : {
      "accessedDate" : "2026-06-01",
      "name" : "RangeConverter",
      "product" : "Free Poker Charts — 8 max 1bb ante MTT GTO Ranges",
      "treeParams" : "2.5x open, 3.5x 3bet IP, 4.5x 3bet OOP, 2.3x 4bet IP, 2.75x 4bet OOP, SB vs BB 3.2bb",
      "url" : "https:\/\/rangeconverter.com\/free-poker-charts"
    },
    "solver" : {
      "assumptions" : "Frequencies rounded to nearest 25% per source. ChipEV (non-ICM). 1bb (12.5%) big-blind ante. Adapted from 8-max UTG; weakest combos (54s, 65s, 76s, 87s, 98s, A2s, A3s, JTo, K7s, K8s, T9o) demoted to fold to reach the 9-max UTG VPIP band."
    },
    "type" : "published"
  },
  "spot" : {
    "anteType" : "bigBlindAnte",
    "facingAction" : "vs3Bet",
    "opponentPosition" : "LJ",
    "position" : "UTG",
    "stackDepthBB" : 40
  }
}