{
  "format" : "NLHE_MTT_8MAX",
  "hands" : {
    "22" : {
      "call" : 0.99570000000000003,
      "fold" : 0.0033999999999999998
    },
    "33" : {
      "call" : 0.70220000000000005,
      "fold" : 0.010500000000000001,
      "shove" : 0.28739999999999999
    },
    "44" : {
      "call" : 0.90949999999999998,
      "shove" : 0.090300000000000005
    },
    "54s" : {
      "call" : 0.86450000000000005,
      "fold" : 0.076200000000000004,
      "shove" : 0.059200000000000003
    },
    "55" : {
      "call" : 0.96209999999999996,
      "fold" : 0.0014,
      "shove" : 0.036499999999999998
    },
    "66" : {
      "call" : 0.98470000000000002,
      "shove" : 0.0152
    },
    "73s" : {
      "call" : 0.39240000000000003,
      "fold" : 0.60440000000000005,
      "shove" : 0.0032000000000000002
    },
    "75s" : {
      "call" : 0.71389999999999998,
      "fold" : 0.096000000000000002,
      "shove" : 0.19009999999999999
    },
    "77" : {
      "call" : 0.9698,
      "shove" : 0.030200000000000001
    },
    "87s" : {
      "call" : 0.21679999999999999,
      "fold" : 0.0082000000000000007,
      "shove" : 0.77490000000000003
    },
    "88" : {
      "call" : 0.63700000000000001,
      "shove" : 0.36299999999999999
    },
    "94s" : {
      "call" : 0.70489999999999997,
      "fold" : 0.29389999999999999,
      "shove" : 0.0011999999999999999
    },
    "97s" : {
      "call" : 0.52170000000000005,
      "fold" : 0.39729999999999999,
      "shove" : 0.0809
    },
    "99" : {
      "call" : 0.98040000000000005,
      "shove" : 0.0195
    },
    "A2o" : {
      "call" : 0.98919999999999997,
      "fold" : 0.0063,
      "shove" : 0.0044999999999999997
    },
    "A2s" : {
      "call" : 0.51180000000000003,
      "fold" : 0.31640000000000001,
      "shove" : 0.17180000000000001
    },
    "A3o" : {
      "call" : 0.97640000000000005,
      "fold" : 0.0011999999999999999,
      "shove" : 0.0224
    },
    "A3s" : {
      "call" : 0.50800000000000001,
      "fold" : 0.27260000000000001,
      "shove" : 0.21940000000000001
    },
    "A4o" : {
      "call" : 0.97840000000000005,
      "fold" : 0.0212
    },
    "A4s" : {
      "call" : 0.9597,
      "fold" : 0.033500000000000002,
      "shove" : 0.0067999999999999996
    },
    "A5o" : {
      "call" : 0.97919999999999996,
      "fold" : 0.0112,
      "shove" : 0.0094999999999999998
    },
    "A5s" : {
      "call" : 0.97770000000000001,
      "fold" : 0.0057999999999999996,
      "shove" : 0.016400000000000001
    },
    "A6o" : "call",
    "A6s" : {
      "call" : 0.98029999999999995,
      "fold" : 0.0177,
      "shove" : 0.002
    },
    "A7o" : {
      "call" : 0.8508,
      "fold" : 0.0023,
      "shove" : 0.14699999999999999
    },
    "A7s" : {
      "call" : 0.84130000000000005,
      "fold" : 0.0058999999999999999,
      "shove" : 0.15279999999999999
    },
    "A8o" : {
      "call" : 0.99060000000000004,
      "fold" : 0.0053,
      "shove" : 0.0040000000000000001
    },
    "A8s" : {
      "call" : 0.98729999999999996,
      "fold" : 0.012699999999999999
    },
    "A9o" : {
      "call" : 0.99839999999999995
    },
    "A9s" : {
      "call" : 0.91159999999999997,
      "fold" : 0.025399999999999999,
      "shove" : 0.063
    },
    "AA" : "jam",
    "AJo" : {
      "call" : 0.99880000000000002,
      "shove" : 0.0011000000000000001
    },
    "AJs" : {
      "call" : 0.46870000000000001,
      "fold" : 0.0016000000000000001,
      "shove" : 0.52980000000000005
    },
    "AKo" : {
      "call" : 0.63119999999999998,
      "shove" : 0.36880000000000002
    },
    "AKs" : {
      "call" : 0.20649999999999999,
      "shove" : 0.79339999999999999
    },
    "AQo" : {
      "call" : 0.97009999999999996,
      "shove" : 0.029899999999999999
    },
    "AQs" : {
      "call" : 0.75680000000000003,
      "shove" : 0.24310000000000001
    },
    "ATo" : {
      "call" : 0.99880000000000002,
      "shove" : 0.0011999999999999999
    },
    "ATs" : {
      "call" : 0.97199999999999998,
      "fold" : 0.0061999999999999998,
      "shove" : 0.0218
    },
    "J3s" : {
      "call" : 0.36670000000000003,
      "fold" : 0.62829999999999997,
      "shove" : 0.0050000000000000001
    },
    "J6s" : {
      "call" : 0.93730000000000002,
      "fold" : 0.060699999999999997,
      "shove" : 0.002
    },
    "J7s" : {
      "call" : 0.65010000000000001,
      "fold" : 0.33069999999999999,
      "shove" : 0.019199999999999998
    },
    "J8s" : {
      "call" : 0.83409999999999995,
      "fold" : 0.1444,
      "shove" : 0.021499999999999998
    },
    "J9o" : {
      "call" : 0.87649999999999995,
      "fold" : 0.093799999999999994,
      "shove" : 0.029700000000000001
    },
    "J9s" : {
      "call" : 0.82220000000000004,
      "fold" : 0.1769
    },
    "JJ" : {
      "call" : 0.28489999999999999,
      "fold" : 0.0023999999999999998,
      "shove" : 0.71260000000000001
    },
    "JTo" : {
      "call" : 0.98370000000000002,
      "fold" : 0.0132,
      "shove" : 0.0030999999999999999
    },
    "JTs" : {
      "call" : 0.98970000000000002,
      "fold" : 0.0079000000000000008,
      "shove" : 0.0023
    },
    "K2s" : {
      "call" : 0.56730000000000003,
      "fold" : 0.25,
      "shove" : 0.1827
    },
    "K4s" : {
      "call" : 0.88849999999999996,
      "fold" : 0.1086,
      "shove" : 0.0028
    },
    "K5s" : {
      "call" : 0.73829999999999996,
      "fold" : 0.044999999999999998,
      "shove" : 0.21659999999999999
    },
    "K6o" : {
      "call" : 0.83850000000000002,
      "fold" : 0.16139999999999999
    },
    "K6s" : {
      "call" : 0.74099999999999999,
      "fold" : 0.22120000000000001,
      "shove" : 0.0378
    },
    "K7o" : {
      "call" : 0.81320000000000003,
      "fold" : 0.18559999999999999,
      "shove" : 0.0011999999999999999
    },
    "K7s" : {
      "call" : 0.6341,
      "fold" : 0.091499999999999998,
      "shove" : 0.27439999999999998
    },
    "K8o" : {
      "call" : 0.95920000000000005,
      "fold" : 0.040500000000000001
    },
    "K8s" : {
      "call" : 0.66310000000000002,
      "fold" : 0.0135,
      "shove" : 0.32350000000000001
    },
    "K9o" : {
      "call" : 0.9929,
      "fold" : 0.0070000000000000001
    },
    "K9s" : {
      "call" : 0.27360000000000001,
      "fold" : 0.017299999999999999,
      "shove" : 0.70920000000000005
    },
    "KJo" : {
      "call" : 0.99519999999999997,
      "fold" : 0.0025000000000000001,
      "shove" : 0.0022000000000000001
    },
    "KJs" : {
      "call" : 0.71309999999999996,
      "fold" : 0.0022000000000000001,
      "shove" : 0.28470000000000001
    },
    "KK" : "jam",
    "KQo" : {
      "call" : 0.98829999999999996,
      "shove" : 0.011599999999999999
    },
    "KQs" : {
      "call" : 0.95209999999999995,
      "shove" : 0.047899999999999998
    },
    "KTo" : {
      "call" : 0.99719999999999998,
      "shove" : 0.0019
    },
    "KTs" : {
      "call" : 0.98870000000000002,
      "fold" : 0.0057000000000000002,
      "shove" : 0.0057000000000000002
    },
    "Q3s" : {
      "call" : 0.20219999999999999,
      "fold" : 0.14149999999999999,
      "shove" : 0.65629999999999999
    },
    "Q4s" : {
      "call" : 0.50439999999999996,
      "fold" : 0.48870000000000002,
      "shove" : 0.0068999999999999999
    },
    "Q5o" : {
      "call" : 0.97889999999999999,
      "fold" : 0.0177,
      "shove" : 0.0033999999999999998
    },
    "Q6s" : {
      "call" : 0.79690000000000005,
      "fold" : 0.18410000000000001,
      "shove" : 0.019
    },
    "Q7s" : {
      "call" : 0.93879999999999997,
      "fold" : 0.0448,
      "shove" : 0.016400000000000001
    },
    "Q8o" : {
      "call" : 0.98209999999999997,
      "fold" : 0.017500000000000002
    },
    "Q8s" : {
      "call" : 0.68389999999999995,
      "fold" : 0.1749,
      "shove" : 0.14119999999999999
    },
    "Q9o" : {
      "call" : 0.98270000000000002,
      "fold" : 0.013299999999999999,