{
  "format" : "NLHE_MTT_8MAX",
  "hands" : {
    "22" : {
      "call" : 0.044900000000000002,
      "fold" : 0.95509999999999995
    },
    "33" : {
      "call" : 0.1249,
      "fold" : 0.87509999999999999
    },
    "44" : {
      "call" : 0.26989999999999997,
      "fold" : 0.73009999999999997
    },
    "55" : {
      "call" : 0.4199,
      "fold" : 0.58009999999999995
    },
    "66" : {
      "call" : 0.73509999999999998,
      "fold" : 0.26490000000000002
    },
    "77" : {
      "call" : 0.96009999999999995,
      "raise3x" : 0.039899999999999998
    },
    "88" : {
      "call" : 0.63490000000000002,
      "raise3x" : 0.36509999999999998
    },
    "99" : {
      "call" : 0.68999999999999995,
      "raise3x" : 0.31
    },
    "A5s" : {
      "call" : 0.46500000000000002,
      "fold" : 0.53500000000000003
    },
    "A8s" : {
      "call" : 0.44500000000000001,
      "raise3x" : 0.55500000000000005
    },
    "A9s" : {
      "call" : 0.41489999999999999,
      "raise3x" : 0.58509999999999995
    },
    "AA" : {
      "call" : 0.13980000000000001,
      "raise3x" : 0.86019999999999996
    },
    "AJo" : {
      "call" : 0.43009999999999998,
      "raise3x" : 0.56989999999999996
    },
    "AJs" : {
      "call" : 1
    },
    "AKo" : {
      "raise3x" : 0.10489999999999999,
      "shove" : 0.89510000000000001
    },
    "AKs" : {
      "raise3x" : 1
    },
    "AQo" : {
      "call" : 0.47999999999999998,
      "raise3x" : 0.29499999999999998,
      "shove" : 0.22500000000000001
    },
    "AQs" : {
      "call" : 0.74509999999999998,
      "raise3x" : 0.25490000000000002
    },
    "ATo" : {
      "fold" : 0.67500000000000004,
      "raise3x" : 0.32500000000000001
    },
    "ATs" : {
      "call" : 1
    },
    "JJ" : {
      "call" : 0.155,
      "raise3x" : 0.43009999999999998,
      "shove" : 0.41489999999999999
    },
    "JTs" : {
      "call" : 0.90500000000000003,
      "raise3x" : 0.095000000000000001
    },
    "K9s" : {
      "call" : 0.51239999999999997,
      "fold" : 0.2437,
      "raise3x" : 0.24390000000000001
    },
    "KJs" : {
      "call" : 0.63490000000000002,
      "shove" : 0.36509999999999998
    },
    "KK" : {
      "call" : 0.014999999999999999,
      "raise3x" : 0.98499999999999999
    },
    "KQo" : {
      "call" : 0.68000000000000005,
      "raise3x" : 0.32000000000000001
    },
    "KQs" : {
      "call" : 0.47499999999999998,
      "shove" : 0.52500000000000002
    },
    "KTs" : {
      "call" : 0.36509999999999998,
      "raise3x" : 0.63490000000000002
    },
    "QJs" : {
      "shove" : 1
    },
    "QQ" : {
      "call" : 0.18490000000000001,
      "raise3x" : 0.81510000000000005
    },
    "QTs" : {
      "call" : 1
    },
    "T9s" : {
      "call" : 0.72009999999999996,
      "raise3x" : 0.27989999999999998
    },
    "TT" : {
      "call" : 0.064799999999999996,
      "raise3x" : 0.085000000000000006,
      "shove" : 0.85019999999999996
    }
  },
  "id" : "mtt_8max_25bb_co_vsopen_vs_utg",
  "source" : {
    "description" : "RangeConverter free PDF — 8-max 25bb 1bb ante (12.5%).",
    "publisher" : {
      "accessedDate" : "2026-06-01",
      "name" : "RangeConverter",
      "product" : "Free Poker Charts — 8 max 1bb ante MTT GTO Ranges",
      "treeParams" : "poker.academy CE-Symmetric Regular @ 25bb (GTO ChipEV, 1bb ante)",
      "url" : "https:\/\/rangeconverter.com\/free-poker-charts"
    },
    "solver" : {
      "assumptions" : "Frequencies rounded to nearest 25% per source. ChipEV (non-ICM). 1bb (12.5%) big-blind ante."
    },
    "type" : "published"
  },
  "spot" : {
    "anteType" : "bigBlindAnte",
    "facingAction" : "vsOpen",
    "opponentPosition" : "UTG",
    "position" : "CO",
    "stackDepthBB" : 25
  }
}