{
  "format" : "NLHE_MTT_8MAX",
  "hands" : {
    "22" : {
      "call" : 1
    },
    "33" : {
      "call" : 1
    },
    "44" : {
      "call" : 1
    },
    "54s" : {
      "call" : 1
    },
    "55" : {
      "call" : 1
    },
    "65s" : {
      "call" : 1
    },
    "66" : {
      "call" : 1
    },
    "76s" : {
      "call" : 1
    },
    "77" : {
      "call" : 0.88009999999999999,
      "raise3x" : 0.11990000000000001
    },
    "86s" : {
      "call" : 1
    },
    "87s" : {
      "call" : 1
    },
    "88" : {
      "call" : 0.87619999999999998,
      "raise3x" : 0.12379999999999999
    },
    "97s" : {
      "call" : 1
    },
    "98s" : {
      "call" : 1
    },
    "99" : {
      "call" : 0.75609999999999999,
      "raise3x" : 0.24390000000000001
    },
    "A2s" : {
      "call" : 0.39610000000000001,
      "raise3x" : 0.60389999999999999
    },
    "A3s" : {
      "call" : 1
    },
    "A4s" : {
      "call" : 0.56200000000000006,
      "shove" : 0.438
    },
    "A5o" : {
      "fold" : 0.8175,
      "raise3x" : 0.1825
    },
    "A5s" : {
      "call" : 1
    },
    "A6s" : {
      "call" : 1
    },
    "A7s" : {
      "call" : 1
    },
    "A8s" : {
      "call" : 1
    },
    "A9o" : {
      "fold" : 0.40810000000000002,
      "raise3x" : 0.59189999999999998
    },
    "A9s" : {
      "call" : 1
    },
    "AA" : {
      "raise3x" : 1
    },
    "AJo" : {
      "call" : 0.60999999999999999,
      "raise3x" : 0.39000000000000001
    },
    "AJs" : {
      "call" : 1
    },
    "AKo" : {
      "raise3x" : 0.78810000000000002,
      "shove" : 0.21190000000000001
    },
    "AKs" : {
      "raise3x" : 1
    },
    "AQo" : {
      "call" : 0.82050000000000001,
      "raise3x" : 0.091600000000000001,
      "shove" : 0.087900000000000006
    },
    "AQs" : {
      "raise3x" : 1
    },
    "ATo" : {
      "call" : 0.78410000000000002,
      "raise3x" : 0.21590000000000001
    },
    "ATs" : {
      "call" : 1
    },
    "J8s" : {
      "call" : 0.69999999999999996,
      "fold" : 0.29999999999999999
    },
    "J9s" : {
      "call" : 1
    },
    "JJ" : {
      "raise3x" : 1
    },
    "JTs" : {
      "call" : 1
    },
    "K4s" : {
      "call" : 0.52400000000000002,
      "fold" : 0.051900000000000002,
      "raise3x" : 0.42409999999999998
    },
    "K5s" : {
      "call" : 0.95409999999999995,
      "raise3x" : 0.045900000000000003
    },
    "K6s" : {
      "call" : 1
    },
    "K7s" : {
      "call" : 0.59799999999999998,
      "raise3x" : 0.40200000000000002
    },
    "K8s" : {
      "call" : 1
    },
    "K9s" : {
      "call" : 1
    },
    "KJo" : {
      "call" : 0.84599999999999997,
      "raise3x" : 0.154
    },
    "KJs" : {
      "call" : 1
    },
    "KK" : {
      "raise3x" : 1
    },
    "KQo" : {
      "call" : 0.86199999999999999,
      "raise3x" : 0.13800000000000001
    },
    "KQs" : {
      "call" : 1
    },
    "KTo" : {
      "call" : 0.24399999999999999,
      "fold" : 0.5081,
      "raise3x" : 0.24790000000000001
    },
    "KTs" : {
      "call" : 1
    },
    "Q6s" : {
      "call" : 0.18390000000000001,
      "fold" : 0.81610000000000005
    },
    "Q8s" : {
      "call" : 0.74399999999999999,
      "raise3x" : 0.25600000000000001
    },
    "Q9s" : {
      "call" : 1
    },
    "QJo" : {
      "call" : 0.3861,
      "fold" : 0.39800000000000002,
      "raise3x" : 0.21590000000000001
    },
    "QJs" : {
      "call" : 1
    },
    "QQ" : {
      "raise3x" : 1
    },
    "QTo" : {
      "call" : 0.10009999999999999,
      "fold" : 0.89990000000000003
    },
    "QTs" : {
      "call" : 1
    },
    "T8s" : {
      "call" : 1
    },
    "T9s" : {
      "call" : 1
    },
    "TT" : {
      "call" : 0.20150000000000001,
      "raise3x" : 0.38329999999999997,
      "shove" : 0.41520000000000001
    }
  },
  "id" : "mtt_8max_70bb_co_vs3bet",
  "source" : {
    "description" : "RangeConverter free PDF — 8-max 70bb 1bb ante (12.5%).",
    "publisher" : {
      "accessedDate" : "2026-06-01",
      "name" : "RangeConverter",
      "product" : "Free Poker Charts — 8 max 1bb ante MTT GTO Ranges",
      "treeParams" : "poker.academy CE-Symmetric Regular @ 70bb (GTO ChipEV, 1bb ante)",
      "url" : "https:\/\/rangeconverter.com\/free-poker-charts"
    },
    "solver" : {
      "assumptions" : "Frequencies rounded to nearest 25% per source. ChipEV (non-ICM). 1bb (12.5%) big-blind ante."
    },
    "type" : "published"
  },
  "spot" : {
    "anteType" : "bigBlindAnte",
    "facingAction" : "vs3Bet",
    "position" : "CO",
    "stackDepthBB" : 70
  }
}