{
  "format" : "NLHE_MTT_8MAX",
  "hands" : {
    "22" : {
      "call" : 0.88990000000000002,
      "raise25x" : 0.10929999999999999
    },
    "32o" : {
      "call" : 0.023,
      "fold" : 0.97699999999999998
    },
    "32s" : {
      "call" : 0.96479999999999999,
      "fold" : 0.035200000000000002
    },
    "33" : {
      "call" : 0.0071999999999999998,
      "raise25x" : 0.99270000000000003
    },
    "42o" : {
      "call" : 0.0097000000000000003,
      "fold" : 0.99019999999999997
    },
    "42s" : {
      "call" : 0.96089999999999998,
      "fold" : 0.034500000000000003,
      "raise25x" : 0.0045999999999999999
    },
    "43o" : {
      "call" : 0.97840000000000005,
      "fold" : 0.021600000000000001
    },
    "43s" : {
      "call" : 0.99890000000000001
    },
    "44" : {
      "call" : 0.0025999999999999999,
      "raise25x" : 0.99709999999999999
    },
    "52o" : {
      "call" : 0.99750000000000005,
      "fold" : 0.0025000000000000001
    },
    "52s" : {
      "call" : 0.99860000000000004
    },
    "53o" : {
      "call" : 0.99039999999999995,
      "fold" : 0.0095999999999999992
    },
    "53s" : "call",
    "54o" : "call",
    "54s" : {
      "call" : 0.998,
      "raise25x" : 0.0015
    },
    "55" : {
      "call" : 0.043200000000000002,
      "raise25x" : 0.95679999999999998
    },
    "62o" : {
      "call" : 0.028199999999999999,
      "fold" : 0.9718
    },
    "62s" : {
      "call" : 0.87070000000000003,
      "fold" : 0.12920000000000001
    },
    "63o" : {
      "call" : 0.51300000000000001,
      "fold" : 0.48699999999999999
    },
    "63s" : {
      "call" : 0.99850000000000005,
      "fold" : 0.0015
    },
    "64o" : "call",
    "64s" : {
      "call" : 0.98829999999999996,
      "fold" : 0.0095999999999999992,
      "raise25x" : 0.0020999999999999999
    },
    "65o" : "call",
    "65s" : "call",
    "66" : {
      "call" : 0.0012999999999999999,
      "raise25x" : 0.99870000000000003
    },
    "72o" : {
      "call" : 0.15079999999999999,
      "fold" : 0.84909999999999997
    },
    "72s" : {
      "call" : 0.97109999999999996,
      "fold" : 0.028899999999999999
    },
    "73o" : "call",
    "73s" : "call",
    "74o" : "call",
    "74s" : {
      "call" : 0.99529999999999996,
      "raise25x" : 0.0044999999999999997
    },
    "75o" : "call",
    "75s" : {
      "call" : 0.999
    },
    "76o" : "call",
    "76s" : {
      "call" : 0.95599999999999996,
      "fold" : 0.0011999999999999999,
      "raise25x" : 0.042799999999999998
    },
    "77" : {
      "call" : 0.0286,
      "raise25x" : 0.97140000000000004
    },
    "82o" : "call",
    "82s" : {
      "call" : 0.99860000000000004,
      "fold" : 0.0014
    },
    "83o" : "call",
    "83s" : "call",
    "84o" : "call",
    "84s" : "call",
    "85o" : "call",
    "85s" : {
      "call" : 0.99460000000000004,
      "raise25x" : 0.0051000000000000004
    },
    "86o" : "call",
    "86s" : "call",
    "87o" : "call",
    "87s" : {
      "call" : 0.77990000000000004,
      "raise25x" : 0.22009999999999999
    },
    "88" : {
      "call" : 0.016,
      "raise25x" : 0.98399999999999999
    },
    "92o" : "call",
    "92s" : {
      "call" : 0.999
    },
    "93o" : "call",
    "93s" : {
      "call" : 0.99519999999999997,
      "fold" : 0.0016000000000000001,
      "raise25x" : 0.0033
    },
    "94o" : "call",
    "94s" : "call",
    "95o" : "call",
    "95s" : {
      "call" : 0.94689999999999996,
      "raise25x" : 0.052499999999999998
    },
    "96o" : {
      "call" : 0.99670000000000003,
      "raise25x" : 0.0032000000000000002
    },
    "96s" : "call",
    "97o" : {
      "call" : 0.99880000000000002,
      "raise25x" : 0.0011999999999999999
    },
    "97s" : {
      "call" : 0.94059999999999999,
      "raise25x" : 0.059400000000000001
    },
    "98o" : "call",
    "98s" : {
      "call" : 0.25929999999999997,
      "raise25x" : 0.73999999999999999
    },
    "99" : {
      "call" : 0.24329999999999999,
      "raise25x" : 0.75670000000000004
    },
    "A2o" : {
      "call" : 0.028500000000000001,
      "raise25x" : 0.97150000000000003
    },
    "A2s" : {
      "call" : 0.19819999999999999,
      "raise25x" : 0.80169999999999997
    },
    "A3o" : {
      "call" : 0.0012999999999999999,
      "raise25x" : 0.99870000000000003
    },
    "A3s" : {
      "call" : 0.0378,
      "raise25x" : 0.96220000000000006
    },
    "A4o" : {
      "call" : 0.0011000000000000001,
      "raise25x" : 0.99890000000000001
    },
    "A4s" : {
      "call" : 0.17469999999999999,
      "raise25x" : 0.82520000000000004
    },
    "A5o" : "raise",
    "A5s" : "raise",
    "A6o" : "raise",
    "A6s" : {
      "call" : 0.086900000000000005,
      "raise25x" : 0.91300000000000003
    },
    "A7o" : {
      "call" : 0.24859999999999999,
      "raise25x" : 0.75139999999999996
    },
    "A7s" : {
      "call" : 0.1381,
      "raise25x" : 0.8619
    },
    "A8o" : {
      "call" : 0.11890000000000001,
      "raise25x" : 0.88109999999999999
    },
    "A8s" : {
      "call" : 0.3483,
      "raise25x" : 0.65169999999999995
    },
    "A9o" : {
      "call" : 0.38059999999999999,
      "raise25x" : 0.61939999999999995
    },
    "A9s" : {
      "call" : 0.3977,
      "raise25x" : 0.60229999999999995
    },
    "AA" : {
      "call" : 0.87690000000000001,
      "raise25x" : 0.1231
    },
    "AJo" : {
      "call" : 0.4924,
      "raise25x" : 0.50760000000000005
    },
    "AJs" : {
      "call" : 0.58940000000000003,
      "raise25x" : 0.41060000000000002
    },
    "AKo" : {
      "call" : 0.52580000000000005,
      "raise25x" : 0.47420000000000001
    },
    "AKs" : {
      "call" : 0.68010000000000004,
      "raise25x" : 0.31990000000000002
    },
    "AQo" : {
      "call" : 0.36859999999999998,
      "raise25x" : 0.63139999999999996
    },
    "AQs" : {
      "call" : 0.4718,
      "raise25x" : 0.52810000000000001
    },
    "ATo" : {
      "call" : 0.52200000000000002,
      "raise25x" : 0.47799999999999998
    },
    "ATs" : {
      "call" : 0.67620000000000002,
      "raise25x" : 0.32379999999999998
    },
    "J2o" : "call",
    "J2s" : "call",
    "J3o" : "call",
    "J3s" : {
      "call" : 0.034799999999999998,
      "raise25x" : 0.96499999999999997
    },
    "J4o" : "call",
    "J4s" : {
      "call" : 0.87080000000000002,
      "raise25x" : 0.12859999999999999
    },
    "J5o" : "call",
    "J5s" : {
      "call" : 0.77410000000000001,
      "raise25x" : 0.22489999999999999
    },
    "J6o" : "call",
    "J6s" : {
      "call" : 0.002,
      "raise25x" : 0.99790000000000001
    },
    "J7o" : {
      "call" : 0.999
    },
    "J7s" : {
      "call" : 0.12089999999999999,
      "raise25x" : 0.87849999999999995
    },
    "J8o" : {
      "call" : 0.57979999999999998,
      "raise25x" : 0.42009999999999997
    },
    "J8s" : {
      "call" : 0.011299999999999999,
      "raise25x" : 0.98839999999999995
    },
    "J9o" : {
      "call" : 0.0264,
      "raise25x" : 0.97350000000000003
    },
    "J9s" : {
      "call" : 0.020899999999999998,
      "raise25x" : 0.97909999999999997
    },
    "JJ" : {
      "call" : 0.25559999999999999,
      "raise25x" : 0.74439999999999995
    },
    "JTo" : "raise",
    "JTs" : {
      "call" : 0.0053,
      "raise25x" : 0.99470000000000003
    },
    "K2o" : {
      "call" : 0.96779999999999999,
      "raise25x" : 0.032199999999999999
    },
    "K2s" : {
      "call" : 0.0717,
      "raise25x" : 0.92810000000000004
    },
    "K3o" : {
      "call" : 0.99460000000000004,
      "raise25x" : 0.0053
    },
    "K3s" : {
      "call" : 0.93879999999999997,
      "raise25x" : 0.061100000000000002
    },
    "K4o" : {
      "call" : 0.89270000000000005,
      "raise25x" : 0.10730000000000001
    },
    "K4s" : {
      "call" : 0.0027000000000000001,
      "raise25x" : 0.997
    },
    "K5o" : {
      "call" : 0.24890000000000001,
      "raise25x" : 0.75109999999999999
    },
    "K5s" : "raise",