{
  "format" : "NLHE_MTT_8MAX",
  "hands" : {
    "44" : {
      "call" : 1
    },
    "55" : {
      "call" : 1
    },
    "66" : {
      "call" : 1
    },
    "76s" : {
      "call" : 1
    },
    "77" : {
      "call" : 1
    },
    "87s" : {
      "call" : 1
    },
    "88" : {
      "call" : 1
    },
    "98s" : {
      "call" : 1
    },
    "99" : {
      "call" : 1
    },
    "A3s" : {
      "call" : 0.080000000000000002,
      "shove" : 0.92000000000000004
    },
    "A4s" : {
      "call" : 0.0118,
      "shove" : 0.98819999999999997
    },
    "A5s" : {
      "call" : 0.0057999999999999996,
      "shove" : 0.99419999999999997
    },
    "A6s" : {
      "call" : 1
    },
    "A7s" : {
      "call" : 1
    },
    "A8s" : {
      "call" : 1
    },
    "A9s" : {
      "call" : 1
    },
    "AA" : {
      "call" : 0.29399999999999998,
      "shove" : 0.70599999999999996
    },
    "AJo" : {
      "call" : 0.36399999999999999,
      "fold" : 0.63600000000000001
    },
    "AJs" : {
      "call" : 1
    },
    "AKo" : {
      "shove" : 1
    },
    "AKs" : {
      "shove" : 1
    },
    "AQo" : {
      "call" : 1
    },
    "AQs" : {
      "call" : 1
    },
    "ATs" : {
      "call" : 1
    },
    "J9s" : {
      "call" : 0.432,
      "fold" : 0.56799999999999995
    },
    "JJ" : {
      "call" : 0.77810000000000001,
      "shove" : 0.22189999999999999
    },
    "JTs" : {
      "call" : 1
    },
    "K6s" : {
      "call" : 1
    },
    "K8s" : {
      "call" : 0.16189999999999999,
      "fold" : 0.83809999999999996
    },
    "K9s" : {
      "call" : 1
    },
    "KJs" : {
      "call" : 1
    },
    "KK" : {
      "shove" : 1
    },
    "KQo" : {
      "call" : 0.71599999999999997,
      "fold" : 0.28399999999999997
    },
    "KQs" : {
      "call" : 1
    },
    "KTs" : {
      "call" : 1
    },
    "Q9s" : {
      "call" : 0.246,
      "fold" : 0.754
    },
    "QJs" : {
      "call" : 1
    },
    "QQ" : {
      "shove" : 1
    },
    "QTs" : {
      "call" : 1
    },
    "T8s" : {
      "call" : 0.50409999999999999,
      "fold" : 0.49590000000000001
    },
    "T9s" : {
      "call" : 1
    },
    "TT" : {
      "call" : 1
    }
  },
  "id" : "mtt_8max_50bb_utg1_vs3bet_vs_btn",
  "source" : {
    "description" : "RangeConverter free PDF — 8-max 50bb 1bb ante (12.5%).",
    "publisher" : {
      "accessedDate" : "2026-06-01",
      "name" : "RangeConverter",
      "product" : "Free Poker Charts — 8 max 1bb ante MTT GTO Ranges",
      "treeParams" : "poker.academy CE-Symmetric Regular @ 50bb (GTO ChipEV, 1bb ante)",
      "url" : "https:\/\/rangeconverter.com\/free-poker-charts"
    },
    "solver" : {
      "assumptions" : "Frequencies rounded to nearest 25% per source. ChipEV (non-ICM). 1bb (12.5%) big-blind ante."
    },
    "type" : "published"
  },
  "spot" : {
    "anteType" : "bigBlindAnte",
    "facingAction" : "vs3Bet",
    "opponentPosition" : "BTN",
    "position" : "UTG1",
    "stackDepthBB" : 50
  }
}