{
  "format" : "NLHE_MTT_9MAX",
  "hands" : {
    "44" : {
      "call" : 0.72060000000000002,
      "shove" : 0.27939999999999998
    },
    "54s" : {
      "call" : 1
    },
    "55" : {
      "call" : 0.375,
      "shove" : 0.625
    },
    "65s" : {
      "call" : 1
    },
    "66" : {
      "call" : 1
    },
    "76s" : {
      "call" : 1
    },
    "77" : {
      "call" : 1
    },
    "87s" : {
      "call" : 1
    },
    "88" : {
      "call" : 0.39000000000000001,
      "shove" : 0.60999999999999999
    },
    "98s" : {
      "call" : 0.43009999999999998,
      "fold" : 0.56989999999999996
    },
    "99" : {
      "call" : 0.1149,
      "shove" : 0.8851
    },
    "A3s" : {
      "call" : 0.57509999999999994,
      "fold" : 0.4249
    },
    "A4s" : {
      "call" : 1
    },
    "A5s" : {
      "call" : 0.68000000000000005,
      "shove" : 0.32000000000000001
    },
    "A7s" : {
      "call" : 0.054900000000000004,
      "fold" : 0.94510000000000005
    },
    "A8s" : {
      "call" : 1
    },
    "A9s" : {
      "call" : 1
    },
    "AA" : {
      "call" : 0.76000000000000001,
      "shove" : 0.23999999999999999
    },
    "AJo" : {
      "call" : 1
    },
    "AJs" : {
      "call" : 1
    },
    "AKo" : {
      "shove" : 1
    },
    "AKs" : {
      "shove" : 1
    },
    "AQo" : {
      "call" : 0.29499999999999998,
      "shove" : 0.70499999999999996
    },
    "AQs" : {
      "call" : 1
    },
    "ATs" : {
      "call" : 1
    },
    "J9s" : {
      "call" : 1
    },
    "JJ" : {
      "shove" : 1
    },
    "JTs" : {
      "call" : 1
    },
    "K5s" : {
      "call" : 0.33429999999999999,
      "fold" : 0.66569999999999996
    },
    "K6s" : {
      "call" : 1
    },
    "K7s" : {
      "call" : 0.27489999999999998,
      "fold" : 0.72509999999999997
    },
    "K9s" : {
      "call" : 1
    },
    "KJo" : {
      "call" : 0.099900000000000003,
      "fold" : 0.90010000000000001
    },
    "KJs" : {
      "shove" : 1
    },
    "KK" : {
      "shove" : 1
    },
    "KQo" : {
      "call" : 1
    },
    "KQs" : {
      "call" : 0.19989999999999999,
      "shove" : 0.80010000000000003
    },
    "KTs" : {
      "call" : 1
    },
    "Q8s" : {
      "call" : 0.099900000000000003,
      "fold" : 0.90010000000000001
    },
    "Q9s" : {
      "call" : 1
    },
    "QJs" : {
      "call" : 0.59509999999999996,
      "shove" : 0.40489999999999998
    },
    "QQ" : {
      "shove" : 1
    },
    "QTs" : {
      "call" : 1
    },
    "T8s" : {
      "call" : 0.8851,
      "fold" : 0.1149
    },
    "T9s" : {
      "call" : 1
    },
    "TT" : {
      "shove" : 1
    }
  },
  "id" : "mtt_9max_30bb_lj_vs3bet_vs_co",
  "source" : {
    "description" : "Adapted from RangeConverter 8-max baseline.",
    "publisher" : {
      "accessedDate" : "2026-06-01",
      "name" : "RangeConverter",
      "product" : "Free Poker Charts — 8 max 1bb ante MTT GTO Ranges",
      "treeParams" : "2.5x open, 3.5x 3bet IP, 4.5x 3bet OOP, 2.3x 4bet IP, 2.75x 4bet OOP, SB vs BB 3.2bb",
      "url" : "https:\/\/rangeconverter.com\/free-poker-charts"
    },
    "solver" : {
      "assumptions" : "Frequencies rounded to nearest 25% per source. ChipEV (non-ICM). 1bb (12.5%) big-blind ante. Copied verbatim from 8-max LJ (same effective seat in 9-max)."
    },
    "type" : "published"
  },
  "spot" : {
    "anteType" : "bigBlindAnte",
    "facingAction" : "vs3Bet",
    "opponentPosition" : "CO",
    "position" : "LJ",
    "stackDepthBB" : 30
  }
}