{
  "format" : "NLHE_MTT_8MAX",
  "hands" : {
    "22" : {
      "fold" : 1
    },
    "32o" : {
      "fold" : 1
    },
    "32s" : {
      "fold" : 1
    },
    "33" : {
      "fold" : 0.99990000000000001
    },
    "42o" : {
      "fold" : 1
    },
    "42s" : {
      "fold" : 1
    },
    "43o" : {
      "fold" : 1
    },
    "43s" : {
      "fold" : 1
    },
    "44" : {
      "fold" : 0.98170000000000002,
      "raise25x" : 0.0183
    },
    "52o" : {
      "fold" : 1
    },
    "52s" : {
      "fold" : 1
    },
    "53o" : {
      "fold" : 1
    },
    "53s" : {
      "fold" : 1
    },
    "54o" : {
      "fold" : 1
    },
    "54s" : {
      "fold" : 1
    },
    "55" : {
      "fold" : 0.17249999999999999,
      "raise25x" : 0.82750000000000001
    },
    "62o" : {
      "fold" : 1
    },
    "62s" : {
      "fold" : 1
    },
    "63o" : {
      "fold" : 1
    },
    "63s" : {
      "fold" : 1
    },
    "64o" : {
      "fold" : 1
    },
    "64s" : {
      "fold" : 1
    },
    "65o" : {
      "fold" : 1
    },
    "65s" : {
      "fold" : 0.99990000000000001
    },
    "66" : {
      "fold" : 0.062399999999999997,
      "raise25x" : 0.93759999999999999
    },
    "72o" : {
      "fold" : 1
    },
    "72s" : {
      "fold" : 1
    },
    "73o" : {
      "fold" : 1
    },
    "73s" : {
      "fold" : 0.99990000000000001
    },
    "74o" : {
      "fold" : 1
    },
    "74s" : {
      "fold" : 1
    },
    "75o" : {
      "fold" : 1
    },
    "75s" : {
      "fold" : 1
    },
    "76o" : {
      "fold" : 1
    },
    "76s" : {
      "fold" : 1
    },
    "77" : {
      "raise25x" : 1
    },
    "82o" : {
      "fold" : 1
    },
    "82s" : {
      "fold" : 1
    },
    "83o" : {
      "fold" : 1
    },
    "83s" : {
      "fold" : 1
    },
    "84o" : {
      "fold" : 1
    },
    "84s" : {
      "fold" : 1
    },
    "85o" : {
      "fold" : 0.99990000000000001
    },
    "85s" : {
      "fold" : 1
    },
    "86o" : {
      "fold" : 1
    },
    "86s" : {
      "fold" : 1
    },
    "87o" : {
      "fold" : 1
    },
    "87s" : {
      "fold" : 1
    },
    "88" : {
      "raise25x" : 1
    },
    "92o" : {
      "fold" : 1
    },
    "92s" : {
      "fold" : 1
    },
    "93o" : {
      "fold" : 1
    },
    "93s" : {
      "fold" : 1
    },
    "94o" : {
      "fold" : 1
    },
    "94s" : {
      "fold" : 0.99990000000000001
    },
    "95o" : {
      "fold" : 1
    },
    "95s" : {
      "fold" : 1
    },
    "96o" : {
      "fold" : 1
    },
    "96s" : {
      "fold" : 0.99990000000000001
    },
    "97o" : {
      "fold" : 1
    },
    "97s" : {
      "fold" : 1
    },
    "98o" : {
      "fold" : 1
    },
    "98s" : {
      "fold" : 0.99990000000000001
    },
    "99" : {
      "raise25x" : 1
    },
    "A2o" : {
      "fold" : 0.99980000000000002
    },
    "A2s" : {
      "fold" : 0.79090000000000005,
      "raise25x" : 0.20910000000000001
    },
    "A3o" : {
      "fold" : 0.99939999999999996
    },
    "A3s" : {
      "fold" : 0.44790000000000002,
      "raise25x" : 0.55210000000000004
    },
    "A4o" : {
      "fold" : 1
    },
    "A4s" : {
      "fold" : 0.42530000000000001,
      "raise25x" : 0.57469999999999999
    },
    "A5o" : {
      "fold" : 0.64139999999999997,
      "raise25x" : 0.35859999999999997
    },
    "A5s" : {
      "fold" : 0.2389,
      "raise25x" : 0.7611
    },
    "A6o" : {
      "fold" : 0.30959999999999999,
      "raise25x" : 0.69040000000000001
    },
    "A6s" : {
      "fold" : 0.15559999999999999,
      "raise25x" : 0.84440000000000004
    },
    "A7o" : {
      "fold" : 0.4007,
      "raise25x" : 0.59930000000000005
    },
    "A7s" : {
      "fold" : 0.031399999999999997,
      "raise25x" : 0.96860000000000002
    },
    "A8o" : {
      "fold" : 0.35630000000000001,
      "raise25x" : 0.64370000000000005
    },
    "A8s" : {
      "fold" : 0.020899999999999998,
      "raise25x" : 0.97909999999999997
    },
    "A9o" : {
      "raise25x" : 1
    },
    "A9s" : {
      "raise25x" : 1
    },
    "AA" : {
      "raise25x" : 1
    },
    "AJo" : {
      "raise25x" : 1
    },
    "AJs" : {
      "raise25x" : 1
    },
    "AKo" : {
      "raise25x" : 1
    },
    "AKs" : {
      "raise25x" : 1
    },
    "AQo" : {
      "raise25x" : 1
    },
    "AQs" : {
      "raise25x" : 1
    },
    "ATo" : {
      "raise25x" : 1
    },
    "ATs" : {
      "raise25x" : 0.99939999999999996
    },
    "J2o" : {
      "fold" : 1
    },
    "J2s" : {
      "fold" : 1
    },
    "J3o" : {
      "fold" : 1
    },
    "J3s" : {
      "fold" : 1
    },
    "J4o" : {
      "fold" : 1
    },
    "J4s" : {
      "fold" : 0.99970000000000003
    },
    "J5o" : {
      "fold" : 1
    },
    "J5s" : {
      "fold" : 0.99990000000000001
    },
    "J6o" : {
      "fold" : 1
    },
    "J6s" : {
      "fold" : 1
    },
    "J7o" : {
      "fold" : 0.99990000000000001
    },
    "J7s" : {
      "fold" : 0.99950000000000006
    },
    "J8o" : {
      "fold" : 0.99990000000000001
    },
    "J8s" : {
      "fold" : 0.99909999999999999
    },
    "J9o" : {
      "fold" : 0.99950000000000006
    },
    "J9s" : {
      "fold" : 0.96970000000000001,
      "raise25x" : 0.030300000000000001
    },
    "JJ" : {
      "raise25x" : 1
    },
    "JTo" : {
      "fold" : 0.90959999999999996,
      "raise25x" : 0.090399999999999994
    },
    "JTs" : {
      "fold" : 0.14510000000000001,
      "raise25x" : 0.85489999999999999
    },
    "K2o" : {
      "fold" : 1
    },
    "K2s" : {
      "fold" : 0.98380000000000001,
      "raise25x" : 0.016199999999999999
    },
    "K3o" : {
      "fold" : 1
    },
    "K3s" : {
      "fold" : 0.99990000000000001
    },
    "K4o" : {
      "fold" : 1
    },
    "K4s" : {
      "fold" : 0.999
    },
    "K5o" : {
      "fold" : 1
    },
    "K5s" : {
      "fold" : 0.9798,
      "raise25x" : 0.020199999999999999
    },
    "K6o" : {
      "fold" : 1
    },
    "K6s" : {
      "fold" : 0.99329999999999996,
      "raise25x" : 0.0067000000000000002
    },
    "K7o" : {
      "fold" : 1
    },
    "K7s" : {
      "fold" : 0.14990000000000001,
      "raise25x" : 0.85009999999999997
    },
    "K8o" : {
      "fold" : 1
    },
    "K8s" : {
      "fold" : 0.12870000000000001,
      "raise25x" : 0.87129999999999996
    },
    "K9o" : {
      "fold" : 0.53059999999999996,
      "raise25x" : 0.46939999999999998
    },
    "K9s" : {
      "fold" : 0.21029999999999999,
      "raise25x" : 0.78969999999999996
    },
    "KJo" : {
      "fold" : 0.087999999999999995,
      "raise25x" : 0.91200000000000003
    },
    "KJs" : {
      "raise25x" : 1
    },
    "KK" : {
      "raise25x" : 1
    },
    "KQo" : {
      "raise25x" : 1
    },
    "KQs" : {
      "raise25x" : 1
    },
    "KTo" : {
      "fold" : 0.084099999999999994,
      "raise25x" : 0.91590000000000005
    },
    "KTs" : {
      "fold" : 0.0067999999999999996,
      "raise25x" : 0.99319999999999997
    },
    "Q2o" : {
      "fold" : 1
    },
    "Q2s" : {
      "fold" : 0.99939999999999996
    },
    "Q3o" : {
      "fold" : 1
    },
    "Q3s" : {
      "fold" : 0.99970000000000003
    },
    "Q4o" : {
      "fold" : 1
    },
    "Q4s" : {
      "fold" : 1
    },
    "Q5o" : {
      "fold" : 1
    },
    "Q5s" : {
      "fold" : 0.99939999999999996
    },
    "Q6o" : {
      "fold" : 1
    },
    "Q6s" : {
      "fold" : 0.99960000000000004
    },
    "Q7o" : {
      "fold" : 1
    },
    "Q7s" : {
      "fold" : 0.99990000000000001
    },
    "Q8o" : {
      "fold" : 0.99990000000000001
    },
    "Q8s" : {
      "fold" : 0.99960000000000004
    },
    "Q9o" : {
      "fold" : 0.99970000000000003
    },
    "Q9s" : {
      "fold" : 0.37180000000000002,
      "raise25x" : 0.62819999999999998
    },
    "QJo" : {
      "fold" : 0.1321,
      "raise25x" : 0.8679
    },
    "QJs" : {
      "fold" : 0.0079000000000000008,
      "raise25x" : 0.99209999999999998
    },
    "QQ" : {
      "raise25x" : 1
    },
    "QTo" : {
      "fold" : 0.30459999999999998,