{
  "format" : "NLHE_MTT_9MAX",
  "hands" : {
    "22" : {
      "call" : 1
    },
    "32s" : {
      "call" : 0.98019999999999996,
      "raise25x" : 0.019800000000000002
    },
    "33" : {
      "call" : 1
    },
    "42s" : {
      "call" : 1
    },
    "43s" : {
      "call" : 1
    },
    "44" : {
      "call" : 1
    },
    "52s" : {
      "call" : 1
    },
    "53o" : {
      "call" : 0.095000000000000001,
      "fold" : 0.90500000000000003
    },
    "53s" : {
      "call" : 1
    },
    "54o" : {
      "call" : 1
    },
    "54s" : {
      "call" : 0.89510000000000001,
      "raise25x" : 0.10489999999999999
    },
    "55" : {
      "call" : 1
    },
    "62s" : {
      "call" : 1
    },
    "63s" : {
      "call" : 1
    },
    "64s" : {
      "call" : 1
    },
    "65o" : {
      "call" : 1
    },
    "65s" : {
      "call" : 0.76000000000000001,
      "raise25x" : 0.23999999999999999
    },
    "66" : {
      "call" : 1
    },
    "73s" : {
      "call" : 1
    },
    "74s" : {
      "call" : 1
    },
    "75s" : {
      "call" : 1
    },
    "76o" : {
      "call" : 1
    },
    "76s" : {
      "call" : 0.90500000000000003,
      "raise25x" : 0.095000000000000001
    },
    "77" : {
      "call" : 1
    },
    "82s" : {
      "call" : 1
    },
    "83s" : {
      "call" : 1
    },
    "84s" : {
      "call" : 1
    },
    "85s" : {
      "call" : 1
    },
    "86o" : {
      "call" : 0.36509999999999998,
      "fold" : 0.63490000000000002
    },
    "86s" : {
      "call" : 1
    },
    "87o" : {
      "call" : 1
    },
    "87s" : {
      "call" : 0.87009999999999998,
      "raise25x" : 0.12989999999999999
    },
    "88" : {
      "call" : 1
    },
    "92s" : {
      "call" : 1
    },
    "93s" : {
      "call" : 1
    },
    "94s" : {
      "call" : 1
    },
    "95s" : {
      "call" : 1
    },
    "96s" : {
      "call" : 1
    },
    "97s" : {
      "call" : 1
    },
    "98o" : {
      "call" : 0.92000000000000004,
      "fold" : 0.080000000000000002
    },
    "98s" : {
      "call" : 0.93520000000000003,
      "raise25x" : 0.064799999999999996
    },
    "99" : {
      "call" : 1
    },
    "A2s" : {
      "call" : 1
    },
    "A3s" : {
      "call" : 1
    },
    "A4o" : {
      "call" : 0.245,
      "fold" : 0.69020000000000004,
      "raise25x" : 0.064799999999999996
    },
    "A4s" : {
      "call" : 1
    },
    "A5o" : {
      "call" : 0.625,
      "raise25x" : 0.375
    },
    "A5s" : {
      "call" : 1
    },
    "A6o" : {
      "call" : 0.054900000000000004,
      "fold" : 0.94510000000000005
    },
    "A6s" : {
      "call" : 1
    },
    "A7s" : {
      "call" : 0.91500000000000004,
      "raise25x" : 0.084999999999999992
    },
    "A8o" : {
      "call" : 0.7702,
      "fold" : 0.1249,
      "raise25x" : 0.10489999999999999
    },
    "A8s" : {
      "call" : 1
    },
    "A9o" : {
      "call" : 1
    },
    "A9s" : {
      "call" : 1
    },
    "AA" : {
      "raise25x" : 1
    },
    "AJo" : {
      "call" : 0.92500000000000004,
      "raise25x" : 0.074999999999999997
    },
    "AJs" : {
      "call" : 1
    },
    "AKo" : {
      "call" : 0.10489999999999999,
      "raise25x" : 0.89510000000000001
    },
    "AKs" : {
      "raise25x" : 1
    },
    "AQo" : {
      "call" : 0.74009999999999998,
      "raise25x" : 0.25990000000000002
    },
    "AQs" : {
      "call" : 1
    },
    "ATo" : {
      "call" : 0.54500000000000004,
      "raise25x" : 0.45500000000000002
    },
    "ATs" : {
      "call" : 1
    },
    "J2s" : {
      "call" : 1
    },
    "J3s" : {
      "call" : 1
    },
    "J4s" : {
      "call" : 1
    },
    "J5s" : {
      "call" : 1
    },
    "J6s" : {
      "call" : 1
    },
    "J7s" : {
      "call" : 1
    },
    "J8s" : {
      "call" : 1
    },
    "J9o" : {
      "call" : 0.77500000000000002,
      "fold" : 0.22500000000000001
    },
    "J9s" : {
      "call" : 0.83999999999999997,
      "raise25x" : 0.16
    },
    "JJ" : {
      "call" : 0.47999999999999998,
      "raise25x" : 0.52000000000000002
    },
    "JTo" : {
      "call" : 1
    },
    "JTs" : {
      "call" : 1
    },
    "K2s" : {
      "call" : 1
    },
    "K3s" : {
      "call" : 1
    },
    "K4s" : {
      "call" : 1
    },
    "K5s" : {
      "call" : 1
    },
    "K6o" : {
      "call" : 0.63490000000000002,
      "fold" : 0.36509999999999998
    },
    "K6s" : {
      "call" : 0.72009999999999996,
      "raise25x" : 0.27989999999999998
    },
    "K7s" : {
      "call" : 1
    },
    "K8o" : {
      "call" : 0.28999999999999998,
      "fold" : 0.70999999999999996
    },
    "K8s" : {
      "call" : 1
    },
    "K9o" : {
      "call" : 1
    },
    "K9s" : {
      "call" : 0.65010000000000001,
      "raise25x" : 0.34989999999999999
    },
    "KJo" : {
      "call" : 0.53000000000000003,
      "raise25x" : 0.46999999999999997
    },
    "KJs" : {
      "call" : 0.47999999999999998,
      "raise25x" : 0.52000000000000002
    },
    "KK" : {
      "raise25x" : 1
    },
    "KQo" : {
      "call" : 0.98499999999999999,
      "raise25x" : 0.014999999999999999
    },
    "KQs" : {
      "call" : 1
    },
    "KTo" : {
      "call" : 1
    },
    "KTs" : {
      "call" : 0.38500000000000001,
      "raise25x" : 0.61499999999999999
    },
    "Q2s" : {
      "call" : 1
    },
    "Q3s" : {
      "call" : 1
    },
    "Q4s" : {
      "call" : 1
    },
    "Q5s" : {
      "call" : 1
    },
    "Q6s" : {
      "call" : 1
    },
    "Q7s" : {
      "call" : 1
    },
    "Q8s" : {
      "call" : 1
    },
    "Q9o" : {
      "call" : 0.84999999999999998,
      "fold" : 0.14999999999999999
    },
    "Q9s" : {
      "call" : 1
    },
    "QJo" : {
      "call" : 0.78500000000000003,
      "raise25x" : 0.215
    },
    "QJs" : {
      "call" : 1
    },
    "QQ" : {
      "raise25x" : 1
    },
    "QTo" : {
      "call" : 1
    },
    "QTs" : {
      "call" : 1
    },
    "T2s" : {
      "call" : 1
    },
    "T3s" : {
      "call" : 1
    },
    "T4s" : {
      "call" : 1
    },
    "T5s" : {
      "call" : 1
    },
    "T6s" : {
      "call" : 1
    },
    "T7s" : {
      "call" : 1
    },
    "T8o" : {
      "call" : 0.69999999999999996,
      "fold" : 0.29999999999999999
    },
    "T8s" : {
      "call" : 1
    },
    "T9o" : {
      "call" : 1
    },
    "T9s" : {
      "call" : 0.79020000000000001,
      "raise25x" : 0.20979999999999999
    },
    "TT" : {
      "call" : 0.55000000000000004,
      "raise25x" : 0.45000000000000001
    }
  },
  "id" : "mtt_9max_40bb_bb_vsopen_vs_utg",
  "source" : {
    "description" : "Adapted from RangeConverter 8-max baseline.",
    "publisher" : {
      "accessedDate" : "2026-06-01",
      "name" : "RangeConverter",
      "product" : "Free Poker Charts — 8 max 1bb ante MTT GTO Ranges",
      "treeParams" : "2.5x open, 3.5x 3bet IP, 4.5x 3bet OOP, 2.3x 4bet IP, 2.75x 4bet OOP, SB vs BB 3.2bb",
      "url" : "https:\/\/rangeconverter.com\/free-poker-charts"
    },
    "solver" : {
      "assumptions" : "Frequencies rounded to nearest 25% per source. ChipEV (non-ICM). 1bb (12.5%) big-blind ante. Copied verbatim from 8-max BB (same effective seat in 9-max)."
    },
    "type" : "published"
  },
  "spot" : {
    "anteType" : "bigBlindAnte",
    "facingAction" : "vsOpen",
    "opponentPosition" : "UTG",
    "position" : "BB",
    "stackDepthBB" : 40
  }
}