{
  "format" : "NLHE_MTT_9MAX",
  "hands" : {
    "22" : {
      "call" : 1
    },
    "33" : {
      "call" : 1
    },
    "44" : {
      "call" : 1
    },
    "54s" : {
      "call" : 1
    },
    "55" : {
      "call" : 1
    },
    "65s" : {
      "call" : 1
    },
    "66" : {
      "call" : 1
    },
    "76s" : {
      "call" : 1
    },
    "77" : {
      "call" : 1
    },
    "87s" : {
      "call" : 1
    },
    "88" : {
      "call" : 1
    },
    "98s" : {
      "call" : 0.96630000000000005,
      "fold" : 0.033700000000000001
    },
    "99" : {
      "call" : 0.97819999999999996,
      "raise25x" : 0.0218
    },
    "A3s" : {
      "call" : 0.21709999999999999,
      "fold" : 0.70999999999999996,
      "raise25x" : 0.072900000000000006
    },
    "A4s" : {
      "call" : 0.8397,
      "raise25x" : 0.1603
    },
    "A5s" : {
      "call" : 0.86199999999999999,
      "raise25x" : 0.13800000000000001
    },
    "A6s" : {
      "call" : 0.0499,
      "fold" : 0.95009999999999994
    },
    "A7s" : {
      "fold" : 0.96799999999999997,
      "raise25x" : 0.032000000000000001
    },
    "A8s" : {
      "call" : 0.0339,
      "fold" : 0.82620000000000005,
      "raise25x" : 0.1399
    },
    "A9s" : {
      "call" : 0.83220000000000005,
      "fold" : 0.13189999999999999,
      "raise25x" : 0.035900000000000001
    },
    "AA" : {
      "raise25x" : 1
    },
    "AJs" : {
      "call" : 0.81200000000000006,
      "raise25x" : 0.188
    },
    "AKo" : {
      "call" : 0.25390000000000001,
      "raise25x" : 0.093900000000000011,
      "shove" : 0.6522
    },
    "AKs" : {
      "raise25x" : 0.67800000000000005,
      "shove" : 0.32200000000000001
    },
    "AQo" : {
      "call" : 0.66610000000000003,
      "raise25x" : 0.33389999999999997
    },
    "AQs" : {
      "call" : 1
    },
    "ATs" : {
      "call" : 0.95799999999999996,
      "raise25x" : 0.042000000000000003
    },
    "J9s" : {
      "call" : 0.2319,
      "fold" : 0.7681
    },
    "JJ" : {
      "call" : 0.62390000000000001,
      "raise25x" : 0.37609999999999999
    },
    "JTs" : {
      "call" : 1
    },
    "K6s" : {
      "call" : 0.98780000000000001,
      "raise25x" : 0.012199999999999999
    },
    "K7s" : {
      "call" : 0.42109999999999997,
      "fold" : 0.078899999999999998,
      "raise25x" : 0.5
    },
    "K9s" : {
      "call" : 0.032000000000000001,
      "fold" : 0.86599999999999999,
      "raise25x" : 0.10199999999999999
    },
    "KJs" : {
      "call" : 0.77600000000000002,
      "raise25x" : 0.224
    },
    "KK" : {
      "raise25x" : 0.28399999999999997,
      "shove" : 0.71599999999999997
    },
    "KQs" : {
      "call" : 0.96009999999999995,
      "raise25x" : 0.039899999999999998
    },
    "KTs" : {
      "call" : 0.70809999999999995,
      "raise25x" : 0.29189999999999999
    },
    "QJs" : {
      "call" : 0.8841,
      "fold" : 0.1159
    },
    "QQ" : {
      "call" : 0.58819999999999995,
      "raise25x" : 0.38400000000000001,
      "shove" : 0.027800000000000002
    },
    "QTs" : {
      "call" : 0.64800000000000002,
      "fold" : 0.35199999999999998
    },
    "T9s" : {
      "call" : 0.75609999999999999,
      "fold" : 0.24390000000000001
    },
    "TT" : {
      "call" : 0.92000000000000004,
      "raise25x" : 0.080000000000000002
    }
  },
  "id" : "mtt_9max_60bb_utg1_vs3bet",
  "source" : {
    "description" : "Adapted from RangeConverter 8-max baseline.",
    "publisher" : {
      "accessedDate" : "2026-06-01",
      "name" : "RangeConverter",
      "product" : "Free Poker Charts — 8 max 1bb ante MTT GTO Ranges",
      "treeParams" : "2.5x open, 3.5x 3bet IP, 4.5x 3bet OOP, 2.3x 4bet IP, 2.75x 4bet OOP, SB vs BB 3.2bb",
      "url" : "https:\/\/rangeconverter.com\/free-poker-charts"
    },
    "solver" : {
      "assumptions" : "Frequencies rounded to nearest 25% per source. ChipEV (non-ICM). 1bb (12.5%) big-blind ante. Adapted from 8-max UTG (9-max UTG+1 plays the same role as 8-max UTG)."
    },
    "type" : "published"
  },
  "spot" : {
    "anteType" : "bigBlindAnte",
    "facingAction" : "vs3Bet",
    "position" : "UTG1",
    "stackDepthBB" : 60
  }
}