{
  "format" : "NLHE_MTT_9MAX",
  "hands" : {
    "22" : {
      "call" : 1
    },
    "33" : {
      "call" : 1
    },
    "44" : {
      "call" : 0.98009999999999997,
      "raise25x" : 0.019899999999999998
    },
    "54s" : {
      "call" : 0.62,
      "raise25x" : 0.38
    },
    "55" : {
      "call" : 0.8841,
      "raise25x" : 0.1159
    },
    "65s" : {
      "call" : 0.7621,
      "raise25x" : 0.2379
    },
    "66" : {
      "call" : 0.76000000000000001,
      "raise25x" : 0.23999999999999999
    },
    "76s" : {
      "call" : 0.67210000000000003,
      "raise25x" : 0.32790000000000002
    },
    "77" : {
      "call" : 0.70599999999999996,
      "raise25x" : 0.29399999999999998
    },
    "86s" : {
      "call" : 0.71199999999999997,
      "fold" : 0.13800000000000001,
      "raise25x" : 0.14999999999999999
    },
    "87s" : {
      "call" : 0.7621,
      "raise25x" : 0.2379
    },
    "88" : {
      "call" : 0.72599999999999998,
      "raise25x" : 0.27400000000000002
    },
    "97s" : {
      "call" : 0.60399999999999998,
      "raise25x" : 0.39600000000000002
    },
    "98s" : {
      "call" : 0.68210000000000004,
      "raise25x" : 0.31790000000000002
    },
    "99" : {
      "call" : 0.59609999999999996,
      "raise25x" : 0.40389999999999998
    },
    "A2s" : {
      "call" : 0.77600000000000002,
      "raise25x" : 0.224
    },
    "A3s" : {
      "call" : 0.57199999999999995,
      "raise25x" : 0.42799999999999999
    },
    "A4s" : {
      "call" : 0.34589999999999999,
      "raise25x" : 0.65410000000000001
    },
    "A5s" : {
      "call" : 0.27589999999999998,
      "raise25x" : 0.72409999999999997
    },
    "A6s" : {
      "call" : 0.32990000000000003,
      "raise25x" : 0.67010000000000003
    },
    "A7s" : {
      "call" : 0.68810000000000004,
      "raise25x" : 0.31190000000000001
    },
    "A8o" : {
      "fold" : 0.75209999999999999,
      "raise25x" : 0.24790000000000001
    },
    "A8s" : {
      "call" : 0.79200000000000004,
      "raise25x" : 0.20799999999999999
    },
    "A9o" : {
      "call" : 0.39789999999999998,
      "raise25x" : 0.60209999999999997
    },
    "A9s" : {
      "call" : 1
    },
    "AA" : {
      "raise25x" : 1
    },
    "AJo" : {
      "call" : 0.43590000000000001,
      "raise25x" : 0.56410000000000005
    },
    "AJs" : {
      "call" : 0.72009999999999996,
      "raise25x" : 0.27989999999999998
    },
    "AKo" : {
      "raise25x" : 1
    },
    "AKs" : {
      "raise25x" : 1
    },
    "AQo" : {
      "call" : 0.73009999999999997,
      "raise25x" : 0.26989999999999997
    },
    "AQs" : {
      "raise25x" : 1
    },
    "ATo" : {
      "call" : 0.53210000000000002,
      "raise25x" : 0.46789999999999998
    },
    "ATs" : {
      "call" : 1
    },
    "J8s" : {
      "call" : 0.23599999999999999,
      "raise25x" : 0.76400000000000001
    },
    "J9s" : {
      "call" : 0.61399999999999999,
      "raise25x" : 0.38600000000000001
    },
    "JJ" : {
      "call" : 0.067900000000000002,
      "raise25x" : 0.93210000000000004
    },
    "JTo" : {
      "call" : 0.49199999999999999,
      "raise25x" : 0.50800000000000001
    },
    "JTs" : {
      "call" : 0.6381,
      "raise25x" : 0.3619
    },
    "K3s" : {
      "call" : 0.2465,
      "fold" : 0.63729999999999998,
      "raise25x" : 0.1162
    },
    "K4s" : {
      "call" : 0.41389999999999999,
      "raise25x" : 0.58609999999999995
    },
    "K5s" : {
      "call" : 0.67400000000000004,
      "raise25x" : 0.32600000000000001
    },
    "K6s" : {
      "call" : 0.58399999999999996,
      "raise25x" : 0.41599999999999998
    },
    "K7s" : {
      "call" : 0.4899,
      "raise25x" : 0.5101
    },
    "K8s" : {
      "call" : 0.32390000000000002,
      "raise25x" : 0.67610000000000003
    },
    "K9s" : {
      "call" : 0.63990000000000002,
      "raise25x" : 0.36009999999999998
    },
    "KJo" : {
      "call" : 0.64600000000000002,
      "raise25x" : 0.35399999999999998
    },
    "KJs" : {
      "call" : 0.60209999999999997,
      "raise25x" : 0.39789999999999998
    },
    "KK" : {
      "raise25x" : 1
    },
    "KQo" : {
      "call" : 0.64600000000000002,
      "raise25x" : 0.35399999999999998
    },
    "KQs" : {
      "call" : 0.59609999999999996,
      "raise25x" : 0.40389999999999998
    },
    "KTo" : {
      "call" : 0.47389999999999999,
      "raise25x" : 0.52610000000000001
    },
    "KTs" : {
      "call" : 0.82010000000000005,
      "raise25x" : 0.1799
    },
    "Q8s" : {
      "call" : 0.66800000000000004,
      "raise25x" : 0.33200000000000002
    },
    "Q9s" : {
      "call" : 0.79600000000000004,
      "raise25x" : 0.20399999999999999
    },
    "QJo" : {
      "call" : 0.5101,
      "raise25x" : 0.4899
    },
    "QJs" : {
      "call" : 0.93600000000000005,
      "raise25x" : 0.064000000000000001
    },
    "QQ" : {
      "raise25x" : 1
    },
    "QTo" : {
      "call" : 0.47599999999999998,
      "raise25x" : 0.52400000000000002
    },
    "QTs" : {
      "call" : 0.71809999999999996,
      "raise25x" : 0.28189999999999998
    },
    "T7s" : {
      "fold" : 0.95799999999999996,
      "raise25x" : 0.042000000000000003
    },
    "T8s" : {
      "call" : 0.65590000000000004,
      "raise25x" : 0.34410000000000002
    },
    "T9s" : {
      "call" : 0.65010000000000001,
      "raise25x" : 0.34989999999999999
    },
    "TT" : {
      "call" : 0.64410000000000001,
      "raise25x" : 0.35589999999999999
    }
  },
  "id" : "mtt_9max_100bb_btn_vsopen",
  "source" : {
    "description" : "Adapted from RangeConverter 8-max baseline.",
    "publisher" : {
      "accessedDate" : "2026-06-01",
      "name" : "RangeConverter",
      "product" : "Free Poker Charts — 8 max 1bb ante MTT GTO Ranges",
      "treeParams" : "2.5x open, 3.5x 3bet IP, 4.5x 3bet OOP, 2.3x 4bet IP, 2.75x 4bet OOP, SB vs BB 3.2bb",
      "url" : "https:\/\/rangeconverter.com\/free-poker-charts"
    },
    "solver" : {
      "assumptions" : "Frequencies rounded to nearest 25% per source. ChipEV (non-ICM). 1bb (12.5%) big-blind ante. Copied verbatim from 8-max BTN (same effective seat in 9-max)."
    },
    "type" : "published"
  },
  "spot" : {
    "anteType" : "bigBlindAnte",
    "facingAction" : "vsOpen",
    "position" : "BTN",
    "stackDepthBB" : 100
  }
}