{
  "format" : "NLHE_MTT_9MAX",
  "hands" : {
    "22" : {
      "shove" : 1
    },
    "32s" : {
      "call" : 1
    },
    "33" : {
      "shove" : 1
    },
    "42s" : {
      "call" : 1
    },
    "43o" : {
      "call" : 0.0349,
      "fold" : 0.96509999999999996
    },
    "43s" : {
      "call" : 1
    },
    "44" : {
      "raise25x" : 0.155,
      "shove" : 0.84499999999999997
    },
    "52s" : {
      "call" : 1
    },
    "53o" : {
      "call" : 1
    },
    "53s" : {
      "call" : 1
    },
    "54o" : {
      "call" : 1
    },
    "54s" : {
      "call" : 1
    },
    "55" : {
      "raise25x" : 0.35489999999999999,
      "shove" : 0.64510000000000001
    },
    "62s" : {
      "call" : 1
    },
    "63s" : {
      "call" : 1
    },
    "64o" : {
      "call" : 1
    },
    "64s" : {
      "call" : 1
    },
    "65o" : {
      "call" : 1
    },
    "65s" : {
      "call" : 1
    },
    "66" : {
      "raise25x" : 0.0349,
      "shove" : 0.96509999999999996
    },
    "72s" : {
      "call" : 1
    },
    "73s" : {
      "call" : 1
    },
    "74s" : {
      "call" : 1
    },
    "75o" : {
      "call" : 1
    },
    "75s" : {
      "call" : 1
    },
    "76o" : {
      "call" : 1
    },
    "76s" : {
      "call" : 1
    },
    "77" : {
      "shove" : 1
    },
    "82s" : {
      "call" : 1
    },
    "83s" : {
      "call" : 1
    },
    "84s" : {
      "call" : 1
    },
    "85s" : {
      "call" : 1
    },
    "86o" : {
      "call" : 1
    },
    "86s" : {
      "call" : 1
    },
    "87o" : {
      "call" : 1
    },
    "87s" : {
      "call" : 1
    },
    "88" : {
      "shove" : 1
    },
    "92s" : {
      "call" : 1
    },
    "93s" : {
      "call" : 1
    },
    "94s" : {
      "call" : 1
    },
    "95s" : {
      "call" : 1
    },
    "96o" : {
      "call" : 1
    },
    "96s" : {
      "call" : 1
    },
    "97o" : {
      "call" : 0.97009999999999996,
      "raise25x" : 0.029899999999999999
    },
    "97s" : {
      "call" : 1
    },
    "98o" : {
      "call" : 1
    },
    "98s" : {
      "call" : 0.625,
      "raise25x" : 0.375
    },
    "99" : {
      "raise25x" : 0.25990000000000002,
      "shove" : 0.74009999999999998
    },
    "A2o" : {
      "call" : 0.44009999999999999,
      "raise25x" : 0.29999999999999999,
      "shove" : 0.25990000000000002
    },
    "A2s" : {
      "call" : 1
    },
    "A3o" : {
      "call" : 0.68999999999999995,
      "raise25x" : 0.31
    },
    "A3s" : {
      "call" : 1
    },
    "A4o" : {
      "call" : 0.86019999999999996,
      "raise25x" : 0.080000000000000002,
      "shove" : 0.059799999999999999
    },
    "A4s" : {
      "call" : 1
    },
    "A5o" : {
      "raise25x" : 0.23999999999999999,
      "shove" : 0.76000000000000001
    },
    "A5s" : {
      "call" : 1
    },
    "A6o" : {
      "call" : 0.84499999999999997,
      "raise25x" : 0.155
    },
    "A6s" : {
      "call" : 1
    },
    "A7o" : {
      "call" : 0.6452,
      "raise25x" : 0.20979999999999999,
      "shove" : 0.14499999999999999
    },
    "A7s" : {
      "call" : 1
    },
    "A8o" : {
      "call" : 0.86019999999999996,
      "raise25x" : 0.13980000000000001
    },
    "A8s" : {
      "call" : 1
    },
    "A9o" : {
      "call" : 0.60999999999999999,
      "raise25x" : 0.39000000000000001
    },
    "A9s" : {
      "call" : 1
    },
    "AA" : {
      "raise25x" : 1
    },
    "AJo" : {
      "shove" : 1
    },
    "AJs" : {
      "raise25x" : 1
    },
    "AKo" : {
      "raise25x" : 1
    },
    "AKs" : {
      "raise25x" : 1
    },
    "AQo" : {
      "raise25x" : 0.23000000000000001,
      "shove" : 0.77000000000000002
    },
    "AQs" : {
      "raise25x" : 1
    },
    "ATo" : {
      "raise25x" : 0.1099,
      "shove" : 0.8901
    },
    "ATs" : {
      "raise25x" : 1
    },
    "J2s" : {
      "call" : 1
    },
    "J3s" : {
      "call" : 1
    },
    "J4s" : {
      "call" : 1
    },
    "J5o" : {
      "call" : 0.90010000000000001,
      "raise25x" : 0.099900000000000003
    },
    "J5s" : {
      "call" : 1
    },
    "J6o" : {
      "call" : 1
    },
    "J6s" : {
      "call" : 1
    },
    "J7o" : {
      "call" : 0.65010000000000001,
      "raise25x" : 0.34989999999999999
    },
    "J7s" : {
      "call" : 1
    },
    "J8o" : {
      "call" : 0.83499999999999996,
      "raise25x" : 0.16500000000000001
    },
    "J8s" : {
      "call" : 1
    },
    "J9o" : {
      "call" : 0.92500000000000004,
      "raise25x" : 0.074999999999999997
    },
    "J9s" : {
      "call" : 1
    },
    "JJ" : {
      "raise25x" : 1
    },
    "JTo" : {
      "call" : 1
    },
    "JTs" : {
      "call" : 0.47499999999999998,
      "raise25x" : 0.52500000000000002
    },
    "K2o" : {
      "call" : 1
    },
    "K2s" : {
      "call" : 1
    },
    "K3o" : {
      "call" : 0.80510000000000004,
      "raise25x" : 0.19489999999999999
    },
    "K3s" : {
      "call" : 1
    },
    "K4o" : {
      "call" : 0.88009999999999999,
      "raise25x" : 0.11990000000000001
    },
    "K4s" : {
      "call" : 1
    },
    "K5o" : {
      "call" : 0.85499999999999998,
      "raise25x" : 0.14499999999999999
    },
    "K5s" : {
      "call" : 1
    },
    "K6o" : {
      "call" : 0.67500000000000004,
      "raise25x" : 0.32500000000000001
    },
    "K6s" : {
      "call" : 1
    },
    "K7o" : {
      "call" : 0.53510000000000002,
      "raise25x" : 0.255,
      "shove" : 0.2099
    },
    "K7s" : {
      "shove" : 1
    },
    "K8o" : {
      "call" : 1
    },
    "K8s" : {
      "call" : 1
    },
    "K9o" : {
      "call" : 1
    },
    "K9s" : {
      "call" : 1
    },
    "KJo" : {
      "call" : 0.71509999999999996,
      "raise25x" : 0.28489999999999999
    },
    "KJs" : {
      "call" : 0.79020000000000001,
      "raise25x" : 0.20979999999999999
    },
    "KK" : {
      "raise25x" : 1
    },
    "KQo" : {
      "call" : 0.33489999999999998,
      "raise25x" : 0.074999999999999997,
      "shove" : 0.59009999999999996
    },
    "KQs" : {
      "raise25x" : 1
    },
    "KTo" : {
      "call" : 0.97009999999999996,
      "raise25x" : 0.029899999999999999
    },
    "KTs" : {
      "call" : 1
    },
    "Q2o" : {
      "call" : 0.68340000000000001,
      "fold" : 0.17080000000000001,
      "raise25x" : 0.14580000000000001
    },
    "Q2s" : {
      "call" : 1
    },
    "Q3o" : {
      "call" : 0.66510000000000002,
      "raise25x" : 0.33489999999999998
    },
    "Q3s" : {
      "call" : 1
    },
    "Q4o" : {
      "call" : 0.81010000000000004,
      "raise25x" : 0.18990000000000001
    },
    "Q4s" : {
      "call" : 1
    },
    "Q5o" : {
      "call" : 0.86019999999999996,
      "raise25x" : 0.13980000000000001
    },
    "Q5s" : {
      "call" : 1
    },
    "Q6o" : {
      "call" : 0.83999999999999997,
      "raise25x" : 0.16
    },
    "Q6s" : {
      "call" : 1
    },
    "Q7o" : {
      "call" : 1
    },
    "Q7s" : {
      "call" : 1
    },
    "Q8o" : {
      "call" : 0.95009999999999994,
      "raise25x" : 0.0499
    },
    "Q8s" : {
      "call" : 1
    },
    "Q9o" : {
      "call" : 1
    },
    "Q9s" : {
      "call" : 0.73509999999999998,
      "shove" : 0.26490000000000002
    },
    "QJo" : {
      "call" : 0.88009999999999999,
      "raise25x" : 0.11990000000000001
    },
    "QJs" : {
      "call" : 1
    },
    "QQ" : {
      "raise25x" : 1
    },
    "QTo" : {
      "call" : 1
    },
    "QTs" : {
      "call" : 1
    },
    "T2s" : {
      "call" : 1
    },
    "T3s" : {
      "call" : 1
    },
    "T4s" : {
      "call" : 1
    },
    "T5s" : {
      "call" : 1
    },
    "T6o" : {
      "call" : 0.87509999999999999,
      "raise25x" : 0.1249
    },
    "T6s" : {
      "call" : 1
    },
    "T7o" : {
      "call" : 0.79020000000000001,
      "raise25x" : 0.20979999999999999
    },
    "T7s" : {
      "call" : 1
    },
    "T8o" : {
      "call" : 0.83999999999999997,
      "raise25x" : 0.16
    },
    "T8s" : {
      "call" : 1
    },
    "T9o" : {
      "call" : 1
    },