{
  "format" : "NLHE_MTT_8MAX",
  "hands" : {
    "22" : {
      "call" : 1
    },
    "33" : {
      "call" : 1
    },
    "44" : {
      "call" : 1
    },
    "54s" : {
      "call" : 0.074999999999999997,
      "fold" : 0.72509999999999997,
      "raise3x" : 0.19989999999999999
    },
    "55" : {
      "call" : 1
    },
    "65s" : {
      "call" : 0.32840000000000003,
      "fold" : 0.5524,
      "raise3x" : 0.1192
    },
    "66" : {
      "call" : 1
    },
    "76s" : {
      "call" : 0.83499999999999996,
      "raise3x" : 0.16500000000000001
    },
    "77" : {
      "call" : 0.83499999999999996,
      "raise3x" : 0.16500000000000001
    },
    "87s" : {
      "call" : 0.68999999999999995,
      "raise3x" : 0.31
    },
    "88" : {
      "call" : 0.66510000000000002,
      "raise3x" : 0.33489999999999998
    },
    "97s" : {
      "call" : 0.14499999999999999,
      "fold" : 0.74009999999999998,
      "raise3x" : 0.1149
    },
    "98s" : {
      "call" : 0.93020000000000003,
      "raise3x" : 0.069800000000000001
    },
    "99" : {
      "call" : 0.59999999999999998,
      "raise3x" : 0.40000000000000002
    },
    "A2s" : {
      "call" : 0.24490000000000001,
      "raise3x" : 0.75509999999999999
    },
    "A3s" : {
      "call" : 0.81510000000000005,
      "raise3x" : 0.18490000000000001
    },
    "A4s" : {
      "call" : 0.87009999999999998,
      "raise3x" : 0.12989999999999999
    },
    "A5s" : {
      "call" : 0.79020000000000001,
      "raise3x" : 0.20979999999999999
    },
    "A6s" : {
      "call" : 0.43009999999999998,
      "raise3x" : 0.56989999999999996
    },
    "A7s" : {
      "call" : 0.66010000000000002,
      "raise3x" : 0.33989999999999998
    },
    "A8s" : {
      "call" : 0.81010000000000004,
      "raise3x" : 0.18990000000000001
    },
    "A9o" : {
      "fold" : 0.4199,
      "raise3x" : 0.58009999999999995
    },
    "A9s" : {
      "call" : 1
    },
    "AA" : {
      "raise3x" : 1
    },
    "AJo" : {
      "call" : 0.44500000000000001,
      "raise3x" : 0.55500000000000005
    },
    "AJs" : {
      "call" : 1
    },
    "AKo" : {
      "raise3x" : 1
    },
    "AKs" : {
      "raise3x" : 1
    },
    "AQo" : {
      "call" : 0.87009999999999998,
      "raise3x" : 0.12989999999999999
    },
    "AQs" : {
      "raise3x" : 1
    },
    "ATo" : {
      "call" : 0.57509999999999994,
      "raise3x" : 0.4249
    },
    "ATs" : {
      "call" : 1
    },
    "J8s" : {
      "fold" : 0.54269999999999996,
      "raise3x" : 0.45729999999999998
    },
    "J9s" : {
      "call" : 0.84999999999999998,
      "raise3x" : 0.14999999999999999
    },
    "JJ" : {
      "call" : 0.099900000000000003,
      "raise3x" : 0.90010000000000001
    },
    "JTs" : {
      "call" : 1
    },
    "K5s" : {
      "fold" : 0.79020000000000001,
      "raise3x" : 0.20979999999999999
    },
    "K6s" : {
      "fold" : 0.84919999999999995,
      "raise3x" : 0.15079999999999999
    },
    "K7s" : {
      "call" : 0.2049,
      "fold" : 0.5252,
      "raise3x" : 0.26989999999999997
    },
    "K8s" : {
      "call" : 0.56489999999999996,
      "raise3x" : 0.43509999999999999
    },
    "K9s" : {
      "call" : 0.61499999999999999,
      "raise3x" : 0.38500000000000001
    },
    "KJo" : {
      "call" : 0.83999999999999997,
      "raise3x" : 0.16
    },
    "KJs" : {
      "call" : 1
    },
    "KK" : {
      "raise3x" : 1
    },
    "KQo" : {
      "call" : 0.74509999999999998,
      "raise3x" : 0.25490000000000002
    },
    "KQs" : {
      "call" : 1
    },
    "KTo" : {
      "fold" : 0.60999999999999999,
      "raise3x" : 0.39000000000000001
    },
    "KTs" : {
      "call" : 1
    },
    "Q8s" : {
      "call" : 0.19489999999999999,
      "raise3x" : 0.80510000000000004
    },
    "Q9s" : {
      "call" : 0.56489999999999996,
      "raise3x" : 0.43509999999999999
    },
    "QJo" : {
      "call" : 0.17999999999999999,
      "fold" : 0.47499999999999998,
      "raise3x" : 0.34499999999999997
    },
    "QJs" : {
      "call" : 1
    },
    "QQ" : {
      "raise3x" : 1
    },
    "QTo" : {
      "fold" : 0.85499999999999998,
      "raise3x" : 0.14499999999999999
    },
    "QTs" : {
      "call" : 1
    },
    "T8s" : {
      "call" : 0.60499999999999998,
      "raise3x" : 0.39500000000000002
    },
    "T9s" : {
      "call" : 0.70999999999999996,
      "raise3x" : 0.28999999999999998
    },
    "TT" : {
      "call" : 0.13980000000000001,
      "raise3x" : 0.86019999999999996
    }
  },
  "id" : "mtt_8max_40bb_btn_vsopen_vs_hj",
  "source" : {
    "description" : "RangeConverter free PDF — 8-max 40bb 1bb ante (12.5%).",
    "publisher" : {
      "accessedDate" : "2026-06-01",
      "name" : "RangeConverter",
      "product" : "Free Poker Charts — 8 max 1bb ante MTT GTO Ranges",
      "treeParams" : "poker.academy CE-Symmetric Regular @ 40bb (GTO ChipEV, 1bb ante)",
      "url" : "https:\/\/rangeconverter.com\/free-poker-charts"
    },
    "solver" : {
      "assumptions" : "Frequencies rounded to nearest 25% per source. ChipEV (non-ICM). 1bb (12.5%) big-blind ante."
    },
    "type" : "published"
  },
  "spot" : {
    "anteType" : "bigBlindAnte",
    "facingAction" : "vsOpen",
    "opponentPosition" : "HJ",
    "position" : "BTN",
    "stackDepthBB" : 40
  }
}