{
  "format" : "NLHE_MTT_8MAX",
  "hands" : {
    "22" : {
      "call" : 0.094899999999999998,
      "shove" : 0.90510000000000002
    },
    "32s" : {
      "call" : 1
    },
    "33" : {
      "shove" : 1
    },
    "42s" : {
      "call" : 1
    },
    "43o" : {
      "call" : 1
    },
    "43s" : {
      "call" : 1
    },
    "44" : {
      "raise3x" : 0.069800000000000001,
      "shove" : 0.93020000000000003
    },
    "52s" : {
      "call" : 1
    },
    "53o" : {
      "call" : 1
    },
    "53s" : {
      "call" : 1
    },
    "54o" : {
      "call" : 1
    },
    "54s" : {
      "call" : 1
    },
    "55" : {
      "raise3x" : 0.25990000000000002,
      "shove" : 0.74009999999999998
    },
    "62s" : {
      "call" : 1
    },
    "63s" : {
      "call" : 1
    },
    "64o" : {
      "call" : 1
    },
    "64s" : {
      "call" : 1
    },
    "65o" : {
      "call" : 1
    },
    "65s" : {
      "call" : 1
    },
    "66" : {
      "raise3x" : 0.1149,
      "shove" : 0.8851
    },
    "72s" : {
      "call" : 1
    },
    "73s" : {
      "call" : 1
    },
    "74o" : {
      "call" : 0.5151,
      "fold" : 0.4849
    },
    "74s" : {
      "call" : 1
    },
    "75o" : {
      "call" : 1
    },
    "75s" : {
      "call" : 1
    },
    "76o" : {
      "call" : 1
    },
    "76s" : {
      "call" : 1
    },
    "77" : {
      "shove" : 1
    },
    "82s" : {
      "call" : 1
    },
    "83s" : {
      "call" : 1
    },
    "84s" : {
      "call" : 1
    },
    "85o" : {
      "call" : 1
    },
    "85s" : {
      "call" : 1
    },
    "86o" : {
      "call" : 1
    },
    "86s" : {
      "call" : 1
    },
    "87o" : {
      "call" : 1
    },
    "87s" : {
      "call" : 1
    },
    "88" : {
      "shove" : 1
    },
    "92s" : {
      "call" : 1
    },
    "93s" : {
      "call" : 1
    },
    "94s" : {
      "call" : 1
    },
    "95s" : {
      "call" : 1
    },
    "96o" : {
      "call" : 1
    },
    "96s" : {
      "call" : 1
    },
    "97o" : {
      "call" : 1
    },
    "97s" : {
      "call" : 1
    },
    "98o" : {
      "call" : 1
    },
    "98s" : {
      "call" : 1
    },
    "99" : {
      "shove" : 1
    },
    "A2o" : {
      "call" : 0.94020000000000004,
      "raise3x" : 0.059799999999999999
    },
    "A2s" : {
      "call" : 1
    },
    "A3o" : {
      "call" : 0.96509999999999996,
      "raise3x" : 0.0349
    },
    "A3s" : {
      "call" : 1
    },
    "A4o" : {
      "call" : 0.97009999999999996,
      "raise3x" : 0.029899999999999999
    },
    "A4s" : {
      "shove" : 1
    },
    "A5o" : {
      "call" : 1
    },
    "A5s" : {
      "call" : 1
    },
    "A6o" : {
      "call" : 0.93020000000000003,
      "raise3x" : 0.069800000000000001
    },
    "A6s" : {
      "call" : 1
    },
    "A7o" : {
      "call" : 0.77010000000000001,
      "raise3x" : 0.12989999999999999,
      "shove" : 0.10000000000000001
    },
    "A7s" : {
      "shove" : 1
    },
    "A8o" : {
      "call" : 0.91000000000000003,
      "raise3x" : 0.089999999999999997
    },
    "A8s" : {
      "call" : 1
    },
    "A9o" : {
      "call" : 0.96509999999999996,
      "raise3x" : 0.0349
    },
    "A9s" : {
      "call" : 1
    },
    "AA" : {
      "raise3x" : 1
    },
    "AJo" : {
      "call" : 0.28129999999999999,
      "raise3x" : 0.070199999999999999,
      "shove" : 0.64849999999999997
    },
    "AJs" : {
      "call" : 1
    },
    "AKo" : {
      "shove" : 1
    },
    "AKs" : {
      "raise3x" : 0.27489999999999998,
      "shove" : 0.72509999999999997
    },
    "AQo" : {
      "shove" : 1
    },
    "AQs" : {
      "raise3x" : 0.39500000000000002,
      "shove" : 0.60499999999999998
    },
    "ATo" : {
      "call" : 0.96509999999999996,
      "raise3x" : 0.0349
    },
    "ATs" : {
      "call" : 1
    },
    "J2s" : {
      "call" : 1
    },
    "J3s" : {
      "call" : 1
    },
    "J4s" : {
      "call" : 1
    },
    "J5s" : {
      "call" : 1
    },
    "J6o" : {
      "call" : 0.87009999999999998,
      "fold" : 0.12989999999999999
    },
    "J6s" : {
      "call" : 1
    },
    "J7o" : {
      "call" : 0.92000000000000004,
      "raise3x" : 0.080000000000000002
    },
    "J7s" : {
      "call" : 1
    },
    "J8o" : {
      "call" : 1
    },
    "J8s" : {
      "call" : 1
    },
    "J9o" : {
      "call" : 1
    },
    "J9s" : {
      "call" : 1
    },
    "JJ" : {
      "raise3x" : 0.1249,
      "shove" : 0.87509999999999999
    },
    "JTo" : {
      "call" : 1
    },
    "JTs" : {
      "call" : 0.089999999999999997,
      "raise3x" : 0.18990000000000001,
      "shove" : 0.72009999999999996
    },
    "K2o" : {
      "call" : 0.95509999999999995,
      "raise3x" : 0.044900000000000002
    },
    "K2s" : {
      "call" : 1
    },
    "K3o" : {
      "call" : 0.97009999999999996,
      "raise3x" : 0.029899999999999999
    },
    "K3s" : {
      "call" : 1
    },
    "K4o" : {
      "call" : 0.98499999999999999,
      "raise3x" : 0.014999999999999999
    },
    "K4s" : {
      "call" : 1
    },
    "K5o" : {
      "call" : 0.98499999999999999,
      "raise3x" : 0.014999999999999999
    },
    "K5s" : {
      "call" : 1
    },
    "K6o" : {
      "call" : 0.98999999999999999,
      "raise3x" : 0.01
    },
    "K6s" : {
      "call" : 1
    },
    "K7o" : {
      "call" : 1
    },
    "K7s" : {
      "call" : 1
    },
    "K8o" : {
      "call" : 1
    },
    "K8s" : {
      "call" : 1
    },
    "K9o" : {
      "call" : 0.94510000000000005,
      "raise3x" : 0.054899999999999997
    },
    "K9s" : {
      "call" : 0.90500000000000003,
      "shove" : 0.095000000000000001
    },
    "KJo" : {
      "call" : 1
    },
    "KJs" : {
      "call" : 1
    },
    "KK" : {
      "raise3x" : 0.47999999999999998,
      "shove" : 0.52000000000000002
    },
    "KQo" : {
      "call" : 0.86019999999999996,
      "shove" : 0.13980000000000001
    },
    "KQs" : {
      "call" : 1
    },
    "KTo" : {
      "call" : 0.97009999999999996,
      "raise3x" : 0.029899999999999999
    },
    "KTs" : {
      "call" : 0.97009999999999996,
      "shove" : 0.029899999999999999
    },
    "Q2o" : {
      "call" : 1
    },
    "Q2s" : {
      "call" : 1
    },
    "Q3o" : {
      "call" : 0.38800000000000001,
      "fold" : 0.59699999999999998,
      "raise3x" : 0.014999999999999999
    },
    "Q3s" : {
      "call" : 1
    },
    "Q4o" : {
      "call" : 0.96009999999999995,
      "raise3x" : 0.039899999999999998
    },
    "Q4s" : {
      "call" : 1
    },
    "Q5o" : {
      "call" : 0.97009999999999996,
      "raise3x" : 0.029899999999999999
    },
    "Q5s" : {
      "call" : 1
    },
    "Q6o" : {
      "call" : 0.98009999999999997,
      "raise3x" : 0.019900000000000001
    },
    "Q6s" : {
      "call" : 1
    },
    "Q7o" : {
      "call" : 0.96009999999999995,
      "raise3x" : 0.039899999999999998
    },
    "Q7s" : {
      "call" : 1
    },
    "Q8o" : {
      "call" : 0.97509999999999997,
      "raise3x" : 0.024899999999999999
    },
    "Q8s" : {
      "call" : 1
    },
    "Q9o" : {
      "call" : 0.98499999999999999,
      "raise3x" : 0.014999999999999999
    },
    "Q9s" : {
      "call" : 1
    },
    "QJo" : {
      "call" : 1
    },
    "QJs" : {
      "call" : 1
    },
    "QQ" : {
      "raise3x" : 0.215,
      "shove" : 0.78500000000000003
    },
    "QTo" : {
      "call" : 1
    },
    "QTs" : {
      "call" : 0.5202,
      "raise3x" : 0.19989999999999999,
      "shove" : 0.27989999999999998
    },
    "T2s" : {
      "call" : 1
    },
    "T3s" : {
      "call" : 1
    },
    "T4s" : {
      "call" : 1
    },
    "T5s" : {
      "call" : 1
    },
    "T6o" : {
      "call" : 0.87009999999999998,
      "fold" : 0.12989999999999999
    },
    "T6s" : {
      "call" : 1
    },
    "T7o" : {
      "call" : 1
    },
    "T7s" : {
      "call" : 1
    },
    "T8o" : {
      "call" : 1
    },
    "T8s" : {
      "call" : 1
    },
    "T9o" : {
      "call" : 1
    },
    "T9s" : {
      "call" : 1
    },