{
  "format" : "NLHE_MTT_8MAX",
  "hands" : {
    "22" : {
      "call" : 1
    },
    "32s" : {
      "call" : 1
    },
    "33" : {
      "call" : 1
    },
    "42s" : {
      "call" : 1
    },
    "43s" : {
      "call" : 1
    },
    "44" : {
      "call" : 1
    },
    "52s" : {
      "call" : 1
    },
    "53o" : {
      "call" : 0.748,
      "fold" : 0.252
    },
    "53s" : {
      "call" : 1
    },
    "54o" : {
      "call" : 1
    },
    "54s" : {
      "call" : 0.58199999999999996,
      "raise3x" : 0.41799999999999998
    },
    "55" : {
      "call" : 1
    },
    "62s" : {
      "call" : 1
    },
    "63s" : {
      "call" : 1
    },
    "64o" : {
      "call" : 0.61399999999999999,
      "fold" : 0.38600000000000001
    },
    "64s" : {
      "call" : 1
    },
    "65o" : {
      "call" : 1
    },
    "65s" : {
      "call" : 0.40200000000000002,
      "raise3x" : 0.59799999999999998
    },
    "66" : {
      "call" : 1
    },
    "72s" : {
      "call" : 1
    },
    "73s" : {
      "call" : 1
    },
    "74s" : {
      "call" : 1
    },
    "75o" : {
      "call" : 0.43009999999999998,
      "fold" : 0.56989999999999996
    },
    "75s" : {
      "call" : 1
    },
    "76o" : {
      "call" : 1
    },
    "76s" : {
      "call" : 0.16,
      "raise3x" : 0.83999999999999997
    },
    "77" : {
      "call" : 1
    },
    "82s" : {
      "call" : 1
    },
    "83s" : {
      "call" : 1
    },
    "84s" : {
      "call" : 1
    },
    "85s" : {
      "call" : 1
    },
    "86o" : {
      "call" : 1
    },
    "86s" : {
      "call" : 0.80010000000000003,
      "raise3x" : 0.19989999999999999
    },
    "87o" : {
      "call" : 1
    },
    "87s" : {
      "call" : 0.54600000000000004,
      "raise3x" : 0.45400000000000001
    },
    "88" : {
      "call" : 1
    },
    "92s" : {
      "call" : 1
    },
    "93s" : {
      "call" : 1
    },
    "94s" : {
      "call" : 1
    },
    "95s" : {
      "call" : 1
    },
    "96o" : {
      "call" : 0.26800000000000002,
      "fold" : 0.73199999999999998
    },
    "96s" : {
      "call" : 1
    },
    "97o" : {
      "call" : 1
    },
    "97s" : {
      "call" : 0.92810000000000004,
      "raise3x" : 0.071900000000000006
    },
    "98o" : {
      "call" : 1
    },
    "98s" : {
      "call" : 0.78200000000000003,
      "raise3x" : 0.218
    },
    "99" : {
      "call" : 0.96799999999999997,
      "raise3x" : 0.032000000000000001
    },
    "A2o" : {
      "call" : 1
    },
    "A2s" : {
      "call" : 1
    },
    "A3o" : {
      "call" : 1
    },
    "A3s" : {
      "call" : 1
    },
    "A4o" : {
      "call" : 1
    },
    "A4s" : {
      "call" : 0.71599999999999997,
      "raise3x" : 0.28399999999999997
    },
    "A5o" : {
      "call" : 1
    },
    "A5s" : {
      "call" : 0.22789999999999999,
      "raise3x" : 0.77210000000000001
    },
    "A6o" : {
      "call" : 1
    },
    "A6s" : {
      "call" : 0.84999999999999998,
      "raise3x" : 0.14999999999999999
    },
    "A7o" : {
      "call" : 1
    },
    "A7s" : {
      "call" : 0.21190000000000001,
      "raise3x" : 0.78810000000000002
    },
    "A8o" : {
      "call" : 1
    },
    "A8s" : {
      "call" : 0.41389999999999999,
      "raise3x" : 0.58609999999999995
    },
    "A9o" : {
      "call" : 0.86409999999999998,
      "raise3x" : 0.13589999999999999
    },
    "A9s" : {
      "call" : 0.46400000000000002,
      "raise3x" : 0.53600000000000003
    },
    "AA" : {
      "raise3x" : 1
    },
    "AJo" : {
      "call" : 1
    },
    "AJs" : {
      "call" : 1
    },
    "AKo" : {
      "raise3x" : 1
    },
    "AKs" : {
      "raise3x" : 1
    },
    "AQo" : {
      "call" : 0.55600000000000005,
      "raise3x" : 0.44400000000000001
    },
    "AQs" : {
      "raise3x" : 1
    },
    "ATo" : {
      "call" : 1
    },
    "ATs" : {
      "call" : 1
    },
    "J2s" : {
      "call" : 1
    },
    "J3s" : {
      "call" : 1
    },
    "J4s" : {
      "call" : 1
    },
    "J5s" : {
      "call" : 1
    },
    "J6s" : {
      "call" : 1
    },
    "J7o" : {
      "call" : 0.62209999999999999,
      "fold" : 0.37790000000000001
    },
    "J7s" : {
      "call" : 1
    },
    "J8o" : {
      "call" : 1
    },
    "J8s" : {
      "call" : 0.60609999999999997,
      "raise3x" : 0.39389999999999997
    },
    "J9o" : {
      "call" : 1
    },
    "J9s" : {
      "call" : 0.46600000000000003,
      "raise3x" : 0.53400000000000003
    },
    "JJ" : {
      "raise3x" : 1
    },
    "JTo" : {
      "call" : 1
    },
    "JTs" : {
      "raise3x" : 1
    },
    "K2o" : {
      "call" : 0.77600000000000002,
      "fold" : 0.224
    },
    "K2s" : {
      "call" : 1
    },
    "K3o" : {
      "call" : 1
    },
    "K3s" : {
      "call" : 1
    },
    "K4o" : {
      "call" : 1
    },
    "K4s" : {
      "call" : 1
    },
    "K5o" : {
      "call" : 1
    },
    "K5s" : {
      "call" : 1
    },
    "K6o" : {
      "call" : 1
    },
    "K6s" : {
      "call" : 0.42199999999999999,
      "raise3x" : 0.57799999999999996
    },
    "K7o" : {
      "call" : 1
    },
    "K7s" : {
      "call" : 0.90210000000000001,
      "raise3x" : 0.097900000000000001
    },
    "K8o" : {
      "call" : 1
    },
    "K8s" : {
      "call" : 0.98009999999999997,
      "raise3x" : 0.019900000000000001
    },
    "K9o" : {
      "call" : 1
    },
    "K9s" : {
      "call" : 0.316,
      "raise3x" : 0.68400000000000005
    },
    "KJo" : {
      "call" : 1
    },
    "KJs" : {
      "call" : 0.20799999999999999,
      "raise3x" : 0.79200000000000004
    },
    "KK" : {
      "raise3x" : 1
    },
    "KQo" : {
      "call" : 0.82999999999999996,
      "raise3x" : 0.17000000000000001
    },
    "KQs" : {
      "call" : 0.44190000000000002,
      "raise3x" : 0.55810000000000004
    },
    "KTo" : {
      "call" : 1
    },
    "KTs" : {
      "call" : 0.10390000000000001,
      "raise3x" : 0.89610000000000001
    },
    "Q2s" : {
      "call" : 1
    },
    "Q3s" : {
      "call" : 1
    },
    "Q4o" : {
      "call" : 0.099900000000000003,
      "fold" : 0.90010000000000001
    },
    "Q4s" : {
      "call" : 1
    },
    "Q5o" : {
      "call" : 1
    },
    "Q5s" : {
      "call" : 1
    },
    "Q6o" : {
      "call" : 1
    },
    "Q6s" : {
      "call" : 1
    },
    "Q7o" : {
      "call" : 1
    },
    "Q7s" : {
      "call" : 1
    },
    "Q8o" : {
      "call" : 1
    },
    "Q8s" : {
      "call" : 1
    },
    "Q9o" : {
      "call" : 1
    },
    "Q9s" : {
      "call" : 1
    },
    "QJo" : {
      "call" : 1
    },
    "QJs" : {
      "call" : 0.626,
      "raise3x" : 0.374
    },
    "QQ" : {
      "raise3x" : 1
    },
    "QTo" : {
      "call" : 1
    },
    "QTs" : {
      "call" : 0.39000000000000001,
      "raise3x" : 0.60999999999999999
    },
    "T2s" : {
      "call" : 1
    },
    "T3s" : {
      "call" : 1
    },
    "T4s" : {
      "call" : 1
    },
    "T5s" : {
      "call" : 1
    },
    "T6s" : {
      "call" : 1
    },
    "T7o" : {
      "call" : 0.63990000000000002,
      "fold" : 0.36009999999999998
    },
    "T7s" : {
      "call" : 1
    },
    "T8o" : {
      "call" : 1
    },
    "T8s" : {
      "call" : 0.54810000000000003,
      "raise3x" : 0.45190000000000002
    },
    "T9o" : {
      "call" : 1
    },
    "T9s" : {
      "raise3x" : 1
    },
    "TT" : {
      "call" : 0.4839,
      "raise3x" : 0.5161
    }
  },
  "id" : "mtt_8max_70bb_bb_vsopen_vs_hj",
  "source" : {
    "description" : "RangeConverter free PDF — 8-max 70bb 1bb ante (12.5%).",
    "publisher" : {
      "accessedDate" : "2026-06-01",
      "name" : "RangeConverter",
      "product" : "Free Poker Charts — 8 max 1bb ante MTT GTO Ranges",
      "treeParams" : "poker.academy CE-Symmetric Regular @ 70bb (GTO ChipEV, 1bb ante)",
      "url" : "https:\/\/rangeconverter.com\/free-poker-charts"
    },
    "solver" : {
      "assumptions" : "Frequencies rounded to nearest 25% per source. ChipEV (non-ICM). 1bb (12.5%) big-blind ante."
    },