{
  "format" : "NLHE_MTT_9MAX",
  "hands" : {
    "33" : {
      "fold" : 0.99209999999999998,
      "raise25x" : 0.0079000000000000008
    },
    "44" : {
      "fold" : 0.86019999999999996,
      "raise25x" : 0.13980000000000001
    },
    "55" : {
      "fold" : 0.65800000000000003,
      "raise25x" : 0.34200000000000003
    },
    "66" : {
      "fold" : 0.12379999999999999,
      "raise25x" : 0.87619999999999998
    },
    "77" : {
      "raise25x" : 1
    },
    "88" : {
      "raise25x" : 1
    },
    "99" : {
      "raise25x" : 1
    },
    "A4s" : {
      "fold" : 0.1779,
      "raise25x" : 0.82210000000000005
    },
    "A5s" : {
      "raise25x" : 1
    },
    "A6s" : {
      "fold" : 0.74009999999999998,
      "raise25x" : 0.25990000000000002
    },
    "A7s" : {
      "raise25x" : 1
    },
    "A8s" : {
      "raise25x" : 1
    },
    "A9s" : {
      "raise25x" : 1
    },
    "AA" : {
      "raise25x" : 1
    },
    "AJo" : {
      "raise25x" : 1
    },
    "AJs" : {
      "raise25x" : 1
    },
    "AKo" : {
      "raise25x" : 1
    },
    "AKs" : {
      "raise25x" : 1
    },
    "AQo" : {
      "raise25x" : 1
    },
    "AQs" : {
      "raise25x" : 1
    },
    "ATo" : {
      "fold" : 0.53790000000000004,
      "raise25x" : 0.46210000000000001
    },
    "ATs" : {
      "raise25x" : 1
    },
    "J9s" : {
      "fold" : 0.60399999999999998,
      "raise25x" : 0.39600000000000002
    },
    "JJ" : {
      "raise25x" : 1
    },
    "JTs" : {
      "raise25x" : 1
    },
    "K6s" : {
      "fold" : 0.86199999999999999,
      "raise25x" : 0.13800000000000001
    },
    "K9s" : {
      "raise25x" : 1
    },
    "KJo" : {
      "fold" : 0.69399999999999995,
      "raise25x" : 0.30599999999999999
    },
    "KJs" : {
      "raise25x" : 1
    },
    "KK" : {
      "raise25x" : 1
    },
    "KQo" : {
      "raise25x" : 1
    },
    "KQs" : {
      "raise25x" : 1
    },
    "KTs" : {
      "raise25x" : 1
    },
    "Q9s" : {
      "fold" : 0.70999999999999996,
      "raise25x" : 0.28999999999999998
    },
    "QJs" : {
      "raise25x" : 1
    },
    "QQ" : {
      "raise25x" : 1
    },
    "QTs" : {
      "raise25x" : 1
    },
    "T9s" : {
      "raise25x" : 1
    },
    "TT" : {
      "raise25x" : 1
    }
  },
  "id" : "mtt_9max_70bb_utg_unopened",
  "source" : {
    "description" : "Adapted from RangeConverter 8-max baseline.",
    "publisher" : {
      "accessedDate" : "2026-06-01",
      "name" : "RangeConverter",
      "product" : "Free Poker Charts — 8 max 1bb ante MTT GTO Ranges",
      "treeParams" : "2.5x open, 3.5x 3bet IP, 4.5x 3bet OOP, 2.3x 4bet IP, 2.75x 4bet OOP, SB vs BB 3.2bb",
      "url" : "https:\/\/rangeconverter.com\/free-poker-charts"
    },
    "solver" : {
      "assumptions" : "Frequencies rounded to nearest 25% per source. ChipEV (non-ICM). 1bb (12.5%) big-blind ante. Adapted from 8-max UTG; weakest combos (54s, 65s, 76s, 87s, 98s, A2s, A3s, JTo, K7s, K8s, T9o) demoted to fold to reach the 9-max UTG VPIP band."
    },
    "type" : "published"
  },
  "spot" : {
    "anteType" : "bigBlindAnte",
    "facingAction" : "unopened",
    "position" : "UTG",
    "stackDepthBB" : 70
  }
}