{
  "format" : "NLHE_MTT_8MAX",
  "hands" : {
    "44" : {
      "call" : 0.97999999999999998,
      "fold" : 0.0147,
      "shove" : 0.0053
    },
    "55" : {
      "call" : 0.98099999999999998,
      "fold" : 0.0106,
      "shove" : 0.0083999999999999995
    },
    "66" : {
      "call" : 0.62239999999999995,
      "fold" : 0.0030000000000000001,
      "shove" : 0.37469999999999998
    },
    "77" : {
      "call" : 0.99739999999999995,
      "shove" : 0.0016000000000000001
    },
    "82s" : {
      "call" : 0.51939999999999997,
      "fold" : 0.47660000000000002,
      "shove" : 0.0040000000000000001
    },
    "86s" : {
      "call" : 0.66620000000000001,
      "fold" : 0.21429999999999999,
      "shove" : 0.1195
    },
    "88" : {
      "call" : 0.99319999999999997,
      "fold" : 0.0015,
      "shove" : 0.0053
    },
    "96s" : {
      "call" : 0.77439999999999998,
      "fold" : 0.095899999999999999,
      "shove" : 0.12959999999999999
    },
    "97s" : {
      "call" : 0.34429999999999999,
      "fold" : 0.0092999999999999992,
      "shove" : 0.64629999999999999
    },
    "99" : {
      "call" : 0.91139999999999999,
      "fold" : 0.0023,
      "shove" : 0.086300000000000002
    },
    "A2o" : {
      "call" : 0.99380000000000002,
      "fold" : 0.0047000000000000002,
      "shove" : 0.0015
    },
    "A2s" : {
      "call" : 0.73560000000000003,
      "fold" : 0.2487,
      "shove" : 0.015599999999999999
    },
    "A3o" : {
      "call" : 0.995,
      "fold" : 0.0047999999999999996
    },
    "A3s" : {
      "call" : 0.97160000000000002,
      "fold" : 0.0229,
      "shove" : 0.0054000000000000003
    },
    "A4o" : {
      "call" : 0.9718,
      "fold" : 0.027400000000000001
    },
    "A4s" : {
      "call" : 0.99080000000000001,
      "fold" : 0.0074999999999999997,
      "shove" : 0.0018
    },
    "A5o" : {
      "call" : 0.92949999999999999,
      "fold" : 0.012500000000000001,
      "shove" : 0.058000000000000003
    },
    "A5s" : {
      "call" : 0.61509999999999998,
      "fold" : 0.0045999999999999999,
      "shove" : 0.38030000000000003
    },
    "A6o" : {
      "call" : 0.90390000000000004,
      "fold" : 0.0574,
      "shove" : 0.038699999999999998
    },
    "A6s" : {
      "call" : 0.53269999999999995,
      "fold" : 0.3145,
      "shove" : 0.15279999999999999
    },
    "A7o" : {
      "call" : 0.9798,
      "fold" : 0.018100000000000002,
      "shove" : 0.0020999999999999999
    },
    "A7s" : {
      "call" : 0.91069999999999995,
      "fold" : 0.039600000000000003,
      "shove" : 0.049799999999999997
    },
    "A8o" : {
      "call" : 0.99439999999999995,
      "fold" : 0.0043,
      "shove" : 0.0012999999999999999
    },
    "A8s" : {
      "call" : 0.95489999999999997,
      "fold" : 0.0448
    },
    "A9o" : {
      "call" : 0.99880000000000002
    },
    "A9s" : {
      "call" : 0.59360000000000002,
      "fold" : 0.0015,
      "shove" : 0.40489999999999998
    },
    "AA" : {
      "shove" : 1
    },
    "AJo" : {
      "call" : 0.99819999999999998,
      "shove" : 0.0015
    },
    "AJs" : {
      "call" : 0.80300000000000005,
      "fold" : 0.0112,
      "shove" : 0.18579999999999999
    },
    "AKo" : {
      "call" : 0.74550000000000005,
      "shove" : 0.2545
    },
    "AKs" : {
      "call" : 0.255,
      "shove" : 0.745
    },
    "AQo" : {
      "call" : 0.99609999999999999,
      "shove" : 0.0038999999999999998
    },
    "AQs" : {
      "call" : 0.66869999999999996,
      "shove" : 0.33110000000000001
    },
    "ATo" : {
      "call" : 0.99650000000000005,
      "shove" : 0.0025000000000000001
    },
    "ATs" : {
      "call" : 0.70009999999999994,
      "fold" : 0.0038,
      "shove" : 0.29609999999999997
    },
    "J2s" : {
      "call" : 0.81979999999999997,
      "fold" : 0.1797
    },
    "J5s" : {
      "call" : 0.995,
      "fold" : 0.0041999999999999997
    },
    "J6s" : {
      "call" : 0.97550000000000003,
      "fold" : 0.020799999999999999,
      "shove" : 0.0037000000000000002
    },
    "J7s" : {
      "call" : 0.66720000000000002,
      "fold" : 0.33100000000000002,
      "shove" : 0.0018
    },
    "J9s" : {
      "call" : 0.9637,
      "fold" : 0.0356
    },
    "JJ" : {
      "call" : 0.99490000000000001,
      "fold" : 0.0014,
      "shove" : 0.0037000000000000002
    },
    "JTo" : {
      "call" : 0.99670000000000003,
      "fold" : 0.0028
    },
    "JTs" : {
      "call" : 0.96250000000000002,
      "fold" : 0.017100000000000001,
      "shove" : 0.020400000000000001
    },
    "K4s" : {
      "call" : 0.98809999999999998,
      "fold" : 0.011299999999999999
    },
    "K5s" : {
      "call" : 0.90980000000000005,
      "fold" : 0.089800000000000005
    },
    "K6s" : {
      "call" : 0.95069999999999999,
      "fold" : 0.042799999999999998,
      "shove" : 0.0064999999999999997
    },
    "K7s" : {
      "call" : 0.94699999999999995,
      "fold" : 0.039399999999999998,
      "shove" : 0.013599999999999999
    },
    "K8o" : {
      "call" : 0.81520000000000004,
      "fold" : 0.18440000000000001
    },
    "K8s" : {
      "call" : 0.12470000000000001,
      "fold" : 0.047399999999999998,
      "shove" : 0.82789999999999997
    },
    "K9o" : {
      "call" : 0.86509999999999998,
      "fold" : 0.1343
    },
    "K9s" : {
      "call" : 0.92159999999999997,
      "fold" : 0.075999999999999998,
      "shove" : 0.0023999999999999998
    },
    "KJo" : {
      "call" : 0.99880000000000002,
      "shove" : 0.0011999999999999999
    },
    "KJs" : {
      "call" : 0.99709999999999999,
      "fold" : 0.0018
    },
    "KK" : {
      "shove" : 0.99990000000000001
    },
    "KQo" : {
      "call" : 0.99890000000000001
    },
    "KQs" : {
      "call" : 0.70250000000000001,
      "fold" : 0.1042,
      "shove" : 0.19320000000000001
    },
    "KTo" : {
      "call" : 0.99509999999999998,
      "fold" : 0.0016000000000000001,
      "shove" : 0.0033
    },
    "KTs" : {
      "call" : 0.84179999999999999,
      "fold" : 0.0038,
      "shove" : 0.15440000000000001
    },
    "Q2s" : {
      "call" : 0.4289,
      "fold" : 0.57079999999999997
    },
    "Q3s" : {
      "call" : 0.88339999999999996,
      "fold" : 0.10829999999999999,
      "shove" : 0.0083000000000000001
    },
    "Q6s" : {
      "call" : 0.47520000000000001,
      "fold" : 0.52339999999999998,
      "shove" : 0.0015
    },
    "Q7o" : {
      "call" : 0.87649999999999995,
      "fold" : 0.1235
    },
    "Q8s" : {
      "call" : 0.89280000000000004,
      "fold" : 0.1069
    },
    "Q9s" : {
      "call" : 0.68469999999999998,
      "fold" : 0.028400000000000002,
      "shove" : 0.28699999999999998
    },
    "QJo" : {
      "call" : 0.99960000000000004
    },
    "QJs" : {
      "call" : 0.95799999999999996,
      "fold" : 0.014500000000000001,
      "shove" : 0.0275
    },
    "QQ" : {
      "call" : 0.35949999999999999,
      "shove" : 0.64029999999999998
    },
    "QTo" : {
      "call" : 0.90149999999999997,
      "shove" : 0.098100000000000007
    },
    "QTs" : {
      "call" : 0.93110000000000004,
      "fold" : 0.0091000000000000004,
      "shove" : 0.059799999999999999
    },
    "T6s" : {
      "call" : 0.99839999999999995
    },
    "T8s" : {
      "call" : 0.094500000000000001,
      "fold" : 0.054699999999999999,
      "shove" : 0.8508
    },
    "T9o" : {
      "call" : 0.9879,
      "fold" : 0.012
    },
    "T9s" : {
      "call" : 0.69750000000000001,
      "fold" : 0.2974,
      "shove" : 0.0051000000000000004
    },
    "TT" : {
      "call" : 0.81230000000000002,
      "shove" : 0.18690000000000001
    }
  },
  "id" : "mtt_8max_40bb_hj_vs3bet",
  "source" : {
    "description" : "RangeConverter free PDF — 8-max 40bb 1bb ante (12.5%).",
    "publisher" : {
      "accessedDate" : "2026-06-01",
      "name" : "RangeConverter",
      "product" : "Free Poker Charts — 8 max 1bb ante MTT GTO Ranges",