{
  "format" : "NLHE_MTT_8MAX",
  "hands" : {
    "54s" : {
      "call" : 1
    },
    "55" : {
      "call" : 0.78510000000000002,
      "fold" : 0.21490000000000001
    },
    "65s" : {
      "call" : 1
    },
    "66" : {
      "call" : 1
    },
    "76s" : {
      "call" : 1
    },
    "77" : {
      "call" : 0.82999999999999996,
      "fold" : 0.17000000000000001
    },
    "87s" : {
      "call" : 0.98570000000000002,
      "fold" : 0.0143
    },
    "88" : {
      "call" : 1
    },
    "99" : {
      "call" : 1
    },
    "A3s" : {
      "call" : 0.52000000000000002,
      "fold" : 0.47999999999999998
    },
    "A4s" : {
      "call" : 0.59009999999999996,
      "shove" : 0.40989999999999999
    },
    "A5s" : {
      "call" : 0.59999999999999998,
      "shove" : 0.40000000000000002
    },
    "A8s" : {
      "call" : 0.5151,
      "fold" : 0.4849
    },
    "A9s" : {
      "call" : 0.80010000000000003,
      "fold" : 0.19989999999999999
    },
    "AA" : {
      "call" : 1
    },
    "AJo" : {
      "call" : 0.47999999999999998,
      "fold" : 0.52000000000000002
    },
    "AJs" : {
      "call" : 1
    },
    "AKo" : {
      "shove" : 1
    },
    "AKs" : {
      "call" : 0.68000000000000005,
      "shove" : 0.32000000000000001
    },
    "AQo" : {
      "call" : 1
    },
    "AQs" : {
      "call" : 1
    },
    "ATs" : {
      "call" : 1
    },
    "J9s" : {
      "call" : 0.019900000000000001,
      "fold" : 0.98009999999999997
    },
    "JJ" : {
      "call" : 0.024899999999999999,
      "shove" : 0.97509999999999997
    },
    "JTs" : {
      "call" : 1
    },
    "K6s" : {
      "call" : 1
    },
    "K9s" : {
      "call" : 1
    },
    "KJs" : {
      "call" : 1
    },
    "KK" : {
      "call" : 0.83499999999999996,
      "shove" : 0.16500000000000001
    },
    "KQo" : {
      "call" : 0.56489999999999996,
      "fold" : 0.43509999999999999
    },
    "KQs" : {
      "call" : 1
    },
    "KTs" : {
      "call" : 1
    },
    "QJs" : {
      "call" : 0.76500000000000001,
      "shove" : 0.23499999999999999
    },
    "QQ" : {
      "call" : 0.12989999999999999,
      "shove" : 0.87009999999999998
    },
    "QTs" : {
      "call" : 1
    },
    "T9s" : {
      "call" : 0.86519999999999997,
      "fold" : 0.1348
    },
    "TT" : {
      "call" : 0.77500000000000002,
      "shove" : 0.22500000000000001
    }
  },
  "id" : "mtt_8max_40bb_utg1_vs3bet_vs_sb",
  "source" : {
    "description" : "RangeConverter free PDF — 8-max 40bb 1bb ante (12.5%).",
    "publisher" : {
      "accessedDate" : "2026-06-01",
      "name" : "RangeConverter",
      "product" : "Free Poker Charts — 8 max 1bb ante MTT GTO Ranges",
      "treeParams" : "poker.academy CE-Symmetric Regular @ 40bb (GTO ChipEV, 1bb ante)",
      "url" : "https:\/\/rangeconverter.com\/free-poker-charts"
    },
    "solver" : {
      "assumptions" : "Frequencies rounded to nearest 25% per source. ChipEV (non-ICM). 1bb (12.5%) big-blind ante."
    },
    "type" : "published"
  },
  "spot" : {
    "anteType" : "bigBlindAnte",
    "facingAction" : "vs3Bet",
    "opponentPosition" : "SB",
    "position" : "UTG1",
    "stackDepthBB" : 40
  }
}