{
  "format" : "NLHE_MTT_8MAX",
  "hands" : {
    "44" : {
      "call" : 0.27660000000000001,
      "fold" : 0.65739999999999998,
      "shove" : 0.066000000000000003
    },
    "54s" : {
      "call" : 0.15559999999999999,
      "fold" : 0.84440000000000004
    },
    "55" : {
      "shove" : 1
    },
    "65s" : {
      "call" : 0.3054,
      "fold" : 0.6946
    },
    "66" : {
      "shove" : 1
    },
    "76s" : {
      "call" : 0.32000000000000001,
      "fold" : 0.68000000000000005
    },
    "77" : {
      "shove" : 1
    },
    "88" : {
      "call" : 0.29999999999999999,
      "shove" : 0.69999999999999996
    },
    "99" : {
      "shove" : 1
    },
    "A2s" : {
      "call" : 0.1358,
      "shove" : 0.86419999999999997
    },
    "A3s" : {
      "shove" : 1
    },
    "A4s" : {
      "shove" : 1
    },
    "A5s" : {
      "shove" : 1
    },
    "A6s" : {
      "shove" : 1
    },
    "A7s" : {
      "shove" : 1
    },
    "A8s" : {
      "call" : 1
    },
    "A9o" : {
      "call" : 0.1799,
      "shove" : 0.82010000000000005
    },
    "A9s" : {
      "shove" : 1
    },
    "AA" : {
      "call" : 0.31,
      "shove" : 0.68999999999999995
    },
    "AJo" : {
      "shove" : 1
    },
    "AJs" : {
      "shove" : 1
    },
    "AKo" : {
      "shove" : 1
    },
    "AKs" : {
      "shove" : 1
    },
    "AQo" : {
      "shove" : 1
    },
    "AQs" : {
      "shove" : 1
    },
    "ATo" : {
      "shove" : 1
    },
    "ATs" : {
      "shove" : 1
    },
    "JJ" : {
      "shove" : 1
    },
    "JTs" : {
      "call" : 1
    },
    "KJs" : {
      "call" : 0.34520000000000001,
      "shove" : 0.65480000000000005
    },
    "KK" : {
      "shove" : 1
    },
    "KQo" : {
      "call" : 0.1658,
      "fold" : 0.64870000000000005,
      "shove" : 0.1855
    },
    "KQs" : {
      "shove" : 1
    },
    "KTs" : {
      "call" : 1
    },
    "QJs" : {
      "call" : 1
    },
    "QQ" : {
      "shove" : 1
    },
    "QTs" : {
      "call" : 0.40510000000000002,
      "fold" : 0.59489999999999998
    },
    "T9s" : {
      "call" : 0.26550000000000001,
      "fold" : 0.73450000000000004
    },
    "TT" : {
      "shove" : 1
    }
  },
  "id" : "mtt_8max_10bb_sb_vsopen_vs_utg1",
  "source" : {
    "description" : "RangeConverter free PDF — 8-max 10bb 1bb ante (12.5%).",
    "publisher" : {
      "accessedDate" : "2026-06-01",
      "name" : "RangeConverter",
      "product" : "Free Poker Charts — 8 max 1bb ante MTT GTO Ranges",
      "treeParams" : "poker.academy CE-Symmetric Regular @ 10bb (GTO ChipEV, 1bb ante)",
      "url" : "https:\/\/rangeconverter.com\/free-poker-charts"
    },
    "solver" : {
      "assumptions" : "Frequencies rounded to nearest 25% per source. ChipEV (non-ICM). 1bb (12.5%) big-blind ante."
    },
    "type" : "published"
  },
  "spot" : {
    "anteType" : "bigBlindAnte",
    "facingAction" : "vsOpen",
    "opponentPosition" : "UTG1",
    "position" : "SB",
    "stackDepthBB" : 10
  }
}