{
  "format" : "NLHE_MTT_8MAX",
  "hands" : {
    "55" : {
      "call" : 0.20799999999999999,
      "fold" : 0.79200000000000004
    },
    "66" : {
      "call" : 0.51800000000000002,
      "fold" : 0.48199999999999998
    },
    "77" : {
      "call" : 0.56410000000000005,
      "fold" : 0.43590000000000001
    },
    "87s" : {
      "call" : 1
    },
    "88" : {
      "call" : 0.97819999999999996,
      "fold" : 0.0218
    },
    "99" : {
      "call" : 1
    },
    "A3s" : {
      "call" : 0.188,
      "fold" : 0.81200000000000006
    },
    "A4s" : {
      "call" : 1
    },
    "A5s" : {
      "call" : 1
    },
    "A6s" : {
      "call" : 0.35399999999999998,
      "fold" : 0.64600000000000002
    },
    "A7s" : {
      "call" : 0.26390000000000002,
      "fold" : 0.73609999999999998
    },
    "A8s" : {
      "call" : 0.92210000000000003,
      "fold" : 0.077899999999999997
    },
    "A9s" : {
      "call" : 1
    },
    "AA" : {
      "call" : 1
    },
    "AJs" : {
      "call" : 1
    },
    "AKo" : {
      "shove" : 1
    },
    "AKs" : {
      "call" : 0.76000000000000001,
      "shove" : 0.23999999999999999
    },
    "AQo" : {
      "call" : 0.97819999999999996,
      "fold" : 0.0218
    },
    "AQs" : {
      "call" : 1
    },
    "ATs" : {
      "call" : 1
    },
    "JJ" : {
      "call" : 1
    },
    "JTs" : {
      "call" : 1
    },
    "K9s" : {
      "call" : 0.34799999999999998,
      "fold" : 0.65200000000000002
    },
    "KJs" : {
      "call" : 1
    },
    "KK" : {
      "call" : 0.22189999999999999,
      "shove" : 0.77810000000000001
    },
    "KQo" : {
      "call" : 0.224,
      "fold" : 0.77600000000000002
    },
    "KQs" : {
      "call" : 1
    },
    "KTs" : {
      "call" : 1
    },
    "QJs" : {
      "call" : 1
    },
    "QQ" : {
      "call" : 1
    },
    "QTs" : {
      "call" : 0.70599999999999996,
      "fold" : 0.29399999999999998
    },
    "T9s" : {
      "call" : 0.23999999999999999,
      "fold" : 0.76000000000000001
    },
    "TT" : {
      "call" : 1
    }
  },
  "id" : "mtt_8max_50bb_utg1_vs3bet_vs_bb",
  "source" : {
    "description" : "RangeConverter free PDF — 8-max 50bb 1bb ante (12.5%).",
    "publisher" : {
      "accessedDate" : "2026-06-01",
      "name" : "RangeConverter",
      "product" : "Free Poker Charts — 8 max 1bb ante MTT GTO Ranges",
      "treeParams" : "poker.academy CE-Symmetric Regular @ 50bb (GTO ChipEV, 1bb ante)",
      "url" : "https:\/\/rangeconverter.com\/free-poker-charts"
    },
    "solver" : {
      "assumptions" : "Frequencies rounded to nearest 25% per source. ChipEV (non-ICM). 1bb (12.5%) big-blind ante."
    },
    "type" : "published"
  },
  "spot" : {
    "anteType" : "bigBlindAnte",
    "facingAction" : "vs3Bet",
    "opponentPosition" : "BB",
    "position" : "UTG1",
    "stackDepthBB" : 50
  }
}