{
  "format" : "NLHE_MTT_8MAX",
  "hands" : {
    "22" : {
      "call" : 1
    },
    "33" : {
      "call" : 1
    },
    "44" : {
      "call" : 1
    },
    "53s" : {
      "call" : 0.28999999999999998,
      "fold" : 0.70999999999999996
    },
    "54s" : {
      "call" : 0.81369999999999998,
      "raise3x" : 0.18629999999999999
    },
    "55" : {
      "call" : 1
    },
    "64s" : {
      "call" : 0.0057999999999999996,
      "fold" : 0.99419999999999997
    },
    "65s" : {
      "call" : 0.80159999999999998,
      "raise3x" : 0.19839999999999999
    },
    "66" : {
      "call" : 0.82399999999999995,
      "raise3x" : 0.17599999999999999
    },
    "75s" : {
      "call" : 0.26800000000000002,
      "fold" : 0.73199999999999998
    },
    "76s" : {
      "call" : 0.79800000000000004,
      "raise3x" : 0.20200000000000001
    },
    "77" : {
      "call" : 0.77000000000000002,
      "raise3x" : 0.23000000000000001
    },
    "86s" : {
      "call" : 0.79410000000000003,
      "fold" : 0.2059
    },
    "87s" : {
      "call" : 0.85209999999999997,
      "raise3x" : 0.1479
    },
    "88" : {
      "call" : 0.66400000000000003,
      "raise3x" : 0.33600000000000002
    },
    "97s" : {
      "call" : 0.8861,
      "raise3x" : 0.1139
    },
    "98s" : {
      "call" : 0.89800000000000002,
      "raise3x" : 0.10199999999999999
    },
    "99" : {
      "call" : 0.56799999999999995,
      "raise3x" : 0.432
    },
    "A2s" : {
      "call" : 1
    },
    "A3s" : {
      "call" : 0.96009999999999995,
      "raise3x" : 0.039899999999999998
    },
    "A4s" : {
      "call" : 0.72009999999999996,
      "raise3x" : 0.27989999999999998
    },
    "A5s" : {
      "call" : 0.31190000000000001,
      "raise3x" : 0.68810000000000004
    },
    "A6s" : {
      "call" : 0.4199,
      "raise3x" : 0.58009999999999995
    },
    "A7s" : {
      "call" : 0.47810000000000002,
      "raise3x" : 0.52190000000000003
    },
    "A8s" : {
      "call" : 0.33989999999999998,
      "raise3x" : 0.66010000000000002
    },
    "A9o" : {
      "call" : 0.1739,
      "fold" : 0.37409999999999999,
      "raise3x" : 0.45200000000000001
    },
    "A9s" : {
      "call" : 0.98209999999999997,
      "raise3x" : 0.017899999999999999
    },
    "AA" : {
      "raise3x" : 1
    },
    "AJo" : {
      "call" : 0.68810000000000004,
      "raise3x" : 0.31190000000000001
    },
    "AJs" : {
      "call" : 0.097900000000000001,
      "raise3x" : 0.90210000000000001
    },
    "AKo" : {
      "call" : 0.1799,
      "raise3x" : 0.82010000000000005
    },
    "AKs" : {
      "raise3x" : 1
    },
    "AQo" : {
      "call" : 0.63600000000000001,
      "raise3x" : 0.36399999999999999
    },
    "AQs" : {
      "call" : 0.63990000000000002,
      "raise3x" : 0.36009999999999998
    },
    "ATo" : {
      "call" : 0.68400000000000005,
      "raise3x" : 0.316
    },
    "ATs" : {
      "call" : 0.83209999999999995,
      "raise3x" : 0.16789999999999999
    },
    "J8s" : {
      "call" : 0.58009999999999995,
      "raise3x" : 0.4199
    },
    "J9s" : {
      "call" : 0.75009999999999999,
      "raise3x" : 0.24990000000000001
    },
    "JJ" : {
      "call" : 0.25990000000000002,
      "raise3x" : 0.74009999999999998
    },
    "JTo" : {
      "call" : 0.1779,
      "fold" : 0.62009999999999998,
      "raise3x" : 0.20200000000000001
    },
    "JTs" : {
      "call" : 0.83399999999999996,
      "raise3x" : 0.16600000000000001
    },
    "K4s" : {
      "call" : 0.65200000000000002,
      "fold" : 0.34799999999999998
    },
    "K5s" : {
      "call" : 0.87990000000000002,
      "raise3x" : 0.1201
    },
    "K6s" : {
      "call" : 0.81010000000000004,
      "raise3x" : 0.18990000000000001
    },
    "K7s" : {
      "call" : 0.80410000000000004,
      "raise3x" : 0.19589999999999999
    },
    "K8s" : {
      "call" : 0.27800000000000002,
      "raise3x" : 0.72199999999999998
    },
    "K9s" : {
      "call" : 0.4899,
      "raise3x" : 0.5101
    },
    "KJo" : {
      "call" : 0.70599999999999996,
      "raise3x" : 0.29399999999999998
    },
    "KJs" : {
      "call" : 0.40389999999999998,
      "raise3x" : 0.59609999999999996
    },
    "KK" : {
      "raise3x" : 1
    },
    "KQo" : {
      "call" : 0.75209999999999999,
      "raise3x" : 0.24790000000000001
    },
    "KQs" : {
      "call" : 0.44800000000000001,
      "raise3x" : 0.55200000000000005
    },
    "KTo" : {
      "call" : 0.53110000000000002,
      "raise3x" : 0.46889999999999998
    },
    "KTs" : {
      "call" : 0.70809999999999995,
      "raise3x" : 0.29189999999999999
    },
    "Q8s" : {
      "call" : 0.78410000000000002,
      "fold" : 0.0079000000000000008,
      "raise3x" : 0.20799999999999999
    },
    "Q9s" : {
      "call" : 0.54810000000000003,
      "raise3x" : 0.45190000000000002
    },
    "QJo" : {
      "call" : 0.54210000000000003,
      "fold" : 0.17599999999999999,
      "raise3x" : 0.28189999999999998
    },
    "QJs" : {
      "call" : 1
    },
    "QQ" : {
      "call" : 0.10390000000000001,
      "raise3x" : 0.89610000000000001
    },
    "QTo" : {
      "call" : 0.1799,
      "fold" : 0.82010000000000005
    },
    "QTs" : {
      "call" : 0.79600000000000004,
      "raise3x" : 0.20399999999999999
    },
    "T7s" : {
      "call" : 0.19989999999999999,
      "fold" : 0.66610000000000003,
      "raise3x" : 0.13400000000000001
    },
    "T8s" : {
      "call" : 0.63990000000000002,
      "raise3x" : 0.36009999999999998
    },
    "T9s" : {
      "call" : 0.60999999999999999,
      "raise3x" : 0.39000000000000001
    },
    "TT" : {
      "call" : 0.63990000000000002,
      "raise3x" : 0.36009999999999998
    }
  },
  "id" : "mtt_8max_60bb_btn_vsopen_vs_hj",
  "source" : {
    "description" : "RangeConverter free PDF — 8-max 60bb 1bb ante (12.5%).",
    "publisher" : {
      "accessedDate" : "2026-06-01",
      "name" : "RangeConverter",
      "product" : "Free Poker Charts — 8 max 1bb ante MTT GTO Ranges",
      "treeParams" : "poker.academy CE-Symmetric Regular @ 60bb (GTO ChipEV, 1bb ante)",
      "url" : "https:\/\/rangeconverter.com\/free-poker-charts"
    },
    "solver" : {
      "assumptions" : "Frequencies rounded to nearest 25% per source. ChipEV (non-ICM). 1bb (12.5%) big-blind ante."
    },
    "type" : "published"
  },
  "spot" : {
    "anteType" : "bigBlindAnte",
    "facingAction" : "vsOpen",
    "opponentPosition" : "HJ",
    "position" : "BTN",
    "stackDepthBB" : 60
  }
}