{
  "format" : "NLHE_MTT_9MAX",
  "hands" : {
    "22" : {
      "fold" : 0.86599999999999999,
      "raise25x" : 0.13400000000000001
    },
    "33" : {
      "fold" : 0.84599999999999997,
      "raise25x" : 0.154
    },
    "44" : {
      "fold" : 0.7621,
      "raise25x" : 0.2379
    },
    "54s" : {
      "fold" : 0.92420000000000002,
      "raise25x" : 0.075800000000000006
    },
    "55" : {
      "fold" : 0.49199999999999999,
      "raise25x" : 0.50800000000000001
    },
    "65s" : {
      "fold" : 0.86409999999999998,
      "raise25x" : 0.13589999999999999
    },
    "66" : {
      "raise25x" : 1
    },
    "76s" : {
      "fold" : 0.7621,
      "raise25x" : 0.2379
    },
    "77" : {
      "raise25x" : 1
    },
    "87s" : {
      "fold" : 0.79020000000000001,
      "raise25x" : 0.20979999999999999
    },
    "88" : {
      "raise25x" : 1
    },
    "98s" : {
      "fold" : 0.96799999999999997,
      "raise25x" : 0.032000000000000001
    },
    "99" : {
      "raise25x" : 1
    },
    "A3s" : {
      "fold" : 0.78000000000000003,
      "raise25x" : 0.22
    },
    "A4s" : {
      "raise25x" : 1
    },
    "A5s" : {
      "raise25x" : 1
    },
    "A6s" : {
      "raise25x" : 1
    },
    "A7s" : {
      "raise25x" : 1
    },
    "A8s" : {
      "raise25x" : 1
    },
    "A9s" : {
      "raise25x" : 1
    },
    "AA" : {
      "raise25x" : 1
    },
    "AJo" : {
      "raise25x" : 1
    },
    "AJs" : {
      "raise25x" : 1
    },
    "AKo" : {
      "raise25x" : 1
    },
    "AKs" : {
      "raise25x" : 1
    },
    "AQo" : {
      "raise25x" : 1
    },
    "AQs" : {
      "raise25x" : 1
    },
    "ATo" : {
      "fold" : 0.42199999999999999,
      "raise25x" : 0.57799999999999996
    },
    "ATs" : {
      "raise25x" : 1
    },
    "J9s" : {
      "raise25x" : 1
    },
    "JJ" : {
      "raise25x" : 1
    },
    "JTs" : {
      "raise25x" : 1
    },
    "K8s" : {
      "fold" : 0.013900000000000001,
      "raise25x" : 0.98609999999999998
    },
    "K9s" : {
      "raise25x" : 1
    },
    "KJo" : {
      "fold" : 0.47810000000000002,
      "raise25x" : 0.52190000000000003
    },
    "KJs" : {
      "raise25x" : 1
    },
    "KK" : {
      "raise25x" : 1
    },
    "KQo" : {
      "raise25x" : 1
    },
    "KQs" : {
      "raise25x" : 1
    },
    "KTo" : {
      "fold" : 0.86019999999999996,
      "raise25x" : 0.13980000000000001
    },
    "KTs" : {
      "raise25x" : 1
    },
    "Q9s" : {
      "fold" : 0.47599999999999998,
      "raise25x" : 0.52400000000000002
    },
    "QJs" : {
      "raise25x" : 1
    },
    "QQ" : {
      "raise25x" : 1
    },
    "QTs" : {
      "raise25x" : 1
    },
    "T9s" : {
      "raise25x" : 1
    },
    "TT" : {
      "raise25x" : 1
    }
  },
  "id" : "mtt_9max_100bb_utg1_unopened",
  "source" : {
    "description" : "Adapted from RangeConverter 8-max baseline.",
    "publisher" : {
      "accessedDate" : "2026-06-01",
      "name" : "RangeConverter",
      "product" : "Free Poker Charts — 8 max 1bb ante MTT GTO Ranges",
      "treeParams" : "2.5x open, 3.5x 3bet IP, 4.5x 3bet OOP, 2.3x 4bet IP, 2.75x 4bet OOP, SB vs BB 3.2bb",
      "url" : "https:\/\/rangeconverter.com\/free-poker-charts"
    },
    "solver" : {
      "assumptions" : "Frequencies rounded to nearest 25% per source. ChipEV (non-ICM). 1bb (12.5%) big-blind ante. Adapted from 8-max UTG (9-max UTG+1 plays the same role as 8-max UTG)."
    },
    "type" : "published"
  },
  "spot" : {
    "anteType" : "bigBlindAnte",
    "facingAction" : "unopened",
    "position" : "UTG1",
    "stackDepthBB" : 100
  }
}