{
  "format" : "NLHE_MTT_9MAX",
  "hands" : {
    "22" : {
      "call" : 0.92910000000000004,
      "fold" : 0.067400000000000002,
      "raise25x" : 0.0034999999999999996
    },
    "32o" : {
      "call" : 0.0033,
      "fold" : 0.99670000000000003
    },
    "32s" : {
      "call" : 0.018099999999999998,
      "fold" : 0.98180000000000001
    },
    "33" : {
      "call" : 0.59050000000000002,
      "fold" : 0.40949999999999998
    },
    "42o" : "fold",
    "42s" : {
      "call" : 0.0123,
      "fold" : 0.98629999999999995,
      "raise25x" : 0.0014
    },
    "43o" : "fold",
    "43s" : {
      "call" : 0.0074999999999999997,
      "fold" : 0.99229999999999996
    },
    "44" : {
      "call" : 0.82950000000000002,
      "fold" : 0.16289999999999999,
      "raise25x" : 0.0076
    },
    "52o" : {
      "call" : 0.002,
      "fold" : 0.998
    },
    "52s" : "fold",
    "53o" : "fold",
    "53s" : {
      "call" : 0.046100000000000002,
      "fold" : 0.95379999999999998
    },
    "54o" : {
      "call" : 0.037199999999999997,
      "fold" : 0.96279999999999999
    },
    "54s" : {
      "call" : 0.70860000000000001,
      "fold" : 0.29139999999999999
    },
    "55" : {
      "call" : 0.99299999999999999,
      "fold" : 0.0069999999999999993
    },
    "62o" : "fold",
    "62s" : {
      "call" : 0.32040000000000002,
      "fold" : 0.67900000000000005
    },
    "63o" : "fold",
    "63s" : {
      "call" : 0.038699999999999998,
      "fold" : 0.96130000000000004
    },
    "64o" : {
      "call" : 0.0014,
      "fold" : 0.99860000000000004
    },
    "64s" : {
      "call" : 0.06270000000000002,
      "fold" : 0.93669999999999998
    },
    "65o" : {
      "call" : 0.055,
      "fold" : 0.94499999999999995
    },
    "65s" : {
      "call" : 0.87619999999999998,
      "fold" : 0.1237
    },
    "66" : {
      "call" : 0.99770000000000003,
      "fold" : 0.0022000000000000001
    },
    "72o" : "fold",
    "72s" : {
      "call" : 0.039899999999999998,
      "fold" : 0.96009999999999995
    },
    "73o" : "fold",
    "73s" : {
      "call" : 0.025100000000000001,
      "fold" : 0.9708,
      "raise25x" : 0.0040000000000000001
    },
    "74o" : {
      "call" : 0.0018,
      "fold" : 0.99819999999999998
    },
    "74s" : {
      "call" : 0.0229,
      "fold" : 0.9768
    },
    "75o" : {
      "call" : 0.0038999999999999998,
      "fold" : 0.99609999999999999
    },
    "75s" : {
      "call" : 0.81040000000000001,
      "fold" : 0.18959999999999999
    },
    "76o" : {
      "call" : 0.0183,
      "fold" : 0.98160000000000003
    },
    "76s" : {
      "call" : 0.30080000000000001,
      "fold" : 0.69910000000000005
    },
    "77" : {
      "call" : 0.99509999999999998,
      "fold" : 0.0030000000000000001,
      "raise25x" : 0.0019
    },
    "82o" : "fold",
    "82s" : "fold",
    "83o" : "fold",
    "83s" : {
      "fold" : 0.999
    },
    "84o" : {
      "fold" : 0.999
    },
    "84s" : {
      "call" : 0.033700000000000001,
      "fold" : 0.96630000000000005
    },
    "85o" : {
      "fold" : 0.999
    },
    "85s" : {
      "call" : 0.0055000000000000005,
      "fold" : 0.99450000000000005
    },
    "86o" : {
      "call" : 0.0114,
      "fold" : 0.98860000000000003
    },
    "86s" : {
      "call" : 0.41970000000000002,
      "fold" : 0.5796
    },
    "87o" : {
      "call" : 0.13189999999999999,
      "fold" : 0.86809999999999998
    },
    "87s" : {
      "call" : 0.42480000000000001,
      "fold" : 0.57520000000000004
    },
    "88" : {
      "call" : 0.99560000000000004,
      "fold" : 0.0030000000000000001,
      "raise25x" : 0.0015
    },
    "92o" : "fold",
    "92s" : {
      "call" : 0.0042000000000000006,
      "fold" : 0.99580000000000002
    },
    "93o" : "fold",
    "93s" : {
      "call" : 0.0034999999999999996,
      "fold" : 0.99639999999999995
    },
    "94o" : "fold",
    "94s" : "fold",
    "95o" : "fold",
    "95s" : {
      "call" : 0.31359999999999999,
      "fold" : 0.68640000000000001
    },
    "96o" : "fold",
    "96s" : {
      "call" : 0.56299999999999994,
      "fold" : 0.437
    },
    "97o" : {
      "call" : 0.011300000000000001,
      "fold" : 0.98870000000000002
    },
    "97s" : {
      "call" : 0.87480000000000002,
      "fold" : 0.1168,
      "raise25x" : 0.0084999999999999989
    },
    "98o" : {
      "call" : 0.77210000000000001,
      "fold" : 0.22789999999999999
    },
    "98s" : {
      "call" : 0.81740000000000002,
      "fold" : 0.18260000000000001
    },
    "99" : {
      "call" : 0.18260000000000001,
      "raise25x" : 0.81679999999999997
    },
    "A2o" : {
      "call" : 0.99439999999999995,
      "fold" : 0.0055999999999999991
    },
    "A2s" : {
      "call" : 0.96779999999999999,
      "fold" : 0.031899999999999998
    },
    "A3o" : {
      "call" : 0.99309999999999998,
      "fold" : 0.0063
    },
    "A3s" : {
      "call" : 0.79020000000000001,
      "fold" : 0.1956,
      "raise25x" : 0.0143
    },
    "A4o" : {
      "call" : 0.92420000000000002,
      "fold" : 0.075700000000000003
    },
    "A4s" : {
      "call" : 0.84960000000000002,
      "fold" : 0.13619999999999999,
      "raise25x" : 0.014199999999999999
    },
    "A5o" : {
      "call" : 0.99619999999999997,
      "fold" : 0.0036999999999999997
    },
    "A5s" : {
      "call" : 0.66249999999999998,
      "fold" : 0.33750000000000002
    },
    "A6o" : {
      "call" : 0.50339999999999996,
      "fold" : 0.49630000000000002
    },
    "A6s" : {
      "call" : 0.98829999999999996,
      "fold" : 0.010200000000000001,
      "raise25x" : 0.0016000000000000001
    },
    "A7o" : {
      "call" : 0.99170000000000003,
      "fold" : 0.0083000000000000001
    },
    "A7s" : {
      "call" : 0.93569999999999998,
      "fold" : 0.063899999999999998
    },
    "A8o" : {
      "call" : 0.99560000000000004,
      "fold" : 0.0040000000000000001
    },
    "A8s" : {
      "call" : 0.99660000000000004,
      "fold" : 0.0026000000000000003
    },
    "A9o" : {
      "call" : 0.99690000000000001,
      "fold" : 0.0018,
      "raise25x" : 0.0013000000000000002
    },
    "A9s" : {
      "call" : 0.97729999999999995,
      "fold" : 0.0084999999999999989,
      "raise25x" : 0.0143
    },
    "AA" : "raise",
    "AJo" : {
      "call" : 0.99590000000000001,
      "raise25x" : 0.0033
    },
    "AJs" : {
      "call" : 0.99280000000000002,
      "raise25x" : 0.0071999999999999998
    },
    "AKo" : "raise",
    "AKs" : {
      "call" : 0.31180000000000002,
      "raise25x" : 0.68820000000000003
    },
    "AQo" : {
      "call" : 0.42580000000000001,
      "raise25x" : 0.57420000000000004
    },
    "AQs" : {
      "call" : 0.37140000000000001,
      "raise25x" : 0.62860000000000005
    },
    "ATo" : {
      "call" : 0.99570000000000003,
      "fold" : 0.0015,
      "raise25x" : 0.0028
    },
    "ATs" : {
      "call" : 0.9597,
      "raise25x" : 0.039699999999999999
    },
    "J2o" : "fold",
    "J2s" : {
      "call" : 0.68489999999999995,
      "fold" : 0.31509999999999999
    },
    "J3o" : "fold",
    "J3s" : {
      "call" : 0.046399999999999997,
      "fold" : 0.95350000000000001
    },
    "J4o" : "fold",
    "J4s" : {
      "call" : 0.54059999999999997,
      "fold" : 0.4592
    },
    "J5o" : "fold",
    "J5s" : {
      "call" : 0.47870000000000001,
      "fold" : 0.5212
    },
    "J6o" : "fold",
    "J6s" : {
      "call" : 0.2278,
      "fold" : 0.7722
    },
    "J7o" : {
      "call" : 0.0024000000000000002,
      "fold" : 0.99760000000000004
    },
    "J7s" : {
      "call" : 0.8972,
      "fold" : 0.1028
    },
    "J8o" : {
      "call" : 0.27450000000000002,
      "fold" : 0.72550000000000003
    },
    "J8s" : {
      "call" : 0.91120000000000001,
      "fold" : 0.088499999999999995
    },
    "J9o" : {
      "call" : 0.72640000000000005,
      "fold" : 0.27350000000000002
    },
    "J9s" : {
      "call" : 0.99819999999999998,
      "fold" : 0.0018
    },