{
  "format" : "NLHE_MTT_9MAX",
  "hands" : {
    "22" : {
      "call" : 1
    },
    "32s" : {
      "call" : 1
    },
    "33" : {
      "call" : 1
    },
    "42s" : {
      "call" : 1
    },
    "43s" : {
      "call" : 1
    },
    "44" : {
      "call" : 1
    },
    "52s" : {
      "call" : 1
    },
    "53s" : {
      "call" : 1
    },
    "54o" : {
      "call" : 1
    },
    "54s" : {
      "call" : 1
    },
    "55" : {
      "call" : 1
    },
    "62s" : {
      "call" : 1
    },
    "63s" : {
      "call" : 1
    },
    "64s" : {
      "call" : 1
    },
    "65o" : {
      "call" : 1
    },
    "65s" : {
      "call" : 0.8901,
      "raise25x" : 0.1099
    },
    "66" : {
      "call" : 1
    },
    "73s" : {
      "call" : 1
    },
    "74s" : {
      "call" : 1
    },
    "75s" : {
      "call" : 1
    },
    "76o" : {
      "call" : 1
    },
    "76s" : {
      "call" : 1
    },
    "77" : {
      "call" : 1
    },
    "82s" : {
      "call" : 1
    },
    "83s" : {
      "call" : 1
    },
    "84s" : {
      "call" : 1
    },
    "85s" : {
      "call" : 1
    },
    "86o" : {
      "call" : 0.4249,
      "fold" : 0.57509999999999994
    },
    "86s" : {
      "call" : 1
    },
    "87o" : {
      "call" : 1
    },
    "87s" : {
      "call" : 0.95509999999999995,
      "raise25x" : 0.044900000000000002
    },
    "88" : {
      "call" : 1
    },
    "92s" : {
      "call" : 1
    },
    "93s" : {
      "call" : 1
    },
    "94s" : {
      "call" : 1
    },
    "95s" : {
      "call" : 1
    },
    "96s" : {
      "call" : 1
    },
    "97o" : {
      "call" : 0.0349,
      "fold" : 0.96509999999999996
    },
    "97s" : {
      "call" : 1
    },
    "98o" : {
      "call" : 1
    },
    "98s" : {
      "call" : 0.98499999999999999,
      "raise25x" : 0.014999999999999999
    },
    "99" : {
      "call" : 0.87009999999999998,
      "raise25x" : 0.12989999999999999
    },
    "A2s" : {
      "call" : 1
    },
    "A3s" : {
      "call" : 1
    },
    "A4o" : {
      "call" : 0.6401,
      "fold" : 0.25,
      "raise25x" : 0.1099
    },
    "A4s" : {
      "call" : 1
    },
    "A5o" : {
      "call" : 0.66510000000000002,
      "raise25x" : 0.33489999999999998
    },
    "A5s" : {
      "call" : 1
    },
    "A6o" : {
      "call" : 0.23000000000000001,
      "fold" : 0.77000000000000002
    },
    "A6s" : {
      "call" : 1
    },
    "A7o" : {
      "fold" : 0.91000000000000003,
      "raise25x" : 0.089999999999999997
    },
    "A7s" : {
      "call" : 1
    },
    "A8o" : {
      "call" : 0.86019999999999996,
      "raise25x" : 0.13980000000000001
    },
    "A8s" : {
      "call" : 1
    },
    "A9o" : {
      "call" : 0.86019999999999996,
      "raise25x" : 0.13980000000000001
    },
    "A9s" : {
      "call" : 1
    },
    "AA" : {
      "raise25x" : 1
    },
    "AJo" : {
      "call" : 0.87009999999999998,
      "raise25x" : 0.12989999999999999
    },
    "AJs" : {
      "call" : 1
    },
    "AKo" : {
      "raise25x" : 1
    },
    "AKs" : {
      "raise25x" : 1
    },
    "AQo" : {
      "call" : 0.67500000000000004,
      "raise25x" : 0.32500000000000001
    },
    "AQs" : {
      "call" : 1
    },
    "ATo" : {
      "call" : 0.55000000000000004,
      "raise25x" : 0.45000000000000001
    },
    "ATs" : {
      "call" : 1
    },
    "J2s" : {
      "call" : 1
    },
    "J3s" : {
      "call" : 1
    },
    "J4s" : {
      "call" : 1
    },
    "J5s" : {
      "call" : 1
    },
    "J6s" : {
      "call" : 1
    },
    "J7s" : {
      "call" : 1
    },
    "J8s" : {
      "call" : 1
    },
    "J9o" : {
      "call" : 1
    },
    "J9s" : {
      "call" : 0.57509999999999994,
      "raise25x" : 0.4249
    },
    "JJ" : {
      "raise25x" : 1
    },
    "JTo" : {
      "call" : 1
    },
    "JTs" : {
      "call" : 0.73509999999999998,
      "raise25x" : 0.26490000000000002
    },
    "K2s" : {
      "call" : 1
    },
    "K3s" : {
      "call" : 1
    },
    "K4s" : {
      "call" : 1
    },
    "K5s" : {
      "call" : 1
    },
    "K6o" : {
      "call" : 0.91500000000000004,
      "fold" : 0.084999999999999992
    },
    "K6s" : {
      "call" : 0.74009999999999998,
      "raise25x" : 0.25990000000000002
    },
    "K7s" : {
      "call" : 1
    },
    "K8o" : {
      "call" : 0.55000000000000004,
      "fold" : 0.45000000000000001
    },
    "K8s" : {
      "call" : 0.89510000000000001,
      "raise25x" : 0.10489999999999999
    },
    "K9o" : {
      "call" : 1
    },
    "K9s" : {
      "call" : 0.63990000000000002,
      "raise25x" : 0.36009999999999998
    },
    "KJo" : {
      "call" : 0.5151,
      "raise25x" : 0.4849
    },
    "KJs" : {
      "call" : 1
    },
    "KK" : {
      "raise25x" : 1
    },
    "KQo" : {
      "call" : 1
    },
    "KQs" : {
      "call" : 1
    },
    "KTo" : {
      "call" : 0.78000000000000003,
      "raise25x" : 0.22
    },
    "KTs" : {
      "call" : 1
    },
    "Q2s" : {
      "call" : 1
    },
    "Q3s" : {
      "call" : 1
    },
    "Q4s" : {
      "call" : 1
    },
    "Q5s" : {
      "call" : 1
    },
    "Q6s" : {
      "call" : 1
    },
    "Q7s" : {
      "call" : 1
    },
    "Q8s" : {
      "call" : 1
    },
    "Q9o" : {
      "call" : 1
    },
    "Q9s" : {
      "call" : 1
    },
    "QJo" : {
      "call" : 0.72009999999999996,
      "raise25x" : 0.27989999999999998
    },
    "QJs" : {
      "call" : 1
    },
    "QQ" : {
      "raise25x" : 1
    },
    "QTo" : {
      "call" : 1
    },
    "QTs" : {
      "call" : 1
    },
    "T2s" : {
      "call" : 1
    },
    "T3s" : {
      "call" : 1
    },
    "T4s" : {
      "call" : 1
    },
    "T5s" : {
      "call" : 1
    },
    "T6s" : {
      "call" : 1
    },
    "T7s" : {
      "call" : 1
    },
    "T8o" : {
      "call" : 0.74509999999999998,
      "fold" : 0.25490000000000002
    },
    "T8s" : {
      "call" : 1
    },
    "T9o" : {
      "call" : 1
    },
    "T9s" : {
      "call" : 0.84999999999999998,
      "raise25x" : 0.14999999999999999
    },
    "TT" : {
      "call" : 0.33989999999999998,
      "raise25x" : 0.66010000000000002
    }
  },
  "id" : "mtt_9max_35bb_bb_vsopen_vs_utg1",
  "source" : {
    "description" : "Adapted from RangeConverter 8-max baseline.",
    "publisher" : {
      "accessedDate" : "2026-06-01",
      "name" : "RangeConverter",
      "product" : "Free Poker Charts — 8 max 1bb ante MTT GTO Ranges",
      "treeParams" : "2.5x open, 3.5x 3bet IP, 4.5x 3bet OOP, 2.3x 4bet IP, 2.75x 4bet OOP, SB vs BB 3.2bb",
      "url" : "https:\/\/rangeconverter.com\/free-poker-charts"
    },
    "solver" : {
      "assumptions" : "Frequencies rounded to nearest 25% per source. ChipEV (non-ICM). 1bb (12.5%) big-blind ante. Copied verbatim from 8-max BB (same effective seat in 9-max)."
    },
    "type" : "published"
  },
  "spot" : {
    "anteType" : "bigBlindAnte",
    "facingAction" : "vsOpen",
    "opponentPosition" : "UTG1",
    "position" : "BB",
    "stackDepthBB" : 35
  }
}