{
  "format" : "NLHE_MTT_9MAX",
  "hands" : {
    "54s" : {
      "call" : 1
    },
    "55" : {
      "call" : 1
    },
    "65s" : {
      "call" : 1
    },
    "66" : {
      "call" : 0.77000000000000002,
      "shove" : 0.23000000000000001
    },
    "76s" : {
      "call" : 1
    },
    "77" : {
      "call" : 0.73009999999999997,
      "fold" : 0.1799,
      "shove" : 0.089999999999999997
    },
    "87s" : {
      "call" : 1
    },
    "88" : {
      "call" : 0.91500000000000004,
      "shove" : 0.084999999999999992
    },
    "98s" : {
      "call" : 1
    },
    "99" : {
      "call" : 0.95509999999999995,
      "shove" : 0.044900000000000002
    },
    "A3s" : {
      "call" : 1
    },
    "A4s" : {
      "call" : 0.14499999999999999,
      "shove" : 0.85499999999999998
    },
    "A5s" : {
      "shove" : 1
    },
    "A6s" : {
      "call" : 0.12989999999999999,
      "fold" : 0.87009999999999998
    },
    "A8s" : {
      "call" : 0.315,
      "fold" : 0.68500000000000005
    },
    "A9s" : {
      "call" : 0.38500000000000001,
      "fold" : 0.61499999999999999
    },
    "AA" : {
      "call" : 0.60499999999999998,
      "shove" : 0.39500000000000002
    },
    "AJs" : {
      "call" : 1
    },
    "AKo" : {
      "shove" : 1
    },
    "AKs" : {
      "shove" : 1
    },
    "AQo" : {
      "call" : 1
    },
    "AQs" : {
      "call" : 1
    },
    "ATs" : {
      "call" : 1
    },
    "JJ" : {
      "shove" : 1
    },
    "JTs" : {
      "call" : 0.68000000000000005,
      "fold" : 0.32000000000000001
    },
    "K9s" : {
      "call" : 0.30499999999999999,
      "fold" : 0.69499999999999995
    },
    "KJs" : {
      "call" : 1
    },
    "KK" : {
      "shove" : 1
    },
    "KQo" : {
      "call" : 0.044900000000000002,
      "fold" : 0.95509999999999995
    },
    "KQs" : {
      "call" : 1
    },
    "KTs" : {
      "call" : 1
    },
    "Q9s" : {
      "call" : 0.099900000000000003,
      "fold" : 0.90010000000000001
    },
    "QJs" : {
      "call" : 0.68500000000000005,
      "shove" : 0.315
    },
    "QQ" : {
      "shove" : 1
    },
    "QTs" : {
      "call" : 1
    },
    "T9s" : {
      "call" : 0.74009999999999998,
      "fold" : 0.25990000000000002
    },
    "TT" : {
      "shove" : 1
    }
  },
  "id" : "mtt_9max_30bb_utg1_vs3bet_vs_co",
  "source" : {
    "description" : "Adapted from RangeConverter 8-max baseline.",
    "publisher" : {
      "accessedDate" : "2026-06-01",
      "name" : "RangeConverter",
      "product" : "Free Poker Charts — 8 max 1bb ante MTT GTO Ranges",
      "treeParams" : "2.5x open, 3.5x 3bet IP, 4.5x 3bet OOP, 2.3x 4bet IP, 2.75x 4bet OOP, SB vs BB 3.2bb",
      "url" : "https:\/\/rangeconverter.com\/free-poker-charts"
    },
    "solver" : {
      "assumptions" : "Frequencies rounded to nearest 25% per source. ChipEV (non-ICM). 1bb (12.5%) big-blind ante. Adapted from 8-max UTG (9-max UTG+1 plays the same role as 8-max UTG)."
    },
    "type" : "published"
  },
  "spot" : {
    "anteType" : "bigBlindAnte",
    "facingAction" : "vs3Bet",
    "opponentPosition" : "CO",
    "position" : "UTG1",
    "stackDepthBB" : 30
  }
}