{
  "format" : "NLHE_MTT_9MAX",
  "hands" : {
    "22" : {
      "call" : 1
    },
    "33" : {
      "call" : 1
    },
    "44" : {
      "call" : 1
    },
    "55" : {
      "call" : 1
    },
    "65s" : {
      "call" : 1
    },
    "66" : {
      "call" : 1
    },
    "76s" : {
      "call" : 1
    },
    "77" : {
      "call" : 0.90820000000000001,
      "fold" : 0.091799999999999993
    },
    "87s" : {
      "call" : 1
    },
    "88" : {
      "call" : 0.87009999999999998,
      "fold" : 0.12989999999999999
    },
    "99" : {
      "call" : 1
    },
    "A4s" : {
      "call" : 0.51819999999999999,
      "raise25x" : 0.48180000000000001
    },
    "A5s" : {
      "call" : 0.97399999999999998,
      "raise25x" : 0.026000000000000002
    },
    "A6s" : {
      "call" : 0.19980000000000001,
      "fold" : 0.55400000000000005,
      "raise25x" : 0.2462
    },
    "A7s" : {
      "fold" : 0.79800000000000004,
      "raise25x" : 0.20200000000000001
    },
    "A8s" : {
      "call" : 0.188,
      "fold" : 0.65800000000000003,
      "raise25x" : 0.154
    },
    "A9s" : {
      "call" : 0.86409999999999998,
      "fold" : 0.13589999999999999
    },
    "AA" : {
      "raise25x" : 1
    },
    "AJo" : {
      "fold" : 0.95009999999999994,
      "raise25x" : 0.0499
    },
    "AJs" : {
      "call" : 1
    },
    "AKo" : {
      "call" : 0.36480000000000001,
      "raise25x" : 0.21840000000000001,
      "shove" : 0.4168
    },
    "AKs" : {
      "raise25x" : 1
    },
    "AQo" : {
      "call" : 0.66469999999999996,
      "fold" : 0.055899999999999991,
      "raise25x" : 0.27939999999999998
    },
    "AQs" : {
      "call" : 1
    },
    "ATs" : {
      "call" : 1
    },
    "JJ" : {
      "call" : 0.93810000000000004,
      "raise25x" : 0.061899999999999997
    },
    "JTs" : {
      "call" : 0.75819999999999999,
      "fold" : 0.24179999999999999
    },
    "K6s" : {
      "raise25x" : 1
    },
    "K8s" : {
      "fold" : 0.81479999999999997,
      "raise25x" : 0.1852
    },
    "K9s" : {
      "fold" : 0.70809999999999995,
      "raise25x" : 0.29189999999999999
    },
    "KJs" : {
      "call" : 0.64600000000000002,
      "raise25x" : 0.35399999999999998
    },
    "KK" : {
      "raise25x" : 0.63990000000000002,
      "shove" : 0.36009999999999998
    },
    "KQs" : {
      "call" : 1
    },
    "KTs" : {
      "call" : 0.55600000000000005,
      "raise25x" : 0.44400000000000001
    },
    "QJs" : {
      "call" : 0.16789999999999999,
      "fold" : 0.83209999999999995
    },
    "QQ" : {
      "call" : 0.80010000000000003,
      "raise25x" : 0.19989999999999999
    },
    "QTs" : {
      "call" : 0.82010000000000005,
      "fold" : 0.1799
    },
    "T9s" : {
      "call" : 1
    },
    "TT" : {
      "call" : 1
    }
  },
  "id" : "mtt_9max_70bb_utg1_vs3bet_vs_co",
  "source" : {
    "description" : "Adapted from RangeConverter 8-max baseline.",
    "publisher" : {
      "accessedDate" : "2026-06-01",
      "name" : "RangeConverter",
      "product" : "Free Poker Charts — 8 max 1bb ante MTT GTO Ranges",
      "treeParams" : "2.5x open, 3.5x 3bet IP, 4.5x 3bet OOP, 2.3x 4bet IP, 2.75x 4bet OOP, SB vs BB 3.2bb",
      "url" : "https:\/\/rangeconverter.com\/free-poker-charts"
    },
    "solver" : {
      "assumptions" : "Frequencies rounded to nearest 25% per source. ChipEV (non-ICM). 1bb (12.5%) big-blind ante. Adapted from 8-max UTG (9-max UTG+1 plays the same role as 8-max UTG)."
    },
    "type" : "published"
  },
  "spot" : {
    "anteType" : "bigBlindAnte",
    "facingAction" : "vs3Bet",
    "opponentPosition" : "CO",
    "position" : "UTG1",
    "stackDepthBB" : 70
  }
}