{
  "format" : "NLHE_MTT_9MAX",
  "hands" : {
    "22" : {
      "call" : 1
    },
    "33" : {
      "call" : 1
    },
    "44" : {
      "call" : 1
    },
    "54s" : {
      "call" : 0.6341,
      "raise25x" : 0.3659
    },
    "55" : {
      "call" : 1
    },
    "65s" : {
      "call" : 0.55989999999999995,
      "raise25x" : 0.44009999999999999
    },
    "66" : {
      "call" : 1
    },
    "76s" : {
      "call" : 0.60399999999999998,
      "raise25x" : 0.39600000000000002
    },
    "77" : {
      "call" : 1
    },
    "87s" : {
      "call" : 0.54210000000000003,
      "raise25x" : 0.45789999999999997
    },
    "88" : {
      "call" : 1
    },
    "98s" : {
      "call" : 0.70999999999999996,
      "fold" : 0.28999999999999998
    },
    "99" : {
      "call" : 0.98609999999999998,
      "raise25x" : 0.013900000000000001
    },
    "A2s" : {
      "call" : 0.43390000000000001,
      "fold" : 0.56610000000000005
    },
    "A3s" : {
      "call" : 0.6341,
      "raise25x" : 0.3659
    },
    "A4s" : {
      "call" : 0.54210000000000003,
      "raise25x" : 0.45789999999999997
    },
    "A5s" : {
      "call" : 0.43009999999999998,
      "raise25x" : 0.56989999999999996
    },
    "A6s" : {
      "call" : 0.83999999999999997,
      "raise25x" : 0.16
    },
    "A7s" : {
      "call" : 0.83809999999999996,
      "raise25x" : 0.16189999999999999
    },
    "A8s" : {
      "call" : 0.748,
      "raise25x" : 0.252
    },
    "A9s" : {
      "call" : 0.79020000000000001,
      "raise25x" : 0.20979999999999999
    },
    "AA" : {
      "raise25x" : 1
    },
    "AJo" : {
      "call" : 1
    },
    "AJs" : {
      "call" : 0.20979999999999999,
      "raise25x" : 0.79020000000000001
    },
    "AKo" : {
      "call" : 0.28399999999999997,
      "raise25x" : 0.71599999999999997
    },
    "AKs" : {
      "raise25x" : 1
    },
    "AQo" : {
      "call" : 1
    },
    "AQs" : {
      "call" : 0.087900000000000006,
      "raise25x" : 0.91210000000000002
    },
    "ATs" : {
      "call" : 0.47210000000000002,
      "raise25x" : 0.52790000000000004
    },
    "J9s" : {
      "call" : 0.8901,
      "fold" : 0.1099
    },
    "JJ" : {
      "call" : 0.47810000000000002,
      "raise25x" : 0.52190000000000003
    },
    "JTs" : {
      "call" : 0.75819999999999999,
      "raise25x" : 0.24179999999999999
    },
    "K5s" : {
      "call" : 0.019899999999999998,
      "fold" : 0.98009999999999997
    },
    "K6s" : {
      "call" : 0.6381,
      "fold" : 0.3619
    },
    "K8s" : {
      "call" : 0.63600000000000001,
      "fold" : 0.36399999999999999
    },
    "K9s" : {
      "call" : 0.79410000000000003,
      "raise25x" : 0.2059
    },
    "KJs" : {
      "call" : 0.88009999999999999,
      "raise25x" : 0.11990000000000001
    },
    "KK" : {
      "raise25x" : 1
    },
    "KQo" : {
      "call" : 0.96799999999999997,
      "raise25x" : 0.032000000000000001
    },
    "KQs" : {
      "raise25x" : 1
    },
    "KTs" : {
      "call" : 0.63,
      "raise25x" : 0.37
    },
    "Q9s" : {
      "call" : 0.9042,
      "fold" : 0.053800000000000001,
      "raise25x" : 0.042000000000000003
    },
    "QJs" : {
      "call" : 0.40989999999999999,
      "raise25x" : 0.59009999999999996
    },
    "QQ" : {
      "raise25x" : 1
    },
    "QTs" : {
      "call" : 0.67610000000000003,
      "raise25x" : 0.32390000000000002
    },
    "T8s" : {
      "call" : 1
    },
    "T9s" : {
      "call" : 0.65410000000000001,
      "raise25x" : 0.34589999999999999
    },
    "TT" : {
      "call" : 0.81610000000000005,
      "raise25x" : 0.18390000000000001
    }
  },
  "id" : "mtt_9max_100bb_sb_vsopen_vs_utg",
  "source" : {
    "description" : "Adapted from RangeConverter 8-max baseline.",
    "publisher" : {
      "accessedDate" : "2026-06-01",
      "name" : "RangeConverter",
      "product" : "Free Poker Charts — 8 max 1bb ante MTT GTO Ranges",
      "treeParams" : "2.5x open, 3.5x 3bet IP, 4.5x 3bet OOP, 2.3x 4bet IP, 2.75x 4bet OOP, SB vs BB 3.2bb",
      "url" : "https:\/\/rangeconverter.com\/free-poker-charts"
    },
    "solver" : {
      "assumptions" : "Frequencies rounded to nearest 25% per source. ChipEV (non-ICM). 1bb (12.5%) big-blind ante. Copied verbatim from 8-max SB (same effective seat in 9-max)."
    },
    "type" : "published"
  },
  "spot" : {
    "anteType" : "bigBlindAnte",
    "facingAction" : "vsOpen",
    "opponentPosition" : "UTG",
    "position" : "SB",
    "stackDepthBB" : 100
  }
}