{
  "format" : "NLHE_MTT_8MAX",
  "hands" : {
    "22" : {
      "call" : 0.78080000000000005,
      "fold" : 0.21540000000000001,
      "shove" : 0.0038
    },
    "32o" : {
      "fold" : 0.99990000000000001
    },
    "32s" : {
      "call" : 0.0118,
      "fold" : 0.98819999999999997
    },
    "33" : {
      "call" : 0.94220000000000004,
      "fold" : 0.035799999999999998,
      "shove" : 0.021999999999999999
    },
    "42o" : {
      "fold" : 1
    },
    "42s" : {
      "call" : 0.1026,
      "fold" : 0.89739999999999998
    },
    "43o" : {
      "fold" : 0.99960000000000004
    },
    "43s" : {
      "call" : 0.047800000000000002,
      "fold" : 0.95209999999999995
    },
    "44" : {
      "call" : 0.998,
      "fold" : 0.0015
    },
    "52o" : {
      "fold" : 0.99950000000000006
    },
    "52s" : {
      "call" : 0.58120000000000005,
      "fold" : 0.41799999999999998
    },
    "53o" : {
      "fold" : 0.99970000000000003
    },
    "53s" : {
      "call" : 0.6008,
      "fold" : 0.3992
    },
    "54o" : {
      "fold" : 0.99939999999999996
    },
    "54s" : {
      "call" : 0.73109999999999997,
      "fold" : 0.26889999999999997
    },
    "55" : {
      "call" : 0.98929999999999996,
      "fold" : 0.0103
    },
    "62o" : {
      "fold" : 1
    },
    "62s" : {
      "call" : 0.44019999999999998,
      "fold" : 0.55969999999999998
    },
    "63o" : {
      "fold" : 1
    },
    "63s" : {
      "call" : 0.1736,
      "fold" : 0.82550000000000001
    },
    "64o" : {
      "call" : 0.034700000000000002,
      "fold" : 0.96530000000000005
    },
    "64s" : {
      "call" : 0.76190000000000002,
      "fold" : 0.23799999999999999
    },
    "65o" : {
      "call" : 0.019400000000000001,
      "fold" : 0.98060000000000003
    },
    "65s" : {
      "call" : 0.98519999999999996,
      "fold" : 0.0071000000000000004,
      "shove" : 0.0077999999999999996
    },
    "66" : {
      "call" : 0.98040000000000005,
      "fold" : 0.017600000000000001,
      "shove" : 0.002
    },
    "72o" : {
      "fold" : 1
    },
    "72s" : {
      "call" : 0.14130000000000001,
      "fold" : 0.85860000000000003
    },
    "73o" : {
      "fold" : 1
    },
    "73s" : {
      "call" : 0.14199999999999999,
      "fold" : 0.85799999999999998
    },
    "74o" : {
      "fold" : 0.99990000000000001
    },
    "74s" : {
      "call" : 0.39360000000000001,
      "fold" : 0.60580000000000001
    },
    "75o" : {
      "call" : 0.0126,
      "fold" : 0.98740000000000006
    },
    "75s" : {
      "call" : 0.29870000000000002,
      "fold" : 0.70120000000000005
    },
    "76o" : {
      "call" : 0.0298,
      "fold" : 0.97019999999999995
    },
    "76s" : {
      "call" : 0.85519999999999996,
      "fold" : 0.1356,
      "shove" : 0.0091999999999999998
    },
    "77" : {
      "call" : 0.99829999999999997,
      "fold" : 0.0012999999999999999
    },
    "82o" : {
      "fold" : 1
    },
    "82s" : {
      "fold" : 0.99990000000000001
    },
    "83o" : {
      "fold" : 0.99950000000000006
    },
    "83s" : {
      "call" : 0.0015,
      "fold" : 0.99839999999999995
    },
    "84o" : {
      "fold" : 1
    },
    "84s" : {
      "call" : 0.52339999999999998,
      "fold" : 0.47610000000000002
    },
    "85o" : {
      "call" : 0.0011000000000000001,
      "fold" : 0.99890000000000001
    },
    "85s" : {
      "call" : 0.89249999999999996,
      "fold" : 0.1075
    },
    "86o" : {
      "fold" : 0.99970000000000003
    },
    "86s" : {
      "call" : 0.94969999999999999,
      "fold" : 0.050099999999999999
    },
    "87o" : {
      "call" : 0.080399999999999999,
      "fold" : 0.91959999999999997
    },
    "87s" : {
      "call" : 0.85860000000000003,
      "fold" : 0.1414
    },
    "88" : {
      "call" : 0.8962,
      "shove" : 0.1036
    },
    "92o" : {
      "fold" : 1
    },
    "92s" : {
      "call" : 0.0511,
      "fold" : 0.9486
    },
    "93o" : {
      "fold" : 0.99980000000000002
    },
    "93s" : {
      "call" : 0.0094999999999999998,
      "fold" : 0.99039999999999995
    },
    "94o" : {
      "fold" : 0.99960000000000004
    },
    "94s" : {
      "call" : 0.083900000000000002,
      "fold" : 0.91610000000000003
    },
    "95o" : {
      "fold" : 1
    },
    "95s" : {
      "call" : 0.2666,
      "fold" : 0.73340000000000005
    },
    "96o" : {
      "call" : 0.0047000000000000002,
      "fold" : 0.99529999999999996
    },
    "96s" : {
      "call" : 0.96679999999999999,
      "fold" : 0.032899999999999999
    },
    "97o" : {
      "call" : 0.76029999999999998,
      "fold" : 0.2397
    },
    "97s" : {
      "call" : 0.76770000000000005,
      "fold" : 0.23230000000000001
    },
    "98o" : {
      "call" : 0.62929999999999997,
      "fold" : 0.37069999999999997
    },
    "98s" : {
      "call" : 0.84470000000000001,
      "fold" : 0.15490000000000001
    },
    "99" : {
      "call" : 0.81310000000000004,
      "fold" : 0.0030999999999999999,
      "shove" : 0.18379999999999999
    },
    "A2o" : {
      "call" : 0.99370000000000003,
      "fold" : 0.0061999999999999998
    },
    "A2s" : {
      "call" : 0.52500000000000002,
      "fold" : 0.0060000000000000001,
      "shove" : 0.46889999999999998
    },
    "A3o" : {
      "call" : 0.9879,
      "fold" : 0.0104,
      "shove" : 0.0016999999999999999
    },
    "A3s" : {
      "call" : 0.93810000000000004,
      "fold" : 0.0104,
      "shove" : 0.0516
    },
    "A4o" : {
      "call" : 0.96640000000000004,
      "fold" : 0.033500000000000002
    },
    "A4s" : {
      "call" : 0.65629999999999999,
      "fold" : 0.14860000000000001,
      "shove" : 0.1951
    },
    "A5o" : {
      "call" : 0.96919999999999995,
      "fold" : 0.0071000000000000004,
      "shove" : 0.023699999999999999
    },
    "A5s" : {
      "call" : 0.96989999999999998,
      "fold" : 0.0014,
      "shove" : 0.0287
    },
    "A6o" : {
      "call" : 0.78259999999999996,
      "fold" : 0.21709999999999999
    },
    "A6s" : {
      "call" : 0.6986,
      "fold" : 0.0092999999999999992,
      "shove" : 0.29210000000000003
    },
    "A7o" : {
      "call" : 0.96850000000000003,
      "fold" : 0.029100000000000001,
      "shove" : 0.0023
    },
    "A7s" : {
      "call" : 0.99690000000000001,
      "fold" : 0.0027000000000000001
    },
    "A8o" : {
      "call" : 0.99280000000000002,
      "fold" : 0.0070000000000000001
    },
    "A8s" : {
      "call" : 0.64739999999999998,
      "fold" : 0.0023999999999999998,
      "shove" : 0.35020000000000001
    },
    "A9o" : {
      "call" : 0.99239999999999995,
      "fold" : 0.0067999999999999996
    },
    "A9s" : {
      "call" : 0.97870000000000001,
      "fold" : 0.0134,
      "shove" : 0.0077999999999999996
    },
    "AA" : {
      "shove" : 1
    },
    "AJo" : {
      "call" : 0.97060000000000002,
      "shove" : 0.029399999999999999
    },
    "AJs" : {
      "call" : 0.83099999999999996,
      "fold" : 0.0019,
      "shove" : 0.16700000000000001
    },
    "AKo" : {
      "shove" : 1
    },
    "AKs" : {
      "shove" : 1
    },
    "AQo" : {
      "call" : 0.0195,
      "shove" : 0.98050000000000004
    },
    "AQs" : {
      "call" : 0.0241,
      "fold" : 0.0028,
      "shove" : 0.97309999999999997
    },
    "ATo" : {
      "call" : 0.99760000000000004,
      "shove" : 0.0022000000000000001
    },
    "ATs" : {
      "call" : 0.67669999999999997,
      "fold" : 0.0063,
      "shove" : 0.317
    },
    "J2o" : {
      "fold" : 1
    },
    "J2s" : {
      "call" : 0.83009999999999995,
      "fold" : 0.16969999999999999
    },
    "J3o" : {
      "fold" : 0.99990000000000001
    },
    "J3s" : {
      "call" : 0.32519999999999999,
      "fold" : 0.66839999999999999,
      "shove" : 0.0064000000000000003
    },
    "J4o" : {
      "fold" : 0.99939999999999996
    },
    "J4s" : {
      "call" : 0.94599999999999995,
      "fold" : 0.053600000000000002
    },
    "J5o" : {
      "call" : 0.0028999999999999998,
      "fold" : 0.997
    },