{
  "format" : "NLHE_MTT_8MAX",
  "hands" : {
    "22" : {
      "call" : 0.0092999999999999992,
      "fold" : 0.99070000000000003
    },
    "32o" : {
      "fold" : 1
    },
    "42s" : {
      "call" : 0.0018,
      "fold" : 0.99819999999999998
    },
    "43s" : {
      "fold" : 0.99960000000000004
    },
    "44" : {
      "call" : 0.22639999999999999,
      "fold" : 0.77359999999999995
    },
    "52s" : {
      "fold" : 0.99909999999999999
    },
    "53o" : {
      "fold" : 1
    },
    "53s" : {
      "call" : 0.0086,
      "fold" : 0.99139999999999995
    },
    "55" : {
      "call" : 0.89380000000000004,
      "fold" : 0.1062
    },
    "63s" : {
      "fold" : 1
    },
    "64s" : {
      "fold" : 1
    },
    "65o" : {
      "fold" : 1
    },
    "65s" : {
      "fold" : 1
    },
    "66" : {
      "call" : 0.75870000000000004,
      "fold" : 0.24129999999999999
    },
    "72s" : {
      "fold" : 1
    },
    "73s" : {
      "fold" : 0.99990000000000001
    },
    "75o" : {
      "fold" : 0.99990000000000001
    },
    "75s" : {
      "call" : 0.0123,
      "fold" : 0.98770000000000002
    },
    "76s" : {
      "call" : 0.0028999999999999998,
      "fold" : 0.99709999999999999
    },
    "77" : {
      "call" : 0.31469999999999998,
      "fold" : 0.68530000000000002
    },
    "85o" : {
      "fold" : 0.99980000000000002
    },
    "86s" : {
      "fold" : 0.99939999999999996
    },
    "88" : {
      "call" : 0.99970000000000003
    },
    "92o" : {
      "fold" : 1
    },
    "92s" : {
      "call" : 0.0028999999999999998,
      "fold" : 0.99709999999999999
    },
    "94s" : {
      "fold" : 0.99919999999999998
    },
    "95s" : {
      "fold" : 0.99980000000000002
    },
    "96o" : {
      "fold" : 1
    },
    "96s" : {
      "fold" : 1
    },
    "97s" : {
      "call" : 0.0012999999999999999,
      "fold" : 0.99870000000000003
    },
    "98s" : {
      "call" : 0.017100000000000001,
      "fold" : 0.9829
    },
    "99" : {
      "call" : 0.98170000000000002,
      "fold" : 0.0183
    },
    "A2o" : {
      "call" : 0.0054999999999999997,
      "fold" : 0.99450000000000005
    },
    "A2s" : {
      "call" : 0.087599999999999997,
      "fold" : 0.91239999999999999
    },
    "A3o" : {
      "call" : 0.0061999999999999998,
      "fold" : 0.99380000000000002
    },
    "A3s" : {
      "call" : 0.0022000000000000001,
      "fold" : 0.99780000000000002
    },
    "A4o" : {
      "call" : 0.017399999999999999,
      "fold" : 0.98260000000000003
    },
    "A4s" : {
      "call" : 0.0030000000000000001,
      "fold" : 0.997
    },
    "A5o" : {
      "call" : 0.0080999999999999996,
      "fold" : 0.9919
    },
    "A5s" : {
      "call" : 0.032000000000000001,
      "fold" : 0.96799999999999997
    },
    "A6o" : {
      "call" : 0.0025000000000000001,
      "fold" : 0.99750000000000005
    },
    "A6s" : {
      "fold" : 0.99990000000000001
    },
    "A7o" : {
      "call" : 0.0030000000000000001,
      "fold" : 0.997
    },
    "A7s" : {
      "call" : 0.15160000000000001,
      "fold" : 0.84840000000000004
    },
    "A8o" : {
      "call" : 0.0048999999999999998,
      "fold" : 0.99509999999999998
    },
    "A8s" : {
      "call" : 0.13300000000000001,
      "fold" : 0.86699999999999999
    },
    "A9o" : {
      "call" : 0.018599999999999998,
      "fold" : 0.98140000000000005
    },
    "A9s" : {
      "call" : 0.91790000000000005,
      "fold" : 0.082100000000000006
    },
    "AA" : {
      "call" : 1
    },
    "AJo" : {
      "call" : 1
    },
    "AJs" : {
      "call" : 0.81769999999999998,
      "fold" : 0.18229999999999999
    },
    "AKo" : {
      "call" : 1
    },
    "AKs" : {
      "call" : 0.99980000000000002
    },
    "AQo" : {
      "call" : 1
    },
    "AQs" : {
      "call" : 0.99990000000000001
    },
    "ATo" : {
      "call" : 0.48670000000000002,
      "fold" : 0.51329999999999998
    },
    "ATs" : {
      "call" : 0.63570000000000004,
      "fold" : 0.36430000000000001
    },
    "J2o" : {
      "fold" : 1
    },
    "J2s" : {
      "fold" : 1
    },
    "J3o" : {
      "fold" : 1
    },
    "J3s" : {
      "fold" : 1
    },
    "J4o" : {
      "fold" : 0.99990000000000001
    },
    "J4s" : {
      "call" : 0.0023,
      "fold" : 0.99770000000000003
    },
    "J5o" : {
      "fold" : 0.99970000000000003
    },
    "J5s" : {
      "fold" : 0.99960000000000004
    },
    "J6s" : {
      "fold" : 0.99909999999999999
    },
    "J7o" : {
      "fold" : 1
    },
    "J7s" : {
      "call" : 0.0089999999999999993,
      "fold" : 0.99099999999999999
    },
    "J8o" : {
      "call" : 0.0014,
      "fold" : 0.99860000000000004
    },
    "J8s" : {
      "fold" : 0.99990000000000001
    },
    "J9o" : {
      "fold" : 0.99939999999999996
    },
    "J9s" : {
      "call" : 0.0015,
      "fold" : 0.99850000000000005
    },
    "JJ" : {
      "call" : 1
    },
    "JTo" : {
      "call" : 0.0032000000000000002,
      "fold" : 0.99680000000000002
    },
    "JTs" : {
      "call" : 0.026200000000000001,
      "fold" : 0.9738
    },
    "K2o" : {
      "call" : 0.0014,
      "fold" : 0.99860000000000004
    },
    "K2s" : {
      "call" : 0.012200000000000001,
      "fold" : 0.98780000000000001
    },
    "K3o" : {
      "fold" : 0.99960000000000004
    },
    "K4o" : {
      "fold" : 0.99980000000000002
    },
    "K4s" : {
      "call" : 0.0040000000000000001,
      "fold" : 0.996
    },
    "K5o" : {
      "call" : 0.0025999999999999999,
      "fold" : 0.99739999999999995
    },
    "K5s" : {
      "call" : 0.0030000000000000001,
      "fold" : 0.997
    },
    "K6o" : {
      "fold" : 0.99960000000000004
    },
    "K6s" : {
      "call" : 0.12870000000000001,
      "fold" : 0.87129999999999996
    },
    "K7o" : {
      "fold" : 0.99950000000000006
    },
    "K7s" : {
      "fold" : 0.99950000000000006
    },
    "K8o" : {
      "call" : 0.0018,
      "fold" : 0.99819999999999998
    },
    "K8s" : {
      "call" : 0.016899999999999998,
      "fold" : 0.98309999999999997
    },
    "K9o" : {
      "fold" : 0.99960000000000004
    },
    "K9s" : {
      "call" : 0.0091000000000000004,
      "fold" : 0.9909
    },
    "KJo" : {
      "call" : 0.0061000000000000004,
      "fold" : 0.99390000000000001
    },
    "KJs" : {
      "call" : 0.019,
      "fold" : 0.98099999999999998
    },
    "KK" : {
      "call" : 1
    },
    "KQo" : {
      "call" : 0.010800000000000001,
      "fold" : 0.98919999999999997
    },
    "KQs" : {
      "call" : 0.99470000000000003,
      "fold" : 0.0053
    },
    "KTo" : {
      "fold" : 0.99980000000000002
    },
    "KTs" : {
      "call" : 0.42509999999999998,
      "fold" : 0.57489999999999997
    },
    "Q2o" : {
      "call" : 0.0020999999999999999,
      "fold" : 0.99790000000000001
    },
    "Q3o" : {
      "fold" : 0.99970000000000003
    },
    "Q3s" : {
      "call" : 0.0118,
      "fold" : 0.98819999999999997
    },
    "Q4o" : {
      "fold" : 0.99980000000000002
    },
    "Q4s" : {
      "call" : 0.0015,
      "fold" : 0.99850000000000005
    },
    "Q5s" : {
      "call" : 0.0012999999999999999,
      "fold" : 0.99870000000000003
    },
    "Q6o" : {
      "fold" : 0.999
    },
    "Q6s" : {
      "call" : 0.0111,
      "fold" : 0.9889
    },
    "Q7o" : {
      "fold" : 1
    },
    "Q7s" : {
      "fold" : 0.99939999999999996
    },
    "Q8o" : {
      "call" : 0.0027000000000000001,
      "fold" : 0.99729999999999996
    },
    "Q8s" : {
      "fold" : 0.99990000000000001
    },
    "Q9o" : {
      "fold" : 1
    },
    "Q9s" : {
      "call" : 0.18559999999999999,
      "fold" : 0.81440000000000001
    },
    "QJo" : {
      "fold" : 0.99929999999999997
    },
    "QJs" : {
      "call" : 0.064699999999999994,
      "fold" : 0.93530000000000002
    },
    "QQ" : {
      "call" : 1
    },
    "QTo" : {
      "fold" : 0.99939999999999996
    },
    "QTs" : {
      "call" : 0.0147,
      "fold" : 0.98529999999999995
    },