{
  "format" : "NLHE_MTT_8MAX",
  "hands" : {
    "55" : {
      "call" : 1
    },
    "66" : {
      "call" : 1
    },
    "77" : {
      "call" : 1
    },
    "88" : {
      "call" : 0.92600000000000005,
      "fold" : 0.073999999999999996
    },
    "99" : {
      "call" : 1
    },
    "A4s" : {
      "call" : 0.21190000000000001,
      "shove" : 0.78810000000000002
    },
    "A5s" : {
      "call" : 0.28399999999999997,
      "shove" : 0.71599999999999997
    },
    "A6s" : {
      "call" : 1
    },
    "A7s" : {
      "call" : 0.24179999999999999,
      "fold" : 0.75819999999999999
    },
    "A8s" : {
      "call" : 0.38190000000000002,
      "fold" : 0.61809999999999998
    },
    "A9s" : {
      "call" : 1
    },
    "AA" : {
      "call" : 0.34589999999999999,
      "shove" : 0.65410000000000001
    },
    "AJs" : {
      "call" : 1
    },
    "AKo" : {
      "shove" : 1
    },
    "AKs" : {
      "shove" : 1
    },
    "AQo" : {
      "call" : 1
    },
    "AQs" : {
      "call" : 1
    },
    "ATs" : {
      "call" : 1
    },
    "JJ" : {
      "call" : 0.97219999999999995,
      "shove" : 0.027799999999999998
    },
    "JTs" : {
      "call" : 0.69999999999999996,
      "fold" : 0.29999999999999999
    },
    "K9s" : {
      "call" : 0.25990000000000002,
      "fold" : 0.74009999999999998
    },
    "KJs" : {
      "call" : 1
    },
    "KK" : {
      "shove" : 1
    },
    "KQo" : {
      "call" : 0.042000000000000003,
      "fold" : 0.95799999999999996
    },
    "KQs" : {
      "call" : 1
    },
    "KTs" : {
      "call" : 1
    },
    "QJs" : {
      "call" : 0.0057999999999999996,
      "fold" : 0.99419999999999997
    },
    "QQ" : {
      "call" : 0.29189999999999999,
      "shove" : 0.70809999999999995
    },
    "QTs" : {
      "call" : 1
    },
    "T9s" : {
      "call" : 1
    },
    "TT" : {
      "call" : 1
    }
  },
  "id" : "mtt_8max_50bb_utg_vs3bet_vs_co",
  "source" : {
    "description" : "RangeConverter free PDF — 8-max 50bb 1bb ante (12.5%).",
    "publisher" : {
      "accessedDate" : "2026-06-01",
      "name" : "RangeConverter",
      "product" : "Free Poker Charts — 8 max 1bb ante MTT GTO Ranges",
      "treeParams" : "poker.academy CE-Symmetric Regular @ 50bb (GTO ChipEV, 1bb ante)",
      "url" : "https:\/\/rangeconverter.com\/free-poker-charts"
    },
    "solver" : {
      "assumptions" : "Frequencies rounded to nearest 25% per source. ChipEV (non-ICM). 1bb (12.5%) big-blind ante."
    },
    "type" : "published"
  },
  "spot" : {
    "anteType" : "bigBlindAnte",
    "facingAction" : "vs3Bet",
    "opponentPosition" : "CO",
    "position" : "UTG",
    "stackDepthBB" : 50
  }
}