{
  "format" : "NLHE_MTT_9MAX",
  "hands" : {
    "55" : {
      "call" : 1
    },
    "66" : {
      "call" : 0.78979999999999995,
      "shove" : 0.2102
    },
    "77" : {
      "call" : 0.43509999999999999,
      "fold" : 0.25490000000000002,
      "shove" : 0.31
    },
    "88" : {
      "call" : 0.47499999999999998,
      "fold" : 0.52500000000000002
    },
    "99" : {
      "call" : 0.93520000000000003,
      "fold" : 0.064799999999999996
    },
    "A4s" : {
      "call" : 0.43009999999999998,
      "fold" : 0.47989999999999999,
      "shove" : 0.089999999999999997
    },
    "A5s" : {
      "call" : 0.1249,
      "shove" : 0.87509999999999999
    },
    "AA" : {
      "call" : 0.41489999999999999,
      "shove" : 0.58509999999999995
    },
    "AJs" : {
      "call" : 0.60499999999999998,
      "shove" : 0.39500000000000002
    },
    "AKo" : {
      "shove" : 1
    },
    "AKs" : {
      "shove" : 1
    },
    "AQo" : {
      "call" : 0.5101,
      "fold" : 0.4899
    },
    "AQs" : {
      "call" : 1
    },
    "ATs" : {
      "call" : 0.56989999999999996,
      "shove" : 0.43009999999999998
    },
    "JJ" : {
      "shove" : 1
    },
    "JTs" : {
      "call" : 0.41489999999999999,
      "fold" : 0.58509999999999995
    },
    "KJs" : {
      "call" : 1
    },
    "KK" : {
      "shove" : 1
    },
    "KQs" : {
      "call" : 0.96009999999999995,
      "shove" : 0.039899999999999998
    },
    "KTs" : {
      "call" : 0.80510000000000004,
      "fold" : 0.19489999999999999
    },
    "QJs" : {
      "call" : 0.10489999999999999,
      "fold" : 0.89510000000000001
    },
    "QQ" : {
      "shove" : 1
    },
    "QTs" : {
      "call" : 0.13980000000000001,
      "fold" : 0.86019999999999996
    },
    "T8s" : {
      "call" : 0.32469999999999999,
      "fold" : 0.67530000000000001
    },
    "T9s" : {
      "call" : 0.60999999999999999,
      "fold" : 0.39000000000000001
    },
    "TT" : {
      "call" : 0.43509999999999999,
      "shove" : 0.56489999999999996
    }
  },
  "id" : "mtt_9max_35bb_utg_vs3bet",
  "source" : {
    "description" : "Adapted from RangeConverter 8-max baseline.",
    "publisher" : {
      "accessedDate" : "2026-06-01",
      "name" : "RangeConverter",
      "product" : "Free Poker Charts — 8 max 1bb ante MTT GTO Ranges",
      "treeParams" : "2.5x open, 3.5x 3bet IP, 4.5x 3bet OOP, 2.3x 4bet IP, 2.75x 4bet OOP, SB vs BB 3.2bb",
      "url" : "https:\/\/rangeconverter.com\/free-poker-charts"
    },
    "solver" : {
      "assumptions" : "Frequencies rounded to nearest 25% per source. ChipEV (non-ICM). 1bb (12.5%) big-blind ante. Adapted from 8-max UTG; weakest combos (54s, 65s, 76s, 87s, 98s, A2s, A3s, JTo, K7s, K8s, T9o) demoted to fold to reach the 9-max UTG VPIP band."
    },
    "type" : "published"
  },
  "spot" : {
    "anteType" : "bigBlindAnte",
    "facingAction" : "vs3Bet",
    "position" : "UTG",
    "stackDepthBB" : 35
  }
}