{
  "format" : "NLHE_MTT_8MAX",
  "hands" : {
    "44" : {
      "call" : 0.0054999999999999997,
      "fold" : 0.99450000000000005
    },
    "55" : {
      "call" : 0.13819999999999999,
      "fold" : 0.86180000000000001
    },
    "66" : {
      "call" : 0.33179999999999998,
      "fold" : 0.66820000000000002
    },
    "76s" : {
      "call" : 0.0012999999999999999,
      "fold" : 0.99870000000000003
    },
    "77" : {
      "call" : 0.082400000000000001,
      "fold" : 0.91759999999999997
    },
    "88" : {
      "call" : 0.30680000000000002,
      "fold" : 0.69320000000000004
    },
    "96s" : {
      "fold" : 0.99919999999999998
    },
    "97s" : {
      "fold" : 0.99960000000000004
    },
    "98s" : {
      "call" : 0.15379999999999999,
      "fold" : 0.84619999999999995
    },
    "99" : {
      "call" : 0.90759999999999996,
      "fold" : 0.092399999999999996
    },
    "A2s" : {
      "call" : 0.036200000000000003,
      "fold" : 0.96379999999999999
    },
    "A3o" : {
      "fold" : 0.99970000000000003
    },
    "A3s" : {
      "call" : 0.059299999999999999,
      "fold" : 0.94069999999999998
    },
    "A4s" : {
      "call" : 0.0023999999999999998,
      "fold" : 0.99760000000000004
    },
    "A5o" : {
      "call" : 0.0083000000000000001,
      "fold" : 0.99170000000000003
    },
    "A5s" : {
      "call" : 0.23089999999999999,
      "fold" : 0.76910000000000001
    },
    "A6o" : {
      "fold" : 0.99970000000000003
    },
    "A6s" : {
      "call" : 0.031899999999999998,
      "fold" : 0.96809999999999996
    },
    "A7o" : {
      "call" : 0.0044999999999999997,
      "fold" : 0.99550000000000005
    },
    "A7s" : {
      "call" : 0.0361,
      "fold" : 0.96389999999999998
    },
    "A8o" : {
      "call" : 0.0020999999999999999,
      "fold" : 0.99790000000000001
    },
    "A8s" : {
      "call" : 0.0044999999999999997,
      "fold" : 0.99550000000000005
    },
    "A9o" : {
      "call" : 0.0041000000000000003,
      "fold" : 0.99590000000000001
    },
    "A9s" : {
      "call" : 0.046600000000000003,
      "fold" : 0.95340000000000003
    },
    "AA" : {
      "call" : 1
    },
    "AJo" : {
      "call" : 0.040800000000000003,
      "fold" : 0.95920000000000005
    },
    "AJs" : {
      "call" : 0.099900000000000003,
      "fold" : 0.90010000000000001
    },
    "AKo" : {
      "call" : 0.99960000000000004
    },
    "AKs" : {
      "call" : 0.99990000000000001
    },
    "AQo" : {
      "call" : 0.1678,
      "fold" : 0.83220000000000005
    },
    "AQs" : {
      "call" : 0.38990000000000002,
      "fold" : 0.61009999999999998
    },
    "ATo" : {
      "call" : 0.037499999999999999,
      "fold" : 0.96250000000000002
    },
    "ATs" : {
      "call" : 0.046600000000000003,
      "fold" : 0.95340000000000003
    },
    "J5s" : {
      "call" : 0.0094999999999999998,
      "fold" : 0.99050000000000005
    },
    "J6s" : {
      "call" : 0.068900000000000003,
      "fold" : 0.93110000000000004
    },
    "J7s" : {
      "call" : 0.0152,
      "fold" : 0.98480000000000001
    },
    "J8s" : {
      "call" : 0.0030999999999999999,
      "fold" : 0.99690000000000001
    },
    "J9s" : {
      "call" : 0.18210000000000001,
      "fold" : 0.81789999999999996
    },
    "JJ" : {
      "call" : 1
    },
    "JTs" : {
      "call" : 0.011599999999999999,
      "fold" : 0.98839999999999995
    },
    "K2s" : {
      "call" : 0.0071999999999999998,
      "fold" : 0.99280000000000002
    },
    "K3o" : {
      "fold" : 0.99980000000000002
    },
    "K5s" : {
      "fold" : 0.99970000000000003
    },
    "K6s" : {
      "call" : 0.094299999999999995,
      "fold" : 0.90569999999999995
    },
    "K7s" : {
      "call" : 0.21990000000000001,
      "fold" : 0.78010000000000002
    },
    "K8o" : {
      "call" : 0.0047999999999999996,
      "fold" : 0.99519999999999997
    },
    "K8s" : {
      "call" : 0.014200000000000001,
      "fold" : 0.98580000000000001
    },
    "K9o" : {
      "call" : 0.0014,
      "fold" : 0.99860000000000004
    },
    "K9s" : {
      "call" : 0.021399999999999999,
      "fold" : 0.97860000000000003
    },
    "KJo" : {
      "call" : 0.0058999999999999999,
      "fold" : 0.99409999999999998
    },
    "KJs" : {
      "call" : 0.0935,
      "fold" : 0.90649999999999997
    },
    "KK" : {
      "call" : 1
    },
    "KQo" : {
      "call" : 0.019199999999999998,
      "fold" : 0.98080000000000001
    },
    "KQs" : {
      "call" : 0.024400000000000002,
      "fold" : 0.97560000000000002
    },
    "KTo" : {
      "call" : 0.0109,
      "fold" : 0.98909999999999998
    },
    "KTs" : {
      "call" : 0.0101,
      "fold" : 0.9899
    },
    "Q3s" : {
      "call" : 0.021899999999999999,
      "fold" : 0.97809999999999997
    },
    "Q5s" : {
      "call" : 0.045199999999999997,
      "fold" : 0.95479999999999998
    },
    "Q6s" : {
      "fold" : 0.99990000000000001
    },
    "Q7s" : {
      "call" : 0.0020999999999999999,
      "fold" : 0.99790000000000001
    },
    "Q8s" : {
      "call" : 0.0048999999999999998,
      "fold" : 0.99509999999999998
    },
    "Q9o" : {
      "call" : 0.0020999999999999999,
      "fold" : 0.99790000000000001
    },
    "Q9s" : {
      "call" : 0.0045999999999999999,
      "fold" : 0.99539999999999995
    },
    "QJo" : {
      "call" : 0.032300000000000002,
      "fold" : 0.9677
    },
    "QJs" : {
      "call" : 0.044200000000000003,
      "fold" : 0.95579999999999998
    },
    "QQ" : {
      "call" : 0.99990000000000001
    },
    "QTo" : {
      "call" : 0.0027000000000000001,
      "fold" : 0.99729999999999996
    },
    "QTs" : {
      "call" : 0.0061999999999999998,
      "fold" : 0.99380000000000002
    },
    "T2s" : {
      "call" : 0.017600000000000001,
      "fold" : 0.98240000000000005
    },
    "T7s" : {
      "fold" : 1
    },
    "T8s" : {
      "call" : 0.27689999999999998,
      "fold" : 0.72309999999999997
    },
    "T9o" : {
      "fold" : 0.99990000000000001
    },
    "T9s" : {
      "fold" : 0.99960000000000004
    },
    "TT" : {
      "call" : 0.99339999999999995,
      "fold" : 0.0066
    }
  },
  "id" : "mtt_8max_40bb_utg1_vs3betjam",
  "source" : {
    "description" : "RangeConverter free PDF — 8-max 40bb 1bb ante (12.5%).",
    "publisher" : {
      "accessedDate" : "2026-05-25",
      "name" : "RangeConverter",
      "product" : "Free Poker Charts — 8 max 1bb ante MTT GTO Ranges",
      "treeParams" : "HRC v3 Advanced ChipEV @ 40bb: open 2.2bb + 1.0bb; BU 2.2bb + 1.0bb; SB 2.5bb + 1.0bb; 3-bet IP 2.5x + 1.0x; 3-bet BB-vs-others 3.3x + 1.0x; 4-bet IP 90.0%, all-in",
      "url" : "https:\/\/rangeconverter.com\/free-poker-charts"
    },
    "solver" : {
      "assumptions" : "Frequencies rounded to nearest 25% per source. ChipEV (non-ICM). 1bb (12.5%) big-blind ante."
    },
    "type" : "published"
  },
  "spot" : {
    "anteType" : "bigBlindAnte",
    "facingAction" : "vs3BetJam",
    "position" : "UTG1",
    "stackDepthBB" : 40
  }
}