{
  "format" : "NLHE_MTT_8MAX",
  "hands" : {
    "22" : {
      "call" : 1
    },
    "33" : {
      "call" : 1
    },
    "44" : {
      "call" : 1
    },
    "54s" : {
      "call" : 1
    },
    "55" : {
      "call" : 0.59009999999999996,
      "fold" : 0.40989999999999999
    },
    "65s" : {
      "call" : 1
    },
    "66" : {
      "call" : 1
    },
    "76s" : {
      "call" : 0.78959999999999997,
      "raise3x" : 0.2104
    },
    "77" : {
      "call" : 0.62019999999999997,
      "fold" : 0.35489999999999999,
      "raise3x" : 0.024899999999999999
    },
    "87s" : {
      "call" : 1
    },
    "88" : {
      "call" : 0.86509999999999998,
      "fold" : 0.080000000000000002,
      "raise3x" : 0.054899999999999997
    },
    "98s" : {
      "call" : 0.1799,
      "fold" : 0.82010000000000005
    },
    "99" : {
      "call" : 0.91500000000000004,
      "raise3x" : 0.085000000000000006
    },
    "A3s" : {
      "call" : 0.070199999999999999,
      "fold" : 0.92979999999999996
    },
    "A4s" : {
      "call" : 0.74509999999999998,
      "raise3x" : 0.25490000000000002
    },
    "A5s" : {
      "call" : 0.58509999999999995,
      "raise3x" : 0.41489999999999999
    },
    "A9s" : {
      "call" : 0.375,
      "fold" : 0.625
    },
    "AA" : {
      "raise3x" : 1
    },
    "AJs" : {
      "call" : 0.53000000000000003,
      "raise3x" : 0.46999999999999997
    },
    "AKo" : {
      "call" : 0.080000000000000002,
      "raise3x" : 0.11990000000000001,
      "shove" : 0.80010000000000003
    },
    "AKs" : {
      "raise3x" : 1
    },
    "AQo" : {
      "call" : 0.53000000000000003,
      "raise3x" : 0.46999999999999997
    },
    "AQs" : {
      "call" : 1
    },
    "ATs" : {
      "call" : 0.84499999999999997,
      "raise3x" : 0.155
    },
    "JJ" : {
      "call" : 0.4899,
      "raise3x" : 0.5101
    },
    "JTs" : {
      "call" : 0.98999999999999999,
      "raise3x" : 0.01
    },
    "K6s" : {
      "call" : 0.86380000000000001,
      "raise3x" : 0.13619999999999999
    },
    "K9s" : {
      "fold" : 0.93520000000000003,
      "raise3x" : 0.064799999999999996
    },
    "KJs" : {
      "call" : 0.73509999999999998,
      "raise3x" : 0.26490000000000002
    },
    "KK" : {
      "raise3x" : 0.72009999999999996,
      "shove" : 0.27989999999999998
    },
    "KQs" : {
      "call" : 0.66010000000000002,
      "raise3x" : 0.33989999999999998
    },
    "KTs" : {
      "call" : 0.73009999999999997,
      "raise3x" : 0.26989999999999997
    },
    "QJs" : {
      "call" : 1
    },
    "QQ" : {
      "call" : 0.23499999999999999,
      "raise3x" : 0.35489999999999999,
      "shove" : 0.41010000000000002
    },
    "QTs" : {
      "call" : 0.62,
      "fold" : 0.38
    },
    "T8s" : {
      "call" : 0.01,
      "fold" : 0.98999999999999999
    },
    "T9s" : {
      "call" : 1
    },
    "TT" : {
      "call" : 0.87509999999999999,
      "raise3x" : 0.1249
    }
  },
  "id" : "mtt_8max_80bb_utg1_vs3bet_vs_lj",
  "source" : {
    "description" : "RangeConverter free PDF — 8-max 80bb 1bb ante (12.5%).",
    "publisher" : {
      "accessedDate" : "2026-06-01",
      "name" : "RangeConverter",
      "product" : "Free Poker Charts — 8 max 1bb ante MTT GTO Ranges",
      "treeParams" : "poker.academy CE-Symmetric Regular @ 80bb (GTO ChipEV, 1bb ante)",
      "url" : "https:\/\/rangeconverter.com\/free-poker-charts"
    },
    "solver" : {
      "assumptions" : "Frequencies rounded to nearest 25% per source. ChipEV (non-ICM). 1bb (12.5%) big-blind ante."
    },
    "type" : "published"
  },
  "spot" : {
    "anteType" : "bigBlindAnte",
    "facingAction" : "vs3Bet",
    "opponentPosition" : "LJ",
    "position" : "UTG1",
    "stackDepthBB" : 80
  }
}