{
  "format" : "NLHE_MTT_8MAX",
  "hands" : {
    "22" : {
      "call" : 0.28499999999999998,
      "fold" : 0.71499999999999997
    },
    "33" : {
      "call" : 0.29999999999999999,
      "fold" : 0.69999999999999996
    },
    "44" : {
      "call" : 0.5101,
      "fold" : 0.4899
    },
    "55" : {
      "call" : 0.73880000000000001,
      "fold" : 0.2462,
      "raise3x" : 0.014999999999999999
    },
    "66" : {
      "call" : 1
    },
    "76s" : {
      "call" : 0.215,
      "fold" : 0.78500000000000003
    },
    "77" : {
      "call" : 0.86519999999999997,
      "raise3x" : 0.1348
    },
    "87s" : {
      "call" : 0.0499,
      "fold" : 0.95009999999999994
    },
    "88" : {
      "call" : 0.66010000000000002,
      "raise3x" : 0.33989999999999998
    },
    "98s" : {
      "call" : 0.60999999999999999,
      "fold" : 0.39000000000000001
    },
    "99" : {
      "call" : 0.61499999999999999,
      "raise3x" : 0.38500000000000001
    },
    "A4s" : {
      "call" : 0.38,
      "fold" : 0.62
    },
    "A5s" : {
      "call" : 0.70999999999999996,
      "raise3x" : 0.28999999999999998
    },
    "A6s" : {
      "fold" : 0.65010000000000001,
      "raise3x" : 0.34989999999999999
    },
    "A7s" : {
      "call" : 0.255,
      "fold" : 0.40999999999999998,
      "raise3x" : 0.33500000000000002
    },
    "A8s" : {
      "call" : 0.58509999999999995,
      "raise3x" : 0.41489999999999999
    },
    "A9s" : {
      "call" : 0.68000000000000005,
      "raise3x" : 0.32000000000000001
    },
    "AA" : {
      "call" : 0.074999999999999997,
      "raise3x" : 0.92500000000000004
    },
    "AJo" : {
      "call" : 0.47999999999999998,
      "raise3x" : 0.52000000000000002
    },
    "AJs" : {
      "call" : 1
    },
    "AKo" : {
      "call" : 0.074999999999999997,
      "raise3x" : 0.92500000000000004
    },
    "AKs" : {
      "call" : 0.1149,
      "raise3x" : 0.8851
    },
    "AQo" : {
      "call" : 0.63490000000000002,
      "raise3x" : 0.36509999999999998
    },
    "AQs" : {
      "call" : 1
    },
    "ATo" : {
      "fold" : 0.23999999999999999,
      "raise3x" : 0.76000000000000001
    },
    "ATs" : {
      "call" : 1
    },
    "J9s" : {
      "call" : 0.185,
      "fold" : 0.54010000000000002,
      "raise3x" : 0.27489999999999998
    },
    "JJ" : {
      "call" : 0.14999999999999999,
      "raise3x" : 0.84999999999999998
    },
    "JTs" : {
      "call" : 0.78500000000000003,
      "raise3x" : 0.215
    },
    "K9s" : {
      "call" : 0.080000000000000002,
      "raise3x" : 0.92000000000000004
    },
    "KJo" : {
      "fold" : 0.80510000000000004,
      "raise3x" : 0.19489999999999999
    },
    "KJs" : {
      "call" : 1
    },
    "KK" : {
      "raise3x" : 1
    },
    "KQo" : {
      "call" : 0.53000000000000003,
      "raise3x" : 0.46999999999999997
    },
    "KQs" : {
      "call" : 1
    },
    "KTs" : {
      "call" : 0.78500000000000003,
      "raise3x" : 0.215
    },
    "Q9s" : {
      "call" : 0.2412,
      "fold" : 0.46229999999999999,
      "raise3x" : 0.29649999999999999
    },
    "QJs" : {
      "call" : 0.76000000000000001,
      "raise3x" : 0.23999999999999999
    },
    "QQ" : {
      "call" : 0.019900000000000001,
      "raise3x" : 0.98009999999999997
    },
    "QTs" : {
      "call" : 0.82010000000000005,
      "raise3x" : 0.1799
    },
    "T8s" : {
      "fold" : 0.96989999999999998,
      "raise3x" : 0.030099999999999998
    },
    "T9s" : {
      "call" : 0.68999999999999995,
      "raise3x" : 0.31
    },
    "TT" : {
      "call" : 0.39000000000000001,
      "raise3x" : 0.60999999999999999
    }
  },
  "id" : "mtt_8max_35bb_co_vsopen_vs_utg1",
  "source" : {
    "description" : "RangeConverter free PDF — 8-max 35bb 1bb ante (12.5%).",
    "publisher" : {
      "accessedDate" : "2026-06-01",
      "name" : "RangeConverter",
      "product" : "Free Poker Charts — 8 max 1bb ante MTT GTO Ranges",
      "treeParams" : "poker.academy CE-Symmetric Regular @ 35bb (GTO ChipEV, 1bb ante)",
      "url" : "https:\/\/rangeconverter.com\/free-poker-charts"
    },
    "solver" : {
      "assumptions" : "Frequencies rounded to nearest 25% per source. ChipEV (non-ICM). 1bb (12.5%) big-blind ante."
    },
    "type" : "published"
  },
  "spot" : {
    "anteType" : "bigBlindAnte",
    "facingAction" : "vsOpen",
    "opponentPosition" : "UTG1",
    "position" : "CO",
    "stackDepthBB" : 35
  }
}