{
  "format" : "NLHE_MTT_9MAX",
  "hands" : {
    "22" : {
      "call" : 1
    },
    "33" : {
      "call" : 1
    },
    "44" : {
      "call" : 1
    },
    "55" : {
      "call" : 0.9194,
      "fold" : 0.080599999999999977
    },
    "66" : {
      "call" : 0.84499999999999997,
      "fold" : 0.155
    },
    "77" : {
      "call" : 0.57789999999999997,
      "fold" : 0.39700000000000002,
      "raise25x" : 0.025100000000000001
    },
    "88" : {
      "call" : 0.67010000000000003,
      "fold" : 0.29999999999999999,
      "raise25x" : 0.029899999999999999
    },
    "99" : {
      "call" : 0.81530000000000002,
      "fold" : 0.069800000000000001,
      "raise25x" : 0.1149
    },
    "A4s" : {
      "call" : 0.64339999999999997,
      "fold" : 0.070200000000000012,
      "raise25x" : 0.28639999999999999
    },
    "A5s" : {
      "call" : 0.62,
      "raise25x" : 0.38
    },
    "A9s" : {
      "call" : 0.074999999999999997,
      "fold" : 0.92500000000000004
    },
    "AA" : {
      "raise25x" : 1
    },
    "AJs" : {
      "call" : 0.57509999999999994,
      "raise25x" : 0.4249
    },
    "AKo" : {
      "call" : 0.19589999999999999,
      "raise25x" : 0.1055,
      "shove" : 0.6986
    },
    "AKs" : {
      "raise25x" : 1
    },
    "AQo" : {
      "call" : 0.26129999999999998,
      "fold" : 0.35670000000000002,
      "raise25x" : 0.38200000000000001
    },
    "AQs" : {
      "call" : 1
    },
    "ATs" : {
      "call" : 0.91500000000000004,
      "raise25x" : 0.084999999999999992
    },
    "JJ" : {
      "call" : 0.57509999999999994,
      "raise25x" : 0.4249
    },
    "JTs" : {
      "call" : 0.69999999999999996,
      "fold" : 0.29999999999999999
    },
    "K9s" : {
      "fold" : 0.95509999999999995,
      "raise25x" : 0.044900000000000002
    },
    "KJs" : {
      "call" : 0.755,
      "raise25x" : 0.245
    },
    "KK" : {
      "raise25x" : 0.45000000000000001,
      "shove" : 0.55000000000000004
    },
    "KQs" : {
      "call" : 0.67010000000000003,
      "raise25x" : 0.32990000000000003
    },
    "KTs" : {
      "call" : 0.75009999999999999,
      "raise25x" : 0.24990000000000001
    },
    "QJs" : {
      "call" : 0.76000000000000001,
      "fold" : 0.23999999999999999
    },
    "QQ" : {
      "call" : 0.45240000000000002,
      "raise25x" : 0.4975,
      "shove" : 0.050099999999999999
    },
    "QTs" : {
      "call" : 0.40489999999999998,
      "fold" : 0.59509999999999996
    },
    "T8s" : {
      "call" : 0.039299999999999995,
      "fold" : 0.9607
    },
    "T9s" : {
      "call" : 0.82010000000000005,
      "fold" : 0.1799
    },
    "TT" : {
      "call" : 0.92500000000000004,
      "raise25x" : 0.074999999999999997
    }
  },
  "id" : "mtt_9max_80bb_utg_vs3bet_vs_lj",
  "source" : {
    "description" : "Adapted from RangeConverter 8-max baseline.",
    "publisher" : {
      "accessedDate" : "2026-06-01",
      "name" : "RangeConverter",
      "product" : "Free Poker Charts — 8 max 1bb ante MTT GTO Ranges",
      "treeParams" : "2.5x open, 3.5x 3bet IP, 4.5x 3bet OOP, 2.3x 4bet IP, 2.75x 4bet OOP, SB vs BB 3.2bb",
      "url" : "https:\/\/rangeconverter.com\/free-poker-charts"
    },
    "solver" : {
      "assumptions" : "Frequencies rounded to nearest 25% per source. ChipEV (non-ICM). 1bb (12.5%) big-blind ante. Adapted from 8-max UTG; weakest combos (54s, 65s, 76s, 87s, 98s, A2s, A3s, JTo, K7s, K8s, T9o) demoted to fold to reach the 9-max UTG VPIP band."
    },
    "type" : "published"
  },
  "spot" : {
    "anteType" : "bigBlindAnte",
    "facingAction" : "vs3Bet",
    "opponentPosition" : "LJ",
    "position" : "UTG",
    "stackDepthBB" : 80
  }
}