{
  "format" : "NLHE_MTT_9MAX",
  "hands" : {
    "55" : {
      "call" : 0.56879999999999997,
      "fold" : 0.43120000000000003
    },
    "66" : {
      "call" : 0.65510000000000002,
      "fold" : 0.34489999999999998
    },
    "77" : {
      "call" : 0.72009999999999996,
      "fold" : 0.27989999999999998
    },
    "88" : {
      "call" : 1
    },
    "99" : {
      "call" : 0.73009999999999997,
      "shove" : 0.26989999999999997
    },
    "A4s" : {
      "call" : 1
    },
    "A5s" : {
      "call" : 1
    },
    "A6s" : {
      "call" : 0.315,
      "fold" : 0.68500000000000005
    },
    "A7s" : {
      "call" : 0.79510000000000003,
      "fold" : 0.2049
    },
    "A8s" : {
      "call" : 0.41489999999999999,
      "shove" : 0.58509999999999995
    },
    "A9s" : {
      "call" : 0.73009999999999997,
      "shove" : 0.26989999999999997
    },
    "AA" : {
      "call" : 1
    },
    "AJo" : {
      "call" : 0.97009999999999996,
      "fold" : 0.029899999999999999
    },
    "AJs" : {
      "call" : 1
    },
    "AKo" : {
      "shove" : 1
    },
    "AKs" : {
      "call" : 0.83499999999999996,
      "shove" : 0.16500000000000001
    },
    "AQo" : {
      "call" : 0.65010000000000001,
      "shove" : 0.34989999999999999
    },
    "AQs" : {
      "call" : 1
    },
    "ATs" : {
      "call" : 1
    },
    "JJ" : {
      "call" : 1
    },
    "JTs" : {
      "call" : 0.65510000000000002,
      "fold" : 0.34489999999999998
    },
    "K9s" : {
      "call" : 1
    },
    "KJs" : {
      "call" : 1
    },
    "KK" : {
      "call" : 0.4249,
      "shove" : 0.57509999999999994
    },
    "KQo" : {
      "call" : 0.78500000000000003,
      "fold" : 0.215
    },
    "KQs" : {
      "call" : 1
    },
    "KTs" : {
      "call" : 1
    },
    "QJs" : {
      "call" : 0.77500000000000002,
      "fold" : 0.22500000000000001
    },
    "QQ" : {
      "call" : 0.83999999999999997,
      "shove" : 0.16
    },
    "QTs" : {
      "call" : 1
    },
    "T9s" : {
      "call" : 1
    },
    "TT" : {
      "call" : 0.54000000000000004,
      "shove" : 0.46000000000000002
    }
  },
  "id" : "mtt_9max_25bb_utg_vs3bet_vs_sb",
  "source" : {
    "description" : "Adapted from RangeConverter 8-max baseline.",
    "publisher" : {
      "accessedDate" : "2026-06-01",
      "name" : "RangeConverter",
      "product" : "Free Poker Charts — 8 max 1bb ante MTT GTO Ranges",
      "treeParams" : "2.5x open, 3.5x 3bet IP, 4.5x 3bet OOP, 2.3x 4bet IP, 2.75x 4bet OOP, SB vs BB 3.2bb",
      "url" : "https:\/\/rangeconverter.com\/free-poker-charts"
    },
    "solver" : {
      "assumptions" : "Frequencies rounded to nearest 25% per source. ChipEV (non-ICM). 1bb (12.5%) big-blind ante. Adapted from 8-max UTG; weakest combos (54s, 65s, 76s, 87s, 98s, A2s, A3s, JTo, K7s, K8s, T9o) demoted to fold to reach the 9-max UTG VPIP band."
    },
    "type" : "published"
  },
  "spot" : {
    "anteType" : "bigBlindAnte",
    "facingAction" : "vs3Bet",
    "opponentPosition" : "SB",
    "position" : "UTG",
    "stackDepthBB" : 25
  }
}