{
  "format" : "NLHE_MTT_8MAX",
  "hands" : {
    "33" : {
      "shove" : 1
    },
    "44" : {
      "call" : 0.080399999999999999,
      "raise3x" : 0.045100000000000001,
      "shove" : 0.87450000000000006
    },
    "55" : {
      "call" : 0.2389,
      "raise3x" : 0.019900000000000001,
      "shove" : 0.74119999999999997
    },
    "65s" : {
      "call" : 0.2049,
      "fold" : 0.79510000000000003
    },
    "66" : {
      "shove" : 1
    },
    "76s" : {
      "call" : 0.1099,
      "fold" : 0.8901
    },
    "77" : {
      "shove" : 1
    },
    "87s" : {
      "call" : 0.32000000000000001,
      "fold" : 0.68000000000000005
    },
    "88" : {
      "raise3x" : 0.014999999999999999,
      "shove" : 0.98499999999999999
    },
    "99" : {
      "shove" : 1
    },
    "A2s" : {
      "call" : 0.39800000000000002,
      "raise3x" : 0.029700000000000001,
      "shove" : 0.57230000000000003
    },
    "A3s" : {
      "call" : 0.23999999999999999,
      "shove" : 0.76000000000000001
    },
    "A4s" : {
      "call" : 0.30499999999999999,
      "shove" : 0.69499999999999995
    },
    "A5s" : {
      "shove" : 1
    },
    "A6s" : {
      "call" : 0.95509999999999995,
      "raise3x" : 0.044900000000000002
    },
    "A7s" : {
      "call" : 0.29499999999999998,
      "shove" : 0.70499999999999996
    },
    "A8o" : {
      "fold" : 0.97009999999999996,
      "raise3x" : 0.029899999999999999
    },
    "A8s" : {
      "call" : 0.58299999999999996,
      "shove" : 0.41699999999999998
    },
    "A9o" : {
      "call" : 0.29499999999999998,
      "fold" : 0.65010000000000001,
      "raise3x" : 0.054899999999999997
    },
    "A9s" : {
      "shove" : 1
    },
    "AA" : {
      "call" : 0.92000000000000004,
      "raise3x" : 0.080000000000000002
    },
    "AJo" : {
      "shove" : 1
    },
    "AJs" : {
      "raise3x" : 0.029899999999999999,
      "shove" : 0.97009999999999996
    },
    "AKo" : {
      "shove" : 1
    },
    "AKs" : {
      "shove" : 1
    },
    "AQo" : {
      "shove" : 1
    },
    "AQs" : {
      "shove" : 1
    },
    "ATo" : {
      "call" : 0.32000000000000001,
      "raise3x" : 0.019900000000000001,
      "shove" : 0.66010000000000002
    },
    "ATs" : {
      "call" : 0.45229999999999998,
      "raise3x" : 0.095399999999999999,
      "shove" : 0.45229999999999998
    },
    "J9s" : {
      "call" : 0.23499999999999999,
      "fold" : 0.76500000000000001
    },
    "JJ" : {
      "shove" : 1
    },
    "JTs" : {
      "shove" : 1
    },
    "K8s" : {
      "call" : 0.044900000000000002,
      "fold" : 0.95509999999999995
    },
    "K9s" : {
      "call" : 0.96509999999999996,
      "raise3x" : 0.0349
    },
    "KJo" : {
      "call" : 0.97009999999999996,
      "raise3x" : 0.029899999999999999
    },
    "KJs" : {
      "shove" : 1
    },
    "KK" : {
      "call" : 0.51749999999999996,
      "raise3x" : 0.22389999999999999,
      "shove" : 0.2586
    },
    "KQo" : {
      "shove" : 1
    },
    "KQs" : {
      "shove" : 1
    },
    "KTs" : {
      "call" : 0.28129999999999999,
      "shove" : 0.71870000000000001
    },
    "Q9s" : {
      "call" : 1
    },
    "QJo" : {
      "call" : 0.32990000000000003,
      "fold" : 0.66010000000000002,
      "raise3x" : 0.01
    },
    "QJs" : {
      "shove" : 1
    },
    "QQ" : {
      "shove" : 1
    },
    "QTs" : {
      "call" : 0.2049,
      "shove" : 0.79510000000000003
    },
    "T8s" : {
      "call" : 0.46999999999999997,
      "fold" : 0.53000000000000003
    },
    "T9s" : {
      "call" : 0.74509999999999998,
      "shove" : 0.25490000000000002
    },
    "TT" : {
      "shove" : 1
    }
  },
  "id" : "mtt_8max_20bb_btn_vsopen",
  "source" : {
    "description" : "RangeConverter free PDF — 8-max 20bb 1bb ante (12.5%).",
    "publisher" : {
      "accessedDate" : "2026-06-01",
      "name" : "RangeConverter",
      "product" : "Free Poker Charts — 8 max 1bb ante MTT GTO Ranges",
      "treeParams" : "poker.academy CE-Symmetric Regular @ 20bb (GTO ChipEV, 1bb ante)",
      "url" : "https:\/\/rangeconverter.com\/free-poker-charts"
    },
    "solver" : {
      "assumptions" : "Frequencies rounded to nearest 25% per source. ChipEV (non-ICM). 1bb (12.5%) big-blind ante."
    },
    "type" : "published"
  },
  "spot" : {
    "anteType" : "bigBlindAnte",
    "facingAction" : "vsOpen",
    "position" : "BTN",
    "stackDepthBB" : 20
  }
}