{
  "format" : "NLHE_MTT_9MAX",
  "hands" : {
    "22" : {
      "call" : 1
    },
    "33" : {
      "call" : 1
    },
    "44" : {
      "call" : 1
    },
    "54s" : {
      "call" : 1
    },
    "55" : {
      "call" : 1
    },
    "65s" : {
      "call" : 1
    },
    "66" : {
      "call" : 1
    },
    "76s" : {
      "call" : 1
    },
    "77" : {
      "call" : 1
    },
    "86s" : {
      "call" : 1
    },
    "87s" : {
      "call" : 1
    },
    "88" : {
      "call" : 1
    },
    "97s" : {
      "call" : 1
    },
    "98s" : {
      "call" : 1
    },
    "99" : {
      "call" : 1
    },
    "A2s" : {
      "call" : 1
    },
    "A3s" : {
      "call" : 1
    },
    "A4s" : {
      "call" : 0.83609999999999995,
      "shove" : 0.16389999999999999
    },
    "A5s" : {
      "call" : 0.98999999999999999,
      "shove" : 0.01
    },
    "A6s" : {
      "call" : 1
    },
    "A7s" : {
      "call" : 1
    },
    "A8s" : {
      "call" : 1
    },
    "A9s" : {
      "call" : 1
    },
    "AA" : {
      "call" : 1
    },
    "AJo" : {
      "call" : 0.99419999999999997,
      "raise25x" : 0.0057999999999999996
    },
    "AJs" : {
      "call" : 1
    },
    "AKo" : {
      "call" : 0.16,
      "raise25x" : 0.0079000000000000008,
      "shove" : 0.83209999999999995
    },
    "AKs" : {
      "call" : 0.99419999999999997,
      "raise25x" : 0.0057999999999999996
    },
    "AQo" : {
      "call" : 1
    },
    "AQs" : {
      "call" : 1
    },
    "ATo" : {
      "call" : 0.96999999999999997,
      "fold" : 0.029999999999999999
    },
    "ATs" : {
      "call" : 1
    },
    "J8s" : {
      "call" : 1
    },
    "J9s" : {
      "call" : 1
    },
    "JJ" : {
      "call" : 0.32600000000000001,
      "shove" : 0.67400000000000004
    },
    "JTs" : {
      "call" : 1
    },
    "K4s" : {
      "call" : 0.78810000000000002,
      "fold" : 0.21190000000000001
    },
    "K5s" : {
      "call" : 1
    },
    "K6s" : {
      "call" : 1
    },
    "K7s" : {
      "call" : 0.99209999999999998,
      "fold" : 0.0079000000000000008
    },
    "K8s" : {
      "call" : 0.97219999999999995,
      "fold" : 0.027800000000000002
    },
    "K9s" : {
      "call" : 1
    },
    "KJo" : {
      "call" : 0.8478,
      "fold" : 0.1522
    },
    "KJs" : {
      "call" : 1
    },
    "KK" : {
      "call" : 0.98819999999999997,
      "raise25x" : 0.0118
    },
    "KQo" : {
      "call" : 1
    },
    "KQs" : {
      "call" : 1
    },
    "KTo" : {
      "call" : 0.067900000000000002,
      "fold" : 0.93210000000000004
    },
    "KTs" : {
      "call" : 1
    },
    "Q8s" : {
      "call" : 0.75009999999999999,
      "fold" : 0.24990000000000001
    },
    "Q9s" : {
      "call" : 1
    },
    "QJs" : {
      "call" : 1
    },
    "QQ" : {
      "call" : 0.82210000000000005,
      "shove" : 0.1779
    },
    "QTo" : {
      "call" : 0.122,
      "fold" : 0.878
    },
    "QTs" : {
      "call" : 1
    },
    "T7s" : {
      "call" : 0.33800000000000002,
      "fold" : 0.66200000000000003
    },
    "T8s" : {
      "call" : 1
    },
    "T9s" : {
      "call" : 1
    },
    "TT" : {
      "call" : 1
    }
  },
  "id" : "mtt_9max_60bb_hj_vs3bet_vs_sb",
  "source" : {
    "description" : "Adapted from RangeConverter 8-max baseline.",
    "publisher" : {
      "accessedDate" : "2026-06-01",
      "name" : "RangeConverter",
      "product" : "Free Poker Charts — 8 max 1bb ante MTT GTO Ranges",
      "treeParams" : "2.5x open, 3.5x 3bet IP, 4.5x 3bet OOP, 2.3x 4bet IP, 2.75x 4bet OOP, SB vs BB 3.2bb",
      "url" : "https:\/\/rangeconverter.com\/free-poker-charts"
    },
    "solver" : {
      "assumptions" : "Frequencies rounded to nearest 25% per source. ChipEV (non-ICM). 1bb (12.5%) big-blind ante. Copied verbatim from 8-max HJ (same effective seat in 9-max)."
    },
    "type" : "published"
  },
  "spot" : {
    "anteType" : "bigBlindAnte",
    "facingAction" : "vs3Bet",
    "opponentPosition" : "SB",
    "position" : "HJ",
    "stackDepthBB" : 60
  }
}