{
  "format" : "NLHE_MTT_8MAX",
  "hands" : {
    "55" : {
      "call" : 0.2049,
      "fold" : 0.79510000000000003
    },
    "65s" : {
      "call" : 1
    },
    "66" : {
      "call" : 0.69999999999999996,
      "fold" : 0.29999999999999999
    },
    "76s" : {
      "call" : 0.36549999999999999,
      "fold" : 0.63449999999999995
    },
    "77" : {
      "call" : 0.76500000000000001,
      "fold" : 0.23499999999999999
    },
    "88" : {
      "call" : 1
    },
    "99" : {
      "call" : 1
    },
    "A3s" : {
      "call" : 0.25490000000000002,
      "fold" : 0.74509999999999998
    },
    "A4s" : {
      "call" : 1
    },
    "A5s" : {
      "call" : 1
    },
    "A7s" : {
      "call" : 0.4199,
      "fold" : 0.58009999999999995
    },
    "A8s" : {
      "call" : 1
    },
    "A9s" : {
      "call" : 1
    },
    "AA" : {
      "call" : 1
    },
    "AJo" : {
      "call" : 0.74509999999999998,
      "fold" : 0.25490000000000002
    },
    "AJs" : {
      "call" : 1
    },
    "AKo" : {
      "shove" : 1
    },
    "AKs" : {
      "call" : 0.41489999999999999,
      "shove" : 0.58509999999999995
    },
    "AQo" : {
      "call" : 0.63,
      "shove" : 0.37
    },
    "AQs" : {
      "call" : 1
    },
    "ATo" : {
      "call" : 0.1799,
      "fold" : 0.82010000000000005
    },
    "ATs" : {
      "call" : 1
    },
    "JJ" : {
      "call" : 0.58009999999999995,
      "shove" : 0.4199
    },
    "JTs" : {
      "call" : 1
    },
    "K6s" : {
      "call" : 1
    },
    "K8s" : {
      "call" : 0.20979999999999999,
      "fold" : 0.79020000000000001
    },
    "K9s" : {
      "call" : 1
    },
    "KJo" : {
      "call" : 0.22500000000000001,
      "fold" : 0.77500000000000002
    },
    "KJs" : {
      "call" : 1
    },
    "KK" : {
      "call" : 1
    },
    "KQo" : {
      "call" : 1
    },
    "KQs" : {
      "call" : 0.12989999999999999,
      "shove" : 0.87009999999999998
    },
    "KTs" : {
      "call" : 1
    },
    "QJs" : {
      "call" : 0.91000000000000003,
      "shove" : 0.089999999999999997
    },
    "QQ" : {
      "call" : 0.080000000000000002,
      "shove" : 0.92000000000000004
    },
    "QTs" : {
      "call" : 1
    },
    "T9s" : {
      "call" : 0.4249,
      "fold" : 0.57509999999999994
    },
    "TT" : {
      "call" : 1
    }
  },
  "id" : "mtt_8max_30bb_utg1_vs3bet_vs_bb",
  "source" : {
    "description" : "RangeConverter free PDF — 8-max 30bb 1bb ante (12.5%).",
    "publisher" : {
      "accessedDate" : "2026-06-01",
      "name" : "RangeConverter",
      "product" : "Free Poker Charts — 8 max 1bb ante MTT GTO Ranges",
      "treeParams" : "poker.academy CE-Symmetric Regular @ 30bb (GTO ChipEV, 1bb ante)",
      "url" : "https:\/\/rangeconverter.com\/free-poker-charts"
    },
    "solver" : {
      "assumptions" : "Frequencies rounded to nearest 25% per source. ChipEV (non-ICM). 1bb (12.5%) big-blind ante."
    },
    "type" : "published"
  },
  "spot" : {
    "anteType" : "bigBlindAnte",
    "facingAction" : "vs3Bet",
    "opponentPosition" : "BB",
    "position" : "UTG1",
    "stackDepthBB" : 30
  }
}