{
  "format" : "NLHE_MTT_9MAX",
  "hands" : {
    "22" : {
      "call" : 1
    },
    "32s" : {
      "call" : 1
    },
    "33" : {
      "call" : 1
    },
    "42s" : {
      "call" : 1
    },
    "43s" : {
      "call" : 1
    },
    "44" : {
      "call" : 1
    },
    "52s" : {
      "call" : 1
    },
    "53o" : {
      "call" : 0.29999999999999999,
      "fold" : 0.69999999999999996
    },
    "53s" : {
      "call" : 1
    },
    "54o" : {
      "call" : 1
    },
    "54s" : {
      "call" : 0.7419,
      "raise25x" : 0.2581
    },
    "55" : {
      "call" : 1
    },
    "62s" : {
      "call" : 1
    },
    "63s" : {
      "call" : 1
    },
    "64o" : {
      "call" : 0.19589999999999999,
      "fold" : 0.80410000000000004
    },
    "64s" : {
      "call" : 1
    },
    "65o" : {
      "call" : 1
    },
    "65s" : {
      "call" : 0.65590000000000004,
      "raise25x" : 0.34410000000000002
    },
    "66" : {
      "call" : 1
    },
    "73s" : {
      "call" : 1
    },
    "74s" : {
      "call" : 1
    },
    "75o" : {
      "call" : 0.032000000000000001,
      "fold" : 0.96799999999999997
    },
    "75s" : {
      "call" : 1
    },
    "76o" : {
      "call" : 1
    },
    "76s" : {
      "call" : 0.6381,
      "raise25x" : 0.3619
    },
    "77" : {
      "call" : 1
    },
    "82s" : {
      "call" : 1
    },
    "83s" : {
      "call" : 0.94620000000000004,
      "fold" : 0.053800000000000001
    },
    "84s" : {
      "call" : 1
    },
    "85s" : {
      "call" : 1
    },
    "86o" : {
      "call" : 0.44190000000000002,
      "fold" : 0.55810000000000004
    },
    "86s" : {
      "call" : 1
    },
    "87o" : {
      "call" : 1
    },
    "87s" : {
      "call" : 0.62209999999999999,
      "raise25x" : 0.37790000000000001
    },
    "88" : {
      "call" : 1
    },
    "92s" : {
      "call" : 1
    },
    "93s" : {
      "call" : 1
    },
    "94s" : {
      "call" : 1
    },
    "95s" : {
      "call" : 1
    },
    "96s" : {
      "call" : 1
    },
    "97o" : {
      "call" : 0.182,
      "fold" : 0.81799999999999995
    },
    "97s" : {
      "call" : 1
    },
    "98o" : {
      "call" : 0.82609999999999995,
      "fold" : 0.1739
    },
    "98s" : {
      "call" : 0.76000000000000001,
      "raise25x" : 0.23999999999999999
    },
    "99" : {
      "call" : 0.98399999999999999,
      "raise25x" : 0.016
    },
    "A2s" : {
      "call" : 0.96220000000000006,
      "raise25x" : 0.0378
    },
    "A3s" : {
      "call" : 0.99419999999999997,
      "raise25x" : 0.0057999999999999996
    },
    "A4o" : {
      "call" : 0.38190000000000002,
      "fold" : 0.61809999999999998
    },
    "A4s" : {
      "call" : 0.8901,
      "raise25x" : 0.1099
    },
    "A5o" : {
      "call" : 1
    },
    "A5s" : {
      "call" : 0.246,
      "raise25x" : 0.754
    },
    "A6o" : {
      "call" : 0.4199,
      "fold" : 0.58009999999999995
    },
    "A6s" : {
      "call" : 0.83809999999999996,
      "raise25x" : 0.16189999999999999
    },
    "A7o" : {
      "call" : 0.93020000000000003,
      "fold" : 0.069800000000000001
    },
    "A7s" : {
      "call" : 0.65200000000000002,
      "raise25x" : 0.34799999999999998
    },
    "A8o" : {
      "call" : 1
    },
    "A8s" : {
      "call" : 0.54390000000000005,
      "raise25x" : 0.45610000000000001
    },
    "A9o" : {
      "call" : 1
    },
    "A9s" : {
      "call" : 0.80010000000000003,
      "raise25x" : 0.19989999999999999
    },
    "AA" : {
      "raise25x" : 1
    },
    "AJo" : {
      "call" : 0.86809999999999998,
      "raise25x" : 0.13189999999999999
    },
    "AJs" : {
      "call" : 1
    },
    "AKo" : {
      "call" : 0.38,
      "raise25x" : 0.62
    },
    "AKs" : {
      "raise25x" : 1
    },
    "AQo" : {
      "call" : 0.72199999999999998,
      "raise25x" : 0.27800000000000002
    },
    "AQs" : {
      "call" : 1
    },
    "ATo" : {
      "call" : 0.71409999999999996,
      "raise25x" : 0.28589999999999999
    },
    "ATs" : {
      "call" : 0.72009999999999996,
      "raise25x" : 0.27989999999999998
    },
    "J2s" : {
      "call" : 1
    },
    "J3s" : {
      "call" : 1
    },
    "J4s" : {
      "call" : 1
    },
    "J5s" : {
      "call" : 1
    },
    "J6s" : {
      "call" : 1
    },
    "J7s" : {
      "call" : 1
    },
    "J8s" : {
      "call" : 1
    },
    "J9o" : {
      "call" : 1
    },
    "J9s" : {
      "call" : 0.70809999999999995,
      "raise25x" : 0.29189999999999999
    },
    "JJ" : {
      "call" : 0.57589999999999997,
      "raise25x" : 0.42409999999999998
    },
    "JTo" : {
      "call" : 1
    },
    "JTs" : {
      "call" : 0.54810000000000003,
      "raise25x" : 0.45190000000000002
    },
    "K2s" : {
      "call" : 1
    },
    "K3s" : {
      "call" : 1
    },
    "K4s" : {
      "call" : 1
    },
    "K5s" : {
      "call" : 1
    },
    "K6o" : {
      "call" : 0.6079,
      "fold" : 0.3921
    },
    "K6s" : {
      "call" : 0.87619999999999998,
      "raise25x" : 0.12379999999999999
    },
    "K7o" : {
      "call" : 0.15579999999999999,
      "fold" : 0.84419999999999995
    },
    "K7s" : {
      "call" : 1
    },
    "K8o" : {
      "call" : 0.68610000000000004,
      "fold" : 0.31390000000000001
    },
    "K8s" : {
      "call" : 1
    },
    "K9o" : {
      "call" : 1
    },
    "K9s" : {
      "call" : 0.82799999999999996,
      "raise25x" : 0.17199999999999999
    },
    "KJo" : {
      "call" : 0.91210000000000002,
      "raise25x" : 0.087900000000000006
    },
    "KJs" : {
      "raise25x" : 1
    },
    "KK" : {
      "raise25x" : 1
    },
    "KQo" : {
      "call" : 0.98209999999999997,
      "raise25x" : 0.017899999999999999
    },
    "KQs" : {
      "call" : 0.55389999999999995,
      "raise25x" : 0.4461
    },
    "KTo" : {
      "call" : 1
    },
    "KTs" : {
      "call" : 0.21590000000000001,
      "raise25x" : 0.78410000000000002
    },
    "Q2s" : {
      "call" : 1
    },
    "Q3s" : {
      "call" : 1
    },
    "Q4s" : {
      "call" : 1
    },
    "Q5s" : {
      "call" : 1
    },
    "Q6s" : {
      "call" : 1
    },
    "Q7s" : {
      "call" : 1
    },
    "Q8s" : {
      "call" : 1
    },
    "Q9o" : {
      "call" : 1
    },
    "Q9s" : {
      "call" : 1
    },
    "QJo" : {
      "call" : 1
    },
    "QJs" : {
      "call" : 0.35589999999999999,
      "raise25x" : 0.64410000000000001
    },
    "QQ" : {
      "call" : 0.01,
      "raise25x" : 0.98999999999999999
    },
    "QTo" : {
      "call" : 1
    },
    "QTs" : {
      "call" : 0.91210000000000002,
      "raise25x" : 0.087900000000000006
    },
    "T2s" : {
      "call" : 1
    },
    "T3s" : {
      "call" : 1
    },
    "T4s" : {
      "call" : 1
    },
    "T5s" : {
      "call" : 1
    },
    "T6s" : {
      "call" : 1
    },
    "T7s" : {
      "call" : 1
    },
    "T8o" : {
      "call" : 0.49199999999999999,
      "fold" : 0.50800000000000001
    },
    "T8s" : {
      "call" : 0.97009999999999996,
      "raise25x" : 0.029899999999999999
    },
    "T9o" : {
      "call" : 1
    },
    "T9s" : {
      "call" : 0.59399999999999997,
      "raise25x" : 0.40600000000000003
    },
    "TT" : {
      "call" : 0.67210000000000003,
      "raise25x" : 0.32790000000000002
    }
  },
  "id" : "mtt_9max_60bb_bb_vsopen_vs_utg",
  "source" : {
    "description" : "Adapted from RangeConverter 8-max baseline.",
    "publisher" : {
      "accessedDate" : "2026-06-01",
      "name" : "RangeConverter",
      "product" : "Free Poker Charts — 8 max 1bb ante MTT GTO Ranges",
      "treeParams" : "2.5x open, 3.5x 3bet IP, 4.5x 3bet OOP, 2.3x 4bet IP, 2.75x 4bet OOP, SB vs BB 3.2bb",
      "url" : "https:\/\/rangeconverter.com\/free-poker-charts"
    },
    "solver" : {
      "assumptions" : "Frequencies rounded to nearest 25% per source. ChipEV (non-ICM). 1bb (12.5%) big-blind ante. Copied verbatim from 8-max BB (same effective seat in 9-max)."
    },
    "type" : "published"
  },
  "spot" : {
    "anteType" : "bigBlindAnte",