{
  "format" : "NLHE_MTT_8MAX",
  "hands" : {
    "54s" : {
      "call" : 1
    },
    "55" : {
      "call" : 1
    },
    "65s" : {
      "call" : 1
    },
    "66" : {
      "call" : 1
    },
    "76s" : {
      "call" : 1
    },
    "77" : {
      "call" : 0.67510000000000003,
      "fold" : 0.30499999999999999,
      "shove" : 0.019900000000000001
    },
    "87s" : {
      "call" : 1
    },
    "88" : {
      "call" : 0.84999999999999998,
      "fold" : 0.14999999999999999
    },
    "98s" : {
      "call" : 1
    },
    "99" : {
      "call" : 1
    },
    "A3s" : {
      "shove" : 1
    },
    "A4s" : {
      "call" : 0.039899999999999998,
      "shove" : 0.96009999999999995
    },
    "A5s" : {
      "call" : 0.054899999999999997,
      "shove" : 0.94510000000000005
    },
    "A6s" : {
      "call" : 0.25490000000000002,
      "fold" : 0.74509999999999998
    },
    "A7s" : {
      "call" : 0.24859999999999999,
      "fold" : 0.65690000000000004,
      "shove" : 0.094500000000000001
    },
    "A8s" : {
      "call" : 0.34489999999999998,
      "fold" : 0.65510000000000002
    },
    "A9s" : {
      "call" : 0.79510000000000003,
      "fold" : 0.2049
    },
    "AA" : {
      "call" : 0.61499999999999999,
      "shove" : 0.38500000000000001
    },
    "AJs" : {
      "call" : 1
    },
    "AKo" : {
      "shove" : 1
    },
    "AKs" : {
      "shove" : 1
    },
    "AQo" : {
      "call" : 1
    },
    "AQs" : {
      "call" : 1
    },
    "ATs" : {
      "call" : 1
    },
    "JJ" : {
      "call" : 0.375,
      "shove" : 0.625
    },
    "JTs" : {
      "call" : 0.56989999999999996,
      "fold" : 0.43009999999999998
    },
    "KJs" : {
      "call" : 1
    },
    "KK" : {
      "shove" : 1
    },
    "KQs" : {
      "call" : 1
    },
    "KTs" : {
      "call" : 1
    },
    "QJs" : {
      "call" : 1
    },
    "QQ" : {
      "shove" : 1
    },
    "QTs" : {
      "call" : 1
    },
    "T8s" : {
      "call" : 0.33889999999999998,
      "fold" : 0.66110000000000002
    },
    "T9s" : {
      "call" : 1
    },
    "TT" : {
      "call" : 0.84499999999999997,
      "shove" : 0.155
    }
  },
  "id" : "mtt_8max_40bb_utg_vs3bet_vs_btn",
  "source" : {
    "description" : "RangeConverter free PDF — 8-max 40bb 1bb ante (12.5%).",
    "publisher" : {
      "accessedDate" : "2026-06-01",
      "name" : "RangeConverter",
      "product" : "Free Poker Charts — 8 max 1bb ante MTT GTO Ranges",
      "treeParams" : "poker.academy CE-Symmetric Regular @ 40bb (GTO ChipEV, 1bb ante)",
      "url" : "https:\/\/rangeconverter.com\/free-poker-charts"
    },
    "solver" : {
      "assumptions" : "Frequencies rounded to nearest 25% per source. ChipEV (non-ICM). 1bb (12.5%) big-blind ante."
    },
    "type" : "published"
  },
  "spot" : {
    "anteType" : "bigBlindAnte",
    "facingAction" : "vs3Bet",
    "opponentPosition" : "BTN",
    "position" : "UTG",
    "stackDepthBB" : 40
  }
}