{
  "format" : "NLHE_MTT_8MAX",
  "hands" : {
    "44" : {
      "call" : 0.8901,
      "fold" : 0.045100000000000001,
      "shove" : 0.064799999999999996
    },
    "54s" : {
      "call" : 0.85289999999999999,
      "fold" : 0.14280000000000001,
      "shove" : 0.0043
    },
    "55" : {
      "call" : 0.99209999999999998,
      "fold" : 0.0077000000000000002
    },
    "66" : {
      "call" : 0.65269999999999995,
      "shove" : 0.3468
    },
    "76s" : {
      "call" : 0.94679999999999997,
      "fold" : 0.053100000000000001
    },
    "77" : {
      "call" : 0.97650000000000003,
      "fold" : 0.017100000000000001,
      "shove" : 0.0064000000000000003
    },
    "83s" : {
      "call" : 0.35549999999999998,
      "fold" : 0.076200000000000004,
      "shove" : 0.56830000000000003
    },
    "87s" : {
      "call" : 0.56540000000000001,
      "fold" : 0.053400000000000003,
      "shove" : 0.38129999999999997
    },
    "88" : {
      "call" : 0.99850000000000005,
      "fold" : 0.0011999999999999999
    },
    "98s" : {
      "call" : 0.85429999999999995,
      "fold" : 0.064799999999999996,
      "shove" : 0.0809
    },
    "99" : {
      "call" : 0.99739999999999995,
      "shove" : 0.0019
    },
    "A2o" : {
      "call" : 0.52629999999999999,
      "fold" : 0.47270000000000001
    },
    "A2s" : {
      "call" : 0.9446,
      "fold" : 0.055300000000000002
    },
    "A3o" : {
      "call" : 0.6109,
      "fold" : 0.38790000000000002,
      "shove" : 0.0011999999999999999
    },
    "A3s" : {
      "call" : 0.70730000000000004,
      "fold" : 0.23380000000000001,
      "shove" : 0.058900000000000001
    },
    "A4o" : {
      "call" : 0.9869,
      "fold" : 0.012500000000000001
    },
    "A4s" : {
      "call" : 0.95399999999999996,
      "fold" : 0.02,
      "shove" : 0.026100000000000002
    },
    "A5o" : {
      "call" : 0.99960000000000004
    },
    "A5s" : {
      "call" : 0.9758,
      "fold" : 0.018100000000000002,
      "shove" : 0.0061000000000000004
    },
    "A6o" : {
      "call" : 0.99450000000000005,
      "fold" : 0.0044000000000000003,
      "shove" : 0.0011000000000000001
    },
    "A6s" : {
      "call" : 0.876,
      "fold" : 0.1225,
      "shove" : 0.0014
    },
    "A7o" : {
      "call" : 0.96599999999999997,
      "fold" : 0.031199999999999999,
      "shove" : 0.0027000000000000001
    },
    "A7s" : {
      "call" : 0.96560000000000001,
      "fold" : 0.0315,
      "shove" : 0.0028999999999999998
    },
    "A8o" : {
      "call" : 0.52439999999999998,
      "fold" : 0.47499999999999998
    },
    "A8s" : {
      "call" : 0.97909999999999997,
      "fold" : 0.0201
    },
    "A9o" : {
      "call" : 0.99639999999999995,
      "shove" : 0.0035000000000000001
    },
    "A9s" : {
      "call" : 0.98350000000000004,
      "fold" : 0.0144,
      "shove" : 0.0020999999999999999
    },
    "AA" : {
      "shove" : 1
    },
    "AJo" : {
      "call" : 0.99839999999999995,
      "shove" : 0.0016000000000000001
    },
    "AJs" : {
      "call" : 0.9194,
      "shove" : 0.080399999999999999
    },
    "AKo" : {
      "call" : 0.5121,
      "shove" : 0.4879
    },
    "AKs" : {
      "call" : 0.17069999999999999,
      "fold" : 0.0011000000000000001,
      "shove" : 0.82830000000000004
    },
    "AQo" : {
      "call" : 0.98080000000000001,
      "shove" : 0.019
    },
    "AQs" : {
      "call" : 0.96099999999999997,
      "shove" : 0.039
    },
    "ATo" : {
      "call" : 0.99670000000000003,
      "fold" : 0.0025999999999999999
    },
    "ATs" : {
      "call" : 0.94810000000000005,
      "fold" : 0.029700000000000001,
      "shove" : 0.022200000000000001
    },
    "J7s" : {
      "call" : 0.53959999999999997,
      "fold" : 0.4602
    },
    "J8s" : {
      "call" : 0.79600000000000004,
      "fold" : 0.042799999999999998,
      "shove" : 0.16120000000000001
    },
    "J9s" : {
      "call" : 0.66669999999999996,
      "fold" : 0.0688,
      "shove" : 0.26450000000000001
    },
    "JJ" : {
      "call" : 0.66569999999999996,
      "shove" : 0.33400000000000002
    },
    "JTo" : {
      "call" : 0.99370000000000003,
      "fold" : 0.0058999999999999999
    },
    "JTs" : {
      "call" : 0.93340000000000001,
      "fold" : 0.0654,
      "shove" : 0.0011000000000000001
    },
    "K2s" : {
      "call" : 0.87849999999999995,
      "fold" : 0.0969,
      "shove" : 0.0246
    },
    "K3s" : {
      "call" : 0.91410000000000002,
      "fold" : 0.057700000000000001,
      "shove" : 0.028199999999999999
    },
    "K4s" : {
      "call" : 0.2777,
      "fold" : 0.69750000000000001,
      "shove" : 0.024799999999999999
    },
    "K5s" : {
      "call" : 0.41089999999999999,
      "fold" : 0.58399999999999996,
      "shove" : 0.0051000000000000004
    },
    "K6s" : {
      "call" : 0.72909999999999997,
      "fold" : 0.2666,
      "shove" : 0.0043
    },
    "K7o" : {
      "call" : 0.99539999999999995,
      "fold" : 0.0030000000000000001,
      "shove" : 0.0016000000000000001
    },
    "K7s" : {
      "call" : 0.97789999999999999,
      "fold" : 0.021999999999999999
    },
    "K8o" : {
      "call" : 0.93020000000000003,
      "fold" : 0.069099999999999995
    },
    "K8s" : {
      "call" : 0.38269999999999998,
      "fold" : 0.0054000000000000003,
      "shove" : 0.61180000000000001
    },
    "K9s" : {
      "call" : 0.9284,
      "fold" : 0.012699999999999999,
      "shove" : 0.058799999999999998
    },
    "KJo" : {
      "call" : 0.99790000000000001,
      "shove" : 0.0019
    },
    "KJs" : {
      "call" : 0.92810000000000004,
      "shove" : 0.071900000000000006
    },
    "KK" : {
      "call" : 0.0044999999999999997,
      "shove" : 0.99550000000000005
    },
    "KQo" : {
      "call" : 0.99839999999999995
    },
    "KQs" : {
      "call" : 0.99080000000000001,
      "fold" : 0.0019,
      "shove" : 0.0073000000000000001
    },
    "KTo" : {
      "call" : 0.99690000000000001,
      "fold" : 0.0018,
      "shove" : 0.0014
    },
    "KTs" : {
      "call" : 0.98550000000000004,
      "fold" : 0.0134,
      "shove" : 0.0011000000000000001
    },
    "Q3s" : {
      "call" : 0.83479999999999999,
      "fold" : 0.0746,
      "shove" : 0.090700000000000003
    },
    "Q4s" : {
      "call" : 0.68300000000000005,
      "fold" : 0.31619999999999998
    },
    "Q5s" : {
      "call" : 0.18290000000000001,
      "fold" : 0.0037000000000000002,
      "shove" : 0.8135
    },
    "Q7s" : {
      "call" : 0.8498,
      "fold" : 0.14949999999999999
    },
    "Q8o" : {
      "call" : 0.47989999999999999,
      "fold" : 0.52000000000000002
    },
    "Q9o" : {
      "call" : 0.94299999999999995,
      "fold" : 0.057000000000000002
    },
    "Q9s" : {
      "call" : 0.73270000000000002,
      "fold" : 0.13250000000000001,
      "shove" : 0.1348
    },
    "QJo" : {
      "call" : 0.99880000000000002
    },
    "QJs" : {
      "call" : 0.97860000000000003,
      "fold" : 0.0212
    },
    "QQ" : {
      "call" : 0.4672,
      "shove" : 0.53280000000000005
    },
    "QTo" : {
      "call" : 0.96430000000000005,
      "fold" : 0.021100000000000001,
      "shove" : 0.0147
    },
    "QTs" : {
      "call" : 0.86270000000000002,
      "fold" : 0.010800000000000001,
      "shove" : 0.12659999999999999
    },
    "T3s" : {
      "call" : 0.50870000000000004,
      "fold" : 0.48820000000000002,
      "shove" : 0.0030999999999999999
    },
    "T4s" : {
      "call" : 0.96860000000000002,
      "fold" : 0.0177,
      "shove" : 0.013599999999999999
    },
    "T8s" : {
      "call" : 0.98780000000000001,
      "fold" : 0.0112
    },
    "T9s" : {
      "call" : 0.97970000000000002,
      "fold" : 0.019,
      "shove" : 0.0012999999999999999
    },
    "TT" : {
      "call" : 0.66180000000000005,
      "shove" : 0.3382
    }
  },
  "id" : "mtt_8max_30bb_lj_vs3bet",
  "source" : {
    "description" : "RangeConverter free PDF — 8-max 30bb 1bb ante (12.5%).",
    "publisher" : {
      "accessedDate" : "2026-06-01",