{
  "format" : "NLHE_MTT_8MAX",
  "hands" : {
    "22" : {
      "call" : 1
    },
    "33" : {
      "call" : 1
    },
    "44" : {
      "call" : 1
    },
    "54s" : {
      "call" : 1
    },
    "55" : {
      "call" : 1
    },
    "65s" : {
      "call" : 0.66010000000000002,
      "fold" : 0.33989999999999998
    },
    "66" : {
      "call" : 0.82509999999999994,
      "raise3x" : 0.1749
    },
    "76s" : {
      "call" : 1
    },
    "77" : {
      "call" : 0.60999999999999999,
      "raise3x" : 0.39000000000000001
    },
    "86s" : {
      "call" : 0.54000000000000004,
      "fold" : 0.46000000000000002
    },
    "87s" : {
      "call" : 0.87509999999999999,
      "raise3x" : 0.1249
    },
    "88" : {
      "call" : 0.18079999999999999,
      "raise3x" : 0.37690000000000001,
      "shove" : 0.44230000000000003
    },
    "97s" : {
      "call" : 0.59509999999999996,
      "fold" : 0.10489999999999999,
      "raise3x" : 0.29999999999999999
    },
    "98s" : {
      "call" : 0.755,
      "raise3x" : 0.245
    },
    "99" : {
      "call" : 0.014999999999999999,
      "raise3x" : 0.92479999999999996,
      "shove" : 0.060199999999999997
    },
    "A2s" : {
      "call" : 0.97030000000000005,
      "raise3x" : 0.019800000000000002,
      "shove" : 0.0099000000000000008
    },
    "A3s" : {
      "call" : 1
    },
    "A4s" : {
      "call" : 0.67010000000000003,
      "raise3x" : 0.32990000000000003
    },
    "A5s" : {
      "call" : 0.22500000000000001,
      "raise3x" : 0.77500000000000002
    },
    "A6s" : {
      "call" : 0.73509999999999998,
      "raise3x" : 0.26490000000000002
    },
    "A7s" : {
      "call" : 0.81510000000000005,
      "raise3x" : 0.18490000000000001
    },
    "A8o" : {
      "call" : 0.054899999999999997,
      "fold" : 0.14999999999999999,
      "raise3x" : 0.79510000000000003
    },
    "A8s" : {
      "call" : 1
    },
    "A9o" : {
      "call" : 0.46999999999999997,
      "raise3x" : 0.53000000000000003
    },
    "A9s" : {
      "call" : 1
    },
    "AA" : {
      "raise3x" : 1
    },
    "AJo" : {
      "call" : 0.52510000000000001,
      "raise3x" : 0.34499999999999997,
      "shove" : 0.12989999999999999
    },
    "AJs" : {
      "raise3x" : 1
    },
    "AKo" : {
      "raise3x" : 0.91500000000000004,
      "shove" : 0.085000000000000006
    },
    "AKs" : {
      "raise3x" : 1
    },
    "AQo" : {
      "raise3x" : 0.28999999999999998,
      "shove" : 0.70999999999999996
    },
    "AQs" : {
      "raise3x" : 1
    },
    "ATo" : {
      "call" : 0.22,
      "raise3x" : 0.78000000000000003
    },
    "ATs" : {
      "call" : 1
    },
    "J8s" : {
      "call" : 0.63490000000000002,
      "raise3x" : 0.36509999999999998
    },
    "J9s" : {
      "call" : 0.74009999999999998,
      "raise3x" : 0.25990000000000002
    },
    "JJ" : {
      "raise3x" : 1
    },
    "JTo" : {
      "call" : 0.61499999999999999,
      "raise3x" : 0.38500000000000001
    },
    "JTs" : {
      "shove" : 1
    },
    "K4s" : {
      "call" : 0.56489999999999996,
      "fold" : 0.43509999999999999
    },
    "K5s" : {
      "call" : 0.95009999999999994,
      "raise3x" : 0.0499
    },
    "K6s" : {
      "call" : 0.91500000000000004,
      "raise3x" : 0.085000000000000006
    },
    "K7s" : {
      "call" : 0.55500000000000005,
      "raise3x" : 0.44500000000000001
    },
    "K8s" : {
      "call" : 0.52000000000000002,
      "raise3x" : 0.47999999999999998
    },
    "K9s" : {
      "call" : 0.47999999999999998,
      "raise3x" : 0.52000000000000002
    },
    "KJo" : {
      "call" : 0.63490000000000002,
      "raise3x" : 0.36509999999999998
    },
    "KJs" : {
      "call" : 0.12989999999999999,
      "raise3x" : 0.54510000000000003,
      "shove" : 0.32500000000000001
    },
    "KK" : {
      "raise3x" : 1
    },
    "KQo" : {
      "call" : 0.29499999999999998,
      "raise3x" : 0.58009999999999995,
      "shove" : 0.1249
    },
    "KQs" : {
      "call" : 0.74009999999999998,
      "raise3x" : 0.25990000000000002
    },
    "KTo" : {
      "call" : 0.68500000000000005,
      "raise3x" : 0.315
    },
    "KTs" : {
      "call" : 0.57509999999999994,
      "shove" : 0.4249
    },
    "Q7s" : {
      "call" : 0.19489999999999999,
      "fold" : 0.80510000000000004
    },
    "Q8s" : {
      "call" : 0.78500000000000003,
      "raise3x" : 0.215
    },
    "Q9s" : {
      "call" : 0.77500000000000002,
      "raise3x" : 0.22500000000000001
    },
    "QJo" : {
      "call" : 0.60499999999999998,
      "raise3x" : 0.39500000000000002
    },
    "QJs" : {
      "call" : 0.86019999999999996,
      "shove" : 0.13980000000000001
    },
    "QQ" : {
      "raise3x" : 1
    },
    "QTo" : {
      "call" : 0.70499999999999996,
      "raise3x" : 0.29499999999999998
    },
    "QTs" : {
      "call" : 0.8901,
      "shove" : 0.1099
    },
    "T7s" : {
      "call" : 0.019900000000000001,
      "fold" : 0.98009999999999997
    },
    "T8s" : {
      "call" : 0.78000000000000003,
      "raise3x" : 0.22
    },
    "T9s" : {
      "call" : 0.83999999999999997,
      "raise3x" : 0.16
    },
    "TT" : {
      "raise3x" : 1
    }
  },
  "id" : "mtt_8max_40bb_sb_vsopen_vs_co",
  "source" : {
    "description" : "RangeConverter free PDF — 8-max 40bb 1bb ante (12.5%).",
    "publisher" : {
      "accessedDate" : "2026-06-01",
      "name" : "RangeConverter",
      "product" : "Free Poker Charts — 8 max 1bb ante MTT GTO Ranges",
      "treeParams" : "poker.academy CE-Symmetric Regular @ 40bb (GTO ChipEV, 1bb ante)",
      "url" : "https:\/\/rangeconverter.com\/free-poker-charts"
    },
    "solver" : {
      "assumptions" : "Frequencies rounded to nearest 25% per source. ChipEV (non-ICM). 1bb (12.5%) big-blind ante."
    },
    "type" : "published"
  },
  "spot" : {
    "anteType" : "bigBlindAnte",
    "facingAction" : "vsOpen",
    "opponentPosition" : "CO",
    "position" : "SB",
    "stackDepthBB" : 40
  }
}