{
  "format" : "NLHE_MTT_8MAX",
  "hands" : {
    "22" : {
      "fold" : 1
    },
    "32o" : {
      "fold" : 1
    },
    "32s" : {
      "fold" : 1
    },
    "33" : {
      "fold" : 1
    },
    "42o" : {
      "fold" : 1
    },
    "42s" : {
      "fold" : 1
    },
    "43o" : {
      "fold" : 1
    },
    "43s" : {
      "fold" : 1
    },
    "44" : {
      "fold" : 0.99880000000000002,
      "raise25x" : 0.0011999999999999999
    },
    "52o" : {
      "fold" : 1
    },
    "52s" : {
      "fold" : 1
    },
    "53o" : {
      "fold" : 1
    },
    "53s" : {
      "fold" : 1
    },
    "54o" : {
      "fold" : 1
    },
    "54s" : {
      "fold" : 1
    },
    "55" : {
      "fold" : 0.98550000000000004,
      "raise25x" : 0.014500000000000001
    },
    "62o" : {
      "fold" : 1
    },
    "62s" : {
      "fold" : 1
    },
    "63o" : {
      "fold" : 1
    },
    "63s" : {
      "fold" : 1
    },
    "64o" : {
      "fold" : 1
    },
    "64s" : {
      "fold" : 1
    },
    "65o" : {
      "fold" : 1
    },
    "65s" : {
      "fold" : 0.99950000000000006
    },
    "66" : {
      "fold" : 0.5736,
      "raise25x" : 0.4264
    },
    "72o" : {
      "fold" : 1
    },
    "72s" : {
      "fold" : 1
    },
    "73o" : {
      "fold" : 1
    },
    "73s" : {
      "fold" : 1
    },
    "74o" : {
      "fold" : 1
    },
    "74s" : {
      "fold" : 1
    },
    "75o" : {
      "fold" : 1
    },
    "75s" : {
      "fold" : 1
    },
    "76o" : {
      "fold" : 1
    },
    "76s" : {
      "fold" : 1
    },
    "77" : {
      "raise25x" : 0.99990000000000001
    },
    "82o" : {
      "fold" : 1
    },
    "82s" : {
      "fold" : 1
    },
    "83o" : {
      "fold" : 1
    },
    "83s" : {
      "fold" : 1
    },
    "84o" : {
      "fold" : 1
    },
    "84s" : {
      "fold" : 0.99980000000000002
    },
    "85o" : {
      "fold" : 1
    },
    "85s" : {
      "fold" : 1
    },
    "86o" : {
      "fold" : 1
    },
    "86s" : {
      "fold" : 1
    },
    "87o" : {
      "fold" : 1
    },
    "87s" : {
      "fold" : 0.99990000000000001
    },
    "88" : {
      "raise25x" : 1
    },
    "92o" : {
      "fold" : 1
    },
    "92s" : {
      "fold" : 1
    },
    "93o" : {
      "fold" : 1
    },
    "93s" : {
      "fold" : 1
    },
    "94o" : {
      "fold" : 1
    },
    "94s" : {
      "fold" : 0.99990000000000001
    },
    "95o" : {
      "fold" : 1
    },
    "95s" : {
      "fold" : 0.99990000000000001
    },
    "96o" : {
      "fold" : 1
    },
    "96s" : {
      "fold" : 0.99980000000000002
    },
    "97o" : {
      "fold" : 1
    },
    "97s" : {
      "fold" : 0.99950000000000006
    },
    "98o" : {
      "fold" : 1
    },
    "98s" : {
      "fold" : 0.99990000000000001
    },
    "99" : {
      "raise25x" : 1
    },
    "A2o" : {
      "fold" : 1
    },
    "A2s" : {
      "fold" : 0.99980000000000002
    },
    "A3o" : {
      "fold" : 1
    },
    "A3s" : {
      "fold" : 0.9728,
      "raise25x" : 0.027199999999999998
    },
    "A4o" : {
      "fold" : 0.99980000000000002
    },
    "A4s" : {
      "fold" : 0.99980000000000002
    },
    "A5o" : {
      "fold" : 0.99850000000000005,
      "raise25x" : 0.0015
    },
    "A5s" : {
      "fold" : 0.67010000000000003,
      "raise25x" : 0.32990000000000003
    },
    "A6o" : {
      "fold" : 0.99990000000000001
    },
    "A6s" : {
      "fold" : 0.99680000000000002,
      "raise25x" : 0.0032000000000000002
    },
    "A7o" : {
      "fold" : 0.99939999999999996
    },
    "A7s" : {
      "fold" : 0.60809999999999997,
      "raise25x" : 0.39190000000000003
    },
    "A8o" : {
      "fold" : 0.97760000000000002,
      "raise25x" : 0.0224
    },
    "A8s" : {
      "raise25x" : 1
    },
    "A9o" : {
      "fold" : 0.96989999999999998,
      "raise25x" : 0.030099999999999998
    },
    "A9s" : {
      "raise25x" : 1
    },
    "AA" : {
      "raise25x" : 1
    },
    "AJo" : {
      "raise25x" : 1
    },
    "AJs" : {
      "raise25x" : 1
    },
    "AKo" : {
      "raise25x" : 1
    },
    "AKs" : {
      "raise25x" : 1
    },
    "AQo" : {
      "raise25x" : 1
    },
    "AQs" : {
      "raise25x" : 0.99990000000000001
    },
    "ATo" : {
      "raise25x" : 1
    },
    "ATs" : {
      "raise25x" : 1
    },
    "J2o" : {
      "fold" : 1
    },
    "J2s" : {
      "fold" : 1
    },
    "J3o" : {
      "fold" : 1
    },
    "J3s" : {
      "fold" : 1
    },
    "J4o" : {
      "fold" : 1
    },
    "J4s" : {
      "fold" : 0.99990000000000001
    },
    "J5o" : {
      "fold" : 1
    },
    "J5s" : {
      "fold" : 1
    },
    "J6o" : {
      "fold" : 1
    },
    "J6s" : {
      "fold" : 1
    },
    "J7o" : {
      "fold" : 1
    },
    "J7s" : {
      "fold" : 0.99990000000000001
    },
    "J8o" : {
      "fold" : 1
    },
    "J8s" : {
      "fold" : 0.99970000000000003
    },
    "J9o" : {
      "fold" : 1
    },
    "J9s" : {
      "fold" : 0.99619999999999997,
      "raise25x" : 0.0038
    },
    "JJ" : {
      "raise25x" : 1
    },
    "JTo" : {
      "fold" : 0.99970000000000003
    },
    "JTs" : {
      "fold" : 0.1772,
      "raise25x" : 0.82279999999999998
    },
    "K2o" : {
      "fold" : 1
    },
    "K2s" : {
      "fold" : 1
    },
    "K3o" : {
      "fold" : 1
    },
    "K3s" : {
      "fold" : 0.99990000000000001
    },
    "K4o" : {
      "fold" : 1
    },
    "K4s" : {
      "fold" : 0.99990000000000001
    },
    "K5o" : {
      "fold" : 1
    },
    "K5s" : {
      "fold" : 0.99980000000000002
    },
    "K6o" : {
      "fold" : 0.99990000000000001
    },
    "K6s" : {
      "fold" : 0.99980000000000002
    },
    "K7o" : {
      "fold" : 1
    },
    "K7s" : {
      "fold" : 0.99619999999999997,
      "raise25x" : 0.0038
    },
    "K8o" : {
      "fold" : 0.99990000000000001
    },
    "K8s" : {
      "fold" : 0.999
    },
    "K9o" : {
      "fold" : 0.99980000000000002
    },
    "K9s" : {
      "fold" : 0.7641,
      "raise25x" : 0.2359
    },
    "KJo" : {
      "fold" : 0.074999999999999997,
      "raise25x" : 0.92500000000000004
    },
    "KJs" : {
      "raise25x" : 1
    },
    "KK" : {
      "raise25x" : 1
    },
    "KQo" : {
      "raise25x" : 1
    },
    "KQs" : {
      "raise25x" : 1
    },
    "KTo" : {
      "fold" : 0.99839999999999995,
      "raise25x" : 0.0016000000000000001
    },
    "KTs" : {
      "raise25x" : 1
    },
    "Q2o" : {
      "fold" : 1
    },
    "Q2s" : {
      "fold" : 0.99990000000000001
    },
    "Q3o" : {
      "fold" : 1
    },
    "Q3s" : {
      "fold" : 1
    },
    "Q4o" : {
      "fold" : 1
    },
    "Q4s" : {
      "fold" : 0.99990000000000001
    },
    "Q5o" : {
      "fold" : 1
    },
    "Q5s" : {
      "fold" : 1
    },
    "Q6o" : {
      "fold" : 1
    },
    "Q6s" : {
      "fold" : 1
    },
    "Q7o" : {
      "fold" : 1
    },
    "Q7s" : {
      "fold" : 0.99860000000000004,
      "raise25x" : 0.0014
    },
    "Q8o" : {
      "fold" : 0.99990000000000001
    },
    "Q8s" : {
      "fold" : 0.99970000000000003
    },
    "Q9o" : {
      "fold" : 0.99980000000000002
    },
    "Q9s" : {
      "fold" : 0.99709999999999999,
      "raise25x" : 0.0028999999999999998
    },
    "QJo" : {
      "fold" : 0.99790000000000001,
      "raise25x" : 0.0020999999999999999
    },
    "QJs" : {
      "raise25x" : 1
    },
    "QQ" : {
      "raise25x" : 1
    },
    "QTo" : {
      "fold" : 0.999
    },
    "QTs" : {
      "fold" : 0.091300000000000006,
      "raise25x" : 0.90869999999999995
    },
    "T2o" : {
      "fold" : 1
    },
    "T2s" : {
      "fold" : 0.99990000000000001
    },
    "T3o" : {
      "fold" : 1
    },
    "T3s" : {
      "fold" : 1
    },
    "T4o" : {
      "fold" : 1
    },
    "T4s" : {
      "fold" : 1
    },
    "T5o" : {
      "fold" : 1
    },
    "T5s" : {
      "fold" : 1
    },
    "T6o" : {
      "fold" : 1
    },
    "T6s" : {
      "fold" : 0.99990000000000001
    },
    "T7o" : {
      "fold" : 1
    },
    "T7s" : {
      "fold" : 1
    },