{
  "format" : "NLHE_MTT_8MAX",
  "hands" : {
    "22" : {
      "call" : 1
    },
    "32s" : {
      "call" : 1
    },
    "33" : {
      "call" : 1
    },
    "42s" : {
      "call" : 1
    },
    "43s" : {
      "call" : 1
    },
    "44" : {
      "call" : 1
    },
    "52s" : {
      "call" : 1
    },
    "53o" : {
      "call" : 1
    },
    "53s" : {
      "call" : 1
    },
    "54o" : {
      "call" : 1
    },
    "54s" : {
      "call" : 0.5,
      "raise3x" : 0.5
    },
    "55" : {
      "call" : 1
    },
    "62s" : {
      "call" : 1
    },
    "63s" : {
      "call" : 1
    },
    "64o" : {
      "call" : 0.86019999999999996,
      "fold" : 0.13980000000000001
    },
    "64s" : {
      "call" : 0.98819999999999997,
      "raise3x" : 0.0118
    },
    "65o" : {
      "call" : 1
    },
    "65s" : {
      "call" : 0.71199999999999997,
      "raise3x" : 0.28799999999999998
    },
    "66" : {
      "call" : 1
    },
    "72s" : {
      "call" : 1
    },
    "73s" : {
      "call" : 1
    },
    "74s" : {
      "call" : 1
    },
    "75o" : {
      "call" : 0.66800000000000004,
      "fold" : 0.33200000000000002
    },
    "75s" : {
      "call" : 1
    },
    "76o" : {
      "call" : 1
    },
    "76s" : {
      "call" : 0.4259,
      "raise3x" : 0.57410000000000005
    },
    "77" : {
      "call" : 1
    },
    "82s" : {
      "call" : 1
    },
    "83s" : {
      "call" : 1
    },
    "84s" : {
      "call" : 1
    },
    "85s" : {
      "call" : 1
    },
    "86o" : {
      "call" : 1
    },
    "86s" : {
      "call" : 0.8861,
      "raise3x" : 0.1139
    },
    "87o" : {
      "call" : 1
    },
    "87s" : {
      "call" : 0.626,
      "raise3x" : 0.374
    },
    "88" : {
      "call" : 0.49409999999999998,
      "raise3x" : 0.50590000000000002
    },
    "92s" : {
      "call" : 1
    },
    "93s" : {
      "call" : 1
    },
    "94s" : {
      "call" : 1
    },
    "95s" : {
      "call" : 1
    },
    "96o" : {
      "call" : 0.434,
      "fold" : 0.56599999999999995
    },
    "96s" : {
      "call" : 1
    },
    "97o" : {
      "call" : 1
    },
    "97s" : {
      "call" : 0.65800000000000003,
      "raise3x" : 0.34200000000000003
    },
    "98o" : {
      "call" : 1
    },
    "98s" : {
      "call" : 0.26200000000000001,
      "raise3x" : 0.73799999999999999
    },
    "99" : {
      "call" : 0.20030000000000001,
      "raise3x" : 0.78580000000000005,
      "shove" : 0.013899999999999999
    },
    "A2o" : {
      "call" : 1
    },
    "A2s" : {
      "call" : 1
    },
    "A3o" : {
      "call" : 1
    },
    "A3s" : {
      "call" : 0.89219999999999999,
      "raise3x" : 0.10780000000000001
    },
    "A4o" : {
      "call" : 0.93810000000000004,
      "raise3x" : 0.061899999999999997
    },
    "A4s" : {
      "call" : 0.61809999999999998,
      "raise3x" : 0.38190000000000002
    },
    "A5o" : {
      "call" : 0.65800000000000003,
      "raise3x" : 0.34200000000000003
    },
    "A5s" : {
      "call" : 0.8841,
      "raise3x" : 0.1159
    },
    "A6o" : {
      "call" : 1
    },
    "A6s" : {
      "call" : 0.70999999999999996,
      "raise3x" : 0.28999999999999998
    },
    "A7o" : {
      "call" : 0.94199999999999995,
      "raise3x" : 0.058000000000000003
    },
    "A7s" : {
      "call" : 0.46789999999999998,
      "raise3x" : 0.53210000000000002
    },
    "A8o" : {
      "call" : 0.64600000000000002,
      "raise3x" : 0.35399999999999998
    },
    "A8s" : {
      "call" : 1
    },
    "A9o" : {
      "call" : 1
    },
    "A9s" : {
      "call" : 1
    },
    "AA" : {
      "raise3x" : 1
    },
    "AJo" : {
      "call" : 0.498,
      "raise3x" : 0.502
    },
    "AJs" : {
      "call" : 0.86199999999999999,
      "raise3x" : 0.13800000000000001
    },
    "AKo" : {
      "raise3x" : 1
    },
    "AKs" : {
      "raise3x" : 1
    },
    "AQo" : {
      "call" : 0.19989999999999999,
      "raise3x" : 0.80010000000000003
    },
    "AQs" : {
      "call" : 0.21190000000000001,
      "raise3x" : 0.78810000000000002
    },
    "ATo" : {
      "call" : 0.7661,
      "raise3x" : 0.2339
    },
    "ATs" : {
      "call" : 1
    },
    "J2s" : {
      "call" : 1
    },
    "J3s" : {
      "call" : 1
    },
    "J4s" : {
      "call" : 1
    },
    "J5s" : {
      "call" : 1
    },
    "J6o" : {
      "call" : 0.058000000000000003,
      "fold" : 0.94199999999999995
    },
    "J6s" : {
      "call" : 1
    },
    "J7o" : {
      "call" : 1
    },
    "J7s" : {
      "call" : 0.73009999999999997,
      "raise3x" : 0.26989999999999997
    },
    "J8o" : {
      "call" : 1
    },
    "J8s" : {
      "call" : 0.38190000000000002,
      "raise3x" : 0.61809999999999998
    },
    "J9o" : {
      "call" : 1
    },
    "J9s" : {
      "call" : 0.35199999999999998,
      "raise3x" : 0.64800000000000002
    },
    "JJ" : {
      "raise3x" : 1
    },
    "JTo" : {
      "call" : 0.97609999999999997,
      "raise3x" : 0.023900000000000001
    },
    "JTs" : {
      "call" : 0.40279999999999999,
      "raise3x" : 0.59719999999999995
    },
    "K2o" : {
      "call" : 0.55200000000000005,
      "fold" : 0.44800000000000001
    },
    "K2s" : {
      "call" : 1
    },
    "K3o" : {
      "call" : 1
    },
    "K3s" : {
      "call" : 1
    },
    "K4o" : {
      "call" : 1
    },
    "K4s" : {
      "call" : 1
    },
    "K5o" : {
      "call" : 1
    },
    "K5s" : {
      "call" : 0.77810000000000001,
      "raise3x" : 0.22189999999999999
    },
    "K6o" : {
      "call" : 1
    },
    "K6s" : {
      "call" : 0.64800000000000002,
      "raise3x" : 0.35199999999999998
    },
    "K7o" : {
      "call" : 1
    },
    "K7s" : {
      "call" : 0.94810000000000005,
      "raise3x" : 0.051900000000000002
    },
    "K8o" : {
      "call" : 0.97009999999999996,
      "raise3x" : 0.029899999999999999
    },
    "K8s" : {
      "call" : 0.42799999999999999,
      "raise3x" : 0.57199999999999995
    },
    "K9o" : {
      "call" : 0.79020000000000001,
      "raise3x" : 0.20979999999999999
    },
    "K9s" : {
      "call" : 0.98209999999999997,
      "raise3x" : 0.017899999999999999
    },
    "KJo" : {
      "call" : 0.64410000000000001,
      "raise3x" : 0.35589999999999999
    },
    "KJs" : {
      "call" : 0.78600000000000003,
      "raise3x" : 0.214
    },
    "KK" : {
      "raise3x" : 1
    },
    "KQo" : {
      "call" : 0.438,
      "raise3x" : 0.56200000000000006
    },
    "KQs" : {
      "call" : 0.60999999999999999,
      "raise3x" : 0.39000000000000001
    },
    "KTo" : {
      "call" : 0.72799999999999998,
      "raise3x" : 0.27200000000000002
    },
    "KTs" : {
      "call" : 1
    },
    "Q2s" : {
      "call" : 1
    },
    "Q3s" : {
      "call" : 1
    },
    "Q4o" : {
      "call" : 0.432,
      "fold" : 0.56799999999999995
    },
    "Q4s" : {
      "call" : 1
    },
    "Q5o" : {
      "call" : 0.98999999999999999,
      "fold" : 0.01
    },
    "Q5s" : {
      "call" : 1
    },
    "Q6o" : {
      "call" : 1
    },
    "Q6s" : {
      "call" : 1
    },
    "Q7o" : {
      "call" : 1
    },
    "Q7s" : {
      "call" : 1
    },
    "Q8o" : {
      "call" : 1
    },
    "Q8s" : {
      "call" : 0.56989999999999996,
      "raise3x" : 0.43009999999999998
    },
    "Q9o" : {
      "call" : 1
    },
    "Q9s" : {
      "call" : 0.58799999999999997,
      "raise3x" : 0.41199999999999998
    },
    "QJo" : {
      "call" : 0.95609999999999995,
      "shove" : 0.043900000000000002
    },
    "QJs" : {
      "call" : 1
    },
    "QQ" : {
      "raise3x" : 1
    },
    "QTo" : {
      "call" : 0.95409999999999995,
      "raise3x" : 0.045900000000000003
    },
    "QTs" : {
      "call" : 1
    },
    "T2s" : {
      "call" : 1
    },
    "T3s" : {
      "call" : 1
    },
    "T4s" : {
      "call" : 1
    },
    "T5s" : {
      "call" : 1
    },
    "T6s" : {
      "call" : 1
    },
    "T7o" : {
      "call" : 1
    },
    "T7s" : {
      "call" : 0.35199999999999998,