{
  "format" : "NLHE_MTT_9MAX",
  "hands" : {
    "33" : {
      "call" : 0.245,
      "fold" : 0.755
    },
    "44" : {
      "call" : 0.69999999999999996,
      "shove" : 0.29999999999999999
    },
    "55" : {
      "call" : 0.70999999999999996,
      "shove" : 0.28999999999999998
    },
    "66" : {
      "call" : 0.72640000000000005,
      "raise25x" : 0.214,
      "shove" : 0.0596
    },
    "76s" : {
      "call" : 0.10489999999999999,
      "fold" : 0.89510000000000001
    },
    "77" : {
      "call" : 0.53000000000000003,
      "shove" : 0.46999999999999997
    },
    "87s" : {
      "call" : 0.19989999999999999,
      "fold" : 0.80010000000000003
    },
    "88" : {
      "raise25x" : 0.2049,
      "shove" : 0.79510000000000003
    },
    "98s" : {
      "call" : 0.56269999999999998,
      "fold" : 0.43730000000000002
    },
    "99" : {
      "shove" : 1
    },
    "A3s" : {
      "call" : 0.45989999999999998,
      "raise25x" : 0.54010000000000002
    },
    "A4s" : {
      "call" : 0.46000000000000002,
      "shove" : 0.54000000000000004
    },
    "A5s" : {
      "call" : 0.91000000000000003,
      "raise25x" : 0.089999999999999997
    },
    "A6s" : {
      "call" : 0.5101,
      "raise25x" : 0.4899
    },
    "A7s" : {
      "call" : 0.63990000000000002,
      "raise25x" : 0.36009999999999998
    },
    "A8s" : {
      "call" : 0.88009999999999999,
      "raise25x" : 0.11990000000000001
    },
    "A9o" : {
      "fold" : 0.86519999999999997,
      "raise25x" : 0.1348
    },
    "A9s" : {
      "call" : 0.64510000000000001,
      "raise25x" : 0.35489999999999999
    },
    "AA" : {
      "call" : 0.33489999999999998,
      "raise25x" : 0.66510000000000002
    },
    "AJo" : {
      "call" : 0.34499999999999997,
      "raise25x" : 0.1399,
      "shove" : 0.5151
    },
    "AJs" : {
      "call" : 1
    },
    "AKo" : {
      "raise25x" : 0.024899999999999999,
      "shove" : 0.97509999999999997
    },
    "AKs" : {
      "raise25x" : 1
    },
    "AQo" : {
      "shove" : 1
    },
    "AQs" : {
      "raise25x" : 0.82010000000000005,
      "shove" : 0.1799
    },
    "ATo" : {
      "call" : 0.60499999999999998,
      "raise25x" : 0.39500000000000002
    },
    "ATs" : {
      "call" : 1
    },
    "J9s" : {
      "call" : 0.82010000000000005,
      "raise25x" : 0.1799
    },
    "JJ" : {
      "call" : 0.19989999999999999,
      "raise25x" : 0.80010000000000003
    },
    "JTs" : {
      "call" : 0.064799999999999996,
      "shove" : 0.93520000000000003
    },
    "K8s" : {
      "call" : 0.26989999999999997,
      "fold" : 0.245,
      "raise25x" : 0.48509999999999998
    },
    "K9s" : {
      "call" : 0.66010000000000002,
      "raise25x" : 0.33989999999999998
    },
    "KJo" : {
      "call" : 0.77000000000000002,
      "raise25x" : 0.23000000000000001
    },
    "KJs" : {
      "shove" : 1
    },
    "KK" : {
      "call" : 0.27989999999999998,
      "raise25x" : 0.72009999999999996
    },
    "KQo" : {
      "call" : 0.85499999999999998,
      "raise25x" : 0.14499999999999999
    },
    "KQs" : {
      "call" : 0.57509999999999994,
      "shove" : 0.4249
    },
    "KTs" : {
      "call" : 0.19989999999999999,
      "shove" : 0.80010000000000003
    },
    "Q9s" : {
      "call" : 0.53000000000000003,
      "raise25x" : 0.46999999999999997
    },
    "QJo" : {
      "call" : 0.0499,
      "fold" : 0.81520000000000004,
      "raise25x" : 0.13489999999999999
    },
    "QJs" : {
      "call" : 0.96009999999999995,
      "shove" : 0.039899999999999998
    },
    "QQ" : {
      "call" : 0.30499999999999999,
      "raise25x" : 0.69499999999999995
    },
    "QTs" : {
      "call" : 0.84999999999999998,
      "shove" : 0.14999999999999999
    },
    "T8s" : {
      "call" : 0.43009999999999998,
      "fold" : 0.53000000000000003,
      "raise25x" : 0.039899999999999998
    },
    "T9s" : {
      "call" : 1
    },
    "TT" : {
      "shove" : 1
    }
  },
  "id" : "mtt_9max_25bb_btn_vsopen_vs_hj",
  "source" : {
    "description" : "Adapted from RangeConverter 8-max baseline.",
    "publisher" : {
      "accessedDate" : "2026-06-01",
      "name" : "RangeConverter",
      "product" : "Free Poker Charts — 8 max 1bb ante MTT GTO Ranges",
      "treeParams" : "2.5x open, 3.5x 3bet IP, 4.5x 3bet OOP, 2.3x 4bet IP, 2.75x 4bet OOP, SB vs BB 3.2bb",
      "url" : "https:\/\/rangeconverter.com\/free-poker-charts"
    },
    "solver" : {
      "assumptions" : "Frequencies rounded to nearest 25% per source. ChipEV (non-ICM). 1bb (12.5%) big-blind ante. Copied verbatim from 8-max BTN (same effective seat in 9-max)."
    },
    "type" : "published"
  },
  "spot" : {
    "anteType" : "bigBlindAnte",
    "facingAction" : "vsOpen",
    "opponentPosition" : "HJ",
    "position" : "BTN",
    "stackDepthBB" : 25
  }
}