{
  "format" : "NLHE_MTT_8MAX",
  "hands" : {
    "44" : {
      "call" : 0.069800000000000001,
      "fold" : 0.83020000000000005,
      "shove" : 0.10000000000000001
    },
    "55" : {
      "call" : 0.29849999999999999,
      "raise3x" : 0.1045,
      "shove" : 0.59699999999999998
    },
    "66" : {
      "call" : 0.40300000000000002,
      "raise3x" : 0.049599999999999998,
      "shove" : 0.5474
    },
    "76s" : {
      "call" : 0.019900000000000001,
      "fold" : 0.98009999999999997
    },
    "77" : {
      "call" : 0.044900000000000002,
      "shove" : 0.95509999999999995
    },
    "88" : {
      "shove" : 1
    },
    "98s" : {
      "call" : 0.1348,
      "fold" : 0.86519999999999997
    },
    "99" : {
      "raise3x" : 0.039899999999999998,
      "shove" : 0.96009999999999995
    },
    "A4s" : {
      "shove" : 1
    },
    "A5s" : {
      "call" : 0.37,
      "shove" : 0.63
    },
    "A6s" : {
      "call" : 0.12989999999999999,
      "fold" : 0.87009999999999998
    },
    "A7s" : {
      "call" : 0.755,
      "raise3x" : 0.245
    },
    "A8s" : {
      "call" : 0.74370000000000003,
      "raise3x" : 0.1055,
      "shove" : 0.15079999999999999
    },
    "A9s" : {
      "call" : 0.22500000000000001,
      "raise3x" : 0.099900000000000003,
      "shove" : 0.67510000000000003
    },
    "AA" : {
      "call" : 0.82509999999999994,
      "raise3x" : 0.1749
    },
    "AJo" : {
      "raise3x" : 0.0349,
      "shove" : 0.96509999999999996
    },
    "AJs" : {
      "call" : 0.37,
      "raise3x" : 0.14499999999999999,
      "shove" : 0.48499999999999999
    },
    "AKo" : {
      "shove" : 1
    },
    "AKs" : {
      "raise3x" : 0.074999999999999997,
      "shove" : 0.92500000000000004
    },
    "AQo" : {
      "shove" : 1
    },
    "AQs" : {
      "shove" : 1
    },
    "ATo" : {
      "call" : 0.82010000000000005,
      "raise3x" : 0.1799
    },
    "ATs" : {
      "call" : 0.34489999999999998,
      "shove" : 0.65510000000000002
    },
    "J9s" : {
      "call" : 0.34489999999999998,
      "fold" : 0.65510000000000002
    },
    "JJ" : {
      "shove" : 1
    },
    "JTs" : {
      "shove" : 1
    },
    "K9s" : {
      "call" : 0.57230000000000003,
      "fold" : 0.31840000000000002,
      "raise3x" : 0.10929999999999999
    },
    "KJo" : {
      "call" : 0.29499999999999998,
      "fold" : 0.68510000000000004,
      "raise3x" : 0.019900000000000001
    },
    "KJs" : {
      "call" : 0.23499999999999999,
      "shove" : 0.76500000000000001
    },
    "KK" : {
      "call" : 0.47999999999999998,
      "raise3x" : 0.52000000000000002
    },
    "KQo" : {
      "call" : 0.49769999999999998,
      "raise3x" : 0.0247,
      "shove" : 0.47760000000000002
    },
    "KQs" : {
      "shove" : 1
    },
    "KTs" : {
      "shove" : 1
    },
    "Q9s" : {
      "call" : 0.069800000000000001,
      "fold" : 0.93020000000000003
    },
    "QJs" : {
      "call" : 0.35489999999999999,
      "shove" : 0.64510000000000001
    },
    "QQ" : {
      "call" : 0.13489999999999999,
      "raise3x" : 0.029899999999999999,
      "shove" : 0.83520000000000005
    },
    "QTs" : {
      "call" : 0.44009999999999999,
      "shove" : 0.55989999999999995
    },
    "T9s" : {
      "call" : 0.45500000000000002,
      "fold" : 0.54500000000000004
    },
    "TT" : {
      "raise3x" : 0.01,
      "shove" : 0.98999999999999999
    }
  },
  "id" : "mtt_8max_20bb_co_vsopen",
  "source" : {
    "description" : "RangeConverter free PDF — 8-max 20bb 1bb ante (12.5%).",
    "publisher" : {
      "accessedDate" : "2026-06-01",
      "name" : "RangeConverter",
      "product" : "Free Poker Charts — 8 max 1bb ante MTT GTO Ranges",
      "treeParams" : "poker.academy CE-Symmetric Regular @ 20bb (GTO ChipEV, 1bb ante)",
      "url" : "https:\/\/rangeconverter.com\/free-poker-charts"
    },
    "solver" : {
      "assumptions" : "Frequencies rounded to nearest 25% per source. ChipEV (non-ICM). 1bb (12.5%) big-blind ante."
    },
    "type" : "published"
  },
  "spot" : {
    "anteType" : "bigBlindAnte",
    "facingAction" : "vsOpen",
    "position" : "CO",
    "stackDepthBB" : 20
  }
}