{
  "format" : "NLHE_MTT_9MAX",
  "hands" : {
    "44" : {
      "call" : 0.8871,
      "fold" : 0.085500000000000007,
      "shove" : 0.027399999999999997
    },
    "55" : {
      "call" : 0.9385,
      "fold" : 0.0047000000000000002,
      "shove" : 0.056799999999999996
    },
    "66" : {
      "call" : 0.99590000000000001,
      "fold" : 0.0030999999999999999
    },
    "77" : {
      "call" : 0.98819999999999997,
      "fold" : 0.0014,
      "shove" : 0.0104
    },
    "84s" : {
      "call" : 0.76780000000000004,
      "fold" : 0.19239999999999999,
      "shove" : 0.039899999999999998
    },
    "88" : {
      "call" : 0.99719999999999998,
      "fold" : 0.0024000000000000002
    },
    "94s" : {
      "call" : 0.42570000000000002,
      "fold" : 0.0499,
      "shove" : 0.52439999999999998
    },
    "95s" : {
      "call" : 0.80910000000000004,
      "fold" : 0.154,
      "shove" : 0.036900000000000002
    },
    "96s" : {
      "call" : 0.50080000000000002,
      "fold" : 0.42209999999999998,
      "shove" : 0.077099999999999988
    },
    "97s" : {
      "call" : 0.63800000000000001,
      "fold" : 0.3029,
      "shove" : 0.0591
    },
    "99" : {
      "call" : 0.99309999999999998,
      "fold" : 0.0038,
      "shove" : 0.0030999999999999999
    },
    "A4o" : {
      "call" : 0.96999999999999997,
      "fold" : 0.0281,
      "shove" : 0.0019
    },
    "A4s" : {
      "call" : 0.1898,
      "fold" : 0.10349999999999999,
      "shove" : 0.70679999999999998
    },
    "A5o" : {
      "call" : 0.75070000000000003,
      "fold" : 0.0258,
      "shove" : 0.22359999999999999
    },
    "A5s" : {
      "call" : 0.61429999999999996,
      "fold" : 0.21060000000000001,
      "shove" : 0.17510000000000001
    },
    "A6o" : {
      "call" : 0.74650000000000005,
      "fold" : 0.0051000000000000004,
      "shove" : 0.24840000000000001
    },
    "A6s" : {
      "call" : 0.62509999999999999,
      "fold" : 0.28960000000000002,
      "shove" : 0.085199999999999998
    },
    "A7o" : {
      "call" : 0.94769999999999999,
      "fold" : 0.044700000000000004,
      "shove" : 0.0076
    },
    "A7s" : {
      "call" : 0.45169999999999999,
      "fold" : 0.088499999999999995,
      "shove" : 0.45979999999999999
    },
    "A8o" : {
      "call" : 0.82579999999999998,
      "fold" : 0.13089999999999999,
      "shove" : 0.043299999999999998
    },
    "A8s" : {
      "call" : 0.72909999999999997,
      "fold" : 0.0052000000000000006,
      "shove" : 0.26569999999999999
    },
    "A9o" : {
      "call" : 0.61980000000000002,
      "fold" : 0.37719999999999998,
      "shove" : 0.0030000000000000001
    },
    "A9s" : {
      "call" : 0.90490000000000004,
      "fold" : 0.047599999999999996,
      "shove" : 0.047599999999999996
    },
    "AA" : "shove",
    "AJo" : {
      "call" : 0.97709999999999997,
      "shove" : 0.0223
    },
    "AJs" : {
      "call" : 0.3962,
      "fold" : 0.0091999999999999998,
      "shove" : 0.59470000000000001
    },
    "AKo" : {
      "call" : 0.47120000000000001,
      "shove" : 0.52859999999999996
    },
    "AKs" : {
      "call" : 0.0019,
      "shove" : 0.99729999999999996
    },
    "AQo" : {
      "call" : 0.99729999999999996,
      "shove" : 0.0023
    },
    "AQs" : {
      "call" : 0.92230000000000001,
      "fold" : 0.0043,
      "shove" : 0.073499999999999996
    },
    "ATo" : {
      "call" : 0.99199999999999999,
      "shove" : 0.0079000000000000008
    },
    "ATs" : {
      "call" : 0.52549999999999997,
      "fold" : 0.12230000000000001,
      "shove" : 0.35220000000000001
    },
    "J4s" : {
      "call" : 0.86480000000000001,
      "fold" : 0.1268,
      "shove" : 0.0084000000000000012
    },
    "J7s" : {
      "call" : 0.67210000000000003,
      "fold" : 0.15490000000000001,
      "shove" : 0.17299999999999999
    },
    "J8s" : {
      "call" : 0.53549999999999998,
      "fold" : 0.31769999999999998,
      "shove" : 0.14680000000000001
    },
    "J9s" : {
      "call" : 0.1198,
      "fold" : 0.0038,
      "shove" : 0.87639999999999996
    },
    "JJ" : {
      "call" : 0.91090000000000004,
      "fold" : 0.0016000000000000001,
      "shove" : 0.087499999999999994
    },
    "JTs" : {
      "call" : 0.72219999999999995,
      "fold" : 0.2676,
      "shove" : 0.010200000000000001
    },
    "K3s" : {
      "call" : 0.43869999999999998,
      "fold" : 0.55330000000000001,
      "shove" : 0.0080000000000000002
    },
    "K4s" : {
      "call" : 0.625,
      "fold" : 0.33329999999999999,
      "shove" : 0.041799999999999997
    },
    "K5s" : {
      "call" : 0.84970000000000001,
      "fold" : 0.1118,
      "shove" : 0.0385
    },
    "K6o" : {
      "call" : 0.65449999999999997,
      "fold" : 0.3367,
      "shove" : 0.0088000000000000005
    },
    "K6s" : {
      "call" : 0.79300000000000004,
      "fold" : 0.20669999999999999
    },
    "K8o" : {
      "call" : 0.14860000000000001,
      "fold" : 0.85050000000000003
    },
    "K9o" : {
      "call" : 0.99009999999999998,
      "fold" : 0.0094999999999999998
    },
    "K9s" : {
      "call" : 0.51480000000000004,
      "fold" : 0.019400000000000001,
      "shove" : 0.46579999999999999
    },
    "KJo" : {
      "call" : 0.93910000000000005,
      "fold" : 0.060499999999999998
    },
    "KJs" : {
      "call" : 0.97850000000000004,
      "fold" : 0.0212
    },
    "KK" : "shove",
    "KQo" : {
      "call" : 0.97340000000000004,
      "fold" : 0.0263
    },
    "KQs" : {
      "call" : 0.49609999999999999,
      "fold" : 0.0032000000000000002,
      "shove" : 0.50070000000000003
    },
    "KTo" : {
      "call" : 0.97540000000000004,
      "fold" : 0.0097999999999999997,
      "shove" : 0.014799999999999999
    },
    "KTs" : {
      "call" : 0.89590000000000003,
      "fold" : 0.10000000000000001,
      "shove" : 0.0040999999999999995
    },
    "Q2s" : {
      "call" : 0.52139999999999997,
      "fold" : 0.39000000000000001,
      "shove" : 0.088700000000000015
    },
    "Q4s" : {
      "call" : 0.029500000000000005,
      "fold" : 0.97040000000000004
    },
    "Q7s" : {
      "call" : 0.38479999999999998,
      "fold" : 0.50739999999999996,
      "shove" : 0.10780000000000001
    },
    "Q8o" : {
      "call" : 0.65010000000000001,
      "fold" : 0.34860000000000002,
      "shove" : 0.0013000000000000002
    },
    "Q8s" : {
      "call" : 0.55730000000000002,
      "fold" : 0.0103,
      "shove" : 0.43240000000000001
    },
    "Q9o" : {
      "call" : 0.94920000000000004,
      "fold" : 0.050799999999999998
    },
    "Q9s" : {
      "call" : 0.52339999999999998,
      "fold" : 0.39700000000000002,
      "shove" : 0.07959999999999999
    },
    "QJo" : {
      "call" : 0.99570000000000003,
      "fold" : 0.0032000000000000002,
      "shove" : 0.0011000000000000001
    },
    "QJs" : {
      "call" : 0.88590000000000002,
      "fold" : 0.1106,
      "shove" : 0.0034999999999999996
    },
    "QQ" : {
      "call" : 0.2404,
      "shove" : 0.75939999999999996
    },
    "QTo" : {
      "call" : 0.85450000000000004,
      "fold" : 0.14530000000000001
    },
    "QTs" : {
      "call" : 0.91300000000000003,
      "fold" : 0.0223,
      "shove" : 0.064699999999999966
    },
    "T2s" : {
      "call" : 0.85829999999999995,
      "fold" : 0.14019999999999999,
      "shove" : 0.0015
    },
    "T6s" : {
      "call" : 0.82540000000000002,
      "fold" : 0.1671,
      "shove" : 0.0074999999999999997
    },
    "T8s" : {
      "call" : 0.88560000000000005,
      "fold" : 0.1004,
      "shove" : 0.014
    },
    "T9s" : {
      "call" : 0.78949999999999998,
      "fold" : 0.20730000000000001,
      "shove" : 0.0032000000000000002
    },
    "TT" : {
      "call" : 0.72529999999999994,
      "shove" : 0.27450000000000002
    }
  },
  "id" : "mtt_9max_30bb_utg_vs3bet",
  "source" : {
    "description" : "Adapted from RangeConverter 8-max baseline.",
    "publisher" : {
      "accessedDate" : "2026-05-25",
      "name" : "RangeConverter",