{
  "format" : "NLHE_MTT_9MAX",
  "hands" : {
    "55" : {
      "call" : 0.46510000000000001,
      "shove" : 0.53490000000000004
    },
    "65s" : {
      "call" : 0.32529999999999998,
      "fold" : 0.67469999999999997
    },
    "66" : {
      "shove" : 1
    },
    "76s" : {
      "call" : 0.37540000000000001,
      "fold" : 0.62460000000000004
    },
    "77" : {
      "shove" : 1
    },
    "87s" : {
      "call" : 0.52000000000000002,
      "fold" : 0.47999999999999998
    },
    "88" : {
      "shove" : 1
    },
    "98s" : {
      "call" : 0.2356,
      "fold" : 0.76439999999999997
    },
    "99" : {
      "call" : 0.0557,
      "shove" : 0.94430000000000003
    },
    "A3s" : {
      "call" : 0.21540000000000001,
      "fold" : 0.78459999999999996
    },
    "A4s" : {
      "call" : 0.55989999999999995,
      "fold" : 0.44009999999999999
    },
    "A5s" : {
      "call" : 0.40510000000000002,
      "shove" : 0.59489999999999998
    },
    "A6s" : {
      "call" : 0.2054,
      "fold" : 0.79459999999999997
    },
    "A7s" : {
      "call" : 0.32000000000000001,
      "shove" : 0.68000000000000005
    },
    "A8s" : {
      "shove" : 1
    },
    "A9s" : {
      "call" : 1
    },
    "AA" : {
      "call" : 0.53000000000000003,
      "shove" : 0.46999999999999997
    },
    "AJo" : {
      "shove" : 1
    },
    "AJs" : {
      "shove" : 1
    },
    "AKo" : {
      "shove" : 1
    },
    "AKs" : {
      "shove" : 1
    },
    "AQo" : {
      "shove" : 1
    },
    "AQs" : {
      "shove" : 1
    },
    "ATo" : {
      "shove" : 1
    },
    "ATs" : {
      "shove" : 1
    },
    "JJ" : {
      "shove" : 1
    },
    "JTs" : {
      "call" : 0.35520000000000002,
      "fold" : 0.64480000000000004
    },
    "KJs" : {
      "call" : 1
    },
    "KK" : {
      "shove" : 1
    },
    "KQo" : {
      "call" : 0.46999999999999997,
      "shove" : 0.53000000000000003
    },
    "KQs" : {
      "shove" : 1
    },
    "KTs" : {
      "call" : 1
    },
    "QJs" : {
      "call" : 1
    },
    "QQ" : {
      "shove" : 1
    },
    "QTs" : {
      "call" : 1
    },
    "TT" : {
      "shove" : 1
    }
  },
  "id" : "mtt_9max_10bb_sb_vsopen_vs_utg",
  "source" : {
    "description" : "Adapted from RangeConverter 8-max baseline.",
    "publisher" : {
      "accessedDate" : "2026-06-01",
      "name" : "RangeConverter",
      "product" : "Free Poker Charts — 8 max 1bb ante MTT GTO Ranges",
      "treeParams" : "2.5x open, 3.5x 3bet IP, 4.5x 3bet OOP, 2.3x 4bet IP, 2.75x 4bet OOP, SB vs BB 3.2bb",
      "url" : "https:\/\/rangeconverter.com\/free-poker-charts"
    },
    "solver" : {
      "assumptions" : "Frequencies rounded to nearest 25% per source. ChipEV (non-ICM). 1bb (12.5%) big-blind ante. Copied verbatim from 8-max SB (same effective seat in 9-max)."
    },
    "type" : "published"
  },
  "spot" : {
    "anteType" : "bigBlindAnte",
    "facingAction" : "vsOpen",
    "opponentPosition" : "UTG",
    "position" : "SB",
    "stackDepthBB" : 10
  }
}