{
  "format" : "NLHE_MTT_9MAX",
  "hands" : {
    "22" : {
      "call" : 1
    },
    "33" : {
      "call" : 1
    },
    "44" : {
      "call" : 1
    },
    "54s" : {
      "call" : 0.64510000000000001,
      "raise25x" : 0.35489999999999999
    },
    "55" : {
      "call" : 1
    },
    "65s" : {
      "call" : 0.68510000000000004,
      "fold" : 0.215,
      "raise25x" : 0.099900000000000003
    },
    "66" : {
      "call" : 1
    },
    "76s" : {
      "call" : 1
    },
    "77" : {
      "call" : 0.97509999999999997,
      "raise25x" : 0.024899999999999999
    },
    "87s" : {
      "call" : 0.52000000000000002,
      "fold" : 0.46999999999999997,
      "raise25x" : 0.01
    },
    "88" : {
      "call" : 0.86019999999999996,
      "raise25x" : 0.13980000000000001
    },
    "98s" : {
      "call" : 0.8851,
      "raise25x" : 0.1149
    },
    "99" : {
      "call" : 0.83999999999999997,
      "raise25x" : 0.16
    },
    "A3s" : {
      "call" : 0.34999999999999998,
      "fold" : 0.36509999999999998,
      "raise25x" : 0.28489999999999999
    },
    "A4s" : {
      "call" : 0.74009999999999998,
      "raise25x" : 0.25990000000000002
    },
    "A5s" : {
      "call" : 1
    },
    "A6s" : {
      "fold" : 0.82999999999999996,
      "raise25x" : 0.17000000000000001
    },
    "A7s" : {
      "call" : 0.59999999999999998,
      "raise25x" : 0.40000000000000002
    },
    "A8s" : {
      "call" : 0.68500000000000005,
      "raise25x" : 0.315
    },
    "A9s" : {
      "call" : 0.83999999999999997,
      "raise25x" : 0.16
    },
    "AA" : {
      "raise25x" : 1
    },
    "AJo" : {
      "call" : 0.76000000000000001,
      "raise25x" : 0.23999999999999999
    },
    "AJs" : {
      "call" : 1
    },
    "AKo" : {
      "call" : 0.245,
      "raise25x" : 0.755
    },
    "AKs" : {
      "raise25x" : 1
    },
    "AQo" : {
      "call" : 0.79510000000000003,
      "raise25x" : 0.2049
    },
    "AQs" : {
      "call" : 1
    },
    "ATo" : {
      "fold" : 0.29999999999999999,
      "raise25x" : 0.69999999999999996
    },
    "ATs" : {
      "call" : 1
    },
    "J9s" : {
      "call" : 0.58009999999999995,
      "raise25x" : 0.4199
    },
    "JJ" : {
      "call" : 0.39000000000000001,
      "raise25x" : 0.60999999999999999
    },
    "JTs" : {
      "call" : 1
    },
    "K8s" : {
      "fold" : 0.96509999999999996,
      "raise25x" : 0.0349
    },
    "K9s" : {
      "call" : 0.54500000000000004,
      "raise25x" : 0.45500000000000002
    },
    "KJo" : {
      "fold" : 0.52000000000000002,
      "raise25x" : 0.47999999999999998
    },
    "KJs" : {
      "call" : 1
    },
    "KK" : {
      "raise25x" : 1
    },
    "KQo" : {
      "call" : 0.83499999999999996,
      "raise25x" : 0.16500000000000001
    },
    "KQs" : {
      "call" : 1
    },
    "KTs" : {
      "call" : 1
    },
    "Q9s" : {
      "call" : 0.92000000000000004,
      "raise25x" : 0.080000000000000002
    },
    "QJo" : {
      "fold" : 0.96009999999999995,
      "raise25x" : 0.039899999999999998
    },
    "QJs" : {
      "call" : 0.87009999999999998,
      "raise25x" : 0.12989999999999999
    },
    "QQ" : {
      "call" : 0.084999999999999992,
      "raise25x" : 0.91500000000000004
    },
    "QTs" : {
      "call" : 1
    },
    "T8s" : {
      "call" : 0.73509999999999998,
      "raise25x" : 0.26490000000000002
    },
    "T9s" : {
      "call" : 1
    },
    "TT" : {
      "call" : 0.60999999999999999,
      "raise25x" : 0.39000000000000001
    }
  },
  "id" : "mtt_9max_35bb_btn_vsopen_vs_utg1",
  "source" : {
    "description" : "Adapted from RangeConverter 8-max baseline.",
    "publisher" : {
      "accessedDate" : "2026-06-01",
      "name" : "RangeConverter",
      "product" : "Free Poker Charts — 8 max 1bb ante MTT GTO Ranges",
      "treeParams" : "2.5x open, 3.5x 3bet IP, 4.5x 3bet OOP, 2.3x 4bet IP, 2.75x 4bet OOP, SB vs BB 3.2bb",
      "url" : "https:\/\/rangeconverter.com\/free-poker-charts"
    },
    "solver" : {
      "assumptions" : "Frequencies rounded to nearest 25% per source. ChipEV (non-ICM). 1bb (12.5%) big-blind ante. Copied verbatim from 8-max BTN (same effective seat in 9-max)."
    },
    "type" : "published"
  },
  "spot" : {
    "anteType" : "bigBlindAnte",
    "facingAction" : "vsOpen",
    "opponentPosition" : "UTG1",
    "position" : "BTN",
    "stackDepthBB" : 35
  }
}