{
  "format" : "NLHE_MTT_8MAX",
  "hands" : {
    "55" : {
      "call" : 0.080299999999999996,
      "fold" : 0.61240000000000006,
      "shove" : 0.30730000000000002
    },
    "66" : {
      "call" : 0.059799999999999999,
      "fold" : 0.94020000000000004
    },
    "77" : {
      "call" : 0.035900000000000001,
      "shove" : 0.96409999999999996
    },
    "88" : {
      "call" : 0.039899999999999998,
      "shove" : 0.96009999999999995
    },
    "99" : {
      "shove" : 1
    },
    "A2s" : {
      "shove" : 1
    },
    "A3s" : {
      "shove" : 1
    },
    "A4s" : {
      "shove" : 1
    },
    "A5o" : {
      "fold" : 0.28539999999999999,
      "shove" : 0.71460000000000001
    },
    "A5s" : {
      "shove" : 1
    },
    "A6s" : {
      "shove" : 1
    },
    "A7o" : {
      "call" : 0.01,
      "fold" : 0.98999999999999999
    },
    "A7s" : {
      "shove" : 1
    },
    "A8o" : {
      "call" : 0.14560000000000001,
      "fold" : 0.66890000000000005,
      "shove" : 0.1855
    },
    "A8s" : {
      "shove" : 1
    },
    "A9o" : {
      "shove" : 1
    },
    "A9s" : {
      "shove" : 1
    },
    "AA" : {
      "call" : 0.23999999999999999,
      "shove" : 0.76000000000000001
    },
    "AJo" : {
      "shove" : 1
    },
    "AJs" : {
      "shove" : 1
    },
    "AKo" : {
      "call" : 0.039899999999999998,
      "shove" : 0.96009999999999995
    },
    "AKs" : {
      "shove" : 1
    },
    "AQo" : {
      "shove" : 1
    },
    "AQs" : {
      "shove" : 1
    },
    "ATo" : {
      "shove" : 1
    },
    "ATs" : {
      "shove" : 1
    },
    "JJ" : {
      "shove" : 1
    },
    "JTs" : {
      "call" : 0.1855,
      "fold" : 0.8145
    },
    "KJo" : {
      "fold" : 0.99419999999999997,
      "shove" : 0.0057999999999999996
    },
    "KJs" : {
      "shove" : 1
    },
    "KK" : {
      "shove" : 1
    },
    "KQo" : {
      "call" : 0.016,
      "fold" : 0.93830000000000002,
      "shove" : 0.045699999999999998
    },
    "KQs" : {
      "shove" : 1
    },
    "KTs" : {
      "call" : 0.035900000000000001,
      "shove" : 0.96409999999999996
    },
    "QJs" : {
      "shove" : 1
    },
    "QQ" : {
      "shove" : 1
    },
    "QTs" : {
      "call" : 0.23999999999999999,
      "fold" : 0.71009999999999995,
      "shove" : 0.0499
    },
    "TT" : {
      "call" : 0.029899999999999999,
      "shove" : 0.97009999999999996
    }
  },
  "id" : "mtt_8max_10bb_btn_vsopen_vs_hj",
  "source" : {
    "description" : "RangeConverter free PDF — 8-max 10bb 1bb ante (12.5%).",
    "publisher" : {
      "accessedDate" : "2026-06-01",
      "name" : "RangeConverter",
      "product" : "Free Poker Charts — 8 max 1bb ante MTT GTO Ranges",
      "treeParams" : "poker.academy CE-Symmetric Regular @ 10bb (GTO ChipEV, 1bb ante)",
      "url" : "https:\/\/rangeconverter.com\/free-poker-charts"
    },
    "solver" : {
      "assumptions" : "Frequencies rounded to nearest 25% per source. ChipEV (non-ICM). 1bb (12.5%) big-blind ante."
    },
    "type" : "published"
  },
  "spot" : {
    "anteType" : "bigBlindAnte",
    "facingAction" : "vsOpen",
    "opponentPosition" : "HJ",
    "position" : "BTN",
    "stackDepthBB" : 10
  }
}