{
  "format" : "NLHE_MTT_9MAX",
  "hands" : {
    "55" : {
      "call" : 0.46000000000000002,
      "fold" : 0.54000000000000004
    },
    "66" : {
      "call" : 1
    },
    "76s" : {
      "call" : 0.34989999999999999,
      "fold" : 0.65010000000000001
    },
    "77" : {
      "call" : 1
    },
    "88" : {
      "call" : 1
    },
    "99" : {
      "call" : 1
    },
    "A4s" : {
      "call" : 0.84499999999999997,
      "fold" : 0.155
    },
    "A5s" : {
      "call" : 1
    },
    "A7s" : {
      "call" : 0.1799,
      "fold" : 0.82010000000000005
    },
    "A8s" : {
      "call" : 1
    },
    "A9s" : {
      "call" : 1
    },
    "AA" : {
      "call" : 1
    },
    "AJo" : {
      "call" : 1
    },
    "AJs" : {
      "call" : 1
    },
    "AKo" : {
      "shove" : 1
    },
    "AKs" : {
      "shove" : 1
    },
    "AQo" : {
      "call" : 0.45000000000000001,
      "shove" : 0.55000000000000004
    },
    "AQs" : {
      "call" : 1
    },
    "ATo" : {
      "call" : 0.27489999999999998,
      "fold" : 0.72509999999999997
    },
    "ATs" : {
      "call" : 1
    },
    "JJ" : {
      "call" : 0.40000000000000002,
      "shove" : 0.59999999999999998
    },
    "JTs" : {
      "call" : 1
    },
    "K6s" : {
      "call" : 0.4899,
      "fold" : 0.5101
    },
    "K9s" : {
      "call" : 1
    },
    "KJo" : {
      "call" : 0.26989999999999997,
      "fold" : 0.73009999999999997
    },
    "KJs" : {
      "call" : 1
    },
    "KK" : {
      "call" : 0.88009999999999999,
      "shove" : 0.11990000000000001
    },
    "KQo" : {
      "call" : 1
    },
    "KQs" : {
      "call" : 0.63490000000000002,
      "shove" : 0.36509999999999998
    },
    "KTo" : {
      "call" : 0.11990000000000001,
      "fold" : 0.88009999999999999
    },
    "KTs" : {
      "call" : 1
    },
    "QJs" : {
      "call" : 0.55989999999999995,
      "shove" : 0.44009999999999999
    },
    "QQ" : {
      "call" : 0.059799999999999999,
      "shove" : 0.94020000000000004
    },
    "QTs" : {
      "call" : 1
    },
    "T9s" : {
      "call" : 0.77000000000000002,
      "fold" : 0.23000000000000001
    },
    "TT" : {
      "call" : 0.81510000000000005,
      "shove" : 0.18490000000000001
    }
  },
  "id" : "mtt_9max_35bb_lj_vs3bet_vs_bb",
  "source" : {
    "description" : "Adapted from RangeConverter 8-max baseline.",
    "publisher" : {
      "accessedDate" : "2026-06-01",
      "name" : "RangeConverter",
      "product" : "Free Poker Charts — 8 max 1bb ante MTT GTO Ranges",
      "treeParams" : "2.5x open, 3.5x 3bet IP, 4.5x 3bet OOP, 2.3x 4bet IP, 2.75x 4bet OOP, SB vs BB 3.2bb",
      "url" : "https:\/\/rangeconverter.com\/free-poker-charts"
    },
    "solver" : {
      "assumptions" : "Frequencies rounded to nearest 25% per source. ChipEV (non-ICM). 1bb (12.5%) big-blind ante. Copied verbatim from 8-max LJ (same effective seat in 9-max)."
    },
    "type" : "published"
  },
  "spot" : {
    "anteType" : "bigBlindAnte",
    "facingAction" : "vs3Bet",
    "opponentPosition" : "BB",
    "position" : "LJ",
    "stackDepthBB" : 35
  }
}