{
  "format" : "NLHE_MTT_9MAX",
  "hands" : {
    "22" : {
      "fold" : 0.99950000000000006
    },
    "32o" : {
      "fold" : 1
    },
    "32s" : {
      "fold" : 0.99950000000000006
    },
    "33" : {
      "call" : 0.1368,
      "fold" : 0.82999999999999996,
      "raise25x" : 0.033099999999999984
    },
    "42o" : {
      "fold" : 0.99990000000000001
    },
    "42s" : {
      "call" : 0.0097999999999999997,
      "fold" : 0.99019999999999997
    },
    "43o" : {
      "fold" : 0.99990000000000001
    },
    "43s" : {
      "fold" : 0.99919999999999998
    },
    "44" : {
      "call" : 0.080500000000000002,
      "fold" : 0.89970000000000006,
      "raise25x" : 0.019800000000000002
    },
    "52o" : {
      "fold" : 0.99990000000000001
    },
    "52s" : {
      "fold" : 0.99990000000000001
    },
    "53o" : {
      "fold" : 1
    },
    "53s" : {
      "call" : 0.0032000000000000002,
      "fold" : 0.99670000000000003
    },
    "54o" : {
      "fold" : 1
    },
    "54s" : {
      "call" : 0.12239999999999999,
      "fold" : 0.873,
      "raise25x" : 0.0045999999999999999
    },
    "55" : {
      "call" : 0.0309,
      "fold" : 0.89380000000000004,
      "raise25x" : 0.075299999999999992
    },
    "62o" : {
      "fold" : 0.99990000000000001
    },
    "62s" : {
      "call" : 0.0118,
      "fold" : 0.98819999999999997
    },
    "63o" : {
      "fold" : 0.99990000000000001
    },
    "63s" : {
      "call" : 0.0018,
      "fold" : 0.99780000000000002
    },
    "64o" : {
      "fold" : 0.99970000000000003
    },
    "64s" : {
      "fold" : 0.99960000000000004
    },
    "65o" : {
      "fold" : 0.99960000000000004
    },
    "65s" : {
      "call" : 0.020300000000000002,
      "fold" : 0.97809999999999997,
      "raise25x" : 0.0016000000000000001
    },
    "66" : {
      "call" : 0.1086,
      "fold" : 0.83940000000000003,
      "raise25x" : 0.052000000000000005
    },
    "72o" : {
      "fold" : 1
    },
    "72s" : {
      "fold" : 0.99960000000000004
    },
    "73o" : {
      "fold" : 1
    },
    "73s" : {
      "call" : 0.0071999999999999998,
      "fold" : 0.99280000000000002
    },
    "74o" : {
      "fold" : 0.999
    },
    "74s" : {
      "call" : 0.0097000000000000003,
      "fold" : 0.98919999999999997,
      "raise25x" : 0.0011000000000000001
    },
    "75o" : {
      "fold" : 0.99990000000000001
    },
    "75s" : {
      "call" : 0.0043,
      "fold" : 0.99570000000000003
    },
    "76o" : {
      "fold" : 0.99980000000000002
    },
    "76s" : {
      "call" : 0.0033,
      "fold" : 0.96199999999999997,
      "raise25x" : 0.034700000000000002
    },
    "77" : {
      "call" : 0.69169999999999998,
      "fold" : 0.033700000000000001,
      "raise25x" : 0.27460000000000001
    },
    "82o" : {
      "fold" : 1
    },
    "82s" : {
      "fold" : 0.99990000000000001
    },
    "83o" : {
      "fold" : 1
    },
    "83s" : {
      "fold" : 0.99970000000000003
    },
    "84o" : {
      "fold" : 0.99960000000000004
    },
    "84s" : {
      "fold" : 0.99960000000000004
    },
    "85o" : {
      "call" : 0.0028999999999999998,
      "fold" : 0.99709999999999999
    },
    "85s" : {
      "call" : 0.018099999999999998,
      "fold" : 0.98140000000000005
    },
    "86o" : {
      "fold" : 0.99990000000000001
    },
    "86s" : {
      "call" : 0.0149,
      "fold" : 0.98380000000000001,
      "raise25x" : 0.0013000000000000002
    },
    "87o" : {
      "fold" : 1
    },
    "87s" : {
      "call" : 0.1973,
      "fold" : 0.80149999999999999,
      "raise25x" : 0.0012000000000000001
    },
    "88" : {
      "call" : 0.64500000000000002,
      "fold" : 0.0014,
      "raise25x" : 0.35349999999999998
    },
    "92o" : {
      "fold" : 0.99950000000000006
    },
    "92s" : {
      "call" : 0.0091000000000000004,
      "fold" : 0.9909
    },
    "93o" : {
      "fold" : 1
    },
    "93s" : {
      "fold" : 0.99770000000000003,
      "raise25x" : 0.0013000000000000002
    },
    "94o" : {
      "fold" : 1
    },
    "94s" : {
      "call" : 0.0032000000000000002,
      "fold" : 0.99650000000000005
    },
    "95o" : {
      "fold" : 0.99960000000000004
    },
    "95s" : {
      "call" : 0.014999999999999999,
      "fold" : 0.9849
    },
    "96o" : {
      "fold" : 0.99970000000000003
    },
    "96s" : {
      "call" : 0.018700000000000001,
      "fold" : 0.98080000000000001
    },
    "97o" : {
      "fold" : 0.99919999999999998
    },
    "97s" : {
      "fold" : 0.99990000000000001
    },
    "98o" : {
      "fold" : 1
    },
    "98s" : {
      "call" : 0.049700000000000008,
      "fold" : 0.95020000000000004
    },
    "99" : {
      "call" : 0.98360000000000003,
      "raise25x" : 0.016399999999999998
    },
    "A2o" : {
      "call" : 0.0023,
      "fold" : 0.99690000000000001
    },
    "A2s" : {
      "call" : 0.14349999999999999,
      "fold" : 0.85470000000000002,
      "raise25x" : 0.0018
    },
    "A3o" : {
      "fold" : 0.99929999999999997
    },
    "A3s" : {
      "call" : 0.1898,
      "fold" : 0.5716,
      "raise25x" : 0.23860000000000001
    },
    "A4o" : {
      "call" : 0.031199999999999999,
      "fold" : 0.96860000000000002
    },
    "A4s" : {
      "call" : 0.016,
      "fold" : 0.97970000000000002,
      "raise25x" : 0.0044000000000000003
    },
    "A5o" : {
      "call" : 0.06770000000000001,
      "fold" : 0.93169999999999997
    },
    "A5s" : {
      "call" : 0.10059999999999999,
      "fold" : 0.89790000000000003,
      "raise25x" : 0.0015
    },
    "A6o" : {
      "call" : 0.028799999999999999,
      "fold" : 0.96779999999999999,
      "raise25x" : 0.0033999999999999994
    },
    "A6s" : {
      "call" : 0.086299999999999988,
      "fold" : 0.89380000000000004,
      "raise25x" : 0.02
    },
    "A7o" : {
      "call" : 0.23180000000000001,
      "fold" : 0.75780000000000003,
      "raise25x" : 0.0104
    },
    "A7s" : {
      "call" : 0.15909999999999999,
      "fold" : 0.80110000000000003,
      "raise25x" : 0.039799999999999995
    },
    "A8o" : {
      "call" : 0.0071999999999999998,
      "fold" : 0.97150000000000003,
      "raise25x" : 0.021399999999999995
    },
    "A8s" : {
      "call" : 0.37330000000000002,
      "fold" : 0.59550000000000003,
      "raise25x" : 0.031199999999999999
    },
    "A9o" : {
      "call" : 0.1048,
      "fold" : 0.85619999999999996,
      "raise25x" : 0.039
    },
    "A9s" : {
      "call" : 0.154,
      "fold" : 0.83840000000000003,
      "raise25x" : 0.0076
    },
    "AA" : {
      "raise25x" : 0.99980000000000002
    },
    "AJo" : {
      "call" : 0.57879999999999998,
      "fold" : 0.3644,
      "raise25x" : 0.056799999999999996
    },
    "AJs" : {
      "call" : 0.68659999999999999,
      "raise25x" : 0.31290000000000001
    },
    "AKo" : {
      "call" : 0.71399999999999997,
      "raise25x" : 0.28599999999999998
    },
    "AKs" : {
      "call" : 0.17280000000000001,
      "raise25x" : 0.82720000000000005
    },
    "AQo" : {
      "call" : 0.96379999999999999,
      "raise25x" : 0.036199999999999996
    },
    "AQs" : {
      "call" : 0.95299999999999996,
      "raise25x" : 0.046899999999999997
    },
    "ATo" : {
      "call" : 0.38700000000000001,
      "fold" : 0.5958,
      "raise25x" : 0.0172
    },
    "ATs" : {
      "call" : 0.42820000000000003,
      "fold" : 0.35639999999999999,
      "raise25x" : 0.2155
    },
    "J2o" : {
      "fold" : 0.99990000000000001
    },
    "J2s" : {
      "call" : 0.0028,
      "fold" : 0.99680000000000002
    },
    "J3o" : {
      "fold" : 1
    },
    "J3s" : {
      "fold" : 0.99209999999999998,
      "raise25x" : 0.0077999999999999996
    },
    "J4o" : {
      "fold" : 1
    },
    "J4s" : {
      "call" : 0.0050000000000000001,
      "fold" : 0.99480000000000002
    },
    "J5o" : {
      "fold" : 0.99939999999999996
    },
    "J5s" : {
      "call" : 0.0026000000000000003,
      "fold" : 0.99729999999999996
    },
    "J6o" : {
      "fold" : 1
    },