{
  "format" : "NLHE_MTT_8MAX",
  "hands" : {
    "22" : {
      "call" : 0.9012,
      "fold" : 0.098599999999999993
    },
    "33" : {
      "call" : 0.9173,
      "fold" : 0.0499,
      "shove" : 0.032800000000000003
    },
    "42s" : {
      "call" : 0.74139999999999995,
      "fold" : 0.25769999999999998
    },
    "43o" : {
      "call" : 0.13350000000000001,
      "fold" : 0.86650000000000005
    },
    "43s" : {
      "call" : 0.7087,
      "fold" : 0.25409999999999999,
      "shove" : 0.037199999999999997
    },
    "44" : {
      "call" : 0.9506,
      "fold" : 0.014500000000000001,
      "shove" : 0.034799999999999998
    },
    "52s" : {
      "call" : 0.51770000000000005,
      "fold" : 0.47760000000000002,
      "shove" : 0.0047999999999999996
    },
    "53s" : {
      "call" : 0.13650000000000001,
      "fold" : 0.86319999999999997
    },
    "54s" : {
      "call" : 0.25159999999999999,
      "fold" : 0.74770000000000003
    },
    "55" : {
      "call" : 0.64549999999999996,
      "fold" : 0.041500000000000002,
      "shove" : 0.313
    },
    "62s" : {
      "call" : 0.59089999999999998,
      "fold" : 0.40760000000000002,
      "shove" : 0.0015
    },
    "63o" : {
      "call" : 0.2336,
      "fold" : 0.76570000000000005
    },
    "65s" : {
      "call" : 0.26429999999999998,
      "fold" : 0.73170000000000002,
      "shove" : 0.0040000000000000001
    },
    "66" : {
      "call" : 0.036600000000000001,
      "shove" : 0.96340000000000003
    },
    "72s" : {
      "call" : 0.3755,
      "fold" : 0.62390000000000001
    },
    "73s" : {
      "call" : 0.63990000000000002,
      "fold" : 0.33229999999999998,
      "shove" : 0.027799999999999998
    },
    "74o" : {
      "call" : 0.28439999999999999,
      "fold" : 0.70830000000000004,
      "shove" : 0.0073000000000000001
    },
    "74s" : {
      "call" : 0.54159999999999997,
      "fold" : 0.43609999999999999,
      "shove" : 0.0223
    },
    "76o" : {
      "call" : 0.224,
      "fold" : 0.76439999999999997,
      "shove" : 0.011599999999999999
    },
    "76s" : {
      "call" : 0.52810000000000001,
      "fold" : 0.43180000000000002,
      "shove" : 0.040099999999999997
    },
    "77" : {
      "call" : 0.95269999999999999,
      "fold" : 0.0149,
      "shove" : 0.032399999999999998
    },
    "82s" : {
      "call" : 0.12330000000000001,
      "fold" : 0.87660000000000005
    },
    "83s" : {
      "call" : 0.27479999999999999,
      "fold" : 0.72270000000000001,
      "shove" : 0.0025000000000000001
    },
    "84o" : {
      "call" : 0.63739999999999997,
      "fold" : 0.35799999999999998,
      "shove" : 0.0044999999999999997
    },
    "84s" : {
      "call" : 0.2601,
      "fold" : 0.53210000000000002,
      "shove" : 0.20780000000000001
    },
    "85s" : {
      "call" : 0.43519999999999998,
      "fold" : 0.55010000000000003,
      "shove" : 0.0147
    },
    "86o" : {
      "call" : 0.015699999999999999,
      "fold" : 0.97299999999999998,
      "shove" : 0.0114
    },
    "86s" : {
      "call" : 0.65969999999999995,
      "fold" : 0.27729999999999999,
      "shove" : 0.063
    },
    "87s" : {
      "call" : 0.60609999999999997,
      "fold" : 0.38779999999999998,
      "shove" : 0.0061000000000000004
    },
    "88" : {
      "call" : 0.97289999999999999,
      "fold" : 0.023900000000000001,
      "shove" : 0.0033
    },
    "92o" : {
      "call" : 0.0206,
      "fold" : 0.97919999999999996
    },
    "92s" : {
      "call" : 0.1734,
      "fold" : 0.80989999999999995,
      "shove" : 0.0167
    },
    "93o" : {
      "call" : 0.081199999999999994,
      "fold" : 0.91830000000000001
    },
    "93s" : {
      "call" : 0.073599999999999999,
      "fold" : 0.91510000000000002,
      "shove" : 0.011299999999999999
    },
    "94s" : {
      "call" : 0.1948,
      "fold" : 0.69389999999999996,
      "shove" : 0.1113
    },
    "95s" : {
      "call" : 0.18290000000000001,
      "fold" : 0.81420000000000003,
      "shove" : 0.0030000000000000001
    },
    "96s" : {
      "call" : 0.505,
      "fold" : 0.49270000000000003,
      "shove" : 0.0022000000000000001
    },
    "97o" : {
      "call" : 0.1178,
      "fold" : 0.87849999999999995,
      "shove" : 0.0037000000000000002
    },
    "98s" : {
      "call" : 0.68420000000000003,
      "fold" : 0.31469999999999998,
      "shove" : 0.0011000000000000001
    },
    "99" : {
      "call" : 0.1915,
      "shove" : 0.8085
    },
    "A2o" : {
      "call" : 0.83350000000000002,
      "fold" : 0.0144,
      "shove" : 0.152
    },
    "A2s" : {
      "call" : 0.55079999999999996,
      "fold" : 0.44209999999999999,
      "shove" : 0.0071000000000000004
    },
    "A3o" : {
      "call" : 0.62629999999999997,
      "fold" : 0.36049999999999999,
      "shove" : 0.013100000000000001
    },
    "A3s" : {
      "call" : 0.50019999999999998,
      "fold" : 0.24129999999999999,
      "shove" : 0.25840000000000002
    },
    "A4o" : {
      "call" : 0.90869999999999995,
      "fold" : 0.075499999999999998,
      "shove" : 0.015800000000000002
    },
    "A4s" : {
      "call" : 0.4335,
      "fold" : 0.0066,
      "shove" : 0.55989999999999995
    },
    "A5o" : {
      "call" : 0.56010000000000004,
      "fold" : 0.28299999999999997,
      "shove" : 0.15690000000000001
    },
    "A5s" : {
      "call" : 0.92589999999999995,
      "fold" : 0.072999999999999995,
      "shove" : 0.0011999999999999999
    },
    "A6o" : {
      "call" : 0.46810000000000002,
      "fold" : 0.52769999999999995,
      "shove" : 0.0041999999999999997
    },
    "A6s" : {
      "call" : 0.68589999999999995,
      "fold" : 0.29630000000000001,
      "shove" : 0.0178
    },
    "A7o" : {
      "call" : 0.98089999999999999,
      "fold" : 0.0178,
      "shove" : 0.0011999999999999999
    },
    "A7s" : {
      "call" : 0.60429999999999995,
      "fold" : 0.1789,
      "shove" : 0.21679999999999999
    },
    "A8o" : {
      "call" : 0.98719999999999997,
      "fold" : 0.002,
      "shove" : 0.010800000000000001
    },
    "A8s" : {
      "call" : 0.51080000000000003,
      "fold" : 0.2591,
      "shove" : 0.2301
    },
    "A9o" : {
      "call" : 0.9506,
      "fold" : 0.025000000000000001,
      "shove" : 0.024400000000000002
    },
    "A9s" : {
      "call" : 0.14760000000000001,
      "fold" : 0.031300000000000001,
      "shove" : 0.82110000000000005
    },
    "AA" : {
      "shove" : 1
    },
    "AJo" : {
      "call" : 0.33000000000000002,
      "shove" : 0.66969999999999996
    },
    "AJs" : {
      "call" : 0.30280000000000001,
      "fold" : 0.0011999999999999999,
      "shove" : 0.69599999999999995
    },
    "AKo" : {
      "shove" : 0.99880000000000002
    },
    "AKs" : {
      "shove" : 1
    },
    "AQo" : {
      "call" : 0.63480000000000003,
      "shove" : 0.36470000000000002
    },
    "AQs" : {
      "call" : 0.81599999999999995,
      "shove" : 0.18310000000000001
    },
    "ATo" : {
      "call" : 0.94650000000000001,
      "fold" : 0.028400000000000002,
      "shove" : 0.025100000000000001
    },
    "ATs" : {
      "call" : 0.96530000000000005,
      "fold" : 0.014999999999999999,
      "shove" : 0.019699999999999999
    },
    "J2s" : {
      "call" : 0.59619999999999995,
      "fold" : 0.36680000000000001,
      "shove" : 0.036999999999999998
    },
    "J3o" : {
      "call" : 0.4244,
      "fold" : 0.57509999999999994
    },
    "J3s" : {
      "call" : 0.50939999999999996,
      "fold" : 0.4723,
      "shove" : 0.0183
    },
    "J4s" : {
      "call" : 0.38979999999999998,
      "fold" : 0.60950000000000004
    },
    "J5o" : {
      "call" : 0.026800000000000001,
      "fold" : 0.96940000000000004,
      "shove" : 0.0038
    },
    "J5s" : {
      "call" : 0.68059999999999998,
      "fold" : 0.28849999999999998,
      "shove" : 0.0309
    },
    "J6s" : {
      "call" : 0.3533,
      "fold" : 0.62539999999999996,
      "shove" : 0.021299999999999999
    },
    "J7o" : {
      "call" : 0.64690000000000003,