{
  "format" : "NLHE_MTT_8MAX",
  "hands" : {
    "22" : {
      "call" : 1
    },
    "32s" : {
      "call" : 1
    },
    "33" : {
      "call" : 1
    },
    "42s" : {
      "call" : 1
    },
    "43o" : {
      "call" : 0.54210000000000003,
      "fold" : 0.45789999999999997
    },
    "43s" : {
      "call" : 0.92810000000000004,
      "raise3x" : 0.071900000000000006
    },
    "44" : {
      "call" : 1
    },
    "52s" : {
      "call" : 1
    },
    "53o" : {
      "call" : 1
    },
    "53s" : {
      "call" : 0.44009999999999999,
      "raise3x" : 0.55989999999999995
    },
    "54o" : {
      "call" : 1
    },
    "54s" : {
      "raise3x" : 1
    },
    "55" : {
      "call" : 0.96409999999999996,
      "raise3x" : 0.035900000000000001
    },
    "62s" : {
      "call" : 1
    },
    "63s" : {
      "call" : 1
    },
    "64o" : {
      "call" : 1
    },
    "64s" : {
      "call" : 1
    },
    "65o" : {
      "call" : 1
    },
    "65s" : {
      "call" : 0.37190000000000001,
      "raise3x" : 0.62809999999999999
    },
    "66" : {
      "call" : 0.7419,
      "raise3x" : 0.2581
    },
    "72s" : {
      "call" : 1
    },
    "73s" : {
      "call" : 1
    },
    "74s" : {
      "call" : 1
    },
    "75o" : {
      "call" : 1
    },
    "75s" : {
      "call" : 0.91610000000000003,
      "raise3x" : 0.083900000000000002
    },
    "76o" : {
      "call" : 1
    },
    "76s" : {
      "call" : 0.34799999999999998,
      "raise3x" : 0.65200000000000002
    },
    "77" : {
      "call" : 0.65410000000000001,
      "raise3x" : 0.34589999999999999
    },
    "82s" : {
      "call" : 1
    },
    "83s" : {
      "call" : 1
    },
    "84s" : {
      "call" : 1
    },
    "85o" : {
      "call" : 0.98209999999999997,
      "fold" : 0.017899999999999999
    },
    "85s" : {
      "call" : 0.54810000000000003,
      "raise3x" : 0.45190000000000002
    },
    "86o" : {
      "call" : 1
    },
    "86s" : {
      "raise3x" : 1
    },
    "87o" : {
      "call" : 1
    },
    "87s" : {
      "call" : 0.33800000000000002,
      "raise3x" : 0.66200000000000003
    },
    "88" : {
      "call" : 0.58609999999999995,
      "raise3x" : 0.41389999999999999
    },
    "92s" : {
      "call" : 1
    },
    "93s" : {
      "call" : 1
    },
    "94s" : {
      "call" : 1
    },
    "95o" : {
      "call" : 0.29999999999999999,
      "fold" : 0.69999999999999996
    },
    "95s" : {
      "call" : 1
    },
    "96o" : {
      "call" : 1
    },
    "96s" : {
      "call" : 0.316,
      "raise3x" : 0.68400000000000005
    },
    "97o" : {
      "call" : 1
    },
    "97s" : {
      "call" : 0.0218,
      "raise3x" : 0.97819999999999996
    },
    "98o" : {
      "call" : 1
    },
    "98s" : {
      "raise3x" : 1
    },
    "99" : {
      "call" : 0.016,
      "raise3x" : 0.98399999999999999
    },
    "A2o" : {
      "call" : 1
    },
    "A2s" : {
      "call" : 1
    },
    "A3o" : {
      "call" : 1
    },
    "A3s" : {
      "call" : 0.60399999999999998,
      "raise3x" : 0.39600000000000002
    },
    "A4o" : {
      "call" : 0.84209999999999996,
      "raise3x" : 0.15790000000000001
    },
    "A4s" : {
      "call" : 0.59799999999999998,
      "raise3x" : 0.40200000000000002
    },
    "A5o" : {
      "call" : 0.95199999999999996,
      "raise3x" : 0.048000000000000001
    },
    "A5s" : {
      "call" : 0.069800000000000001,
      "raise3x" : 0.93020000000000003
    },
    "A6o" : {
      "call" : 0.93600000000000005,
      "raise3x" : 0.064000000000000001
    },
    "A6s" : {
      "call" : 1
    },
    "A7o" : {
      "call" : 0.86599999999999999,
      "raise3x" : 0.13400000000000001
    },
    "A7s" : {
      "call" : 1
    },
    "A8o" : {
      "call" : 1
    },
    "A8s" : {
      "call" : 1
    },
    "A9o" : {
      "call" : 1
    },
    "A9s" : {
      "call" : 1
    },
    "AA" : {
      "raise3x" : 1
    },
    "AJo" : {
      "call" : 0.51190000000000002,
      "raise3x" : 0.48809999999999998
    },
    "AJs" : {
      "raise3x" : 1
    },
    "AKo" : {
      "raise3x" : 1
    },
    "AKs" : {
      "raise3x" : 1
    },
    "AQo" : {
      "raise3x" : 1
    },
    "AQs" : {
      "raise3x" : 1
    },
    "ATo" : {
      "call" : 0.97819999999999996,
      "raise3x" : 0.0218
    },
    "ATs" : {
      "raise3x" : 1
    },
    "J2o" : {
      "call" : 0.23999999999999999,
      "fold" : 0.76000000000000001
    },
    "J2s" : {
      "call" : 1
    },
    "J3o" : {
      "call" : 1
    },
    "J3s" : {
      "call" : 1
    },
    "J4o" : {
      "call" : 1
    },
    "J4s" : {
      "call" : 0.95199999999999996,
      "raise3x" : 0.048000000000000001
    },
    "J5o" : {
      "call" : 1
    },
    "J5s" : {
      "call" : 0.77810000000000001,
      "raise3x" : 0.22189999999999999
    },
    "J6o" : {
      "call" : 1
    },
    "J6s" : {
      "call" : 1
    },
    "J7o" : {
      "call" : 1
    },
    "J7s" : {
      "call" : 0.55200000000000005,
      "raise3x" : 0.44800000000000001
    },
    "J8o" : {
      "call" : 1
    },
    "J8s" : {
      "call" : 0.33200000000000002,
      "raise3x" : 0.66800000000000004
    },
    "J9o" : {
      "call" : 0.98009999999999997,
      "raise3x" : 0.019900000000000001
    },
    "J9s" : {
      "call" : 0.65010000000000001,
      "raise3x" : 0.34989999999999999
    },
    "JJ" : {
      "raise3x" : 1
    },
    "JTo" : {
      "call" : 0.78810000000000002,
      "raise3x" : 0.21190000000000001
    },
    "JTs" : {
      "call" : 0.82399999999999995,
      "raise3x" : 0.17599999999999999
    },
    "K2o" : {
      "call" : 1
    },
    "K2s" : {
      "call" : 1
    },
    "K3o" : {
      "call" : 1
    },
    "K3s" : {
      "call" : 1
    },
    "K4o" : {
      "call" : 1
    },
    "K4s" : {
      "call" : 0.95799999999999996,
      "raise3x" : 0.042000000000000003
    },
    "K5o" : {
      "call" : 1
    },
    "K5s" : {
      "call" : 0.52400000000000002,
      "raise3x" : 0.47599999999999998
    },
    "K6o" : {
      "call" : 0.89800000000000002,
      "raise3x" : 0.10199999999999999
    },
    "K6s" : {
      "call" : 0.093899999999999997,
      "raise3x" : 0.90610000000000002
    },
    "K7o" : {
      "call" : 0.66200000000000003,
      "raise3x" : 0.33800000000000002
    },
    "K7s" : {
      "call" : 1
    },
    "K8o" : {
      "call" : 1
    },
    "K8s" : {
      "call" : 1
    },
    "K9o" : {
      "call" : 1
    },
    "K9s" : {
      "call" : 1
    },
    "KJo" : {
      "call" : 0.72009999999999996,
      "raise3x" : 0.27989999999999998
    },
    "KJs" : {
      "raise3x" : 1
    },
    "KK" : {
      "raise3x" : 1
    },
    "KQo" : {
      "call" : 0.39600000000000002,
      "raise3x" : 0.60399999999999998
    },
    "KQs" : {
      "raise3x" : 1
    },
    "KTo" : {
      "call" : 0.92210000000000003,
      "raise3x" : 0.077899999999999997
    },
    "KTs" : {
      "raise3x" : 1
    },
    "Q2o" : {
      "call" : 1
    },
    "Q2s" : {
      "call" : 1
    },
    "Q3o" : {
      "call" : 1
    },
    "Q3s" : {
      "call" : 1
    },
    "Q4o" : {
      "call" : 1
    },
    "Q4s" : {
      "call" : 1
    },
    "Q5o" : {
      "call" : 1
    },
    "Q5s" : {
      "call" : 0.73609999999999998,
      "raise3x" : 0.26390000000000002
    },
    "Q6o" : {
      "call" : 1
    },
    "Q6s" : {
      "call" : 0.92000000000000004,
      "raise3x" : 0.080000000000000002
    },
    "Q7o" : {
      "call" : 1
    },
    "Q7s" : {
      "call" : 0.97219999999999995,
      "raise3x" : 0.027799999999999998
    },
    "Q8o" : {
      "call" : 1
    },
    "Q8s" : {
      "call" : 0.83609999999999995,
      "raise3x" : 0.16389999999999999
    },
    "Q9o" : {
      "call" : 1
    },
    "Q9s" : {
      "call" : 1
    },
    "QJo" : {
      "call" : 0.72599999999999998,
      "raise3x" : 0.27400000000000002
    },
    "QJs" : {
      "raise3x" : 1
    },
    "QQ" : {
      "raise3x" : 1
    },
    "QTo" : {
      "call" : 0.77810000000000001,