{
  "format" : "NLHE_MTT_9MAX",
  "hands" : {
    "22" : {
      "call" : 1
    },
    "33" : {
      "call" : 1
    },
    "44" : {
      "call" : 1
    },
    "54s" : {
      "call" : 1
    },
    "55" : {
      "call" : 1
    },
    "65s" : {
      "call" : 1
    },
    "66" : {
      "call" : 1
    },
    "76s" : {
      "call" : 1
    },
    "77" : {
      "call" : 1
    },
    "87s" : {
      "call" : 1
    },
    "88" : {
      "call" : 0.98009999999999997,
      "raise25x" : 0.019899999999999998
    },
    "97s" : {
      "call" : 0.2752,
      "fold" : 0.7248
    },
    "98s" : {
      "call" : 1
    },
    "99" : {
      "call" : 1
    },
    "A2s" : {
      "fold" : 0.51200000000000001,
      "raise25x" : 0.48799999999999999
    },
    "A3s" : {
      "call" : 0.62,
      "raise25x" : 0.38
    },
    "A4s" : {
      "call" : 0.54400000000000004,
      "raise25x" : 0.1139,
      "shove" : 0.34210000000000002
    },
    "A5s" : {
      "call" : 1
    },
    "A6s" : {
      "call" : 0.92810000000000004,
      "raise25x" : 0.071900000000000019
    },
    "A7s" : {
      "call" : 0.68400000000000005,
      "raise25x" : 0.316
    },
    "A8s" : {
      "call" : 0.91400000000000003,
      "raise25x" : 0.085999999999999993
    },
    "A9s" : {
      "call" : 1
    },
    "AA" : {
      "raise25x" : 1
    },
    "AJo" : {
      "call" : 0.70409999999999995,
      "raise25x" : 0.2959
    },
    "AJs" : {
      "call" : 1
    },
    "AKo" : {
      "raise25x" : 0.7661,
      "shove" : 0.2339
    },
    "AKs" : {
      "raise25x" : 1
    },
    "AQo" : {
      "call" : 0.75009999999999999,
      "raise25x" : 0.24990000000000001
    },
    "AQs" : {
      "call" : 1
    },
    "ATo" : {
      "fold" : 0.74399999999999999,
      "raise25x" : 0.25600000000000001
    },
    "ATs" : {
      "call" : 1
    },
    "J9s" : {
      "call" : 0.96009999999999995,
      "raise25x" : 0.039899999999999998
    },
    "JJ" : {
      "call" : 0.19989999999999999,
      "raise25x" : 0.46210000000000001,
      "shove" : 0.33800000000000002
    },
    "JTs" : {
      "call" : 1
    },
    "K5s" : {
      "call" : 0.1356,
      "fold" : 0.85050000000000003,
      "raise25x" : 0.013900000000000001
    },
    "K6s" : {
      "call" : 1
    },
    "K7s" : {
      "call" : 0.032000000000000001,
      "fold" : 0.96799999999999997
    },
    "K8s" : {
      "call" : 0.46600000000000003,
      "raise25x" : 0.53400000000000003
    },
    "K9s" : {
      "call" : 0.78810000000000002,
      "raise25x" : 0.21190000000000001
    },
    "KJo" : {
      "fold" : 0.57199999999999995,
      "raise25x" : 0.42799999999999999
    },
    "KJs" : {
      "call" : 1
    },
    "KK" : {
      "raise25x" : 1
    },
    "KQo" : {
      "call" : 0.90010000000000001,
      "raise25x" : 0.099900000000000003
    },
    "KQs" : {
      "call" : 1
    },
    "KTs" : {
      "call" : 1
    },
    "Q9s" : {
      "call" : 1
    },
    "QJs" : {
      "call" : 1
    },
    "QQ" : {
      "raise25x" : 1
    },
    "QTs" : {
      "call" : 1
    },
    "T8s" : {
      "call" : 1
    },
    "T9s" : {
      "call" : 1
    },
    "TT" : {
      "call" : 0.56200000000000006,
      "raise25x" : 0.438
    }
  },
  "id" : "mtt_9max_70bb_hj_vs3bet_vs_co",
  "source" : {
    "description" : "Adapted from RangeConverter 8-max baseline.",
    "publisher" : {
      "accessedDate" : "2026-06-01",
      "name" : "RangeConverter",
      "product" : "Free Poker Charts — 8 max 1bb ante MTT GTO Ranges",
      "treeParams" : "2.5x open, 3.5x 3bet IP, 4.5x 3bet OOP, 2.3x 4bet IP, 2.75x 4bet OOP, SB vs BB 3.2bb",
      "url" : "https:\/\/rangeconverter.com\/free-poker-charts"
    },
    "solver" : {
      "assumptions" : "Frequencies rounded to nearest 25% per source. ChipEV (non-ICM). 1bb (12.5%) big-blind ante. Copied verbatim from 8-max HJ (same effective seat in 9-max)."
    },
    "type" : "published"
  },
  "spot" : {
    "anteType" : "bigBlindAnte",
    "facingAction" : "vs3Bet",
    "opponentPosition" : "CO",
    "position" : "HJ",
    "stackDepthBB" : 70
  }
}