{
  "format" : "NLHE_MTT_8MAX",
  "hands" : {
    "22" : {
      "call" : 1
    },
    "33" : {
      "call" : 1
    },
    "44" : {
      "call" : 1
    },
    "54s" : {
      "call" : 1
    },
    "55" : {
      "call" : 1
    },
    "65s" : {
      "call" : 1
    },
    "66" : {
      "call" : 0.69999999999999996,
      "fold" : 0.29999999999999999
    },
    "76s" : {
      "call" : 1
    },
    "77" : {
      "call" : 0.65200000000000002,
      "fold" : 0.34799999999999998
    },
    "87s" : {
      "call" : 1
    },
    "88" : {
      "call" : 0.63600000000000001,
      "fold" : 0.36399999999999999
    },
    "99" : {
      "call" : 0.74350000000000005,
      "fold" : 0.23649999999999999,
      "raise3x" : 0.02
    },
    "A3s" : {
      "fold" : 0.18909999999999999,
      "raise3x" : 0.81089999999999995
    },
    "A4s" : {
      "call" : 0.34999999999999998,
      "fold" : 0.28410000000000002,
      "raise3x" : 0.3659
    },
    "A5s" : {
      "call" : 0.58399999999999996,
      "raise3x" : 0.41599999999999998
    },
    "A6s" : {
      "fold" : 0.94199999999999995,
      "raise3x" : 0.058000000000000003
    },
    "A7s" : {
      "fold" : 0.80410000000000004,
      "raise3x" : 0.19589999999999999
    },
    "A8s" : {
      "call" : 0.096000000000000002,
      "fold" : 0.90400000000000003
    },
    "A9s" : {
      "call" : 0.66800000000000004,
      "fold" : 0.33200000000000002
    },
    "AA" : {
      "raise3x" : 1
    },
    "AJs" : {
      "call" : 0.96409999999999996,
      "raise3x" : 0.035900000000000001
    },
    "AKo" : {
      "call" : 0.6341,
      "raise3x" : 0.3659
    },
    "AKs" : {
      "raise3x" : 1
    },
    "AQo" : {
      "call" : 0.1396,
      "fold" : 0.53120000000000001,
      "raise3x" : 0.32919999999999999
    },
    "AQs" : {
      "call" : 1
    },
    "ATs" : {
      "call" : 0.83399999999999996,
      "raise3x" : 0.16600000000000001
    },
    "JJ" : {
      "call" : 0.71199999999999997,
      "raise3x" : 0.28799999999999998
    },
    "JTs" : {
      "call" : 0.5101,
      "fold" : 0.4899
    },
    "K9s" : {
      "fold" : 0.90610000000000002,
      "raise3x" : 0.093899999999999997
    },
    "KJs" : {
      "call" : 0.24790000000000001,
      "raise3x" : 0.75209999999999999
    },
    "KK" : {
      "raise3x" : 1
    },
    "KQs" : {
      "call" : 1
    },
    "KTs" : {
      "call" : 0.44800000000000001,
      "raise3x" : 0.55200000000000005
    },
    "QJs" : {
      "call" : 0.30790000000000001,
      "fold" : 0.69210000000000005
    },
    "QQ" : {
      "call" : 0.86409999999999998,
      "raise3x" : 0.13589999999999999
    },
    "QTs" : {
      "call" : 0.52790000000000004,
      "fold" : 0.47210000000000002
    },
    "T9s" : {
      "call" : 0.52000000000000002,
      "fold" : 0.47999999999999998
    },
    "TT" : {
      "call" : 0.85409999999999997,
      "raise3x" : 0.1459
    }
  },
  "id" : "mtt_8max_100bb_utg_vs3bet_vs_co",
  "source" : {
    "description" : "RangeConverter free PDF — 8-max 100bb 1bb ante (12.5%).",
    "publisher" : {
      "accessedDate" : "2026-06-01",
      "name" : "RangeConverter",
      "product" : "Free Poker Charts — 8 max 1bb ante MTT GTO Ranges",
      "treeParams" : "poker.academy CE-Symmetric Regular @ 100bb (GTO ChipEV, 1bb ante)",
      "url" : "https:\/\/rangeconverter.com\/free-poker-charts"
    },
    "solver" : {
      "assumptions" : "Frequencies rounded to nearest 25% per source. ChipEV (non-ICM). 1bb (12.5%) big-blind ante."
    },
    "type" : "published"
  },
  "spot" : {
    "anteType" : "bigBlindAnte",
    "facingAction" : "vs3Bet",
    "opponentPosition" : "CO",
    "position" : "UTG",
    "stackDepthBB" : 100
  }
}