{
  "format" : "NLHE_MTT_8MAX",
  "hands" : {
    "22" : {
      "call" : 1
    },
    "33" : {
      "call" : 0.012800000000000001,
      "fold" : 0.98719999999999997
    },
    "44" : {
      "call" : 0.42799999999999999,
      "fold" : 0.57199999999999995
    },
    "55" : {
      "call" : 0.1552,
      "fold" : 0.8448
    },
    "66" : {
      "call" : 0.53210000000000002,
      "fold" : 0.46789999999999998
    },
    "76s" : {
      "call" : 1
    },
    "77" : {
      "call" : 0.626,
      "fold" : 0.374
    },
    "87s" : {
      "call" : 1
    },
    "88" : {
      "call" : 0.80010000000000003,
      "fold" : 0.19989999999999999
    },
    "98s" : {
      "call" : 1
    },
    "99" : {
      "call" : 0.99209999999999998,
      "fold" : 0.0079000000000000008
    },
    "A3s" : {
      "call" : 0.3448,
      "fold" : 0.3206,
      "raise3x" : 0.33460000000000001
    },
    "A4s" : {
      "call" : 1
    },
    "A5s" : {
      "call" : 1
    },
    "A6s" : {
      "call" : 0.27589999999999998,
      "fold" : 0.72409999999999997
    },
    "A7s" : {
      "call" : 0.78000000000000003,
      "fold" : 0.22
    },
    "A8s" : {
      "call" : 1
    },
    "A9s" : {
      "call" : 1
    },
    "AA" : {
      "call" : 0.49590000000000001,
      "raise3x" : 0.40810000000000002,
      "shove" : 0.096000000000000002
    },
    "AJs" : {
      "call" : 1
    },
    "AKo" : {
      "call" : 0.47999999999999998,
      "raise3x" : 0.13400000000000001,
      "shove" : 0.38600000000000001
    },
    "AKs" : {
      "call" : 1
    },
    "AQo" : {
      "call" : 0.74399999999999999,
      "fold" : 0.19800000000000001,
      "raise3x" : 0.058000000000000003
    },
    "AQs" : {
      "call" : 1
    },
    "ATs" : {
      "call" : 1
    },
    "JJ" : {
      "call" : 1
    },
    "JTs" : {
      "call" : 1
    },
    "KJo" : {
      "fold" : 0.98209999999999997,
      "raise3x" : 0.017899999999999999
    },
    "KJs" : {
      "call" : 1
    },
    "KK" : {
      "call" : 0.7621,
      "shove" : 0.2379
    },
    "KQo" : {
      "call" : 0.01,
      "fold" : 0.95409999999999995,
      "raise3x" : 0.035900000000000001
    },
    "KQs" : {
      "call" : 1
    },
    "KTs" : {
      "call" : 1
    },
    "QJs" : {
      "call" : 1
    },
    "QQ" : {
      "call" : 1
    },
    "QTs" : {
      "call" : 1
    },
    "T9s" : {
      "call" : 0.90400000000000003,
      "fold" : 0.096000000000000002
    },
    "TT" : {
      "call" : 1
    }
  },
  "id" : "mtt_8max_70bb_utg1_vs3bet_vs_bb",
  "source" : {
    "description" : "RangeConverter free PDF — 8-max 70bb 1bb ante (12.5%).",
    "publisher" : {
      "accessedDate" : "2026-06-01",
      "name" : "RangeConverter",
      "product" : "Free Poker Charts — 8 max 1bb ante MTT GTO Ranges",
      "treeParams" : "poker.academy CE-Symmetric Regular @ 70bb (GTO ChipEV, 1bb ante)",
      "url" : "https:\/\/rangeconverter.com\/free-poker-charts"
    },
    "solver" : {
      "assumptions" : "Frequencies rounded to nearest 25% per source. ChipEV (non-ICM). 1bb (12.5%) big-blind ante."
    },
    "type" : "published"
  },
  "spot" : {
    "anteType" : "bigBlindAnte",
    "facingAction" : "vs3Bet",
    "opponentPosition" : "BB",
    "position" : "UTG1",
    "stackDepthBB" : 70
  }
}