{
  "format" : "NLHE_MTT_9MAX",
  "hands" : {
    "22" : {
      "call" : 1
    },
    "33" : {
      "call" : 0.43509999999999999,
      "shove" : 0.56489999999999996
    },
    "44" : {
      "raise25x" : 0.014999999999999999,
      "shove" : 0.98499999999999999
    },
    "54s" : {
      "call" : 1
    },
    "55" : {
      "call" : 0.43009999999999998,
      "raise25x" : 0.074999999999999997,
      "shove" : 0.49490000000000001
    },
    "65s" : {
      "call" : 1
    },
    "66" : {
      "call" : 0.080399999999999999,
      "raise25x" : 0.01,
      "shove" : 0.90959999999999996
    },
    "76s" : {
      "call" : 1
    },
    "77" : {
      "shove" : 1
    },
    "86s" : {
      "call" : 0.12989999999999999,
      "fold" : 0.87009999999999998
    },
    "87s" : {
      "call" : 1
    },
    "88" : {
      "raise25x" : 0.019899999999999998,
      "shove" : 0.98009999999999997
    },
    "97s" : {
      "call" : 0.56989999999999996,
      "fold" : 0.43009999999999998
    },
    "98s" : {
      "call" : 1
    },
    "99" : {
      "shove" : 1
    },
    "A2s" : {
      "call" : 0.94520000000000004,
      "raise25x" : 0.054799999999999995
    },
    "A3s" : {
      "call" : 0.55500000000000005,
      "shove" : 0.44500000000000001
    },
    "A4s" : {
      "call" : 0.2049,
      "shove" : 0.79510000000000003
    },
    "A5s" : {
      "call" : 1
    },
    "A6s" : {
      "call" : 1
    },
    "A7o" : {
      "fold" : 0.97509999999999997,
      "raise25x" : 0.024899999999999999
    },
    "A7s" : {
      "call" : 0.57509999999999994,
      "shove" : 0.4249
    },
    "A8o" : {
      "fold" : 0.97009999999999996,
      "raise25x" : 0.029899999999999999
    },
    "A8s" : {
      "call" : 1
    },
    "A9o" : {
      "call" : 0.53280000000000005,
      "fold" : 0.42709999999999998,
      "raise25x" : 0.040099999999999997
    },
    "A9s" : {
      "call" : 0.19489999999999999,
      "shove" : 0.80510000000000004
    },
    "AA" : {
      "call" : 0.68999999999999995,
      "raise25x" : 0.31
    },
    "AJo" : {
      "shove" : 1
    },
    "AJs" : {
      "raise25x" : 0.099900000000000003,
      "shove" : 0.90010000000000001
    },
    "AKo" : {
      "shove" : 1
    },
    "AKs" : {
      "shove" : 1
    },
    "AQo" : {
      "shove" : 1
    },
    "AQs" : {
      "shove" : 1
    },
    "ATo" : {
      "call" : 0.80410000000000004,
      "raise25x" : 0.075400000000000009,
      "shove" : 0.1205
    },
    "ATs" : {
      "call" : 1
    },
    "J8s" : {
      "call" : 1
    },
    "J9s" : {
      "call" : 1
    },
    "JJ" : {
      "raise25x" : 0.0499,
      "shove" : 0.95009999999999994
    },
    "JTo" : {
      "call" : 0.024899999999999999,
      "fold" : 0.97509999999999997
    },
    "JTs" : {
      "shove" : 1
    },
    "K6s" : {
      "call" : 0.97009999999999996,
      "raise25x" : 0.029899999999999999
    },
    "K7s" : {
      "call" : 0.97509999999999997,
      "raise25x" : 0.024899999999999999
    },
    "K8s" : {
      "call" : 1
    },
    "K9s" : {
      "call" : 0.72140000000000004,
      "raise25x" : 0.029699999999999997,
      "shove" : 0.24890000000000001
    },
    "KJo" : {
      "call" : 1
    },
    "KJs" : {
      "call" : 0.0349,
      "raise25x" : 0.01,
      "shove" : 0.95509999999999995
    },
    "KK" : {
      "raise25x" : 0.080000000000000002,
      "shove" : 0.92000000000000004
    },
    "KQo" : {
      "call" : 0.44009999999999999,
      "shove" : 0.55989999999999995
    },
    "KQs" : {
      "shove" : 1
    },
    "KTo" : {
      "call" : 0.59009999999999996,
      "fold" : 0.40989999999999999
    },
    "KTs" : {
      "raise25x" : 0.024899999999999999,
      "shove" : 0.97509999999999997
    },
    "Q8s" : {
      "call" : 1
    },
    "Q9s" : {
      "call" : 1
    },
    "QJo" : {
      "call" : 0.96009999999999995,
      "raise25x" : 0.039899999999999998
    },
    "QJs" : {
      "raise25x" : 0.019899999999999998,
      "shove" : 0.98009999999999997
    },
    "QQ" : {
      "raise25x" : 0.019899999999999998,
      "shove" : 0.98009999999999997
    },
    "QTo" : {
      "call" : 0.20979999999999999,
      "fold" : 0.79020000000000001
    },
    "QTs" : {
      "shove" : 1
    },
    "T8s" : {
      "call" : 1
    },
    "T9s" : {
      "call" : 0.97509999999999997,
      "raise25x" : 0.024899999999999999
    },
    "TT" : {
      "shove" : 1
    }
  },
  "id" : "mtt_9max_20bb_sb_vsopen_vs_lj",
  "source" : {
    "description" : "Adapted from RangeConverter 8-max baseline.",
    "publisher" : {
      "accessedDate" : "2026-06-01",
      "name" : "RangeConverter",
      "product" : "Free Poker Charts — 8 max 1bb ante MTT GTO Ranges",
      "treeParams" : "2.5x open, 3.5x 3bet IP, 4.5x 3bet OOP, 2.3x 4bet IP, 2.75x 4bet OOP, SB vs BB 3.2bb",
      "url" : "https:\/\/rangeconverter.com\/free-poker-charts"
    },
    "solver" : {
      "assumptions" : "Frequencies rounded to nearest 25% per source. ChipEV (non-ICM). 1bb (12.5%) big-blind ante. Copied verbatim from 8-max SB (same effective seat in 9-max)."
    },
    "type" : "published"
  },
  "spot" : {
    "anteType" : "bigBlindAnte",
    "facingAction" : "vsOpen",
    "opponentPosition" : "LJ",
    "position" : "SB",
    "stackDepthBB" : 20
  }
}