{
  "format" : "NLHE_MTT_8MAX",
  "hands" : {
    "22" : {
      "call" : 1
    },
    "33" : {
      "call" : 1
    },
    "44" : {
      "call" : 1
    },
    "54s" : {
      "call" : 1
    },
    "55" : {
      "call" : 0.9194,
      "fold" : 0.080600000000000005
    },
    "65s" : {
      "call" : 1
    },
    "66" : {
      "call" : 0.84499999999999997,
      "fold" : 0.155
    },
    "76s" : {
      "call" : 0.81569999999999998,
      "raise3x" : 0.18429999999999999
    },
    "77" : {
      "call" : 0.57789999999999997,
      "fold" : 0.39700000000000002,
      "raise3x" : 0.025100000000000001
    },
    "87s" : {
      "call" : 1
    },
    "88" : {
      "call" : 0.67010000000000003,
      "fold" : 0.29999999999999999,
      "raise3x" : 0.029899999999999999
    },
    "98s" : {
      "call" : 0.50939999999999996,
      "fold" : 0.49059999999999998
    },
    "99" : {
      "call" : 0.81530000000000002,
      "fold" : 0.069800000000000001,
      "raise3x" : 0.1149
    },
    "A3s" : {
      "call" : 0.025499999999999998,
      "fold" : 0.97450000000000003
    },
    "A4s" : {
      "call" : 0.64339999999999997,
      "fold" : 0.070199999999999999,
      "raise3x" : 0.28639999999999999
    },
    "A5s" : {
      "call" : 0.62,
      "raise3x" : 0.38
    },
    "A9s" : {
      "call" : 0.074999999999999997,
      "fold" : 0.92500000000000004
    },
    "AA" : {
      "raise3x" : 1
    },
    "AJs" : {
      "call" : 0.57509999999999994,
      "raise3x" : 0.4249
    },
    "AKo" : {
      "call" : 0.19589999999999999,
      "raise3x" : 0.1055,
      "shove" : 0.6986
    },
    "AKs" : {
      "raise3x" : 1
    },
    "AQo" : {
      "call" : 0.26129999999999998,
      "fold" : 0.35670000000000002,
      "raise3x" : 0.38200000000000001
    },
    "AQs" : {
      "call" : 1
    },
    "ATs" : {
      "call" : 0.91500000000000004,
      "raise3x" : 0.085000000000000006
    },
    "JJ" : {
      "call" : 0.57509999999999994,
      "raise3x" : 0.4249
    },
    "JTs" : {
      "call" : 0.69999999999999996,
      "fold" : 0.29999999999999999
    },
    "K9s" : {
      "fold" : 0.95509999999999995,
      "raise3x" : 0.044900000000000002
    },
    "KJs" : {
      "call" : 0.755,
      "raise3x" : 0.245
    },
    "KK" : {
      "raise3x" : 0.45000000000000001,
      "shove" : 0.55000000000000004
    },
    "KQs" : {
      "call" : 0.67010000000000003,
      "raise3x" : 0.32990000000000003
    },
    "KTs" : {
      "call" : 0.75009999999999999,
      "raise3x" : 0.24990000000000001
    },
    "QJs" : {
      "call" : 0.76000000000000001,
      "fold" : 0.23999999999999999
    },
    "QQ" : {
      "call" : 0.45240000000000002,
      "raise3x" : 0.4975,
      "shove" : 0.050099999999999999
    },
    "QTs" : {
      "call" : 0.40489999999999998,
      "fold" : 0.59509999999999996
    },
    "T8s" : {
      "call" : 0.039300000000000002,
      "fold" : 0.9607
    },
    "T9s" : {
      "call" : 0.82010000000000005,
      "fold" : 0.1799
    },
    "TT" : {
      "call" : 0.92500000000000004,
      "raise3x" : 0.074999999999999997
    }
  },
  "id" : "mtt_8max_80bb_utg_vs3bet_vs_lj",
  "source" : {
    "description" : "RangeConverter free PDF — 8-max 80bb 1bb ante (12.5%).",
    "publisher" : {
      "accessedDate" : "2026-06-01",
      "name" : "RangeConverter",
      "product" : "Free Poker Charts — 8 max 1bb ante MTT GTO Ranges",
      "treeParams" : "poker.academy CE-Symmetric Regular @ 80bb (GTO ChipEV, 1bb ante)",
      "url" : "https:\/\/rangeconverter.com\/free-poker-charts"
    },
    "solver" : {
      "assumptions" : "Frequencies rounded to nearest 25% per source. ChipEV (non-ICM). 1bb (12.5%) big-blind ante."
    },
    "type" : "published"
  },
  "spot" : {
    "anteType" : "bigBlindAnte",
    "facingAction" : "vs3Bet",
    "opponentPosition" : "LJ",
    "position" : "UTG",
    "stackDepthBB" : 80
  }
}