{
  "format" : "NLHE_MTT_8MAX",
  "hands" : {
    "22" : {
      "call" : 0.995,
      "raise25x" : 0.0048999999999999998
    },
    "32o" : {
      "call" : 0.1883,
      "fold" : 0.81169999999999998
    },
    "32s" : {
      "call" : 0.99880000000000002,
      "fold" : 0.0011999999999999999
    },
    "33" : {
      "call" : 0.99480000000000002,
      "raise25x" : 0.0051000000000000004
    },
    "42o" : {
      "call" : 0.27350000000000002,
      "fold" : 0.72650000000000003
    },
    "42s" : "call",
    "43o" : "call",
    "43s" : "call",
    "44" : {
      "call" : 0.93979999999999997,
      "fold" : 0.0041000000000000003,
      "raise25x" : 0.056000000000000001
    },
    "52o" : "call",
    "52s" : "call",
    "53o" : "call",
    "53s" : {
      "call" : 0.99780000000000002,
      "fold" : 0.0018
    },
    "54o" : "call",
    "54s" : {
      "call" : 0.99160000000000004,
      "fold" : 0.0080999999999999996
    },
    "55" : {
      "call" : 0.51219999999999999,
      "raise25x" : 0.48749999999999999
    },
    "62o" : "call",
    "62s" : {
      "call" : 0.95109999999999995,
      "fold" : 0.047399999999999998,
      "raise25x" : 0.0014
    },
    "63o" : "call",
    "63s" : {
      "call" : 0.99850000000000005,
      "fold" : 0.0015
    },
    "64o" : "call",
    "64s" : "call",
    "65o" : "call",
    "65s" : "call",
    "66" : {
      "call" : 0.96530000000000005,
      "raise25x" : 0.034700000000000002
    },
    "72o" : {
      "call" : 0.99870000000000003,
      "fold" : 0.0012999999999999999
    },
    "72s" : {
      "call" : 0.97089999999999999,
      "fold" : 0.019699999999999999,
      "raise25x" : 0.0094000000000000004
    },
    "73o" : {
      "call" : 0.99809999999999999,
      "fold" : 0.0019
    },
    "73s" : {
      "call" : 0.99060000000000004,
      "fold" : 0.0054999999999999997,
      "raise25x" : 0.0038999999999999998
    },
    "74o" : "call",
    "74s" : {
      "call" : 0.99609999999999999,
      "fold" : 0.0018,
      "raise25x" : 0.0020999999999999999
    },
    "75o" : {
      "call" : 0.99790000000000001,
      "fold" : 0.0015
    },
    "75s" : {
      "call" : 0.99070000000000003,
      "fold" : 0.0020999999999999999,
      "raise25x" : 0.0073000000000000001
    },
    "76o" : "call",
    "76s" : {
      "call" : 0.99180000000000001,
      "fold" : 0.0077999999999999996
    },
    "77" : {
      "call" : 0.61909999999999998,
      "raise25x" : 0.38090000000000002
    },
    "82o" : "call",
    "82s" : "call",
    "83o" : "call",
    "83s" : "call",
    "84o" : {
      "call" : 0.99819999999999998,
      "raise25x" : 0.0011999999999999999
    },
    "84s" : {
      "call" : 0.99850000000000005
    },
    "85o" : {
      "call" : 0.998,
      "raise25x" : 0.0015
    },
    "85s" : {
      "call" : 0.99080000000000001,
      "fold" : 0.0089999999999999993
    },
    "86o" : "call",
    "86s" : {
      "call" : 0.84919999999999995,
      "fold" : 0.0038999999999999998,
      "raise25x" : 0.1469
    },
    "87o" : "call",
    "87s" : {
      "call" : 0.99470000000000003,
      "fold" : 0.0012999999999999999,
      "raise25x" : 0.0040000000000000001
    },
    "88" : {
      "call" : 0.83520000000000005,
      "raise25x" : 0.16450000000000001
    },
    "92o" : "call",
    "92s" : "call",
    "93o" : "call",
    "93s" : {
      "call" : 0.99790000000000001,
      "raise25x" : 0.0019
    },
    "94o" : "call",
    "94s" : {
      "call" : 0.99750000000000005,
      "fold" : 0.0025000000000000001
    },
    "95o" : "call",
    "95s" : {
      "call" : 0.99839999999999995,
      "raise25x" : 0.0014
    },
    "96o" : "call",
    "96s" : {
      "call" : 0.997,
      "raise25x" : 0.0020999999999999999
    },
    "97o" : {
      "call" : 0.99880000000000002
    },
    "97s" : {
      "call" : 0.99650000000000005,
      "fold" : 0.0025999999999999999
    },
    "98o" : "call",
    "98s" : {
      "call" : 0.87980000000000003,
      "fold" : 0.0014,
      "raise25x" : 0.1188
    },
    "99" : {
      "call" : 0.080600000000000005,
      "raise25x" : 0.9194
    },
    "A2o" : {
      "call" : 0.99880000000000002,
      "raise25x" : 0.0011999999999999999
    },
    "A2s" : {
      "call" : 0.0016999999999999999,
      "raise25x" : 0.99829999999999997
    },
    "A3o" : {
      "call" : 0.40720000000000001,
      "raise25x" : 0.59279999999999999
    },
    "A3s" : {
      "call" : 0.75590000000000002,
      "raise25x" : 0.24379999999999999
    },
    "A4o" : "call",
    "A4s" : {
      "call" : 0.25990000000000002,
      "raise25x" : 0.74009999999999998
    },
    "A5o" : {
      "call" : 0.21079999999999999,
      "raise25x" : 0.78910000000000002
    },
    "A5s" : {
      "call" : 0.0123,
      "raise25x" : 0.98760000000000003
    },
    "A6o" : {
      "call" : 0.28810000000000002,
      "raise25x" : 0.71189999999999998
    },
    "A6s" : {
      "call" : 0.97409999999999997,
      "raise25x" : 0.0258
    },
    "A7o" : {
      "call" : 0.074899999999999994,
      "raise25x" : 0.92510000000000003
    },
    "A7s" : {
      "call" : 0.080199999999999994,
      "raise25x" : 0.91969999999999996
    },
    "A8o" : {
      "call" : 0.18870000000000001,
      "raise25x" : 0.81130000000000002
    },
    "A8s" : {
      "call" : 0.4098,
      "fold" : 0.0019,
      "raise25x" : 0.58830000000000005
    },
    "A9o" : {
      "call" : 0.016799999999999999,
      "raise25x" : 0.98319999999999996
    },
    "A9s" : {
      "call" : 0.1042,
      "raise25x" : 0.89580000000000004
    },
    "AA" : {
      "call" : 0.1108,
      "raise25x" : 0.88919999999999999
    },
    "AJo" : {
      "call" : 0.52180000000000004,
      "raise25x" : 0.47820000000000001
    },
    "AJs" : {
      "call" : 0.99870000000000003,
      "raise25x" : 0.0011000000000000001
    },
    "AKo" : {
      "call" : 0.71399999999999997,
      "raise25x" : 0.28599999999999998
    },
    "AKs" : {
      "call" : 0.48459999999999998,
      "raise25x" : 0.51539999999999997
    },
    "AQo" : {
      "call" : 0.96870000000000001,
      "raise25x" : 0.031300000000000001
    },
    "AQs" : {
      "call" : 0.058500000000000003,
      "raise25x" : 0.9415
    },
    "ATo" : {
      "call" : 0.41520000000000001,
      "raise25x" : 0.58479999999999999
    },
    "ATs" : {
      "call" : 0.6986,
      "raise25x" : 0.3014
    },
    "J2o" : "call",
    "J2s" : {
      "call" : 0.99709999999999999,
      "raise25x" : 0.0028999999999999998
    },
    "J3o" : "call",
    "J3s" : {
      "call" : 0.87109999999999999,
      "raise25x" : 0.12870000000000001
    },
    "J4o" : "call",
    "J4s" : {
      "call" : 0.93100000000000005,
      "raise25x" : 0.068400000000000002
    },
    "J5o" : "call",
    "J5s" : {
      "call" : 0.97629999999999995,
      "raise25x" : 0.023
    },
    "J6o" : "call",
    "J6s" : {
      "call" : 0.1158,
      "raise25x" : 0.88360000000000005
    },
    "J7o" : "call",
    "J7s" : {
      "call" : 0.24110000000000001,
      "raise25x" : 0.75880000000000003
    },
    "J8o" : {
      "call" : 0.31640000000000001,
      "raise25x" : 0.68359999999999999
    },
    "J8s" : {
      "call" : 0.15010000000000001,
      "raise25x" : 0.8498
    },
    "J9o" : {
      "call" : 0.28339999999999999,
      "raise25x" : 0.71650000000000003
    },
    "J9s" : {
      "call" : 0.11799999999999999,
      "raise25x" : 0.88190000000000002
    },
    "JJ" : {
      "call" : 0.043099999999999999,
      "raise25x" : 0.95689999999999997
    },
    "JTo" : {
      "call" : 0.0016000000000000001,
      "raise25x" : 0.99829999999999997
    },
    "JTs" : {
      "call" : 0.2107,
      "raise25x" : 0.7893
    },
    "K2o" : "call",
    "K2s" : {
      "call" : 0.86660000000000004,
      "raise25x" : 0.1333
    },
    "K3o" : {
      "call" : 0.88339999999999996,
      "raise25x" : 0.1163
    },
    "K3s" : {
      "call" : 0.68659999999999999,
      "raise25x" : 0.31319999999999998
    },
    "K4o" : {
      "call" : 0.99019999999999997,
      "fold" : 0.0011000000000000001,