{
  "format" : "NLHE_MTT_9MAX",
  "hands" : {
    "22" : {
      "call" : 0.33500000000000002,
      "shove" : 0.66500000000000004
    },
    "33" : {
      "shove" : 1
    },
    "44" : {
      "call" : 0.31009999999999999,
      "raise25x" : 0.2099,
      "shove" : 0.47999999999999998
    },
    "54s" : {
      "call" : 1
    },
    "55" : {
      "call" : 0.039899999999999998,
      "raise25x" : 0.1249,
      "shove" : 0.83520000000000005
    },
    "65s" : {
      "call" : 0.80010000000000003,
      "fold" : 0.19989999999999999
    },
    "66" : {
      "raise25x" : 0.064799999999999996,
      "shove" : 0.93520000000000003
    },
    "76s" : {
      "call" : 1
    },
    "77" : {
      "raise25x" : 0.014999999999999999,
      "shove" : 0.98499999999999999
    },
    "87s" : {
      "call" : 1
    },
    "88" : {
      "raise25x" : 0.019899999999999998,
      "shove" : 0.98009999999999997
    },
    "97s" : {
      "call" : 0.054900000000000004,
      "fold" : 0.94510000000000005
    },
    "98s" : {
      "call" : 0.82999999999999996,
      "raise25x" : 0.17000000000000001
    },
    "99" : {
      "raise25x" : 0.069800000000000001,
      "shove" : 0.93020000000000003
    },
    "A2s" : {
      "call" : 0.375,
      "shove" : 0.625
    },
    "A3s" : {
      "call" : 0.44009999999999999,
      "shove" : 0.55989999999999995
    },
    "A4s" : {
      "call" : 0.69499999999999995,
      "shove" : 0.30499999999999999
    },
    "A5o" : {
      "fold" : 0.73009999999999997,
      "raise25x" : 0.26989999999999997
    },
    "A5s" : {
      "shove" : 1
    },
    "A6s" : {
      "call" : 1
    },
    "A7o" : {
      "call" : 0.15909999999999999,
      "fold" : 0.64690000000000003,
      "raise25x" : 0.19400000000000001
    },
    "A7s" : {
      "shove" : 1
    },
    "A8o" : {
      "call" : 0.59009999999999996,
      "raise25x" : 0.40989999999999999
    },
    "A8s" : {
      "shove" : 1
    },
    "A9o" : {
      "call" : 0.59009999999999996,
      "raise25x" : 0.40989999999999999
    },
    "A9s" : {
      "call" : 1
    },
    "AA" : {
      "call" : 0.0349,
      "raise25x" : 0.96509999999999996
    },
    "AJo" : {
      "shove" : 1
    },
    "AJs" : {
      "raise25x" : 0.4199,
      "shove" : 0.58009999999999995
    },
    "AKo" : {
      "shove" : 1
    },
    "AKs" : {
      "raise25x" : 0.90500000000000003,
      "shove" : 0.095000000000000001
    },
    "AQo" : {
      "shove" : 1
    },
    "AQs" : {
      "shove" : 1
    },
    "ATo" : {
      "call" : 0.11990000000000001,
      "shove" : 0.88009999999999999
    },
    "ATs" : {
      "call" : 0.24990000000000001,
      "raise25x" : 0.75009999999999999
    },
    "J8s" : {
      "call" : 1
    },
    "J9s" : {
      "call" : 0.19989999999999999,
      "shove" : 0.80010000000000003
    },
    "JJ" : {
      "raise25x" : 0.39000000000000001,
      "shove" : 0.60999999999999999
    },
    "JTo" : {
      "call" : 0.7117,
      "fold" : 0.20380000000000001,
      "raise25x" : 0.084499999999999992
    },
    "JTs" : {
      "shove" : 1
    },
    "K5s" : {
      "call" : 1
    },
    "K6s" : {
      "call" : 0.58009999999999995,
      "raise25x" : 0.4199
    },
    "K7s" : {
      "call" : 0.82010000000000005,
      "raise25x" : 0.1799
    },
    "K8s" : {
      "call" : 1
    },
    "K9s" : {
      "call" : 1
    },
    "KJo" : {
      "call" : 0.56489999999999996,
      "raise25x" : 0.43509999999999999
    },
    "KJs" : {
      "call" : 1
    },
    "KK" : {
      "call" : 0.28489999999999999,
      "raise25x" : 0.71509999999999996
    },
    "KQo" : {
      "shove" : 1
    },
    "KQs" : {
      "call" : 0.029899999999999999,
      "shove" : 0.97009999999999996
    },
    "KTo" : {
      "call" : 0.94510000000000005,
      "raise25x" : 0.054900000000000004
    },
    "KTs" : {
      "raise25x" : 0.19589999999999999,
      "shove" : 0.80410000000000004
    },
    "Q6s" : {
      "fold" : 0.97009999999999996,
      "raise25x" : 0.029899999999999999
    },
    "Q8s" : {
      "call" : 0.97009999999999996,
      "raise25x" : 0.029899999999999999
    },
    "Q9s" : {
      "call" : 1
    },
    "QJo" : {
      "call" : 0.83999999999999997,
      "raise25x" : 0.16
    },
    "QJs" : {
      "shove" : 1
    },
    "QQ" : {
      "raise25x" : 1
    },
    "QTo" : {
      "call" : 0.78000000000000003,
      "raise25x" : 0.22
    },
    "QTs" : {
      "shove" : 1
    },
    "T8s" : {
      "call" : 0.98009999999999997,
      "raise25x" : 0.019899999999999998
    },
    "T9s" : {
      "call" : 0.41499999999999998,
      "raise25x" : 0.30509999999999998,
      "shove" : 0.27989999999999998
    },
    "TT" : {
      "raise25x" : 0.054900000000000004,
      "shove" : 0.94510000000000005
    }
  },
  "id" : "mtt_9max_25bb_sb_vsopen_vs_co",
  "source" : {
    "description" : "Adapted from RangeConverter 8-max baseline.",
    "publisher" : {
      "accessedDate" : "2026-06-01",
      "name" : "RangeConverter",
      "product" : "Free Poker Charts — 8 max 1bb ante MTT GTO Ranges",
      "treeParams" : "2.5x open, 3.5x 3bet IP, 4.5x 3bet OOP, 2.3x 4bet IP, 2.75x 4bet OOP, SB vs BB 3.2bb",
      "url" : "https:\/\/rangeconverter.com\/free-poker-charts"
    },
    "solver" : {
      "assumptions" : "Frequencies rounded to nearest 25% per source. ChipEV (non-ICM). 1bb (12.5%) big-blind ante. Copied verbatim from 8-max SB (same effective seat in 9-max)."
    },
    "type" : "published"
  },
  "spot" : {
    "anteType" : "bigBlindAnte",
    "facingAction" : "vsOpen",
    "opponentPosition" : "CO",
    "position" : "SB",
    "stackDepthBB" : 25
  }
}