{
  "format" : "NLHE_MTT_8MAX",
  "hands" : {
    "22" : {
      "call" : 1
    },
    "32s" : {
      "call" : 1
    },
    "33" : {
      "call" : 1
    },
    "42s" : {
      "call" : 1
    },
    "43s" : {
      "call" : 0.60999999999999999,
      "raise3x" : 0.39000000000000001
    },
    "44" : {
      "call" : 1
    },
    "52s" : {
      "call" : 1
    },
    "53s" : {
      "call" : 1
    },
    "54o" : {
      "call" : 0.50800000000000001,
      "fold" : 0.49199999999999999
    },
    "54s" : {
      "call" : 0.67800000000000005,
      "raise3x" : 0.32200000000000001
    },
    "55" : {
      "call" : 1
    },
    "63s" : {
      "call" : 1
    },
    "64s" : {
      "call" : 1
    },
    "65o" : {
      "call" : 0.90400000000000003,
      "fold" : 0.096000000000000002
    },
    "65s" : {
      "call" : 0.41799999999999998,
      "raise3x" : 0.58199999999999996
    },
    "66" : {
      "call" : 1
    },
    "73s" : {
      "call" : 0.28999999999999998,
      "fold" : 0.70999999999999996
    },
    "74s" : {
      "call" : 1
    },
    "75s" : {
      "call" : 1
    },
    "76o" : {
      "call" : 1
    },
    "76s" : {
      "call" : 0.27589999999999998,
      "raise3x" : 0.72409999999999997
    },
    "77" : {
      "call" : 1
    },
    "84s" : {
      "call" : 1
    },
    "85s" : {
      "call" : 1
    },
    "86s" : {
      "call" : 1
    },
    "87o" : {
      "call" : 0.61809999999999998,
      "fold" : 0.38190000000000002
    },
    "87s" : {
      "call" : 0.44009999999999999,
      "raise3x" : 0.55989999999999995
    },
    "88" : {
      "call" : 1
    },
    "92s" : {
      "call" : 0.23400000000000001,
      "fold" : 0.76600000000000001
    },
    "93s" : {
      "call" : 0.98999999999999999,
      "fold" : 0.01
    },
    "95s" : {
      "call" : 1
    },
    "96s" : {
      "call" : 1
    },
    "97s" : {
      "call" : 1
    },
    "98o" : {
      "call" : 0.65800000000000003,
      "fold" : 0.34200000000000003
    },
    "98s" : {
      "call" : 0.87409999999999999,
      "raise3x" : 0.12590000000000001
    },
    "99" : {
      "call" : 1
    },
    "A2s" : {
      "call" : 1
    },
    "A3s" : {
      "call" : 0.94810000000000005,
      "raise3x" : 0.051900000000000002
    },
    "A4o" : {
      "call" : 0.17599999999999999,
      "fold" : 0.82399999999999995
    },
    "A4s" : {
      "call" : 0.68999999999999995,
      "raise3x" : 0.31
    },
    "A5o" : {
      "call" : 1
    },
    "A5s" : {
      "call" : 0.1419,
      "raise3x" : 0.85809999999999997
    },
    "A6o" : {
      "call" : 0.2339,
      "fold" : 0.7661
    },
    "A6s" : {
      "call" : 0.95199999999999996,
      "raise3x" : 0.048000000000000001
    },
    "A7o" : {
      "call" : 0.7681,
      "fold" : 0.2319
    },
    "A7s" : {
      "call" : 1
    },
    "A8o" : {
      "call" : 1
    },
    "A8s" : {
      "call" : 0.82010000000000005,
      "raise3x" : 0.1799
    },
    "A9o" : {
      "call" : 1
    },
    "A9s" : {
      "call" : 0.502,
      "raise3x" : 0.498
    },
    "AA" : {
      "raise3x" : 1
    },
    "AJo" : {
      "call" : 1
    },
    "AJs" : {
      "call" : 0.8901,
      "raise3x" : 0.1099
    },
    "AKo" : {
      "call" : 0.2959,
      "raise3x" : 0.70409999999999995
    },
    "AKs" : {
      "raise3x" : 1
    },
    "AQo" : {
      "call" : 1
    },
    "AQs" : {
      "call" : 0.59399999999999997,
      "raise3x" : 0.40600000000000003
    },
    "ATo" : {
      "call" : 0.82999999999999996,
      "raise3x" : 0.17000000000000001
    },
    "ATs" : {
      "call" : 0.46210000000000001,
      "raise3x" : 0.53790000000000004
    },
    "J2s" : {
      "call" : 1
    },
    "J3s" : {
      "call" : 1
    },
    "J4s" : {
      "call" : 1
    },
    "J5s" : {
      "call" : 1
    },
    "J6s" : {
      "call" : 1
    },
    "J7s" : {
      "call" : 1
    },
    "J8s" : {
      "call" : 1
    },
    "J9o" : {
      "call" : 0.438,
      "fold" : 0.56200000000000006
    },
    "J9s" : {
      "call" : 0.92000000000000004,
      "raise3x" : 0.080000000000000002
    },
    "JJ" : {
      "call" : 0.55389999999999995,
      "raise3x" : 0.4461
    },
    "JTo" : {
      "call" : 1
    },
    "JTs" : {
      "call" : 0.45400000000000001,
      "raise3x" : 0.54600000000000004
    },
    "K2s" : {
      "call" : 1
    },
    "K3s" : {
      "call" : 1
    },
    "K4s" : {
      "call" : 1
    },
    "K5s" : {
      "call" : 1
    },
    "K6s" : {
      "call" : 1
    },
    "K7s" : {
      "call" : 1
    },
    "K8o" : {
      "call" : 0.34200000000000003,
      "fold" : 0.65800000000000003
    },
    "K8s" : {
      "call" : 1
    },
    "K9o" : {
      "call" : 1
    },
    "K9s" : {
      "call" : 1
    },
    "KJo" : {
      "call" : 1
    },
    "KJs" : {
      "call" : 0.66010000000000002,
      "raise3x" : 0.33989999999999998
    },
    "KK" : {
      "raise3x" : 1
    },
    "KQo" : {
      "call" : 1
    },
    "KQs" : {
      "call" : 0.13589999999999999,
      "raise3x" : 0.86409999999999998
    },
    "KTo" : {
      "call" : 1
    },
    "KTs" : {
      "call" : 0.58009999999999995,
      "raise3x" : 0.4199
    },
    "Q2s" : {
      "call" : 1
    },
    "Q3s" : {
      "call" : 1
    },
    "Q4s" : {
      "call" : 1
    },
    "Q5s" : {
      "call" : 1
    },
    "Q6s" : {
      "call" : 1
    },
    "Q7s" : {
      "call" : 1
    },
    "Q8s" : {
      "call" : 1
    },
    "Q9o" : {
      "call" : 1
    },
    "Q9s" : {
      "call" : 0.75609999999999999,
      "raise3x" : 0.24390000000000001
    },
    "QJo" : {
      "call" : 1
    },
    "QJs" : {
      "raise3x" : 1
    },
    "QQ" : {
      "raise3x" : 1
    },
    "QTo" : {
      "call" : 1
    },
    "QTs" : {
      "call" : 0.498,
      "raise3x" : 0.502
    },
    "T2s" : {
      "call" : 1
    },
    "T3s" : {
      "call" : 1
    },
    "T4s" : {
      "call" : 1
    },
    "T5s" : {
      "call" : 1
    },
    "T6s" : {
      "call" : 1
    },
    "T7s" : {
      "call" : 1
    },
    "T8o" : {
      "call" : 0.18990000000000001,
      "fold" : 0.81010000000000004
    },
    "T8s" : {
      "call" : 1
    },
    "T9o" : {
      "call" : 1
    },
    "T9s" : {
      "call" : 0.53000000000000003,
      "raise3x" : 0.46999999999999997
    },
    "TT" : {
      "call" : 1
    }
  },
  "id" : "mtt_8max_100bb_bb_vsopen_vs_utg1",
  "source" : {
    "description" : "RangeConverter free PDF — 8-max 100bb 1bb ante (12.5%).",
    "publisher" : {
      "accessedDate" : "2026-06-01",
      "name" : "RangeConverter",
      "product" : "Free Poker Charts — 8 max 1bb ante MTT GTO Ranges",
      "treeParams" : "poker.academy CE-Symmetric Regular @ 100bb (GTO ChipEV, 1bb ante)",
      "url" : "https:\/\/rangeconverter.com\/free-poker-charts"
    },
    "solver" : {
      "assumptions" : "Frequencies rounded to nearest 25% per source. ChipEV (non-ICM). 1bb (12.5%) big-blind ante."
    },
    "type" : "published"
  },
  "spot" : {
    "anteType" : "bigBlindAnte",
    "facingAction" : "vsOpen",
    "opponentPosition" : "UTG1",
    "position" : "BB",
    "stackDepthBB" : 100
  }
}