{
  "format" : "NLHE_MTT_8MAX",
  "hands" : {
    "33" : {
      "call" : 0.99350000000000005,
      "shove" : 0.0064999999999999997
    },
    "55" : {
      "call" : 0.55349999999999999,
      "fold" : 0.43640000000000001,
      "shove" : 0.0101
    },
    "66" : {
      "call" : 0.99450000000000005,
      "fold" : 0.0051000000000000004
    },
    "75s" : {
      "call" : 0.503,
      "fold" : 0.36080000000000001,
      "shove" : 0.13619999999999999
    },
    "76s" : {
      "call" : 0.85760000000000003,
      "fold" : 0.065500000000000003,
      "shove" : 0.076899999999999996
    },
    "77" : {
      "call" : 0.96579999999999999,
      "fold" : 0.0014,
      "shove" : 0.032800000000000003
    },
    "88" : {
      "call" : 0.97999999999999998,
      "shove" : 0.02
    },
    "92s" : {
      "call" : 0.43430000000000002,
      "fold" : 0.55869999999999997,
      "shove" : 0.0070000000000000001
    },
    "96s" : {
      "call" : 0.83050000000000002,
      "fold" : 0.078100000000000003,
      "shove" : 0.091399999999999995
    },
    "97s" : {
      "call" : 0.55189999999999995,
      "fold" : 0.41499999999999998,
      "shove" : 0.033099999999999997
    },
    "98s" : {
      "call" : 0.96409999999999996,
      "fold" : 0.034200000000000001,
      "shove" : 0.0016999999999999999
    },
    "99" : {
      "call" : 0.97740000000000005,
      "shove" : 0.0224
    },
    "A2s" : {
      "call" : 0.76090000000000002,
      "fold" : 0.23569999999999999,
      "shove" : 0.0033999999999999998
    },
    "A3o" : {
      "call" : 0.98150000000000004,
      "fold" : 0.0154,
      "shove" : 0.0030999999999999999
    },
    "A4s" : {
      "call" : 0.92900000000000005,
      "fold" : 0.069400000000000003,
      "shove" : 0.0016000000000000001
    },
    "A5o" : {
      "call" : 0.99619999999999997,
      "fold" : 0.0035999999999999999
    },
    "A5s" : {
      "call" : 0.879,
      "fold" : 0.1171,
      "shove" : 0.0038999999999999998
    },
    "A6s" : {
      "call" : 0.89000000000000001,
      "fold" : 0.035900000000000001,
      "shove" : 0.074099999999999999
    },
    "A7o" : {
      "call" : 0.98929999999999996,
      "fold" : 0.010500000000000001
    },
    "A7s" : {
      "call" : 0.96660000000000001,
      "fold" : 0.0332
    },
    "A8o" : {
      "call" : 0.87690000000000001,
      "fold" : 0.1229
    },
    "A8s" : {
      "call" : 0.94220000000000004,
      "fold" : 0.055399999999999998,
      "shove" : 0.0023999999999999998
    },
    "A9o" : {
      "call" : 0.97929999999999995,
      "fold" : 0.012200000000000001,
      "shove" : 0.0086
    },
    "A9s" : {
      "call" : 0.88639999999999997,
      "fold" : 0.019,
      "shove" : 0.094600000000000004
    },
    "AA" : "jam",
    "AJo" : {
      "call" : 0.95640000000000003,
      "shove" : 0.0436
    },
    "AJs" : {
      "call" : 0.94169999999999998,
      "fold" : 0.0033,
      "shove" : 0.055
    },
    "AKo" : {
      "call" : 0.35539999999999999,
      "shove" : 0.64459999999999995
    },
    "AKs" : {
      "call" : 0.070499999999999993,
      "shove" : 0.9294
    },
    "AQo" : {
      "call" : 0.98340000000000005,
      "shove" : 0.016500000000000001
    },
    "AQs" : {
      "call" : 0.99590000000000001,
      "fold" : 0.0038
    },
    "ATo" : {
      "call" : 0.99109999999999998,
      "fold" : 0.0016000000000000001,
      "shove" : 0.0073000000000000001
    },
    "ATs" : {
      "call" : 0.74450000000000005,
      "fold" : 0.0064999999999999997,
      "shove" : 0.249
    },
    "J3s" : {
      "call" : 0.77529999999999999,
      "fold" : 0.028299999999999999,
      "shove" : 0.19639999999999999
    },
    "J7s" : {
      "call" : 0.67959999999999998,
      "fold" : 0.31409999999999999,
      "shove" : 0.0063
    },
    "J8o" : {
      "call" : 0.99280000000000002,
      "fold" : 0.0071999999999999998
    },
    "J8s" : {
      "call" : 0.73650000000000004,
      "fold" : 0.25559999999999999,
      "shove" : 0.0079000000000000008
    },
    "J9s" : {
      "call" : 0.81030000000000002,
      "fold" : 0.18609999999999999,
      "shove" : 0.0035999999999999999
    },
    "JJ" : {
      "call" : 0.73570000000000002,
      "shove" : 0.26419999999999999
    },
    "JTo" : {
      "call" : 0.7631,
      "fold" : 0.2334,
      "shove" : 0.0035000000000000001
    },
    "JTs" : {
      "call" : 0.95889999999999997,
      "fold" : 0.0327,
      "shove" : 0.0085000000000000006
    },
    "K3s" : {
      "call" : 0.18909999999999999,
      "fold" : 0.81020000000000003
    },
    "K4s" : {
      "call" : 0.63019999999999998,
      "fold" : 0.1973,
      "shove" : 0.17249999999999999
    },
    "K5s" : {
      "call" : 0.59930000000000005,
      "fold" : 0.078100000000000003,
      "shove" : 0.3226
    },
    "K6s" : {
      "call" : 0.63100000000000001,
      "fold" : 0.22370000000000001,
      "shove" : 0.14530000000000001
    },
    "K7s" : {
      "call" : 0.96809999999999996,
      "fold" : 0.0275,
      "shove" : 0.0044000000000000003
    },
    "K8o" : {
      "call" : 0.83379999999999999,
      "fold" : 0.1641,
      "shove" : 0.0020999999999999999
    },
    "K8s" : {
      "call" : 0.70740000000000003,
      "fold" : 0.22420000000000001,
      "shove" : 0.068400000000000002
    },
    "K9o" : {
      "call" : 0.80959999999999999,
      "fold" : 0.1169,
      "shove" : 0.073499999999999996
    },
    "K9s" : {
      "call" : 0.65769999999999995,
      "fold" : 0.0453,
      "shove" : 0.29699999999999999
    },
    "KJo" : {
      "call" : 0.98850000000000005,
      "fold" : 0.0097999999999999997,
      "shove" : 0.0016999999999999999
    },
    "KJs" : {
      "call" : 0.98299999999999998,
      "fold" : 0.0167
    },
    "KK" : "jam",
    "KQo" : {
      "call" : 0.99539999999999995,
      "fold" : 0.0045999999999999999
    },
    "KQs" : {
      "call" : 0.88229999999999997,
      "fold" : 0.018599999999999998,
      "shove" : 0.099099999999999994
    },
    "KTo" : {
      "call" : 0.99309999999999998,
      "fold" : 0.0060000000000000001
    },
    "KTs" : {
      "call" : 0.96120000000000005,
      "fold" : 0.0027000000000000001,
      "shove" : 0.0361
    },
    "Q2s" : {
      "call" : 0.58320000000000005,
      "fold" : 0.41549999999999998,
      "shove" : 0.0012999999999999999
    },
    "Q5s" : {
      "call" : 0.33689999999999998,
      "fold" : 0.64559999999999995,
      "shove" : 0.017500000000000002
    },
    "Q7s" : {
      "call" : 0.62109999999999999,
      "fold" : 0.2177,
      "shove" : 0.16120000000000001
    },
    "Q8s" : {
      "call" : 0.52229999999999999,
      "fold" : 0.31840000000000002,
      "shove" : 0.15939999999999999
    },
    "Q9o" : {
      "call" : 0.83120000000000005,
      "fold" : 0.16650000000000001,
      "shove" : 0.0023999999999999998
    },
    "Q9s" : {
      "call" : 0.77800000000000002,
      "fold" : 0.15060000000000001,
      "shove" : 0.071400000000000005
    },
    "QJo" : {
      "call" : 0.99660000000000004,
      "fold" : 0.0033999999999999998
    },
    "QJs" : {
      "call" : 0.91439999999999999,
      "fold" : 0.0079000000000000008,
      "shove" : 0.077600000000000002
    },
    "QQ" : {
      "call" : 0.8347,
      "shove" : 0.1653
    },
    "QTo" : {
      "call" : 0.72440000000000004,
      "fold" : 0.27129999999999999,
      "shove" : 0.0043
    },
    "QTs" : {
      "call" : 0.93899999999999995,
      "fold" : 0.047600000000000003,
      "shove" : 0.0134
    },
    "T5s" : {
      "call" : 0.60150000000000003,
      "fold" : 0.35270000000000001,
      "shove" : 0.0458
    },
    "T7s" : {
      "call" : 0.2301,
      "fold" : 0.7681,
      "shove" : 0.0016999999999999999
    },
    "T8s" : {
      "call" : 0.52049999999999996,
      "fold" : 0.36809999999999998,
      "shove" : 0.1115
    },
    "T9s" : {
      "call" : 0.69710000000000005,
      "fold" : 0.3004,
      "shove" : 0.0025000000000000001
    },
    "TT" : {
      "call" : 0.60489999999999999,
      "fold" : 0.0025000000000000001,