{
  "format" : "NLHE_MTT_9MAX",
  "hands" : {
    "55" : {
      "raise25x" : 0.25990000000000002,
      "shove" : 0.74009999999999998
    },
    "66" : {
      "raise25x" : 0.63990000000000002,
      "shove" : 0.36009999999999998
    },
    "77" : {
      "raise25x" : 0.44009999999999999,
      "shove" : 0.55989999999999995
    },
    "88" : {
      "raise25x" : 1
    },
    "99" : {
      "raise25x" : 1
    },
    "A3s" : {
      "fold" : 0.014999999999999999,
      "raise25x" : 0.98499999999999999
    },
    "A4s" : {
      "raise25x" : 1
    },
    "A5s" : {
      "raise25x" : 1
    },
    "A6s" : {
      "raise25x" : 1
    },
    "A7s" : {
      "raise25x" : 1
    },
    "A8o" : {
      "fold" : 0.77000000000000002,
      "raise25x" : 0.23000000000000001
    },
    "A8s" : {
      "raise25x" : 1
    },
    "A9o" : {
      "raise25x" : 1
    },
    "A9s" : {
      "raise25x" : 0.39500000000000002,
      "shove" : 0.60499999999999998
    },
    "AA" : {
      "raise25x" : 1
    },
    "AJo" : {
      "raise25x" : 0.23499999999999999,
      "shove" : 0.76500000000000001
    },
    "AJs" : {
      "raise25x" : 1
    },
    "AKo" : {
      "raise25x" : 1
    },
    "AKs" : {
      "raise25x" : 1
    },
    "AQo" : {
      "raise25x" : 0.155,
      "shove" : 0.84499999999999997
    },
    "AQs" : {
      "raise25x" : 1
    },
    "ATo" : {
      "raise25x" : 0.75009999999999999,
      "shove" : 0.24990000000000001
    },
    "ATs" : {
      "raise25x" : 1
    },
    "J9s" : {
      "raise25x" : 1
    },
    "JJ" : {
      "raise25x" : 1
    },
    "JTo" : {
      "fold" : 0.93020000000000003,
      "raise25x" : 0.069800000000000001
    },
    "JTs" : {
      "shove" : 1
    },
    "K8s" : {
      "fold" : 0.43509999999999999,
      "raise25x" : 0.56489999999999996
    },
    "K9s" : {
      "raise25x" : 1
    },
    "KJo" : {
      "raise25x" : 1
    },
    "KJs" : {
      "shove" : 1
    },
    "KK" : {
      "raise25x" : 1
    },
    "KQo" : {
      "raise25x" : 0.44009999999999999,
      "shove" : 0.55989999999999995
    },
    "KQs" : {
      "raise25x" : 1
    },
    "KTo" : {
      "fold" : 0.41489999999999999,
      "raise25x" : 0.58509999999999995
    },
    "KTs" : {
      "shove" : 1
    },
    "Q8s" : {
      "fold" : 0.1749,
      "raise25x" : 0.82509999999999994
    },
    "Q9s" : {
      "raise25x" : 1
    },
    "QJo" : {
      "raise25x" : 1
    },
    "QJs" : {
      "shove" : 1
    },
    "QQ" : {
      "raise25x" : 1
    },
    "QTo" : {
      "fold" : 0.5151,
      "raise25x" : 0.4849
    },
    "QTs" : {
      "raise25x" : 0.78000000000000003,
      "shove" : 0.22
    },
    "T8s" : {
      "fold" : 0.68999999999999995,
      "raise25x" : 0.31
    },
    "T9s" : {
      "raise25x" : 1
    },
    "TT" : {
      "raise25x" : 1
    }
  },
  "id" : "mtt_9max_15bb_lj_unopened",
  "source" : {
    "description" : "Adapted from RangeConverter 8-max baseline.",
    "publisher" : {
      "accessedDate" : "2026-06-01",
      "name" : "RangeConverter",
      "product" : "Free Poker Charts — 8 max 1bb ante MTT GTO Ranges",
      "treeParams" : "2.5x open, 3.5x 3bet IP, 4.5x 3bet OOP, 2.3x 4bet IP, 2.75x 4bet OOP, SB vs BB 3.2bb",
      "url" : "https:\/\/rangeconverter.com\/free-poker-charts"
    },
    "solver" : {
      "assumptions" : "Frequencies rounded to nearest 25% per source. ChipEV (non-ICM). 1bb (12.5%) big-blind ante. Copied verbatim from 8-max LJ (same effective seat in 9-max)."
    },
    "type" : "published"
  },
  "spot" : {
    "anteType" : "bigBlindAnte",
    "facingAction" : "unopened",
    "position" : "LJ",
    "stackDepthBB" : 15
  }
}