{
  "format" : "NLHE_MTT_8MAX",
  "hands" : {
    "22" : {
      "fold" : 0.74009999999999998,
      "raise25x" : 0.25990000000000002
    },
    "33" : {
      "fold" : 0.66010000000000002,
      "raise25x" : 0.33989999999999998
    },
    "44" : {
      "fold" : 0.089999999999999997,
      "raise25x" : 0.91000000000000003
    },
    "54s" : {
      "fold" : 0.22500000000000001,
      "raise25x" : 0.77500000000000002
    },
    "55" : {
      "raise25x" : 1
    },
    "65s" : {
      "fold" : 0.16500000000000001,
      "raise25x" : 0.83499999999999996
    },
    "66" : {
      "raise25x" : 1
    },
    "76s" : {
      "raise25x" : 1
    },
    "77" : {
      "raise25x" : 1
    },
    "87s" : {
      "raise25x" : 1
    },
    "88" : {
      "raise25x" : 1
    },
    "97s" : {
      "fold" : 0.83999999999999997,
      "raise25x" : 0.16
    },
    "98s" : {
      "raise25x" : 1
    },
    "99" : {
      "raise25x" : 1
    },
    "A2s" : {
      "raise25x" : 1
    },
    "A3s" : {
      "raise25x" : 1
    },
    "A4s" : {
      "raise25x" : 1
    },
    "A5s" : {
      "raise25x" : 1
    },
    "A6s" : {
      "raise25x" : 1
    },
    "A7s" : {
      "raise25x" : 1
    },
    "A8s" : {
      "raise25x" : 1
    },
    "A9o" : {
      "fold" : 0.87509999999999999,
      "raise25x" : 0.1249
    },
    "A9s" : {
      "raise25x" : 1
    },
    "AA" : {
      "raise25x" : 1
    },
    "AJo" : {
      "raise25x" : 1
    },
    "AJs" : {
      "raise25x" : 1
    },
    "AKo" : {
      "raise25x" : 1
    },
    "AKs" : {
      "raise25x" : 1
    },
    "AQo" : {
      "raise25x" : 1
    },
    "AQs" : {
      "raise25x" : 1
    },
    "ATo" : {
      "raise25x" : 1
    },
    "ATs" : {
      "raise25x" : 1
    },
    "J8s" : {
      "raise25x" : 1
    },
    "J9s" : {
      "raise25x" : 1
    },
    "JJ" : {
      "raise25x" : 1
    },
    "JTo" : {
      "fold" : 0.50509999999999999,
      "raise25x" : 0.49490000000000001
    },
    "JTs" : {
      "raise25x" : 1
    },
    "K6s" : {
      "fold" : 0.029899999999999999,
      "raise25x" : 0.97009999999999996
    },
    "K7s" : {
      "raise25x" : 1
    },
    "K8s" : {
      "raise25x" : 1
    },
    "K9s" : {
      "raise25x" : 1
    },
    "KJo" : {
      "fold" : 0.080000000000000002,
      "raise25x" : 0.92000000000000004
    },
    "KJs" : {
      "raise25x" : 1
    },
    "KK" : {
      "raise25x" : 1
    },
    "KQo" : {
      "raise25x" : 1
    },
    "KQs" : {
      "raise25x" : 1
    },
    "KTo" : {
      "fold" : 0.38,
      "raise25x" : 0.62
    },
    "KTs" : {
      "raise25x" : 1
    },
    "Q8s" : {
      "fold" : 0.23000000000000001,
      "raise25x" : 0.77000000000000002
    },
    "Q9s" : {
      "raise25x" : 1
    },
    "QJo" : {
      "fold" : 0.45500000000000002,
      "raise25x" : 0.54500000000000004
    },
    "QJs" : {
      "raise25x" : 1
    },
    "QQ" : {
      "raise25x" : 1
    },
    "QTo" : {
      "fold" : 0.64510000000000001,
      "raise25x" : 0.35489999999999999
    },
    "QTs" : {
      "raise25x" : 1
    },
    "T8s" : {
      "raise25x" : 1
    },
    "T9s" : {
      "raise25x" : 1
    },
    "TT" : {
      "raise25x" : 1
    }
  },
  "id" : "mtt_8max_80bb_lj_unopened",
  "source" : {
    "description" : "RangeConverter free PDF — 8-max 80bb 1bb ante (12.5%).",
    "publisher" : {
      "accessedDate" : "2026-06-01",
      "name" : "RangeConverter",
      "product" : "Free Poker Charts — 8 max 1bb ante MTT GTO Ranges",
      "treeParams" : "poker.academy CE-Symmetric Regular @ 80bb (GTO ChipEV, 1bb ante)",
      "url" : "https:\/\/rangeconverter.com\/free-poker-charts"
    },
    "solver" : {
      "assumptions" : "Frequencies rounded to nearest 25% per source. ChipEV (non-ICM). 1bb (12.5%) big-blind ante."
    },
    "type" : "published"
  },
  "spot" : {
    "anteType" : "bigBlindAnte",
    "facingAction" : "unopened",
    "position" : "LJ",
    "stackDepthBB" : 80
  }
}