{
  "format" : "NLHE_MTT_9MAX",
  "hands" : {
    "22" : {
      "call" : 1
    },
    "32s" : {
      "call" : 1
    },
    "33" : {
      "call" : 0.87009999999999998,
      "shove" : 0.12989999999999999
    },
    "42s" : {
      "call" : 1
    },
    "43s" : {
      "call" : 1
    },
    "44" : {
      "call" : 1
    },
    "52s" : {
      "call" : 1
    },
    "53o" : {
      "call" : 0.73009999999999997,
      "fold" : 0.26989999999999997
    },
    "53s" : {
      "call" : 1
    },
    "54o" : {
      "call" : 1
    },
    "54s" : {
      "call" : 1
    },
    "55" : {
      "call" : 0.81010000000000004,
      "raise25x" : 0.029899999999999999,
      "shove" : 0.16
    },
    "62s" : {
      "call" : 1
    },
    "63s" : {
      "call" : 1
    },
    "64o" : {
      "call" : 0.14499999999999999,
      "fold" : 0.85499999999999998
    },
    "64s" : {
      "call" : 1
    },
    "65o" : {
      "call" : 1
    },
    "65s" : {
      "call" : 1
    },
    "66" : {
      "call" : 0.86019999999999996,
      "raise25x" : 0.13980000000000001
    },
    "72s" : {
      "call" : 1
    },
    "73s" : {
      "call" : 1
    },
    "74s" : {
      "call" : 1
    },
    "75o" : {
      "call" : 0.11990000000000001,
      "fold" : 0.88009999999999999
    },
    "75s" : {
      "call" : 1
    },
    "76o" : {
      "call" : 1
    },
    "76s" : {
      "call" : 1
    },
    "77" : {
      "call" : 0.43509999999999999,
      "raise25x" : 0.56489999999999996
    },
    "82s" : {
      "call" : 1
    },
    "83s" : {
      "call" : 1
    },
    "84s" : {
      "call" : 1
    },
    "85s" : {
      "call" : 1
    },
    "86o" : {
      "call" : 1
    },
    "86s" : {
      "call" : 1
    },
    "87o" : {
      "call" : 1
    },
    "87s" : {
      "call" : 1
    },
    "88" : {
      "raise25x" : 0.54500000000000004,
      "shove" : 0.45500000000000002
    },
    "92s" : {
      "call" : 1
    },
    "93s" : {
      "call" : 1
    },
    "94s" : {
      "call" : 1
    },
    "95s" : {
      "call" : 1
    },
    "96s" : {
      "call" : 1
    },
    "97o" : {
      "call" : 1
    },
    "97s" : {
      "call" : 1
    },
    "98o" : {
      "call" : 1
    },
    "98s" : {
      "call" : 1
    },
    "99" : {
      "raise25x" : 0.22500000000000001,
      "shove" : 0.77500000000000002
    },
    "A2o" : {
      "call" : 0.77500000000000002,
      "raise25x" : 0.22500000000000001
    },
    "A2s" : {
      "call" : 1
    },
    "A3o" : {
      "call" : 0.56010000000000004,
      "raise25x" : 0.064799999999999996,
      "shove" : 0.37509999999999999
    },
    "A3s" : {
      "call" : 1
    },
    "A4o" : {
      "call" : 1
    },
    "A4s" : {
      "call" : 1
    },
    "A5o" : {
      "call" : 0.68000000000000005,
      "raise25x" : 0.32000000000000001
    },
    "A5s" : {
      "call" : 1
    },
    "A6o" : {
      "call" : 0.86019999999999996,
      "raise25x" : 0.13980000000000001
    },
    "A6s" : {
      "call" : 1
    },
    "A7o" : {
      "call" : 0.56989999999999996,
      "raise25x" : 0.43009999999999998
    },
    "A7s" : {
      "call" : 1
    },
    "A8o" : {
      "call" : 0.57509999999999994,
      "raise25x" : 0.4249
    },
    "A8s" : {
      "call" : 1
    },
    "A9o" : {
      "call" : 0.73009999999999997,
      "raise25x" : 0.26989999999999997
    },
    "A9s" : {
      "call" : 1
    },
    "AA" : {
      "raise25x" : 1
    },
    "AJo" : {
      "call" : 0.46000000000000002,
      "raise25x" : 0.54000000000000004
    },
    "AJs" : {
      "call" : 0.59009999999999996,
      "raise25x" : 0.40989999999999999
    },
    "AKo" : {
      "raise25x" : 0.8901,
      "shove" : 0.1099
    },
    "AKs" : {
      "raise25x" : 1
    },
    "AQo" : {
      "raise25x" : 0.4849,
      "shove" : 0.5151
    },
    "AQs" : {
      "raise25x" : 1
    },
    "ATo" : {
      "call" : 1
    },
    "ATs" : {
      "call" : 1
    },
    "J2s" : {
      "call" : 1
    },
    "J3s" : {
      "call" : 1
    },
    "J4s" : {
      "call" : 1
    },
    "J5s" : {
      "call" : 1
    },
    "J6s" : {
      "call" : 1
    },
    "J7s" : {
      "call" : 1
    },
    "J8o" : {
      "call" : 0.84999999999999998,
      "raise25x" : 0.14999999999999999
    },
    "J8s" : {
      "call" : 1
    },
    "J9o" : {
      "call" : 0.8901,
      "raise25x" : 0.1099
    },
    "J9s" : {
      "call" : 1
    },
    "JJ" : {
      "raise25x" : 1
    },
    "JTo" : {
      "call" : 0.82010000000000005,
      "raise25x" : 0.1799
    },
    "JTs" : {
      "call" : 1
    },
    "K2s" : {
      "call" : 1
    },
    "K3o" : {
      "call" : 0.0349,
      "fold" : 0.87009999999999998,
      "raise25x" : 0.095000000000000001
    },
    "K3s" : {
      "call" : 1
    },
    "K4o" : {
      "call" : 1
    },
    "K4s" : {
      "call" : 1
    },
    "K5o" : {
      "call" : 1
    },
    "K5s" : {
      "call" : 1
    },
    "K6o" : {
      "call" : 0.93520000000000003,
      "raise25x" : 0.064799999999999996
    },
    "K6s" : {
      "call" : 1
    },
    "K7o" : {
      "call" : 0.91000000000000003,
      "raise25x" : 0.089999999999999997
    },
    "K7s" : {
      "call" : 1
    },
    "K8o" : {
      "call" : 1
    },
    "K8s" : {
      "call" : 1
    },
    "K9o" : {
      "call" : 0.44009999999999999,
      "raise25x" : 0.55989999999999995
    },
    "K9s" : {
      "call" : 0.8901,
      "shove" : 0.1099
    },
    "KJo" : {
      "call" : 1
    },
    "KJs" : {
      "call" : 1
    },
    "KK" : {
      "raise25x" : 1
    },
    "KQo" : {
      "call" : 0.94020000000000004,
      "raise25x" : 0.059799999999999999
    },
    "KQs" : {
      "call" : 0.46000000000000002,
      "raise25x" : 0.54000000000000004
    },
    "KTo" : {
      "call" : 0.77500000000000002,
      "raise25x" : 0.22500000000000001
    },
    "KTs" : {
      "call" : 1
    },
    "Q2s" : {
      "call" : 1
    },
    "Q3s" : {
      "call" : 1
    },
    "Q4s" : {
      "call" : 1
    },
    "Q5o" : {
      "call" : 0.095000000000000001,
      "fold" : 0.90500000000000003
    },
    "Q5s" : {
      "call" : 1
    },
    "Q6o" : {
      "call" : 0.97509999999999997,
      "raise25x" : 0.024899999999999999
    },
    "Q6s" : {
      "call" : 1
    },
    "Q7o" : {
      "call" : 0.71509999999999996,
      "fold" : 0.28489999999999999
    },
    "Q7s" : {
      "call" : 1
    },
    "Q8o" : {
      "call" : 0.80510000000000004,
      "raise25x" : 0.19489999999999999
    },
    "Q8s" : {
      "call" : 1
    },
    "Q9o" : {
      "call" : 0.83999999999999997,
      "raise25x" : 0.16
    },
    "Q9s" : {
      "call" : 1
    },
    "QJo" : {
      "call" : 0.97009999999999996,
      "raise25x" : 0.029899999999999999
    },
    "QJs" : {
      "call" : 1
    },
    "QQ" : {
      "raise25x" : 1
    },
    "QTo" : {
      "call" : 0.87009999999999998,
      "raise25x" : 0.12989999999999999
    },
    "QTs" : {
      "call" : 1
    },
    "T2s" : {
      "call" : 1
    },
    "T3s" : {
      "call" : 1
    },
    "T4s" : {
      "call" : 1
    },
    "T5s" : {
      "call" : 1
    },
    "T6s" : {
      "call" : 1
    },
    "T7s" : {
      "call" : 1
    },
    "T8o" : {
      "call" : 0.96509999999999996,
      "raise25x" : 0.0349
    },
    "T8s" : {
      "call" : 1
    },
    "T9o" : {
      "call" : 0.92000000000000004,
      "raise25x" : 0.080000000000000002
    },
    "T9s" : {
      "call" : 1
    },
    "TT" : {
      "raise25x" : 0.97509999999999997,
      "shove" : 0.024899999999999999
    }
  },
  "id" : "mtt_9max_35bb_bb_vsopen_vs_hj",
  "source" : {
    "description" : "Adapted from RangeConverter 8-max baseline.",
    "publisher" : {
      "accessedDate" : "2026-06-01",
      "name" : "RangeConverter",
      "product" : "Free Poker Charts — 8 max 1bb ante MTT GTO Ranges",
      "treeParams" : "2.5x open, 3.5x 3bet IP, 4.5x 3bet OOP, 2.3x 4bet IP, 2.75x 4bet OOP, SB vs BB 3.2bb",
      "url" : "https:\/\/rangeconverter.com\/free-poker-charts"
    },