{
  "format" : "NLHE_MTT_8MAX",
  "hands" : {
    "44" : {
      "call" : 0.12989999999999999,
      "shove" : 0.87009999999999998
    },
    "55" : {
      "shove" : 1
    },
    "66" : {
      "call" : 0.14999999999999999,
      "shove" : 0.84999999999999998
    },
    "77" : {
      "call" : 0.029899999999999999,
      "shove" : 0.97009999999999996
    },
    "88" : {
      "shove" : 1
    },
    "98s" : {
      "call" : 0.45000000000000001,
      "fold" : 0.55000000000000004
    },
    "99" : {
      "shove" : 1
    },
    "A2s" : {
      "shove" : 1
    },
    "A3s" : {
      "shove" : 1
    },
    "A4s" : {
      "shove" : 1
    },
    "A5s" : {
      "shove" : 1
    },
    "A6s" : {
      "call" : 0.68999999999999995,
      "shove" : 0.31
    },
    "A7s" : {
      "call" : 0.45000000000000001,
      "shove" : 0.55000000000000004
    },
    "A8o" : {
      "call" : 0.045900000000000003,
      "shove" : 0.95409999999999995
    },
    "A8s" : {
      "shove" : 1
    },
    "A9o" : {
      "shove" : 1
    },
    "A9s" : {
      "shove" : 1
    },
    "AA" : {
      "call" : 0.17000000000000001,
      "shove" : 0.82999999999999996
    },
    "AJo" : {
      "shove" : 1
    },
    "AJs" : {
      "shove" : 1
    },
    "AKo" : {
      "shove" : 1
    },
    "AKs" : {
      "shove" : 1
    },
    "AQo" : {
      "shove" : 1
    },
    "AQs" : {
      "shove" : 1
    },
    "ATo" : {
      "shove" : 1
    },
    "ATs" : {
      "shove" : 1
    },
    "J9s" : {
      "call" : 0.0057999999999999996,
      "fold" : 0.99419999999999997
    },
    "JJ" : {
      "shove" : 1
    },
    "JTs" : {
      "call" : 0.8901,
      "fold" : 0.1099
    },
    "K9s" : {
      "call" : 0.1356,
      "fold" : 0.86439999999999995
    },
    "KJs" : {
      "shove" : 1
    },
    "KK" : {
      "shove" : 1
    },
    "KQo" : {
      "call" : 0.12570000000000001,
      "shove" : 0.87429999999999997
    },
    "KQs" : {
      "shove" : 1
    },
    "KTs" : {
      "call" : 0.87429999999999997,
      "shove" : 0.12570000000000001
    },
    "Q9s" : {
      "call" : 0.0557,
      "fold" : 0.94430000000000003
    },
    "QJs" : {
      "call" : 0.2455,
      "shove" : 0.75449999999999995
    },
    "QQ" : {
      "shove" : 1
    },
    "QTs" : {
      "call" : 0.61470000000000002,
      "fold" : 0.38529999999999998
    },
    "TT" : {
      "shove" : 1
    }
  },
  "id" : "mtt_8max_10bb_sb_vsopen_vs_lj",
  "source" : {
    "description" : "RangeConverter free PDF — 8-max 10bb 1bb ante (12.5%).",
    "publisher" : {
      "accessedDate" : "2026-06-01",
      "name" : "RangeConverter",
      "product" : "Free Poker Charts — 8 max 1bb ante MTT GTO Ranges",
      "treeParams" : "poker.academy CE-Symmetric Regular @ 10bb (GTO ChipEV, 1bb ante)",
      "url" : "https:\/\/rangeconverter.com\/free-poker-charts"
    },
    "solver" : {
      "assumptions" : "Frequencies rounded to nearest 25% per source. ChipEV (non-ICM). 1bb (12.5%) big-blind ante."
    },
    "type" : "published"
  },
  "spot" : {
    "anteType" : "bigBlindAnte",
    "facingAction" : "vsOpen",
    "opponentPosition" : "LJ",
    "position" : "SB",
    "stackDepthBB" : 10
  }
}