{
  "format" : "NLHE_MTT_9MAX",
  "hands" : {
    "22" : {
      "call" : 0.995,
      "raise25x" : 0.0048999999999999998
    },
    "32o" : {
      "call" : 0.1883,
      "fold" : 0.81169999999999998
    },
    "32s" : {
      "call" : 0.99880000000000002,
      "fold" : 0.0012000000000000001
    },
    "33" : {
      "call" : 0.99480000000000002,
      "raise25x" : 0.0051000000000000004
    },
    "42o" : {
      "call" : 0.27350000000000002,
      "fold" : 0.72650000000000003
    },
    "42s" : {
      "call" : 0.99929999999999997
    },
    "43o" : {
      "call" : 0.99970000000000003
    },
    "43s" : {
      "call" : 1
    },
    "44" : {
      "call" : 0.93979999999999997,
      "fold" : 0.0040999999999999995,
      "raise25x" : 0.055999999999999994
    },
    "52o" : {
      "call" : 0.99950000000000006
    },
    "52s" : {
      "call" : 0.99980000000000002
    },
    "53o" : {
      "call" : 0.99939999999999996
    },
    "53s" : {
      "call" : 0.99780000000000002,
      "fold" : 0.0018
    },
    "54o" : {
      "call" : 0.99990000000000001
    },
    "54s" : {
      "call" : 0.99160000000000004,
      "fold" : 0.0080999999999999996
    },
    "55" : {
      "call" : 0.51219999999999999,
      "raise25x" : 0.48749999999999999
    },
    "62o" : {
      "call" : 0.99980000000000002
    },
    "62s" : {
      "call" : 0.95109999999999995,
      "fold" : 0.047400000000000005,
      "raise25x" : 0.0014
    },
    "63o" : {
      "call" : 0.99939999999999996
    },
    "63s" : {
      "call" : 0.99850000000000005,
      "fold" : 0.0015
    },
    "64o" : {
      "call" : 0.99980000000000002
    },
    "64s" : {
      "call" : 0.99909999999999999
    },
    "65o" : {
      "call" : 0.99960000000000004
    },
    "65s" : {
      "call" : 0.99980000000000002
    },
    "66" : {
      "call" : 0.96530000000000005,
      "raise25x" : 0.034700000000000002
    },
    "72o" : {
      "call" : 0.99870000000000003,
      "fold" : 0.0013000000000000002
    },
    "72s" : {
      "call" : 0.97089999999999999,
      "fold" : 0.019700000000000002,
      "raise25x" : 0.0094000000000000004
    },
    "73o" : {
      "call" : 0.99809999999999999,
      "fold" : 0.0019
    },
    "73s" : {
      "call" : 0.99060000000000004,
      "fold" : 0.0055000000000000005,
      "raise25x" : 0.0038999999999999998
    },
    "74o" : {
      "call" : 0.99990000000000001
    },
    "74s" : {
      "call" : 0.99609999999999999,
      "fold" : 0.0018,
      "raise25x" : 0.0021000000000000003
    },
    "75o" : {
      "call" : 0.99790000000000001,
      "fold" : 0.0015
    },
    "75s" : {
      "call" : 0.99070000000000003,
      "fold" : 0.0021000000000000003,
      "raise25x" : 0.0072999999999999992
    },
    "76o" : {
      "call" : 0.99950000000000006
    },
    "76s" : {
      "call" : 0.99180000000000001,
      "fold" : 0.0077999999999999996
    },
    "77" : {
      "call" : 0.61909999999999998,
      "raise25x" : 0.38090000000000002
    },
    "82o" : {
      "call" : 0.99970000000000003
    },
    "82s" : {
      "call" : 0.99939999999999996
    },
    "83o" : {
      "call" : 0.99990000000000001
    },
    "83s" : {
      "call" : 0.99929999999999997
    },
    "84o" : {
      "call" : 0.99819999999999998,
      "raise25x" : 0.0012000000000000001
    },
    "84s" : {
      "call" : 0.99850000000000005
    },
    "85o" : {
      "call" : 0.998,
      "raise25x" : 0.0015
    },
    "85s" : {
      "call" : 0.99080000000000001,
      "fold" : 0.0089999999999999993
    },
    "86o" : {
      "call" : 0.99929999999999997
    },
    "86s" : {
      "call" : 0.84919999999999995,
      "fold" : 0.0038999999999999998,
      "raise25x" : 0.1469
    },
    "87o" : {
      "call" : 0.99909999999999999
    },
    "87s" : {
      "call" : 0.99470000000000003,
      "fold" : 0.0013000000000000002,
      "raise25x" : 0.0040000000000000001
    },
    "88" : {
      "call" : 0.83520000000000005,
      "raise25x" : 0.16450000000000001
    },
    "92o" : {
      "call" : 0.99990000000000001
    },
    "92s" : {
      "call" : 1
    },
    "93o" : {
      "call" : 0.99990000000000001
    },
    "93s" : {
      "call" : 0.99790000000000001,
      "raise25x" : 0.0019
    },
    "94o" : {
      "call" : 1
    },
    "94s" : {
      "call" : 0.99750000000000005,
      "fold" : 0.0025000000000000001
    },
    "95o" : {
      "call" : 0.99950000000000006
    },
    "95s" : {
      "call" : 0.99839999999999995,
      "raise25x" : 0.0014
    },
    "96o" : {
      "call" : 0.99990000000000001
    },
    "96s" : {
      "call" : 0.997,
      "raise25x" : 0.0021000000000000003
    },
    "97o" : {
      "call" : 0.99880000000000002
    },
    "97s" : {
      "call" : 0.99650000000000005,
      "fold" : 0.0026000000000000003
    },
    "98o" : {
      "call" : 0.99970000000000003
    },
    "98s" : {
      "call" : 0.87980000000000003,
      "fold" : 0.0014,
      "raise25x" : 0.1188
    },
    "99" : {
      "call" : 0.080599999999999977,
      "raise25x" : 0.9194
    },
    "A2o" : {
      "call" : 0.99880000000000002,
      "raise25x" : 0.0012000000000000001
    },
    "A2s" : {
      "call" : 0.0016999999999999997,
      "raise25x" : 0.99829999999999997
    },
    "A3o" : {
      "call" : 0.40720000000000001,
      "raise25x" : 0.59279999999999999
    },
    "A3s" : {
      "call" : 0.75590000000000002,
      "raise25x" : 0.24379999999999999
    },
    "A4o" : {
      "call" : 0.99980000000000002
    },
    "A4s" : {
      "call" : 0.25990000000000002,
      "raise25x" : 0.74009999999999998
    },
    "A5o" : {
      "call" : 0.21079999999999999,
      "raise25x" : 0.78910000000000002
    },
    "A5s" : {
      "call" : 0.0123,
      "raise25x" : 0.98760000000000003
    },
    "A6o" : {
      "call" : 0.28810000000000002,
      "raise25x" : 0.71189999999999998
    },
    "A6s" : {
      "call" : 0.97409999999999997,
      "raise25x" : 0.0258
    },
    "A7o" : {
      "call" : 0.074899999999999994,
      "raise25x" : 0.92510000000000003
    },
    "A7s" : {
      "call" : 0.080199999999999994,
      "raise25x" : 0.91969999999999996
    },
    "A8o" : {
      "call" : 0.18870000000000001,
      "raise25x" : 0.81130000000000002
    },
    "A8s" : {
      "call" : 0.4098,
      "fold" : 0.0019,
      "raise25x" : 0.58830000000000005
    },
    "A9o" : {
      "call" : 0.016800000000000002,
      "raise25x" : 0.98319999999999996
    },
    "A9s" : {
      "call" : 0.1042,
      "raise25x" : 0.89580000000000004
    },
    "AA" : {
      "call" : 0.1108,
      "raise25x" : 0.88919999999999999
    },
    "AJo" : {
      "call" : 0.52180000000000004,
      "raise25x" : 0.47820000000000001
    },
    "AJs" : {
      "call" : 0.99870000000000003,
      "raise25x" : 0.0011000000000000001
    },
    "AKo" : {
      "call" : 0.71399999999999997,
      "raise25x" : 0.28599999999999998
    },
    "AKs" : {
      "call" : 0.48459999999999998,
      "raise25x" : 0.51539999999999997
    },
    "AQo" : {
      "call" : 0.96870000000000001,
      "raise25x" : 0.031300000000000001
    },
    "AQs" : {
      "call" : 0.058499999999999996,
      "raise25x" : 0.9415
    },
    "ATo" : {
      "call" : 0.41520000000000001,
      "raise25x" : 0.58479999999999999
    },
    "ATs" : {
      "call" : 0.6986,
      "raise25x" : 0.3014
    },
    "J2o" : {
      "call" : 0.99990000000000001
    },
    "J2s" : {
      "call" : 0.99709999999999999,
      "raise25x" : 0.0028999999999999998
    },
    "J3o" : {
      "call" : 0.99990000000000001
    },
    "J3s" : {
      "call" : 0.87109999999999999,
      "raise25x" : 0.12870000000000001
    },
    "J4o" : {
      "call" : 0.99960000000000004
    },
    "J4s" : {
      "call" : 0.93100000000000005,
      "raise25x" : 0.068400000000000002
    },
    "J5o" : {
      "call" : 0.99980000000000002
    },
    "J5s" : {
      "call" : 0.97629999999999995,
      "raise25x" : 0.023
    },
    "J6o" : {
      "call" : 1
    },
    "J6s" : {
      "call" : 0.1158,