{
  "format" : "NLHE_MTT_8MAX",
  "hands" : {
    "22" : {
      "call" : 1
    },
    "33" : {
      "call" : 1
    },
    "44" : {
      "call" : 1
    },
    "54s" : {
      "call" : 1
    },
    "55" : {
      "call" : 1
    },
    "65s" : {
      "call" : 0.90010000000000001,
      "raise3x" : 0.099900000000000003
    },
    "66" : {
      "call" : 0.97009999999999996,
      "raise3x" : 0.029899999999999999
    },
    "76s" : {
      "call" : 1
    },
    "77" : {
      "call" : 0.68999999999999995,
      "raise3x" : 0.31
    },
    "86s" : {
      "call" : 0.1799,
      "fold" : 0.82010000000000005
    },
    "87s" : {
      "call" : 0.83499999999999996,
      "raise3x" : 0.16500000000000001
    },
    "88" : {
      "call" : 0.46999999999999997,
      "raise3x" : 0.53000000000000003
    },
    "97s" : {
      "call" : 0.82509999999999994,
      "raise3x" : 0.1749
    },
    "98s" : {
      "call" : 0.72509999999999997,
      "raise3x" : 0.27489999999999998
    },
    "99" : {
      "call" : 0.16,
      "raise3x" : 0.44,
      "shove" : 0.40000000000000002
    },
    "A2s" : {
      "call" : 1
    },
    "A3s" : {
      "call" : 1
    },
    "A4s" : {
      "call" : 1
    },
    "A5s" : {
      "call" : 0.44500000000000001,
      "raise3x" : 0.55500000000000005
    },
    "A6s" : {
      "call" : 0.70499999999999996,
      "raise3x" : 0.29499999999999998
    },
    "A7s" : {
      "call" : 0.32990000000000003,
      "raise3x" : 0.67010000000000003
    },
    "A8s" : {
      "call" : 0.69999999999999996,
      "raise3x" : 0.29999999999999999
    },
    "A9o" : {
      "call" : 0.23000000000000001,
      "fold" : 0.29499999999999998,
      "raise3x" : 0.47499999999999998
    },
    "A9s" : {
      "call" : 1
    },
    "AA" : {
      "raise3x" : 1
    },
    "AJo" : {
      "call" : 0.16,
      "raise3x" : 0.83999999999999997
    },
    "AJs" : {
      "call" : 1
    },
    "AKo" : {
      "raise3x" : 0.64510000000000001,
      "shove" : 0.35489999999999999
    },
    "AKs" : {
      "raise3x" : 1
    },
    "AQo" : {
      "call" : 0.039899999999999998,
      "raise3x" : 0.71009999999999995,
      "shove" : 0.25
    },
    "AQs" : {
      "raise3x" : 1
    },
    "ATo" : {
      "call" : 0.52500000000000002,
      "raise3x" : 0.47499999999999998
    },
    "ATs" : {
      "call" : 1
    },
    "J8s" : {
      "call" : 0.5151,
      "raise3x" : 0.4849
    },
    "J9s" : {
      "call" : 0.78000000000000003,
      "raise3x" : 0.22
    },
    "JJ" : {
      "raise3x" : 1
    },
    "JTs" : {
      "call" : 0.69499999999999995,
      "raise3x" : 0.30499999999999999
    },
    "K5s" : {
      "call" : 0.65510000000000002,
      "fold" : 0.34489999999999998
    },
    "K6s" : {
      "call" : 0.93520000000000003,
      "raise3x" : 0.064799999999999996
    },
    "K7s" : {
      "call" : 1
    },
    "K8s" : {
      "call" : 0.87509999999999999,
      "raise3x" : 0.1249
    },
    "K9s" : {
      "call" : 0.069800000000000001,
      "raise3x" : 0.93020000000000003
    },
    "KJo" : {
      "call" : 0.75009999999999999,
      "raise3x" : 0.24990000000000001
    },
    "KJs" : {
      "call" : 0.32500000000000001,
      "shove" : 0.67500000000000004
    },
    "KK" : {
      "raise3x" : 1
    },
    "KQo" : {
      "call" : 0.55000000000000004,
      "raise3x" : 0.45000000000000001
    },
    "KQs" : {
      "call" : 0.69999999999999996,
      "raise3x" : 0.29999999999999999
    },
    "KTo" : {
      "call" : 0.53000000000000003,
      "fold" : 0.10489999999999999,
      "raise3x" : 0.36509999999999998
    },
    "KTs" : {
      "call" : 0.32500000000000001,
      "raise3x" : 0.67500000000000004
    },
    "Q8s" : {
      "call" : 0.90010000000000001,
      "raise3x" : 0.099900000000000003
    },
    "Q9s" : {
      "call" : 0.92500000000000004,
      "raise3x" : 0.074999999999999997
    },
    "QJo" : {
      "call" : 0.86019999999999996,
      "raise3x" : 0.13980000000000001
    },
    "QJs" : {
      "call" : 0.074999999999999997,
      "raise3x" : 0.1099,
      "shove" : 0.81510000000000005
    },
    "QQ" : {
      "raise3x" : 1
    },
    "QTo" : {
      "call" : 0.11990000000000001,
      "fold" : 0.88009999999999999
    },
    "QTs" : {
      "call" : 0.78500000000000003,
      "raise3x" : 0.215
    },
    "T8s" : {
      "call" : 0.68999999999999995,
      "raise3x" : 0.31
    },
    "T9s" : {
      "call" : 0.58009999999999995,
      "raise3x" : 0.4199
    },
    "TT" : {
      "raise3x" : 1
    }
  },
  "id" : "mtt_8max_40bb_sb_vsopen_vs_hj",
  "source" : {
    "description" : "RangeConverter free PDF — 8-max 40bb 1bb ante (12.5%).",
    "publisher" : {
      "accessedDate" : "2026-06-01",
      "name" : "RangeConverter",
      "product" : "Free Poker Charts — 8 max 1bb ante MTT GTO Ranges",
      "treeParams" : "poker.academy CE-Symmetric Regular @ 40bb (GTO ChipEV, 1bb ante)",
      "url" : "https:\/\/rangeconverter.com\/free-poker-charts"
    },
    "solver" : {
      "assumptions" : "Frequencies rounded to nearest 25% per source. ChipEV (non-ICM). 1bb (12.5%) big-blind ante."
    },
    "type" : "published"
  },
  "spot" : {
    "anteType" : "bigBlindAnte",
    "facingAction" : "vsOpen",
    "opponentPosition" : "HJ",
    "position" : "SB",
    "stackDepthBB" : 40
  }
}