{
  "format" : "NLHE_MTT_8MAX",
  "hands" : {
    "22" : {
      "call" : 1
    },
    "32s" : {
      "call" : 1
    },
    "33" : {
      "call" : 1
    },
    "42s" : {
      "call" : 1
    },
    "43s" : {
      "call" : 1
    },
    "44" : {
      "call" : 1
    },
    "52s" : {
      "call" : 1
    },
    "53o" : {
      "call" : 0.55989999999999995,
      "fold" : 0.44009999999999999
    },
    "53s" : {
      "call" : 1
    },
    "54o" : {
      "call" : 1
    },
    "54s" : {
      "call" : 0.49490000000000001,
      "raise3x" : 0.50509999999999999
    },
    "55" : {
      "call" : 1
    },
    "62s" : {
      "call" : 1
    },
    "63s" : {
      "call" : 1
    },
    "64o" : {
      "call" : 0.54000000000000004,
      "fold" : 0.46000000000000002
    },
    "64s" : {
      "call" : 1
    },
    "65o" : {
      "call" : 1
    },
    "65s" : {
      "call" : 0.36009999999999998,
      "raise3x" : 0.63990000000000002
    },
    "66" : {
      "call" : 1
    },
    "72s" : {
      "call" : 1
    },
    "73s" : {
      "call" : 1
    },
    "74s" : {
      "call" : 1
    },
    "75s" : {
      "call" : 1
    },
    "76o" : {
      "call" : 1
    },
    "76s" : {
      "call" : 0.18990000000000001,
      "raise3x" : 0.81010000000000004
    },
    "77" : {
      "call" : 1
    },
    "82s" : {
      "call" : 1
    },
    "83s" : {
      "call" : 1
    },
    "84s" : {
      "call" : 1
    },
    "85s" : {
      "call" : 1
    },
    "86o" : {
      "call" : 1
    },
    "86s" : {
      "call" : 0.74509999999999998,
      "raise3x" : 0.25490000000000002
    },
    "87o" : {
      "call" : 1
    },
    "87s" : {
      "call" : 0.23499999999999999,
      "raise3x" : 0.76500000000000001
    },
    "88" : {
      "call" : 0.72509999999999997,
      "raise3x" : 0.27489999999999998
    },
    "92s" : {
      "call" : 1
    },
    "93s" : {
      "call" : 1
    },
    "94s" : {
      "call" : 1
    },
    "95s" : {
      "call" : 1
    },
    "96s" : {
      "call" : 1
    },
    "97o" : {
      "call" : 1
    },
    "97s" : {
      "call" : 0.8851,
      "raise3x" : 0.1149
    },
    "98o" : {
      "call" : 1
    },
    "98s" : {
      "call" : 0.24990000000000001,
      "raise3x" : 0.75009999999999999
    },
    "99" : {
      "call" : 0.41489999999999999,
      "raise3x" : 0.58509999999999995
    },
    "A2o" : {
      "call" : 1
    },
    "A2s" : {
      "call" : 1
    },
    "A3o" : {
      "call" : 1
    },
    "A3s" : {
      "call" : 1
    },
    "A4o" : {
      "call" : 1
    },
    "A4s" : {
      "call" : 0.50509999999999999,
      "raise3x" : 0.49490000000000001
    },
    "A5o" : {
      "call" : 1
    },
    "A5s" : {
      "raise3x" : 1
    },
    "A6o" : {
      "call" : 1
    },
    "A6s" : {
      "call" : 0.67500000000000004,
      "raise3x" : 0.32500000000000001
    },
    "A7o" : {
      "call" : 0.96509999999999996,
      "raise3x" : 0.0349
    },
    "A7s" : {
      "call" : 0.82010000000000005,
      "raise3x" : 0.1799
    },
    "A8o" : {
      "call" : 0.72009999999999996,
      "raise3x" : 0.27989999999999998
    },
    "A8s" : {
      "call" : 1
    },
    "A9o" : {
      "call" : 1
    },
    "A9s" : {
      "call" : 1
    },
    "AA" : {
      "raise3x" : 1
    },
    "AJo" : {
      "call" : 0.87509999999999999,
      "raise3x" : 0.1249
    },
    "AJs" : {
      "raise3x" : 1
    },
    "AKo" : {
      "raise3x" : 1
    },
    "AKs" : {
      "raise3x" : 1
    },
    "AQo" : {
      "call" : 0.074999999999999997,
      "raise3x" : 0.92500000000000004
    },
    "AQs" : {
      "raise3x" : 1
    },
    "ATo" : {
      "call" : 1
    },
    "ATs" : {
      "call" : 0.77000000000000002,
      "raise3x" : 0.23000000000000001
    },
    "J2s" : {
      "call" : 1
    },
    "J3s" : {
      "call" : 1
    },
    "J4s" : {
      "call" : 1
    },
    "J5s" : {
      "call" : 1
    },
    "J6s" : {
      "call" : 1
    },
    "J7o" : {
      "call" : 0.26989999999999997,
      "fold" : 0.73009999999999997
    },
    "J7s" : {
      "call" : 1
    },
    "J8o" : {
      "call" : 1
    },
    "J8s" : {
      "call" : 0.37,
      "raise3x" : 0.63
    },
    "J9o" : {
      "call" : 1
    },
    "J9s" : {
      "call" : 0.059799999999999999,
      "raise3x" : 0.94020000000000004
    },
    "JJ" : {
      "raise3x" : 1
    },
    "JTo" : {
      "call" : 1
    },
    "JTs" : {
      "call" : 0.14999999999999999,
      "raise3x" : 0.84999999999999998
    },
    "K2s" : {
      "call" : 1
    },
    "K3o" : {
      "call" : 0.25990000000000002,
      "fold" : 0.74009999999999998
    },
    "K3s" : {
      "call" : 1
    },
    "K4o" : {
      "call" : 1
    },
    "K4s" : {
      "call" : 1
    },
    "K5o" : {
      "call" : 1
    },
    "K5s" : {
      "call" : 1
    },
    "K6o" : {
      "call" : 1
    },
    "K6s" : {
      "call" : 0.93020000000000003,
      "raise3x" : 0.069800000000000001
    },
    "K7o" : {
      "call" : 1
    },
    "K7s" : {
      "call" : 0.84499999999999997,
      "raise3x" : 0.155
    },
    "K8o" : {
      "call" : 1
    },
    "K8s" : {
      "call" : 0.38,
      "raise3x" : 0.62
    },
    "K9o" : {
      "call" : 1
    },
    "K9s" : {
      "call" : 0.43009999999999998,
      "raise3x" : 0.56989999999999996
    },
    "KJo" : {
      "call" : 0.77500000000000002,
      "raise3x" : 0.22500000000000001
    },
    "KJs" : {
      "call" : 0.20979999999999999,
      "raise3x" : 0.79020000000000001
    },
    "KK" : {
      "raise3x" : 1
    },
    "KQo" : {
      "call" : 0.56989999999999996,
      "raise3x" : 0.43009999999999998
    },
    "KQs" : {
      "raise3x" : 1
    },
    "KTo" : {
      "call" : 0.72509999999999997,
      "raise3x" : 0.27489999999999998
    },
    "KTs" : {
      "call" : 0.82010000000000005,
      "raise3x" : 0.1799
    },
    "Q2s" : {
      "call" : 1
    },
    "Q3s" : {
      "call" : 1
    },
    "Q4s" : {
      "call" : 1
    },
    "Q5o" : {
      "call" : 0.26989999999999997,
      "fold" : 0.73009999999999997
    },
    "Q5s" : {
      "call" : 1
    },
    "Q6o" : {
      "call" : 1
    },
    "Q6s" : {
      "call" : 1
    },
    "Q7o" : {
      "call" : 0.4899,
      "fold" : 0.5101
    },
    "Q7s" : {
      "call" : 1
    },
    "Q8o" : {
      "call" : 1
    },
    "Q8s" : {
      "call" : 1
    },
    "Q9o" : {
      "call" : 1
    },
    "Q9s" : {
      "call" : 1
    },
    "QJo" : {
      "call" : 1
    },
    "QJs" : {
      "call" : 1
    },
    "QQ" : {
      "raise3x" : 1
    },
    "QTo" : {
      "call" : 1
    },
    "QTs" : {
      "raise3x" : 1
    },
    "T2s" : {
      "call" : 1
    },
    "T3s" : {
      "call" : 1
    },
    "T4s" : {
      "call" : 1
    },
    "T5s" : {
      "call" : 1
    },
    "T6s" : {
      "call" : 1
    },
    "T7o" : {
      "call" : 0.64510000000000001,
      "fold" : 0.35489999999999999
    },
    "T7s" : {
      "call" : 0.60999999999999999,
      "raise3x" : 0.39000000000000001
    },
    "T8o" : {
      "call" : 1
    },
    "T8s" : {
      "raise3x" : 1
    },
    "T9o" : {
      "call" : 1
    },
    "T9s" : {
      "raise3x" : 1
    },
    "TT" : {
      "raise3x" : 1
    }
  },
  "id" : "mtt_8max_80bb_bb_vsopen_vs_co",
  "source" : {
    "description" : "RangeConverter free PDF — 8-max 80bb 1bb ante (12.5%).",
    "publisher" : {
      "accessedDate" : "2026-06-01",
      "name" : "RangeConverter",
      "product" : "Free Poker Charts — 8 max 1bb ante MTT GTO Ranges",
      "treeParams" : "poker.academy CE-Symmetric Regular @ 80bb (GTO ChipEV, 1bb ante)",
      "url" : "https:\/\/rangeconverter.com\/free-poker-charts"
    },
    "solver" : {
      "assumptions" : "Frequencies rounded to nearest 25% per source. ChipEV (non-ICM). 1bb (12.5%) big-blind ante."
    },
    "type" : "published"
  },
  "spot" : {
    "anteType" : "bigBlindAnte",
    "facingAction" : "vsOpen",
    "opponentPosition" : "CO",
    "position" : "BB",
    "stackDepthBB" : 80
  }
}