{
  "format" : "NLHE_MTT_8MAX",
  "hands" : {
    "22" : {
      "call" : 1
    },
    "33" : {
      "call" : 1
    },
    "44" : {
      "call" : 1
    },
    "55" : {
      "call" : 0.59089999999999998,
      "fold" : 0.40910000000000002
    },
    "65s" : {
      "call" : 1
    },
    "66" : {
      "call" : 0.58989999999999998,
      "fold" : 0.41010000000000002
    },
    "76s" : {
      "call" : 1
    },
    "77" : {
      "call" : 0.51190000000000002,
      "fold" : 0.48809999999999998
    },
    "87s" : {
      "call" : 1
    },
    "88" : {
      "call" : 0.6079,
      "fold" : 0.3921
    },
    "99" : {
      "call" : 0.54600000000000004,
      "fold" : 0.45400000000000001
    },
    "A4s" : {
      "call" : 0.9345,
      "raise3x" : 0.065500000000000003
    },
    "A5s" : {
      "call" : 1
    },
    "A6s" : {
      "call" : 0.1767,
      "fold" : 0.82330000000000003
    },
    "A7s" : {
      "call" : 0.26390000000000002,
      "fold" : 0.73609999999999998
    },
    "A8s" : {
      "call" : 0.36270000000000002,
      "fold" : 0.50509999999999999,
      "raise3x" : 0.13220000000000001
    },
    "A9s" : {
      "call" : 0.42799999999999999,
      "fold" : 0.54810000000000003,
      "raise3x" : 0.023900000000000001
    },
    "AA" : {
      "call" : 0.48609999999999998,
      "raise3x" : 0.46010000000000001,
      "shove" : 0.053800000000000001
    },
    "AJs" : {
      "call" : 1
    },
    "AKo" : {
      "call" : 0.53620000000000001,
      "raise3x" : 0.18390000000000001,
      "shove" : 0.27989999999999998
    },
    "AKs" : {
      "call" : 1
    },
    "AQo" : {
      "call" : 0.435,
      "fold" : 0.52910000000000001,
      "raise3x" : 0.035900000000000001
    },
    "AQs" : {
      "call" : 1
    },
    "ATs" : {
      "call" : 1
    },
    "JJ" : {
      "call" : 1
    },
    "JTs" : {
      "call" : 0.36799999999999999,
      "fold" : 0.63200000000000001
    },
    "K9s" : {
      "fold" : 0.85809999999999997,
      "raise3x" : 0.1419
    },
    "KJs" : {
      "call" : 0.89400000000000002,
      "raise3x" : 0.106
    },
    "KK" : {
      "call" : 0.6875,
      "raise3x" : 0.088099999999999998,
      "shove" : 0.22439999999999999
    },
    "KQs" : {
      "call" : 1
    },
    "KTs" : {
      "call" : 0.47299999999999998,
      "fold" : 0.40079999999999999,
      "raise3x" : 0.12620000000000001
    },
    "QJs" : {
      "call" : 0.7742,
      "fold" : 0.2258
    },
    "QQ" : {
      "call" : 1
    },
    "QTs" : {
      "call" : 0.64410000000000001,
      "fold" : 0.35589999999999999
    },
    "T9s" : {
      "call" : 0.88200000000000001,
      "fold" : 0.11799999999999999
    },
    "TT" : {
      "call" : 1
    }
  },
  "id" : "mtt_8max_70bb_utg_vs3bet_vs_sb",
  "source" : {
    "description" : "RangeConverter free PDF — 8-max 70bb 1bb ante (12.5%).",
    "publisher" : {
      "accessedDate" : "2026-06-01",
      "name" : "RangeConverter",
      "product" : "Free Poker Charts — 8 max 1bb ante MTT GTO Ranges",
      "treeParams" : "poker.academy CE-Symmetric Regular @ 70bb (GTO ChipEV, 1bb ante)",
      "url" : "https:\/\/rangeconverter.com\/free-poker-charts"
    },
    "solver" : {
      "assumptions" : "Frequencies rounded to nearest 25% per source. ChipEV (non-ICM). 1bb (12.5%) big-blind ante."
    },
    "type" : "published"
  },
  "spot" : {
    "anteType" : "bigBlindAnte",
    "facingAction" : "vs3Bet",
    "opponentPosition" : "SB",
    "position" : "UTG",
    "stackDepthBB" : 70
  }
}