{
  "format" : "NLHE_MTT_9MAX",
  "hands" : {
    "22" : {
      "call" : 1
    },
    "33" : {
      "call" : 1
    },
    "44" : {
      "call" : 1
    },
    "54s" : {
      "call" : 0.67010000000000003,
      "raise25x" : 0.32990000000000003
    },
    "55" : {
      "call" : 1
    },
    "65s" : {
      "call" : 0.63009999999999999,
      "fold" : 0.0378,
      "raise25x" : 0.33210000000000001
    },
    "66" : {
      "call" : 1
    },
    "76s" : {
      "call" : 0.72799999999999998,
      "fold" : 0.27200000000000002
    },
    "77" : {
      "call" : 0.91000000000000003,
      "raise25x" : 0.089999999999999997
    },
    "87s" : {
      "call" : 0.88200000000000001,
      "raise25x" : 0.11799999999999999
    },
    "88" : {
      "call" : 0.66610000000000003,
      "raise25x" : 0.33389999999999997
    },
    "97s" : {
      "call" : 0.30599999999999999,
      "fold" : 0.69399999999999995
    },
    "98s" : {
      "call" : 1
    },
    "99" : {
      "call" : 0.66800000000000004,
      "raise25x" : 0.33200000000000002
    },
    "A2s" : {
      "call" : 0.54600000000000004,
      "raise25x" : 0.45400000000000001
    },
    "A3s" : {
      "call" : 0.85409999999999997,
      "raise25x" : 0.1459
    },
    "A4s" : {
      "call" : 1
    },
    "A5s" : {
      "call" : 0.56200000000000006,
      "raise25x" : 0.438
    },
    "A6s" : {
      "call" : 0.52400000000000002,
      "raise25x" : 0.47599999999999998
    },
    "A7s" : {
      "call" : 0.69399999999999995,
      "raise25x" : 0.30599999999999999
    },
    "A8s" : {
      "call" : 0.33800000000000002,
      "raise25x" : 0.66200000000000003
    },
    "A9o" : {
      "fold" : 0.98819999999999997,
      "raise25x" : 0.0118
    },
    "A9s" : {
      "call" : 0.37790000000000001,
      "raise25x" : 0.62209999999999999
    },
    "AA" : {
      "raise25x" : 1
    },
    "AJo" : {
      "call" : 0.52190000000000003,
      "raise25x" : 0.47810000000000002
    },
    "AJs" : {
      "call" : 1
    },
    "AKo" : {
      "raise25x" : 1
    },
    "AKs" : {
      "raise25x" : 1
    },
    "AQo" : {
      "call" : 0.55200000000000005,
      "raise25x" : 0.44800000000000001
    },
    "AQs" : {
      "call" : 1
    },
    "ATo" : {
      "call" : 0.57199999999999995,
      "raise25x" : 0.42799999999999999
    },
    "ATs" : {
      "call" : 1
    },
    "J8s" : {
      "call" : 0.10199999999999999,
      "raise25x" : 0.89800000000000002
    },
    "J9s" : {
      "call" : 0.65200000000000002,
      "raise25x" : 0.34799999999999998
    },
    "JJ" : {
      "call" : 0.188,
      "raise25x" : 0.81200000000000006
    },
    "JTs" : {
      "call" : 0.60209999999999997,
      "raise25x" : 0.39789999999999998
    },
    "K6s" : {
      "call" : 0.43680000000000002,
      "fold" : 0.1162,
      "raise25x" : 0.44700000000000001
    },
    "K7s" : {
      "call" : 0.4839,
      "raise25x" : 0.5161
    },
    "K8s" : {
      "call" : 0.78810000000000002,
      "raise25x" : 0.21190000000000001
    },
    "K9s" : {
      "raise25x" : 1
    },
    "KJo" : {
      "call" : 0.75819999999999999,
      "raise25x" : 0.24179999999999999
    },
    "KJs" : {
      "call" : 1
    },
    "KK" : {
      "raise25x" : 1
    },
    "KQo" : {
      "call" : 0.77600000000000002,
      "raise25x" : 0.224
    },
    "KQs" : {
      "call" : 1
    },
    "KTo" : {
      "call" : 0.26650000000000001,
      "fold" : 0.055999999999999994,
      "raise25x" : 0.67749999999999999
    },
    "KTs" : {
      "call" : 1
    },
    "Q8s" : {
      "call" : 0.0079000000000000008,
      "fold" : 0.99209999999999998
    },
    "Q9s" : {
      "call" : 1
    },
    "QJo" : {
      "call" : 0.2059,
      "fold" : 0.54210000000000003,
      "raise25x" : 0.252
    },
    "QJs" : {
      "call" : 1
    },
    "QQ" : {
      "raise25x" : 1
    },
    "QTs" : {
      "call" : 0.99419999999999997,
      "raise25x" : 0.0057999999999999996
    },
    "T8s" : {
      "call" : 0.60999999999999999,
      "raise25x" : 0.39000000000000001
    },
    "T9s" : {
      "call" : 0.76000000000000001,
      "raise25x" : 0.23999999999999999
    },
    "TT" : {
      "call" : 0.6381,
      "raise25x" : 0.3619
    }
  },
  "id" : "mtt_9max_50bb_btn_vsopen_vs_lj",
  "source" : {
    "description" : "Adapted from RangeConverter 8-max baseline.",
    "publisher" : {
      "accessedDate" : "2026-06-01",
      "name" : "RangeConverter",
      "product" : "Free Poker Charts — 8 max 1bb ante MTT GTO Ranges",
      "treeParams" : "2.5x open, 3.5x 3bet IP, 4.5x 3bet OOP, 2.3x 4bet IP, 2.75x 4bet OOP, SB vs BB 3.2bb",
      "url" : "https:\/\/rangeconverter.com\/free-poker-charts"
    },
    "solver" : {
      "assumptions" : "Frequencies rounded to nearest 25% per source. ChipEV (non-ICM). 1bb (12.5%) big-blind ante. Copied verbatim from 8-max BTN (same effective seat in 9-max)."
    },
    "type" : "published"
  },
  "spot" : {
    "anteType" : "bigBlindAnte",
    "facingAction" : "vsOpen",
    "opponentPosition" : "LJ",
    "position" : "BTN",
    "stackDepthBB" : 50
  }
}