{
  "format" : "NLHE_MTT_9MAX",
  "hands" : {
    "33" : {
      "call" : 0.059799999999999999,
      "shove" : 0.94020000000000004
    },
    "44" : {
      "call" : 0.98999999999999999,
      "shove" : 0.01
    },
    "54s" : {
      "call" : 1
    },
    "55" : {
      "call" : 0.70499999999999996,
      "shove" : 0.29499999999999998
    },
    "65s" : {
      "call" : 1
    },
    "66" : {
      "call" : 0.41489999999999999,
      "shove" : 0.58509999999999995
    },
    "76s" : {
      "call" : 1
    },
    "77" : {
      "call" : 1
    },
    "87s" : {
      "call" : 1
    },
    "88" : {
      "call" : 1
    },
    "97s" : {
      "call" : 0.20979999999999999,
      "fold" : 0.79020000000000001
    },
    "98s" : {
      "call" : 1
    },
    "99" : {
      "call" : 1
    },
    "A2s" : {
      "call" : 0.255,
      "shove" : 0.745
    },
    "A3s" : {
      "call" : 1
    },
    "A4s" : {
      "call" : 0.84999999999999998,
      "shove" : 0.14999999999999999
    },
    "A5o" : {
      "call" : 0.18490000000000001,
      "fold" : 0.81510000000000005
    },
    "A5s" : {
      "call" : 1
    },
    "A6s" : {
      "call" : 1
    },
    "A7o" : {
      "call" : 0.155,
      "fold" : 0.84499999999999997
    },
    "A7s" : {
      "call" : 1
    },
    "A8o" : {
      "call" : 0.58009999999999995,
      "fold" : 0.4199
    },
    "A8s" : {
      "call" : 1
    },
    "A9o" : {
      "call" : 1
    },
    "A9s" : {
      "call" : 1
    },
    "AA" : {
      "call" : 1
    },
    "AJo" : {
      "call" : 0.44500000000000001,
      "shove" : 0.55500000000000005
    },
    "AJs" : {
      "call" : 1
    },
    "AKo" : {
      "shove" : 1
    },
    "AKs" : {
      "shove" : 1
    },
    "AQo" : {
      "shove" : 1
    },
    "AQs" : {
      "call" : 0.36509999999999998,
      "shove" : 0.63490000000000002
    },
    "ATo" : {
      "call" : 0.76500000000000001,
      "shove" : 0.23499999999999999
    },
    "ATs" : {
      "call" : 1
    },
    "J8s" : {
      "call" : 1
    },
    "J9s" : {
      "call" : 1
    },
    "JJ" : {
      "shove" : 1
    },
    "JTs" : {
      "call" : 0.98009999999999997,
      "shove" : 0.019899999999999998
    },
    "K4s" : {
      "call" : 0.43509999999999999,
      "fold" : 0.56489999999999996
    },
    "K5s" : {
      "call" : 1
    },
    "K6s" : {
      "call" : 1
    },
    "K7s" : {
      "call" : 1
    },
    "K8s" : {
      "call" : 1
    },
    "K9s" : {
      "call" : 1
    },
    "KJo" : {
      "call" : 1
    },
    "KJs" : {
      "call" : 1
    },
    "KK" : {
      "call" : 1
    },
    "KQo" : {
      "call" : 0.79510000000000003,
      "shove" : 0.2049
    },
    "KQs" : {
      "shove" : 1
    },
    "KTo" : {
      "call" : 0.90500000000000003,
      "fold" : 0.095000000000000001
    },
    "KTs" : {
      "call" : 1
    },
    "Q6s" : {
      "call" : 0.77500000000000002,
      "fold" : 0.22500000000000001
    },
    "Q7s" : {
      "call" : 0.64510000000000001,
      "fold" : 0.35489999999999999
    },
    "Q8s" : {
      "call" : 1
    },
    "Q9s" : {
      "call" : 1
    },
    "QJo" : {
      "call" : 1
    },
    "QJs" : {
      "call" : 0.23499999999999999,
      "shove" : 0.76500000000000001
    },
    "QQ" : {
      "call" : 0.95509999999999995,
      "shove" : 0.044900000000000002
    },
    "QTo" : {
      "call" : 0.79510000000000003,
      "fold" : 0.2049
    },
    "QTs" : {
      "call" : 1
    },
    "T8s" : {
      "call" : 1
    },
    "T9s" : {
      "call" : 1
    },
    "TT" : {
      "call" : 0.37,
      "shove" : 0.63
    }
  },
  "id" : "mtt_9max_40bb_btn_vs3bet_vs_bb",
  "source" : {
    "description" : "Adapted from RangeConverter 8-max baseline.",
    "publisher" : {
      "accessedDate" : "2026-06-01",
      "name" : "RangeConverter",
      "product" : "Free Poker Charts — 8 max 1bb ante MTT GTO Ranges",
      "treeParams" : "2.5x open, 3.5x 3bet IP, 4.5x 3bet OOP, 2.3x 4bet IP, 2.75x 4bet OOP, SB vs BB 3.2bb",
      "url" : "https:\/\/rangeconverter.com\/free-poker-charts"
    },
    "solver" : {
      "assumptions" : "Frequencies rounded to nearest 25% per source. ChipEV (non-ICM). 1bb (12.5%) big-blind ante. Copied verbatim from 8-max BTN (same effective seat in 9-max)."
    },
    "type" : "published"
  },
  "spot" : {
    "anteType" : "bigBlindAnte",
    "facingAction" : "vs3Bet",
    "opponentPosition" : "BB",
    "position" : "BTN",
    "stackDepthBB" : 40
  }
}