{
  "format" : "NLHE_MTT_8MAX",
  "hands" : {
    "22" : {
      "call" : 1
    },
    "33" : {
      "call" : 1
    },
    "44" : {
      "call" : 1
    },
    "54s" : {
      "call" : 1
    },
    "55" : {
      "call" : 0.87619999999999998,
      "fold" : 0.12379999999999999
    },
    "65s" : {
      "call" : 0.43180000000000002,
      "fold" : 0.56820000000000004
    },
    "66" : {
      "call" : 1
    },
    "76s" : {
      "call" : 0.54600000000000004,
      "fold" : 0.45400000000000001
    },
    "77" : {
      "call" : 1
    },
    "87s" : {
      "call" : 0.49199999999999999,
      "fold" : 0.50800000000000001
    },
    "88" : {
      "call" : 1
    },
    "98s" : {
      "call" : 0.21590000000000001,
      "fold" : 0.78410000000000002
    },
    "99" : {
      "call" : 0.89800000000000002,
      "raise3x" : 0.10199999999999999
    },
    "A3s" : {
      "call" : 0.26390000000000002,
      "fold" : 0.73609999999999998
    },
    "A4s" : {
      "call" : 0.60609999999999997,
      "raise3x" : 0.39389999999999997
    },
    "A5s" : {
      "call" : 0.76400000000000001,
      "raise3x" : 0.23599999999999999
    },
    "A6s" : {
      "call" : 0.74399999999999999,
      "raise3x" : 0.25600000000000001
    },
    "A7s" : {
      "call" : 0.51800000000000002,
      "raise3x" : 0.48199999999999998
    },
    "A8s" : {
      "call" : 0.56200000000000006,
      "raise3x" : 0.438
    },
    "A9s" : {
      "call" : 0.96409999999999996,
      "raise3x" : 0.035900000000000001
    },
    "AA" : {
      "raise3x" : 1
    },
    "AJo" : {
      "call" : 0.29799999999999999,
      "fold" : 0.42599999999999999,
      "raise3x" : 0.27600000000000002
    },
    "AJs" : {
      "call" : 1
    },
    "AKo" : {
      "call" : 0.019900000000000001,
      "raise3x" : 0.98009999999999997
    },
    "AKs" : {
      "raise3x" : 1
    },
    "AQo" : {
      "call" : 0.46400000000000002,
      "raise3x" : 0.53600000000000003
    },
    "AQs" : {
      "call" : 1
    },
    "ATo" : {
      "fold" : 0.8861,
      "raise3x" : 0.1139
    },
    "ATs" : {
      "call" : 1
    },
    "J9s" : {
      "call" : 0.218,
      "fold" : 0.78200000000000003
    },
    "JJ" : {
      "call" : 0.53600000000000003,
      "raise3x" : 0.46400000000000002
    },
    "JTs" : {
      "call" : 0.93410000000000004,
      "raise3x" : 0.0659
    },
    "K6s" : {
      "call" : 0.39600000000000002,
      "fold" : 0.40810000000000002,
      "raise3x" : 0.19589999999999999
    },
    "K8s" : {
      "call" : 0.43590000000000001,
      "fold" : 0.56410000000000005
    },
    "K9s" : {
      "call" : 0.26989999999999997,
      "raise3x" : 0.73009999999999997
    },
    "KJs" : {
      "call" : 1
    },
    "KK" : {
      "raise3x" : 1
    },
    "KQo" : {
      "call" : 0.65600000000000003,
      "fold" : 0.081900000000000001,
      "raise3x" : 0.2621
    },
    "KQs" : {
      "call" : 1
    },
    "KTs" : {
      "call" : 0.77000000000000002,
      "raise3x" : 0.23000000000000001
    },
    "QJs" : {
      "call" : 0.72799999999999998,
      "raise3x" : 0.27200000000000002
    },
    "QQ" : {
      "raise3x" : 1
    },
    "QTs" : {
      "call" : 0.82010000000000005,
      "raise3x" : 0.1799
    },
    "T9s" : {
      "call" : 0.82999999999999996,
      "raise3x" : 0.17000000000000001
    },
    "TT" : {
      "call" : 0.6341,
      "raise3x" : 0.3659
    }
  },
  "id" : "mtt_8max_100bb_hj_vs3bet_vs_btn",
  "source" : {
    "description" : "RangeConverter free PDF — 8-max 100bb 1bb ante (12.5%).",
    "publisher" : {
      "accessedDate" : "2026-06-01",
      "name" : "RangeConverter",
      "product" : "Free Poker Charts — 8 max 1bb ante MTT GTO Ranges",
      "treeParams" : "poker.academy CE-Symmetric Regular @ 100bb (GTO ChipEV, 1bb ante)",
      "url" : "https:\/\/rangeconverter.com\/free-poker-charts"
    },
    "solver" : {
      "assumptions" : "Frequencies rounded to nearest 25% per source. ChipEV (non-ICM). 1bb (12.5%) big-blind ante."
    },
    "type" : "published"
  },
  "spot" : {
    "anteType" : "bigBlindAnte",
    "facingAction" : "vs3Bet",
    "opponentPosition" : "BTN",
    "position" : "HJ",
    "stackDepthBB" : 100
  }
}