{
  "format" : "NLHE_MTT_8MAX",
  "hands" : {
    "44" : {
      "call" : 0.19989999999999999,
      "fold" : 0.80010000000000003
    },
    "55" : {
      "call" : 0.35489999999999999,
      "fold" : 0.64510000000000001
    },
    "66" : {
      "call" : 0.72370000000000001,
      "fold" : 0.27629999999999999
    },
    "77" : {
      "call" : 0.79510000000000003,
      "raise3x" : 0.2049
    },
    "88" : {
      "call" : 0.69499999999999995,
      "raise3x" : 0.30499999999999999
    },
    "99" : {
      "call" : 0.63490000000000002,
      "raise3x" : 0.36509999999999998
    },
    "A5s" : {
      "call" : 0.59009999999999996,
      "fold" : 0.074999999999999997,
      "raise3x" : 0.33489999999999998
    },
    "A8s" : {
      "call" : 0.34489999999999998,
      "raise3x" : 0.65510000000000002
    },
    "A9s" : {
      "call" : 0.49490000000000001,
      "raise3x" : 0.50509999999999999
    },
    "AA" : {
      "call" : 0.18990000000000001,
      "raise3x" : 0.81010000000000004
    },
    "AJo" : {
      "call" : 0.28999999999999998,
      "raise3x" : 0.70999999999999996
    },
    "AJs" : {
      "call" : 1
    },
    "AKo" : {
      "raise3x" : 1
    },
    "AKs" : {
      "call" : 0.22500000000000001,
      "raise3x" : 0.77500000000000002
    },
    "AQo" : {
      "call" : 0.57509999999999994,
      "raise3x" : 0.4249
    },
    "AQs" : {
      "call" : 1
    },
    "ATo" : {
      "fold" : 0.49490000000000001,
      "raise3x" : 0.50509999999999999
    },
    "ATs" : {
      "call" : 1
    },
    "JJ" : {
      "call" : 0.054899999999999997,
      "raise3x" : 0.94510000000000005
    },
    "JTs" : {
      "call" : 0.55000000000000004,
      "raise3x" : 0.45000000000000001
    },
    "K9s" : {
      "call" : 0.095000000000000001,
      "raise3x" : 0.90500000000000003
    },
    "KJs" : {
      "call" : 1
    },
    "KK" : {
      "raise3x" : 1
    },
    "KQo" : {
      "call" : 0.40489999999999998,
      "raise3x" : 0.59509999999999996
    },
    "KQs" : {
      "call" : 1
    },
    "KTs" : {
      "call" : 0.45500000000000002,
      "raise3x" : 0.54500000000000004
    },
    "QJs" : {
      "call" : 0.70499999999999996,
      "raise3x" : 0.29499999999999998
    },
    "QQ" : {
      "call" : 0.029899999999999999,
      "raise3x" : 0.97009999999999996
    },
    "QTs" : {
      "call" : 0.65510000000000002,
      "raise3x" : 0.34489999999999998
    },
    "T9s" : {
      "call" : 0.70999999999999996,
      "raise3x" : 0.28999999999999998
    },
    "TT" : {
      "call" : 0.245,
      "raise3x" : 0.755
    }
  },
  "id" : "mtt_8max_30bb_hj_vsopen_vs_utg1",
  "source" : {
    "description" : "RangeConverter free PDF — 8-max 30bb 1bb ante (12.5%).",
    "publisher" : {
      "accessedDate" : "2026-06-01",
      "name" : "RangeConverter",
      "product" : "Free Poker Charts — 8 max 1bb ante MTT GTO Ranges",
      "treeParams" : "poker.academy CE-Symmetric Regular @ 30bb (GTO ChipEV, 1bb ante)",
      "url" : "https:\/\/rangeconverter.com\/free-poker-charts"
    },
    "solver" : {
      "assumptions" : "Frequencies rounded to nearest 25% per source. ChipEV (non-ICM). 1bb (12.5%) big-blind ante."
    },
    "type" : "published"
  },
  "spot" : {
    "anteType" : "bigBlindAnte",
    "facingAction" : "vsOpen",
    "opponentPosition" : "UTG1",
    "position" : "HJ",
    "stackDepthBB" : 30
  }
}