{
  "format" : "NLHE_MTT_8MAX",
  "hands" : {
    "22" : {
      "call" : 0.28999999999999998,
      "fold" : 0.70999999999999996
    },
    "33" : {
      "call" : 0.16,
      "fold" : 0.83999999999999997
    },
    "44" : {
      "call" : 0.22500000000000001,
      "fold" : 0.77500000000000002
    },
    "54s" : {
      "call" : 0.32840000000000003,
      "fold" : 0.58709999999999996,
      "raise3x" : 0.084500000000000006
    },
    "55" : {
      "call" : 0.30499999999999999,
      "fold" : 0.69499999999999995
    },
    "65s" : {
      "call" : 0.1593,
      "fold" : 0.70650000000000002,
      "raise3x" : 0.13420000000000001
    },
    "66" : {
      "call" : 0.59209999999999996,
      "fold" : 0.22389999999999999,
      "raise3x" : 0.184
    },
    "76s" : {
      "call" : 0.17580000000000001,
      "fold" : 0.7288,
      "raise3x" : 0.095399999999999999
    },
    "77" : {
      "call" : 0.60999999999999999,
      "raise3x" : 0.39000000000000001
    },
    "87s" : {
      "call" : 0.064799999999999996,
      "fold" : 0.85019999999999996,
      "raise3x" : 0.085000000000000006
    },
    "88" : {
      "call" : 0.56489999999999996,
      "raise3x" : 0.43509999999999999
    },
    "98s" : {
      "call" : 0.029899999999999999,
      "fold" : 0.97009999999999996
    },
    "99" : {
      "call" : 0.55000000000000004,
      "raise3x" : 0.45000000000000001
    },
    "A4s" : {
      "call" : 0.46999999999999997,
      "raise3x" : 0.53000000000000003
    },
    "A5s" : {
      "call" : 0.33489999999999998,
      "raise3x" : 0.66510000000000002
    },
    "A6s" : {
      "fold" : 0.76500000000000001,
      "raise3x" : 0.23499999999999999
    },
    "A7s" : {
      "fold" : 0.83499999999999996,
      "raise3x" : 0.16500000000000001
    },
    "A8s" : {
      "call" : 0.40489999999999998,
      "raise3x" : 0.59509999999999996
    },
    "A9s" : {
      "call" : 0.32500000000000001,
      "raise3x" : 0.67500000000000004
    },
    "AA" : {
      "raise3x" : 1
    },
    "AJo" : {
      "fold" : 0.74009999999999998,
      "raise3x" : 0.25990000000000002
    },
    "AJs" : {
      "call" : 0.73509999999999998,
      "raise3x" : 0.26490000000000002
    },
    "AKo" : {
      "call" : 0.28489999999999999,
      "raise3x" : 0.71509999999999996
    },
    "AKs" : {
      "raise3x" : 1
    },
    "AQo" : {
      "call" : 0.40000000000000002,
      "raise3x" : 0.59999999999999998
    },
    "AQs" : {
      "call" : 0.25490000000000002,
      "raise3x" : 0.74509999999999998
    },
    "ATs" : {
      "call" : 0.25990000000000002,
      "raise3x" : 0.74009999999999998
    },
    "JJ" : {
      "call" : 0.4849,
      "raise3x" : 0.5151
    },
    "JTs" : {
      "call" : 0.63990000000000002,
      "raise3x" : 0.36009999999999998
    },
    "K9s" : {
      "call" : 0.18490000000000001,
      "raise3x" : 0.81510000000000005
    },
    "KJs" : {
      "call" : 0.22500000000000001,
      "raise3x" : 0.77500000000000002
    },
    "KK" : {
      "raise3x" : 1
    },
    "KQo" : {
      "call" : 0.0349,
      "fold" : 0.52500000000000002,
      "raise3x" : 0.44009999999999999
    },
    "KQs" : {
      "call" : 0.74509999999999998,
      "raise3x" : 0.25490000000000002
    },
    "KTs" : {
      "call" : 0.4249,
      "raise3x" : 0.57509999999999994
    },
    "QJs" : {
      "call" : 0.26490000000000002,
      "raise3x" : 0.73509999999999998
    },
    "QQ" : {
      "call" : 0.11990000000000001,
      "raise3x" : 0.88009999999999999
    },
    "QTs" : {
      "call" : 0.59509999999999996,
      "raise3x" : 0.40489999999999998
    },
    "T9s" : {
      "call" : 0.47499999999999998,
      "raise3x" : 0.52500000000000002
    },
    "TT" : {
      "call" : 0.43009999999999998,
      "raise3x" : 0.56989999999999996
    }
  },
  "id" : "mtt_8max_80bb_hj_vsopen_vs_utg1",
  "source" : {
    "description" : "RangeConverter free PDF — 8-max 80bb 1bb ante (12.5%).",
    "publisher" : {
      "accessedDate" : "2026-06-01",
      "name" : "RangeConverter",
      "product" : "Free Poker Charts — 8 max 1bb ante MTT GTO Ranges",
      "treeParams" : "poker.academy CE-Symmetric Regular @ 80bb (GTO ChipEV, 1bb ante)",
      "url" : "https:\/\/rangeconverter.com\/free-poker-charts"
    },
    "solver" : {
      "assumptions" : "Frequencies rounded to nearest 25% per source. ChipEV (non-ICM). 1bb (12.5%) big-blind ante."
    },
    "type" : "published"
  },
  "spot" : {
    "anteType" : "bigBlindAnte",
    "facingAction" : "vsOpen",
    "opponentPosition" : "UTG1",
    "position" : "HJ",
    "stackDepthBB" : 80
  }
}