{
  "format" : "NLHE_MTT_9MAX",
  "hands" : {
    "44" : {
      "call" : 0.62,
      "shove" : 0.38
    },
    "54s" : {
      "call" : 1
    },
    "55" : {
      "call" : 0.69499999999999995,
      "shove" : 0.30499999999999999
    },
    "65s" : {
      "call" : 1
    },
    "66" : {
      "call" : 1
    },
    "76s" : {
      "call" : 1
    },
    "77" : {
      "call" : 0.83499999999999996,
      "shove" : 0.16500000000000001
    },
    "86s" : {
      "call" : 0.47499999999999998,
      "fold" : 0.52500000000000002
    },
    "87s" : {
      "call" : 1
    },
    "88" : {
      "call" : 0.53500000000000003,
      "shove" : 0.46500000000000002
    },
    "98s" : {
      "call" : 0.58009999999999995,
      "fold" : 0.4199
    },
    "99" : {
      "call" : 0.19489999999999999,
      "shove" : 0.80510000000000004
    },
    "A2s" : {
      "call" : 0.32000000000000001,
      "shove" : 0.68000000000000005
    },
    "A3s" : {
      "call" : 0.17000000000000001,
      "shove" : 0.82999999999999996
    },
    "A4s" : {
      "call" : 0.11990000000000001,
      "shove" : 0.88009999999999999
    },
    "A5s" : {
      "call" : 0.40989999999999999,
      "shove" : 0.59009999999999996
    },
    "A6s" : {
      "call" : 1
    },
    "A7s" : {
      "call" : 1
    },
    "A8s" : {
      "call" : 1
    },
    "A9s" : {
      "call" : 1
    },
    "AA" : {
      "call" : 0.79020000000000001,
      "shove" : 0.20979999999999999
    },
    "AJo" : {
      "call" : 1
    },
    "AJs" : {
      "call" : 1
    },
    "AKo" : {
      "shove" : 1
    },
    "AKs" : {
      "shove" : 1
    },
    "AQo" : {
      "call" : 0.33489999999999998,
      "shove" : 0.66510000000000002
    },
    "AQs" : {
      "call" : 1
    },
    "ATo" : {
      "call" : 0.16500000000000001,
      "fold" : 0.83499999999999996
    },
    "ATs" : {
      "call" : 1
    },
    "J9s" : {
      "call" : 1
    },
    "JJ" : {
      "shove" : 1
    },
    "JTs" : {
      "call" : 1
    },
    "K5s" : {
      "call" : 0.32000000000000001,
      "fold" : 0.68000000000000005
    },
    "K6s" : {
      "call" : 0.81510000000000005,
      "fold" : 0.18490000000000001
    },
    "K8s" : {
      "call" : 0.94020000000000004,
      "fold" : 0.059799999999999999
    },
    "K9s" : {
      "call" : 1
    },
    "KJo" : {
      "call" : 0.32500000000000001,
      "fold" : 0.67500000000000004
    },
    "KJs" : {
      "call" : 0.52500000000000002,
      "shove" : 0.47499999999999998
    },
    "KK" : {
      "shove" : 1
    },
    "KQo" : {
      "call" : 1
    },
    "KQs" : {
      "call" : 0.81510000000000005,
      "shove" : 0.18490000000000001
    },
    "KTs" : {
      "call" : 1
    },
    "Q8s" : {
      "call" : 0.45500000000000002,
      "fold" : 0.54500000000000004
    },
    "Q9s" : {
      "call" : 1
    },
    "QJs" : {
      "call" : 0.63990000000000002,
      "shove" : 0.36009999999999998
    },
    "QQ" : {
      "shove" : 1
    },
    "QTs" : {
      "call" : 1
    },
    "T8s" : {
      "call" : 1
    },
    "T9s" : {
      "call" : 1
    },
    "TT" : {
      "shove" : 1
    }
  },
  "id" : "mtt_9max_40bb_hj_vs3bet_vs_btn",
  "source" : {
    "description" : "Adapted from RangeConverter 8-max baseline.",
    "publisher" : {
      "accessedDate" : "2026-06-01",
      "name" : "RangeConverter",
      "product" : "Free Poker Charts — 8 max 1bb ante MTT GTO Ranges",
      "treeParams" : "2.5x open, 3.5x 3bet IP, 4.5x 3bet OOP, 2.3x 4bet IP, 2.75x 4bet OOP, SB vs BB 3.2bb",
      "url" : "https:\/\/rangeconverter.com\/free-poker-charts"
    },
    "solver" : {
      "assumptions" : "Frequencies rounded to nearest 25% per source. ChipEV (non-ICM). 1bb (12.5%) big-blind ante. Copied verbatim from 8-max HJ (same effective seat in 9-max)."
    },
    "type" : "published"
  },
  "spot" : {
    "anteType" : "bigBlindAnte",
    "facingAction" : "vs3Bet",
    "opponentPosition" : "BTN",
    "position" : "HJ",
    "stackDepthBB" : 40
  }
}