{
  "format" : "NLHE_MTT_9MAX",
  "hands" : {
    "22" : {
      "call" : 0.99839999999999995,
      "fold" : 0.0015
    },
    "32s" : {
      "call" : 0.66569999999999996,
      "fold" : 0.23480000000000001,
      "shove" : 0.099499999999999991
    },
    "33" : {
      "call" : 0.43459999999999999,
      "fold" : 0.013300000000000001,
      "raise25x" : 0.13830000000000001,
      "shove" : 0.4138
    },
    "42s" : {
      "call" : 0.70830000000000004,
      "fold" : 0.13789999999999999,
      "shove" : 0.1535
    },
    "43s" : {
      "call" : 0.29559999999999997,
      "fold" : 0.22969999999999999,
      "raise25x" : 0.0112,
      "shove" : 0.46350000000000002
    },
    "44" : {
      "call" : 0.79320000000000002,
      "fold" : 0.010200000000000001,
      "raise25x" : 0.19470000000000001,
      "shove" : 0.0019
    },
    "52s" : {
      "call" : 0.86680000000000001,
      "fold" : 0.13120000000000001,
      "shove" : 0.0021000000000000003
    },
    "55" : {
      "call" : 0.98850000000000005,
      "fold" : 0.0091999999999999998,
      "raise25x" : 0.0016999999999999997
    },
    "65s" : {
      "call" : 0.91290000000000004,
      "fold" : 0.072999999999999995,
      "shove" : 0.0138
    },
    "66" : {
      "call" : 0.98909999999999998,
      "fold" : 0.0094999999999999998,
      "shove" : 0.0013000000000000002
    },
    "74s" : {
      "call" : 0.46910000000000002,
      "fold" : 0.19400000000000001,
      "shove" : 0.33639999999999998
    },
    "76s" : {
      "call" : 0.9425,
      "fold" : 0.0562,
      "shove" : 0.0011000000000000001
    },
    "77" : {
      "call" : 0.996,
      "fold" : 0.0033999999999999994
    },
    "88" : {
      "call" : 0.98629999999999995,
      "fold" : 0.0084999999999999989,
      "raise25x" : 0.0028999999999999998,
      "shove" : 0.0022000000000000001
    },
    "93s" : {
      "call" : 0.69359999999999999,
      "fold" : 0.16439999999999999,
      "shove" : 0.14130000000000001
    },
    "95s" : {
      "call" : 0.87929999999999997,
      "fold" : 0.1205
    },
    "96s" : {
      "call" : 0.90810000000000002,
      "fold" : 0.091499999999999998
    },
    "97s" : {
      "call" : 0.98340000000000005,
      "fold" : 0.0155
    },
    "98o" : {
      "call" : 0.99150000000000005,
      "fold" : 0.0083000000000000001
    },
    "98s" : {
      "call" : 0.81359999999999999,
      "fold" : 0.18629999999999999
    },
    "99" : {
      "call" : 0.73019999999999996,
      "fold" : 0.0057000000000000011,
      "shove" : 0.26379999999999998
    },
    "A2o" : {
      "call" : 0.99680000000000002,
      "fold" : 0.0030999999999999999
    },
    "A2s" : {
      "call" : 0.76380000000000003,
      "fold" : 0.045700000000000005,
      "shove" : 0.1905
    },
    "A3o" : {
      "call" : 0.99829999999999997,
      "fold" : 0.0015
    },
    "A3s" : {
      "call" : 0.87329999999999997,
      "fold" : 0.0138,
      "raise25x" : 0.090900000000000009,
      "shove" : 0.021899999999999999
    },
    "A4o" : {
      "call" : 0.99970000000000003
    },
    "A4s" : {
      "call" : 0.69879999999999998,
      "fold" : 0.0269,
      "raise25x" : 0.018499999999999999,
      "shove" : 0.25580000000000003
    },
    "A5o" : {
      "call" : 0.99770000000000003,
      "fold" : 0.0022000000000000001
    },
    "A5s" : {
      "call" : 0.99570000000000003,
      "fold" : 0.0033999999999999994
    },
    "A6o" : {
      "call" : 0.99860000000000004
    },
    "A6s" : {
      "call" : 0.95699999999999996,
      "fold" : 0.0028999999999999998,
      "shove" : 0.040099999999999997
    },
    "A7o" : {
      "call" : 0.99919999999999998
    },
    "A7s" : {
      "call" : 0.59809999999999997,
      "fold" : 0.031,
      "shove" : 0.36990000000000001
    },
    "A8o" : {
      "call" : 0.99629999999999996,
      "fold" : 0.0030000000000000001
    },
    "A8s" : {
      "call" : 0.87070000000000003,
      "fold" : 0.049299999999999997,
      "raise25x" : 0.0016999999999999997,
      "shove" : 0.078200000000000006
    },
    "A9o" : {
      "call" : 0.99399999999999999,
      "shove" : 0.0047000000000000002
    },
    "A9s" : {
      "call" : 0.99850000000000005,
      "fold" : 0.0011000000000000001
    },
    "AA" : {
      "raise25x" : 0.23039999999999999,
      "shove" : 0.76959999999999995
    },
    "AJo" : {
      "call" : 0.99750000000000005,
      "raise25x" : 0.0015
    },
    "AJs" : {
      "call" : 0.98640000000000005,
      "fold" : 0.0055999999999999991,
      "shove" : 0.0076
    },
    "AKo" : {
      "call" : 0.59909999999999997,
      "raise25x" : 0.39300000000000002,
      "shove" : 0.0079000000000000008
    },
    "AKs" : {
      "call" : 0.53690000000000004,
      "raise25x" : 0.46039999999999998,
      "shove" : 0.0026000000000000003
    },
    "AQo" : {
      "call" : 0.99139999999999995,
      "raise25x" : 0.0083000000000000001
    },
    "AQs" : {
      "call" : 0.78080000000000005,
      "fold" : 0.0070999999999999995,
      "raise25x" : 0.0057000000000000011,
      "shove" : 0.20630000000000001
    },
    "ATo" : {
      "call" : 0.99860000000000004
    },
    "ATs" : {
      "call" : 0.56540000000000001,
      "fold" : 0.0089999999999999993,
      "shove" : 0.42530000000000001
    },
    "J2s" : {
      "call" : 0.77810000000000001,
      "fold" : 0.21790000000000001,
      "raise25x" : 0.0019,
      "shove" : 0.0021000000000000003
    },
    "J5s" : {
      "call" : 0.98409999999999997,
      "fold" : 0.0123,
      "raise25x" : 0.0035999999999999999
    },
    "J7s" : {
      "call" : 0.95450000000000002,
      "fold" : 0.043200000000000002,
      "shove" : 0.0014
    },
    "J8s" : {
      "call" : 0.95379999999999998,
      "fold" : 0.044000000000000004,
      "shove" : 0.0015
    },
    "J9o" : {
      "call" : 0.99780000000000002,
      "fold" : 0.0021000000000000003
    },
    "J9s" : {
      "call" : 0.99839999999999995,
      "fold" : 0.0015
    },
    "JJ" : {
      "call" : 0.69910000000000005,
      "raise25x" : 0.29909999999999998,
      "shove" : 0.0016999999999999997
    },
    "JTo" : {
      "call" : 0.99460000000000004,
      "fold" : 0.0042000000000000006
    },
    "JTs" : {
      "call" : 0.99570000000000003,
      "fold" : 0.0042000000000000006
    },
    "K2s" : {
      "call" : 0.88449999999999995,
      "fold" : 0.072399999999999992,
      "shove" : 0.043100000000000006
    },
    "K3o" : {
      "call" : 0.999
    },
    "K3s" : {
      "call" : 0.94699999999999995,
      "fold" : 0.048000000000000001,
      "raise25x" : 0.0040999999999999995
    },
    "K4s" : {
      "call" : 0.96660000000000001,
      "fold" : 0.023100000000000002,
      "shove" : 0.010200000000000001
    },
    "K5o" : {
      "call" : 0.9919,
      "fold" : 0.0067000000000000002,
      "shove" : 0.0014
    },
    "K5s" : {
      "call" : 0.97030000000000005,
      "fold" : 0.022000000000000002,
      "shove" : 0.0077000000000000002
    },
    "K6o" : {
      "call" : 0.99819999999999998,
      "fold" : 0.0016000000000000001
    },
    "K6s" : {
      "call" : 0.88770000000000004,
      "fold" : 0.060299999999999999,
      "raise25x" : 0.0516
    },
    "K7o" : {
      "call" : 0.92900000000000005,
      "fold" : 0.070900000000000019
    },
    "K7s" : {
      "call" : 0.99690000000000001,
      "fold" : 0.0030000000000000001
    },
    "K8o" : {
      "call" : 0.98699999999999999,
      "fold" : 0.0129
    },
    "K8s" : {
      "call" : 0.85140000000000005,
      "fold" : 0.015900000000000001,
      "raise25x" : 0.12820000000000001,
      "shove" : 0.0044999999999999997
    },
    "K9o" : {
      "call" : 0.99150000000000005,
      "fold" : 0.0077000000000000002
    },
    "K9s" : {
      "call" : 0.96179999999999999,
      "fold" : 0.0344,
      "raise25x" : 0.0036999999999999997
    },
    "KJo" : {
      "call" : 0.98699999999999999,
      "fold" : 0.011899999999999999
    },
    "KJs" : {
      "call" : 0.97629999999999995,
      "fold" : 0.010500000000000001,
      "raise25x" : 0.0040000000000000001,