{
  "format" : "NLHE_MTT_9MAX",
  "hands" : {
    "22" : {
      "call" : 0.19489999999999999,
      "fold" : 0.80510000000000004
    },
    "33" : {
      "call" : 0.1348,
      "fold" : 0.86519999999999997
    },
    "44" : {
      "call" : 0.19989999999999999,
      "fold" : 0.80010000000000003
    },
    "54s" : {
      "call" : 0.18990000000000001,
      "fold" : 0.81010000000000004
    },
    "55" : {
      "call" : 0.27989999999999998,
      "fold" : 0.72009999999999996
    },
    "65s" : {
      "call" : 0.094500000000000001,
      "fold" : 0.7167,
      "raise25x" : 0.1888
    },
    "66" : {
      "call" : 0.47010000000000002,
      "fold" : 0.26000000000000001,
      "raise25x" : 0.26989999999999997
    },
    "76s" : {
      "call" : 0.11990000000000001,
      "fold" : 0.74519999999999997,
      "raise25x" : 0.13489999999999999
    },
    "77" : {
      "call" : 0.52500000000000002,
      "raise25x" : 0.47499999999999998
    },
    "87s" : {
      "call" : 0.024899999999999999,
      "fold" : 0.95020000000000004,
      "raise25x" : 0.024899999999999999
    },
    "88" : {
      "call" : 0.43509999999999999,
      "raise25x" : 0.56489999999999996
    },
    "98s" : {
      "call" : 0.084999999999999992,
      "fold" : 0.91500000000000004
    },
    "99" : {
      "call" : 0.39500000000000002,
      "raise25x" : 0.60499999999999998
    },
    "A4s" : {
      "call" : 0.4229,
      "fold" : 0.12920000000000001,
      "raise25x" : 0.44790000000000002
    },
    "A5s" : {
      "call" : 0.28489999999999999,
      "raise25x" : 0.71509999999999996
    },
    "A6s" : {
      "fold" : 0.755,
      "raise25x" : 0.245
    },
    "A7s" : {
      "call" : 0.095000000000000001,
      "fold" : 0.32500000000000001,
      "raise25x" : 0.57999999999999996
    },
    "A8s" : {
      "call" : 0.32990000000000003,
      "raise25x" : 0.67010000000000003
    },
    "A9s" : {
      "call" : 0.16,
      "raise25x" : 0.83999999999999997
    },
    "AA" : {
      "raise25x" : 1
    },
    "AJo" : {
      "call" : 0.049599999999999998,
      "fold" : 0.45279999999999998,
      "raise25x" : 0.49759999999999999
    },
    "AJs" : {
      "call" : 0.59999999999999998,
      "raise25x" : 0.40000000000000002
    },
    "AKo" : {
      "call" : 0.1749,
      "raise25x" : 0.82509999999999994
    },
    "AKs" : {
      "raise25x" : 1
    },
    "AQo" : {
      "call" : 0.315,
      "raise25x" : 0.68500000000000005
    },
    "AQs" : {
      "call" : 0.1348,
      "raise25x" : 0.86519999999999997
    },
    "ATs" : {
      "call" : 0.315,
      "raise25x" : 0.68500000000000005
    },
    "J9s" : {
      "fold" : 0.98499999999999999,
      "raise25x" : 0.014999999999999999
    },
    "JJ" : {
      "call" : 0.37,
      "raise25x" : 0.63
    },
    "JTs" : {
      "call" : 0.43509999999999999,
      "raise25x" : 0.56489999999999996
    },
    "K9s" : {
      "call" : 0.084999999999999992,
      "raise25x" : 0.91500000000000004
    },
    "KJs" : {
      "call" : 0.24990000000000001,
      "raise25x" : 0.75009999999999999
    },
    "KK" : {
      "raise25x" : 1
    },
    "KQo" : {
      "call" : 0.10000000000000001,
      "fold" : 0.27489999999999998,
      "raise25x" : 0.62509999999999999
    },
    "KQs" : {
      "call" : 0.625,
      "raise25x" : 0.375
    },
    "KTs" : {
      "call" : 0.27989999999999998,
      "raise25x" : 0.72009999999999996
    },
    "QJs" : {
      "call" : 0.1749,
      "raise25x" : 0.82509999999999994
    },
    "QQ" : {
      "raise25x" : 1
    },
    "QTs" : {
      "call" : 0.57509999999999994,
      "raise25x" : 0.4249
    },
    "T9s" : {
      "call" : 0.32000000000000001,
      "raise25x" : 0.68000000000000005
    },
    "TT" : {
      "call" : 0.33989999999999998,
      "raise25x" : 0.66010000000000002
    }
  },
  "id" : "mtt_9max_80bb_hj_vsopen",
  "source" : {
    "description" : "Adapted from RangeConverter 8-max baseline.",
    "publisher" : {
      "accessedDate" : "2026-06-01",
      "name" : "RangeConverter",
      "product" : "Free Poker Charts — 8 max 1bb ante MTT GTO Ranges",
      "treeParams" : "2.5x open, 3.5x 3bet IP, 4.5x 3bet OOP, 2.3x 4bet IP, 2.75x 4bet OOP, SB vs BB 3.2bb",
      "url" : "https:\/\/rangeconverter.com\/free-poker-charts"
    },
    "solver" : {
      "assumptions" : "Frequencies rounded to nearest 25% per source. ChipEV (non-ICM). 1bb (12.5%) big-blind ante. Copied verbatim from 8-max HJ (same effective seat in 9-max)."
    },
    "type" : "published"
  },
  "spot" : {
    "anteType" : "bigBlindAnte",
    "facingAction" : "vsOpen",
    "position" : "HJ",
    "stackDepthBB" : 80
  }
}