{
  "format" : "NLHE_MTT_8MAX",
  "hands" : {
    "44" : {
      "call" : 0.38590000000000002,
      "fold" : 0.1452,
      "shove" : 0.46889999999999998
    },
    "55" : {
      "call" : 0.8075,
      "fold" : 0.019099999999999999,
      "shove" : 0.1734
    },
    "66" : {
      "call" : 0.86180000000000001,
      "fold" : 0.021999999999999999,
      "shove" : 0.1162
    },
    "76s" : {
      "call" : 0.4002,
      "fold" : 0.2447,
      "shove" : 0.35510000000000003
    },
    "77" : {
      "call" : 0.93689999999999996,
      "fold" : 0.0035999999999999999,
      "shove" : 0.059499999999999997
    },
    "88" : {
      "call" : 0.99839999999999995
    },
    "96s" : {
      "call" : 0.82050000000000001,
      "fold" : 0.115,
      "shove" : 0.064500000000000002
    },
    "97s" : {
      "call" : 0.32069999999999999,
      "fold" : 0.67090000000000005,
      "shove" : 0.0083999999999999995
    },
    "98s" : {
      "call" : 0.75870000000000004,
      "fold" : 0.23630000000000001,
      "shove" : 0.0048999999999999998
    },
    "99" : {
      "call" : 0.98119999999999996,
      "fold" : 0.0022000000000000001,
      "shove" : 0.0167
    },
    "A2s" : {
      "call" : 0.79120000000000001,
      "fold" : 0.20619999999999999,
      "shove" : 0.0025999999999999999
    },
    "A3o" : {
      "call" : 0.96679999999999999,
      "fold" : 0.030200000000000001,
      "shove" : 0.0030000000000000001
    },
    "A3s" : {
      "call" : 0.93310000000000004,
      "fold" : 0.066100000000000006
    },
    "A4s" : {
      "call" : 0.84260000000000002,
      "fold" : 0.1416,
      "shove" : 0.015800000000000002
    },
    "A5o" : {
      "call" : 0.97370000000000001,
      "fold" : 0.019900000000000001,
      "shove" : 0.0063
    },
    "A5s" : {
      "call" : 0.55320000000000003,
      "fold" : 0.24179999999999999,
      "shove" : 0.20499999999999999
    },
    "A6o" : {
      "call" : 0.98899999999999999,
      "fold" : 0.0106
    },
    "A6s" : {
      "call" : 0.94510000000000005,
      "fold" : 0.032199999999999999,
      "shove" : 0.022700000000000001
    },
    "A7o" : {
      "call" : 0.83709999999999996,
      "fold" : 0.12280000000000001,
      "shove" : 0.040099999999999997
    },
    "A7s" : {
      "call" : 0.93710000000000004,
      "fold" : 0.053400000000000003,
      "shove" : 0.0094999999999999998
    },
    "A8o" : {
      "call" : 0.98939999999999995,
      "fold" : 0.0094000000000000004,
      "shove" : 0.0011999999999999999
    },
    "A8s" : {
      "call" : 0.66339999999999999,
      "fold" : 0.11459999999999999,
      "shove" : 0.222
    },
    "A9o" : {
      "call" : 0.9929,
      "fold" : 0.0055999999999999999,
      "shove" : 0.0015
    },
    "A9s" : {
      "call" : 0.69889999999999997,
      "fold" : 0.0083999999999999995,
      "shove" : 0.29270000000000002
    },
    "AA" : {
      "shove" : 1
    },
    "AJo" : {
      "call" : 0.99870000000000003
    },
    "AJs" : {
      "call" : 0.77569999999999995,
      "fold" : 0.0061000000000000004,
      "shove" : 0.21829999999999999
    },
    "AKo" : {
      "call" : 0.35470000000000002,
      "shove" : 0.64529999999999998
    },
    "AKs" : {
      "call" : 0.68999999999999995,
      "fold" : 0.0016000000000000001,
      "shove" : 0.30840000000000001
    },
    "AQo" : {
      "call" : 0.94710000000000005,
      "shove" : 0.052900000000000003
    },
    "AQs" : {
      "call" : 0.95550000000000002,
      "fold" : 0.015699999999999999,
      "shove" : 0.028799999999999999
    },
    "ATo" : {
      "call" : 0.99650000000000005,
      "fold" : 0.0028999999999999998
    },
    "ATs" : {
      "call" : 0.87680000000000002,
      "fold" : 0.018700000000000001,
      "shove" : 0.1046
    },
    "J5s" : {
      "call" : 0.86429999999999996,
      "fold" : 0.13189999999999999,
      "shove" : 0.0038
    },
    "J6s" : {
      "call" : 0.40060000000000001,
      "fold" : 0.58730000000000004,
      "shove" : 0.0121
    },
    "J7s" : {
      "call" : 0.94350000000000001,
      "fold" : 0.026499999999999999,
      "shove" : 0.029899999999999999
    },
    "J8s" : {
      "call" : 0.61080000000000001,
      "fold" : 0.38600000000000001,
      "shove" : 0.0032000000000000002
    },
    "J9s" : {
      "call" : 0.5353,
      "fold" : 0.42380000000000001,
      "shove" : 0.040899999999999999
    },
    "JJ" : {
      "call" : 0.92149999999999999,
      "shove" : 0.078399999999999997
    },
    "JTs" : {
      "call" : 0.83250000000000002,
      "fold" : 0.023099999999999999,
      "shove" : 0.1444
    },
    "K2s" : {
      "call" : 0.98829999999999996,
      "shove" : 0.0109
    },
    "K3o" : {
      "call" : 0.62039999999999995,
      "fold" : 0.37769999999999998,
      "shove" : 0.0019
    },
    "K5s" : {
      "call" : 0.65129999999999999,
      "fold" : 0.22090000000000001,
      "shove" : 0.12790000000000001
    },
    "K6s" : {
      "call" : 0.3468,
      "fold" : 0.65100000000000002,
      "shove" : 0.0022000000000000001
    },
    "K7s" : {
      "call" : 0.98699999999999999,
      "fold" : 0.0117,
      "shove" : 0.0012999999999999999
    },
    "K8o" : {
      "call" : 0.34079999999999999,
      "fold" : 0.65890000000000004
    },
    "K8s" : {
      "call" : 0.36730000000000002,
      "fold" : 0.63219999999999998
    },
    "K9o" : {
      "call" : 0.95899999999999996,
      "fold" : 0.039199999999999999,
      "shove" : 0.0018
    },
    "K9s" : {
      "call" : 0.50970000000000004,
      "fold" : 0.16830000000000001,
      "shove" : 0.3221
    },
    "KJo" : {
      "call" : 0.99670000000000003,
      "fold" : 0.0032000000000000002
    },
    "KJs" : {
      "call" : 0.81689999999999996,
      "fold" : 0.030200000000000001,
      "shove" : 0.15290000000000001
    },
    "KK" : {
      "shove" : 0.99950000000000006
    },
    "KQo" : {
      "call" : 0.99719999999999998,
      "fold" : 0.0016999999999999999,
      "shove" : 0.0011000000000000001
    },
    "KQs" : {
      "call" : 0.9274,
      "fold" : 0.0117,
      "shove" : 0.060900000000000003
    },
    "KTo" : {
      "call" : 0.96109999999999995,
      "fold" : 0.038199999999999998
    },
    "KTs" : {
      "call" : 0.64870000000000005,
      "fold" : 0.0061000000000000004,
      "shove" : 0.34520000000000001
    },
    "Q3s" : {
      "call" : 0.71160000000000001,
      "fold" : 0.28770000000000001
    },
    "Q5s" : {
      "call" : 0.59999999999999998,
      "fold" : 0.39960000000000001
    },
    "Q6s" : {
      "call" : 0.25290000000000001,
      "fold" : 0.73199999999999998,
      "shove" : 0.015100000000000001
    },
    "Q7s" : {
      "call" : 0.36580000000000001,
      "fold" : 0.5917,
      "shove" : 0.042599999999999999
    },
    "Q8s" : {
      "call" : 0.91949999999999998,
      "fold" : 0.076899999999999996,
      "shove" : 0.0035999999999999999
    },
    "Q9o" : {
      "call" : 0.90559999999999996,
      "fold" : 0.094200000000000006
    },
    "Q9s" : {
      "call" : 0.75260000000000005,
      "fold" : 0.22789999999999999,
      "shove" : 0.0195
    },
    "QJo" : {
      "call" : 0.96960000000000002,
      "fold" : 0.030099999999999998
    },
    "QJs" : {
      "call" : 0.96109999999999995,
      "fold" : 0.0123,
      "shove" : 0.026599999999999999
    },
    "QQ" : {
      "call" : 0.56710000000000005,
      "shove" : 0.43219999999999997
    },
    "QTo" : {
      "call" : 0.99109999999999998,
      "fold" : 0.0088999999999999999
    },
    "QTs" : {
      "call" : 0.68000000000000005,
      "fold" : 0.2346,
      "shove" : 0.085400000000000004
    },
    "T2s" : {
      "call" : 0.57179999999999997,
      "fold" : 0.30099999999999999,
      "shove" : 0.12720000000000001
    },
    "T7s" : {
      "call" : 0.76929999999999998,
      "fold" : 0.21060000000000001,
      "shove" : 0.0201
    },
    "T8s" : {
      "call" : 0.5978,
      "fold" : 0.31640000000000001,
      "shove" : 0.085900000000000004
    },
    "T9o" : {
      "call" : 0.40029999999999999,
      "fold" : 0.5988
    },