{
  "format" : "NLHE_MTT_9MAX",
  "hands" : {
    "44" : {
      "call" : 0.14510000000000001,
      "fold" : 0.85489999999999999
    },
    "55" : {
      "call" : 1
    },
    "66" : {
      "call" : 1
    },
    "76s" : {
      "call" : 0.72009999999999996,
      "fold" : 0.27989999999999998
    },
    "77" : {
      "call" : 1
    },
    "87s" : {
      "call" : 0.054900000000000004,
      "fold" : 0.94510000000000005
    },
    "88" : {
      "call" : 1
    },
    "99" : {
      "call" : 1
    },
    "A3s" : {
      "call" : 0.16,
      "fold" : 0.83999999999999997
    },
    "A4s" : {
      "call" : 1
    },
    "A5s" : {
      "call" : 1
    },
    "A6s" : {
      "call" : 0.215,
      "fold" : 0.78500000000000003
    },
    "A7s" : {
      "call" : 0.70999999999999996,
      "fold" : 0.28999999999999998
    },
    "A8s" : {
      "call" : 1
    },
    "A9s" : {
      "call" : 1
    },
    "AA" : {
      "call" : 1
    },
    "AJo" : {
      "call" : 1
    },
    "AJs" : {
      "call" : 1
    },
    "AKo" : {
      "shove" : 1
    },
    "AKs" : {
      "shove" : 1
    },
    "AQo" : {
      "call" : 0.67500000000000004,
      "shove" : 0.32500000000000001
    },
    "AQs" : {
      "call" : 1
    },
    "ATo" : {
      "call" : 0.47999999999999998,
      "fold" : 0.52000000000000002
    },
    "ATs" : {
      "call" : 1
    },
    "J9s" : {
      "call" : 0.46500000000000002,
      "fold" : 0.53500000000000003
    },
    "JJ" : {
      "call" : 0.63490000000000002,
      "shove" : 0.36509999999999998
    },
    "JTs" : {
      "call" : 1
    },
    "K6s" : {
      "call" : 0.5101,
      "fold" : 0.4899
    },
    "K8s" : {
      "call" : 0.28999999999999998,
      "fold" : 0.70999999999999996
    },
    "K9s" : {
      "call" : 1
    },
    "KJo" : {
      "call" : 0.67500000000000004,
      "fold" : 0.32500000000000001
    },
    "KJs" : {
      "call" : 0.59509999999999996,
      "shove" : 0.40489999999999998
    },
    "KK" : {
      "call" : 1
    },
    "KQo" : {
      "call" : 1
    },
    "KQs" : {
      "call" : 1
    },
    "KTo" : {
      "call" : 0.23000000000000001,
      "fold" : 0.77000000000000002
    },
    "KTs" : {
      "call" : 1
    },
    "Q9s" : {
      "call" : 0.70999999999999996,
      "fold" : 0.28999999999999998
    },
    "QJs" : {
      "call" : 0.19989999999999999,
      "shove" : 0.80010000000000003
    },
    "QQ" : {
      "call" : 0.0499,
      "shove" : 0.95009999999999994
    },
    "QTs" : {
      "call" : 1
    },
    "T8s" : {
      "call" : 0.47999999999999998,
      "fold" : 0.52000000000000002
    },
    "T9s" : {
      "call" : 1
    },
    "TT" : {
      "call" : 0.4199,
      "shove" : 0.58009999999999995
    }
  },
  "id" : "mtt_9max_40bb_hj_vs3bet_vs_bb",
  "source" : {
    "description" : "Adapted from RangeConverter 8-max baseline.",
    "publisher" : {
      "accessedDate" : "2026-06-01",
      "name" : "RangeConverter",
      "product" : "Free Poker Charts — 8 max 1bb ante MTT GTO Ranges",
      "treeParams" : "2.5x open, 3.5x 3bet IP, 4.5x 3bet OOP, 2.3x 4bet IP, 2.75x 4bet OOP, SB vs BB 3.2bb",
      "url" : "https:\/\/rangeconverter.com\/free-poker-charts"
    },
    "solver" : {
      "assumptions" : "Frequencies rounded to nearest 25% per source. ChipEV (non-ICM). 1bb (12.5%) big-blind ante. Copied verbatim from 8-max HJ (same effective seat in 9-max)."
    },
    "type" : "published"
  },
  "spot" : {
    "anteType" : "bigBlindAnte",
    "facingAction" : "vs3Bet",
    "opponentPosition" : "BB",
    "position" : "HJ",
    "stackDepthBB" : 40
  }
}