{
  "format" : "NLHE_MTT_8MAX",
  "hands" : {
    "22" : {
      "call" : 1
    },
    "32s" : {
      "call" : 1
    },
    "33" : {
      "call" : 1
    },
    "42s" : {
      "call" : 1
    },
    "43o" : {
      "call" : 0.2258,
      "fold" : 0.7742
    },
    "43s" : {
      "call" : 1
    },
    "44" : {
      "call" : 1
    },
    "52s" : {
      "call" : 1
    },
    "53o" : {
      "call" : 1
    },
    "53s" : {
      "call" : 1
    },
    "54o" : {
      "call" : 1
    },
    "54s" : {
      "call" : 0.39389999999999997,
      "raise3x" : 0.60609999999999997
    },
    "55" : {
      "call" : 1
    },
    "62s" : {
      "call" : 1
    },
    "63s" : {
      "call" : 1
    },
    "64o" : {
      "call" : 0.50800000000000001,
      "fold" : 0.49199999999999999
    },
    "64s" : {
      "call" : 1
    },
    "65o" : {
      "call" : 1
    },
    "65s" : {
      "call" : 0.79800000000000004,
      "raise3x" : 0.20200000000000001
    },
    "66" : {
      "call" : 1
    },
    "72s" : {
      "call" : 1
    },
    "73s" : {
      "call" : 1
    },
    "74s" : {
      "call" : 1
    },
    "75o" : {
      "call" : 0.86019999999999996,
      "fold" : 0.13980000000000001
    },
    "75s" : {
      "call" : 1
    },
    "76o" : {
      "call" : 1
    },
    "76s" : {
      "call" : 0.55200000000000005,
      "raise3x" : 0.44800000000000001
    },
    "77" : {
      "call" : 1
    },
    "82s" : {
      "call" : 1
    },
    "83s" : {
      "call" : 1
    },
    "84s" : {
      "call" : 1
    },
    "85s" : {
      "call" : 1
    },
    "86o" : {
      "call" : 1
    },
    "86s" : {
      "call" : 1
    },
    "87o" : {
      "call" : 1
    },
    "87s" : {
      "call" : 0.65200000000000002,
      "raise3x" : 0.34799999999999998
    },
    "88" : {
      "call" : 1
    },
    "92s" : {
      "call" : 1
    },
    "93s" : {
      "call" : 1
    },
    "94s" : {
      "call" : 1
    },
    "95s" : {
      "call" : 1
    },
    "96o" : {
      "call" : 0.252,
      "fold" : 0.748
    },
    "96s" : {
      "call" : 1
    },
    "97o" : {
      "call" : 1
    },
    "97s" : {
      "call" : 1
    },
    "98o" : {
      "call" : 1
    },
    "98s" : {
      "call" : 0.94810000000000005,
      "raise3x" : 0.051900000000000002
    },
    "99" : {
      "call" : 1
    },
    "A2o" : {
      "call" : 1
    },
    "A2s" : {
      "call" : 0.99409999999999998,
      "raise3x" : 0.0058999999999999999
    },
    "A3o" : {
      "call" : 1
    },
    "A3s" : {
      "call" : 0.71809999999999996,
      "raise3x" : 0.28189999999999998
    },
    "A4o" : {
      "call" : 1
    },
    "A4s" : {
      "call" : 0.46210000000000001,
      "raise3x" : 0.53790000000000004
    },
    "A5o" : {
      "call" : 1
    },
    "A5s" : {
      "call" : 0.68400000000000005,
      "raise3x" : 0.316
    },
    "A6o" : {
      "call" : 1
    },
    "A6s" : {
      "call" : 0.97609999999999997,
      "raise3x" : 0.023900000000000001
    },
    "A7o" : {
      "call" : 1
    },
    "A7s" : {
      "call" : 0.85599999999999998,
      "raise3x" : 0.14399999999999999
    },
    "A8o" : {
      "call" : 1
    },
    "A8s" : {
      "call" : 0.73199999999999998,
      "raise3x" : 0.26800000000000002
    },
    "A9o" : {
      "call" : 1
    },
    "A9s" : {
      "call" : 0.57799999999999996,
      "raise3x" : 0.42199999999999999
    },
    "AA" : {
      "raise3x" : 1
    },
    "AJo" : {
      "call" : 1
    },
    "AJs" : {
      "call" : 1
    },
    "AKo" : {
      "call" : 0.13800000000000001,
      "raise3x" : 0.86199999999999999
    },
    "AKs" : {
      "raise3x" : 1
    },
    "AQo" : {
      "call" : 0.58799999999999997,
      "raise3x" : 0.41199999999999998
    },
    "AQs" : {
      "call" : 1
    },
    "ATo" : {
      "call" : 0.70209999999999995,
      "raise3x" : 0.2979
    },
    "ATs" : {
      "call" : 1
    },
    "J2s" : {
      "call" : 1
    },
    "J3s" : {
      "call" : 1
    },
    "J4s" : {
      "call" : 1
    },
    "J5s" : {
      "call" : 1
    },
    "J6s" : {
      "call" : 1
    },
    "J7s" : {
      "call" : 1
    },
    "J8o" : {
      "call" : 1
    },
    "J8s" : {
      "call" : 1
    },
    "J9o" : {
      "call" : 1
    },
    "J9s" : {
      "call" : 0.7661,
      "raise3x" : 0.2339
    },
    "JJ" : {
      "call" : 0.42799999999999999,
      "raise3x" : 0.57199999999999995
    },
    "JTo" : {
      "call" : 1
    },
    "JTs" : {
      "call" : 0.88200000000000001,
      "raise3x" : 0.11799999999999999
    },
    "K2o" : {
      "call" : 0.023900000000000001,
      "fold" : 0.97609999999999997
    },
    "K2s" : {
      "call" : 1
    },
    "K3o" : {
      "call" : 0.28799999999999998,
      "fold" : 0.71199999999999997
    },
    "K3s" : {
      "call" : 1
    },
    "K4o" : {
      "call" : 1
    },
    "K4s" : {
      "call" : 1
    },
    "K5o" : {
      "call" : 1
    },
    "K5s" : {
      "call" : 1
    },
    "K6o" : {
      "call" : 1
    },
    "K6s" : {
      "call" : 0.34989999999999999,
      "raise3x" : 0.65010000000000001
    },
    "K7o" : {
      "call" : 1
    },
    "K7s" : {
      "call" : 0.84419999999999995,
      "raise3x" : 0.15579999999999999
    },
    "K8o" : {
      "call" : 1
    },
    "K8s" : {
      "call" : 0.84809999999999997,
      "raise3x" : 0.15190000000000001
    },
    "K9o" : {
      "call" : 1
    },
    "K9s" : {
      "call" : 0.72599999999999998,
      "raise3x" : 0.27400000000000002
    },
    "KJo" : {
      "call" : 0.79020000000000001,
      "raise3x" : 0.20979999999999999
    },
    "KJs" : {
      "call" : 0.41199999999999998,
      "raise3x" : 0.58799999999999997
    },
    "KK" : {
      "raise3x" : 1
    },
    "KQo" : {
      "call" : 1
    },
    "KQs" : {
      "call" : 1
    },
    "KTo" : {
      "call" : 1
    },
    "KTs" : {
      "call" : 0.045900000000000003,
      "raise3x" : 0.95409999999999995
    },
    "Q2s" : {
      "call" : 1
    },
    "Q3s" : {
      "call" : 1
    },
    "Q4s" : {
      "call" : 1
    },
    "Q5o" : {
      "call" : 0.46400000000000002,
      "fold" : 0.53600000000000003
    },
    "Q5s" : {
      "call" : 1
    },
    "Q6o" : {
      "call" : 1
    },
    "Q6s" : {
      "call" : 1
    },
    "Q7o" : {
      "call" : 0.97819999999999996,
      "fold" : 0.0218
    },
    "Q7s" : {
      "call" : 1
    },
    "Q8o" : {
      "call" : 1
    },
    "Q8s" : {
      "call" : 1
    },
    "Q9o" : {
      "call" : 1
    },
    "Q9s" : {
      "call" : 1
    },
    "QJo" : {
      "call" : 0.96409999999999996,
      "raise3x" : 0.035900000000000001
    },
    "QJs" : {
      "call" : 0.128,
      "raise3x" : 0.872
    },
    "QQ" : {
      "raise3x" : 1
    },
    "QTo" : {
      "call" : 1
    },
    "QTs" : {
      "call" : 1
    },
    "T2s" : {
      "call" : 1
    },
    "T3s" : {
      "call" : 1
    },
    "T4s" : {
      "call" : 1
    },
    "T5s" : {
      "call" : 1
    },
    "T6s" : {
      "call" : 1
    },
    "T7o" : {
      "call" : 0.035900000000000001,
      "fold" : 0.96409999999999996
    },
    "T7s" : {
      "call" : 1
    },
    "T8o" : {
      "call" : 1
    },
    "T8s" : {
      "call" : 0.98209999999999997,
      "raise3x" : 0.017899999999999999
    },
    "T9o" : {
      "call" : 1
    },
    "T9s" : {
      "call" : 0.46600000000000003,
      "raise3x" : 0.53400000000000003
    },
    "TT" : {
      "call" : 0.73609999999999998,
      "raise3x" : 0.26390000000000002
    }
  },
  "id" : "mtt_8max_50bb_bb_vsopen_vs_utg1",
  "source" : {
    "description" : "RangeConverter free PDF — 8-max 50bb 1bb ante (12.5%).",
    "publisher" : {
      "accessedDate" : "2026-06-01",
      "name" : "RangeConverter",
      "product" : "Free Poker Charts — 8 max 1bb ante MTT GTO Ranges",
      "treeParams" : "poker.academy CE-Symmetric Regular @ 50bb (GTO ChipEV, 1bb ante)",
      "url" : "https:\/\/rangeconverter.com\/free-poker-charts"
    },