{
  "format" : "NLHE_MTT_8MAX",
  "hands" : {
    "22" : {
      "call" : 1
    },
    "33" : {
      "call" : 1
    },
    "44" : {
      "call" : 1
    },
    "54s" : {
      "call" : 0.56489999999999996,
      "raise3x" : 0.43509999999999999
    },
    "55" : {
      "call" : 0.88009999999999999,
      "raise3x" : 0.11990000000000001
    },
    "65s" : {
      "call" : 0.65510000000000002,
      "raise3x" : 0.34489999999999998
    },
    "66" : {
      "call" : 0.73009999999999997,
      "raise3x" : 0.26989999999999997
    },
    "76s" : {
      "call" : 0.5101,
      "raise3x" : 0.4899
    },
    "77" : {
      "call" : 0.56489999999999996,
      "raise3x" : 0.43509999999999999
    },
    "86s" : {
      "call" : 0.38,
      "fold" : 0.62
    },
    "87s" : {
      "call" : 0.68500000000000005,
      "raise3x" : 0.315
    },
    "88" : {
      "call" : 0.5151,
      "raise3x" : 0.4849
    },
    "97s" : {
      "call" : 0.40500000000000003,
      "fold" : 0.37,
      "raise3x" : 0.22500000000000001
    },
    "98s" : {
      "call" : 0.5151,
      "raise3x" : 0.4849
    },
    "99" : {
      "call" : 0.55000000000000004,
      "raise3x" : 0.45000000000000001
    },
    "A2s" : {
      "call" : 0.68000000000000005,
      "raise3x" : 0.32000000000000001
    },
    "A3s" : {
      "call" : 0.52500000000000002,
      "raise3x" : 0.47499999999999998
    },
    "A4s" : {
      "call" : 0.43509999999999999,
      "raise3x" : 0.56489999999999996
    },
    "A5s" : {
      "call" : 0.054899999999999997,
      "raise3x" : 0.94510000000000005
    },
    "A6s" : {
      "call" : 0.2049,
      "raise3x" : 0.79510000000000003
    },
    "A7s" : {
      "call" : 0.39000000000000001,
      "raise3x" : 0.60999999999999999
    },
    "A8s" : {
      "call" : 0.29999999999999999,
      "raise3x" : 0.69999999999999996
    },
    "A9o" : {
      "fold" : 0.63490000000000002,
      "raise3x" : 0.36509999999999998
    },
    "A9s" : {
      "call" : 1
    },
    "AA" : {
      "raise3x" : 1
    },
    "AJo" : {
      "call" : 0.29999999999999999,
      "raise3x" : 0.69999999999999996
    },
    "AJs" : {
      "call" : 0.4249,
      "raise3x" : 0.57509999999999994
    },
    "AKo" : {
      "raise3x" : 1
    },
    "AKs" : {
      "raise3x" : 1
    },
    "AQo" : {
      "call" : 0.56989999999999996,
      "raise3x" : 0.43009999999999998
    },
    "AQs" : {
      "raise3x" : 1
    },
    "ATo" : {
      "call" : 0.34989999999999999,
      "raise3x" : 0.65010000000000001
    },
    "ATs" : {
      "call" : 0.92500000000000004,
      "raise3x" : 0.074999999999999997
    },
    "J8s" : {
      "call" : 0.35489999999999999,
      "raise3x" : 0.64510000000000001
    },
    "J9s" : {
      "call" : 0.625,
      "raise3x" : 0.375
    },
    "JJ" : {
      "raise3x" : 1
    },
    "JTo" : {
      "call" : 0.17999999999999999,
      "fold" : 0.61009999999999998,
      "raise3x" : 0.2099
    },
    "JTs" : {
      "call" : 0.53000000000000003,
      "raise3x" : 0.46999999999999997
    },
    "K5s" : {
      "call" : 0.48509999999999998,
      "fold" : 0.40500000000000003,
      "raise3x" : 0.1099
    },
    "K6s" : {
      "call" : 0.58009999999999995,
      "raise3x" : 0.4199
    },
    "K7s" : {
      "call" : 0.28489999999999999,
      "raise3x" : 0.71509999999999996
    },
    "K8s" : {
      "call" : 0.17000000000000001,
      "raise3x" : 0.82999999999999996
    },
    "K9s" : {
      "call" : 0.47999999999999998,
      "raise3x" : 0.52000000000000002
    },
    "KJo" : {
      "call" : 0.62,
      "raise3x" : 0.38
    },
    "KJs" : {
      "raise3x" : 1
    },
    "KK" : {
      "raise3x" : 1
    },
    "KQo" : {
      "call" : 0.44500000000000001,
      "raise3x" : 0.55500000000000005
    },
    "KQs" : {
      "call" : 0.32000000000000001,
      "raise3x" : 0.68000000000000005
    },
    "KTo" : {
      "call" : 0.4199,
      "fold" : 0.080000000000000002,
      "raise3x" : 0.50009999999999999
    },
    "KTs" : {
      "call" : 0.45500000000000002,
      "raise3x" : 0.54500000000000004
    },
    "Q8s" : {
      "call" : 0.39000000000000001,
      "raise3x" : 0.60999999999999999
    },
    "Q9s" : {
      "call" : 0.28489999999999999,
      "raise3x" : 0.71509999999999996
    },
    "QJo" : {
      "call" : 0.32000000000000001,
      "fold" : 0.155,
      "raise3x" : 0.52500000000000002
    },
    "QJs" : {
      "call" : 0.95509999999999995,
      "raise3x" : 0.044900000000000002
    },
    "QQ" : {
      "raise3x" : 1
    },
    "QTo" : {
      "call" : 0.1399,
      "fold" : 0.54510000000000003,
      "raise3x" : 0.315
    },
    "QTs" : {
      "call" : 0.68000000000000005,
      "raise3x" : 0.32000000000000001
    },
    "T7s" : {
      "fold" : 0.4899,
      "raise3x" : 0.5101
    },
    "T8s" : {
      "call" : 0.39000000000000001,
      "raise3x" : 0.60999999999999999
    },
    "T9s" : {
      "call" : 0.27989999999999998,
      "raise3x" : 0.72009999999999996
    },
    "TT" : {
      "call" : 0.11990000000000001,
      "raise3x" : 0.88009999999999999
    }
  },
  "id" : "mtt_8max_80bb_btn_vsopen_vs_co",
  "source" : {
    "description" : "RangeConverter free PDF — 8-max 80bb 1bb ante (12.5%).",
    "publisher" : {
      "accessedDate" : "2026-06-01",
      "name" : "RangeConverter",
      "product" : "Free Poker Charts — 8 max 1bb ante MTT GTO Ranges",
      "treeParams" : "poker.academy CE-Symmetric Regular @ 80bb (GTO ChipEV, 1bb ante)",
      "url" : "https:\/\/rangeconverter.com\/free-poker-charts"
    },
    "solver" : {
      "assumptions" : "Frequencies rounded to nearest 25% per source. ChipEV (non-ICM). 1bb (12.5%) big-blind ante."
    },
    "type" : "published"
  },
  "spot" : {
    "anteType" : "bigBlindAnte",
    "facingAction" : "vsOpen",
    "opponentPosition" : "CO",
    "position" : "BTN",
    "stackDepthBB" : 80
  }
}