{
  "format" : "NLHE_MTT_8MAX",
  "hands" : {
    "33" : {
      "call" : 0.99439999999999995,
      "fold" : 0.0041000000000000003,
      "shove" : 0.0015
    },
    "44" : {
      "call" : 0.97660000000000002,
      "fold" : 0.0038999999999999998,
      "shove" : 0.0195
    },
    "55" : {
      "call" : 0.96860000000000002,
      "fold" : 0.0023999999999999998,
      "shove" : 0.029100000000000001
    },
    "64s" : {
      "call" : 0.9728,
      "fold" : 0.027
    },
    "65s" : {
      "call" : 0.52729999999999999,
      "fold" : 0.033500000000000002,
      "shove" : 0.43919999999999998
    },
    "66" : {
      "call" : 0.99480000000000002,
      "fold" : 0.0012999999999999999,
      "shove" : 0.0038
    },
    "77" : {
      "call" : 0.91549999999999998,
      "shove" : 0.083699999999999997
    },
    "83s" : {
      "call" : 0.26690000000000003,
      "fold" : 0.73240000000000005
    },
    "88" : {
      "call" : 0.95340000000000003,
      "shove" : 0.046600000000000003
    },
    "98s" : {
      "call" : 0.77100000000000002,
      "fold" : 0.224,
      "shove" : 0.0050000000000000001
    },
    "99" : {
      "call" : 0.90859999999999996,
      "shove" : 0.091399999999999995
    },
    "A2s" : {
      "call" : 0.1009,
      "fold" : 0.0067999999999999996,
      "shove" : 0.89229999999999998
    },
    "A3o" : {
      "call" : 0.7651,
      "shove" : 0.2349
    },
    "A3s" : {
      "call" : 0.94650000000000001,
      "fold" : 0.0183,
      "shove" : 0.035200000000000002
    },
    "A4o" : {
      "call" : 0.86980000000000002,
      "fold" : 0.017899999999999999,
      "shove" : 0.1123
    },
    "A4s" : {
      "call" : 0.93110000000000004,
      "fold" : 0.061100000000000002,
      "shove" : 0.0077000000000000002
    },
    "A5o" : {
      "call" : 0.89649999999999996,
      "fold" : 0.0068999999999999999,
      "shove" : 0.096500000000000002
    },
    "A5s" : {
      "call" : 0.83909999999999996,
      "fold" : 0.1532,
      "shove" : 0.0077000000000000002
    },
    "A6o" : {
      "call" : 0.5363,
      "shove" : 0.46350000000000002
    },
    "A6s" : {
      "call" : 0.57269999999999999,
      "fold" : 0.1434,
      "shove" : 0.28399999999999997
    },
    "A7o" : {
      "call" : 0.79600000000000004,
      "fold" : 0.0252,
      "shove" : 0.17879999999999999
    },
    "A7s" : {
      "call" : 0.99250000000000005,
      "fold" : 0.0043,
      "shove" : 0.0033
    },
    "A8o" : {
      "call" : 0.98119999999999996,
      "shove" : 0.018700000000000001
    },
    "A8s" : {
      "call" : 0.88849999999999996,
      "shove" : 0.1115
    },
    "A9o" : {
      "call" : 0.92720000000000002,
      "fold" : 0.0051000000000000004,
      "shove" : 0.067699999999999996
    },
    "A9s" : {
      "call" : 0.92989999999999995,
      "shove" : 0.069500000000000006
    },
    "AA" : {
      "shove" : 1
    },
    "AJo" : {
      "call" : 0.99629999999999996,
      "shove" : 0.0035999999999999999
    },
    "AJs" : {
      "call" : 0.90449999999999997,
      "shove" : 0.095399999999999999
    },
    "AKo" : {
      "call" : 0.56040000000000001,
      "shove" : 0.43959999999999999
    },
    "AKs" : {
      "call" : 0.20230000000000001,
      "shove" : 0.79759999999999998
    },
    "AQo" : {
      "call" : 0.83150000000000002,
      "shove" : 0.16850000000000001
    },
    "AQs" : {
      "call" : 0.77729999999999999,
      "shove" : 0.22239999999999999
    },
    "ATo" : {
      "call" : 0.99429999999999996,
      "shove" : 0.0057000000000000002
    },
    "ATs" : {
      "call" : 0.74219999999999997,
      "fold" : 0.0212,
      "shove" : 0.2366
    },
    "J2s" : {
      "call" : 0.90659999999999996,
      "fold" : 0.090300000000000005,
      "shove" : 0.0032000000000000002
    },
    "J3s" : {
      "call" : 0.41439999999999999,
      "fold" : 0.58350000000000002,
      "shove" : 0.0020999999999999999
    },
    "J8s" : {
      "call" : 0.81089999999999995,
      "fold" : 0.18609999999999999,
      "shove" : 0.0028999999999999998
    },
    "J9s" : {
      "call" : 0.43190000000000001,
      "fold" : 0.023599999999999999,
      "shove" : 0.54449999999999998
    },
    "JJ" : {
      "call" : 0.9516,
      "shove" : 0.0482
    },
    "JTo" : {
      "call" : 0.995,
      "fold" : 0.0045999999999999999
    },
    "JTs" : {
      "call" : 0.95199999999999996,
      "fold" : 0.0269,
      "shove" : 0.021100000000000001
    },
    "K4o" : {
      "call" : 0.84250000000000003,
      "fold" : 0.15540000000000001,
      "shove" : 0.0022000000000000001
    },
    "K4s" : {
      "call" : 0.74019999999999997,
      "fold" : 0.2177,
      "shove" : 0.042099999999999999
    },
    "K5s" : {
      "call" : 0.61219999999999997,
      "fold" : 0.13819999999999999,
      "shove" : 0.24959999999999999
    },
    "K6o" : {
      "call" : 0.98899999999999999,
      "fold" : 0.010999999999999999
    },
    "K6s" : {
      "call" : 0.95299999999999996,
      "fold" : 0.043499999999999997,
      "shove" : 0.0035999999999999999
    },
    "K7o" : {
      "call" : 0.88649999999999995,
      "fold" : 0.1065,
      "shove" : 0.0070000000000000001
    },
    "K7s" : {
      "call" : 0.41909999999999997,
      "fold" : 0.080100000000000005,
      "shove" : 0.50080000000000002
    },
    "K8o" : {
      "call" : 0.97040000000000004,
      "fold" : 0.0293
    },
    "K8s" : {
      "call" : 0.66830000000000001,
      "fold" : 0.017600000000000001,
      "shove" : 0.314
    },
    "K9o" : {
      "call" : 0.9647,
      "fold" : 0.030800000000000001,
      "shove" : 0.0045999999999999999
    },
    "K9s" : {
      "call" : 0.97770000000000001,
      "fold" : 0.002,
      "shove" : 0.020199999999999999
    },
    "KJo" : {
      "call" : 0.99939999999999996
    },
    "KJs" : {
      "call" : 0.51270000000000004,
      "fold" : 0.1391,
      "shove" : 0.34820000000000001
    },
    "KK" : {
      "call" : 0.0263,
      "shove" : 0.97370000000000001
    },
    "KQo" : {
      "call" : 0.998,
      "fold" : 0.0018
    },
    "KQs" : {
      "call" : 0.94310000000000005,
      "fold" : 0.0023,
      "shove" : 0.054600000000000003
    },
    "KTo" : {
      "call" : 0.99760000000000004,
      "fold" : 0.0011999999999999999,
      "shove" : 0.0011999999999999999
    },
    "KTs" : {
      "call" : 0.78029999999999999,
      "fold" : 0.012,
      "shove" : 0.2077
    },
    "Q3s" : {
      "call" : 0.79700000000000004,
      "fold" : 0.19819999999999999,
      "shove" : 0.0047999999999999996
    },
    "Q6s" : {
      "call" : 0.71450000000000002,
      "fold" : 0.2445,
      "shove" : 0.041000000000000002
    },
    "Q7s" : {
      "call" : 0.70840000000000003,
      "fold" : 0.2661,
      "shove" : 0.025499999999999998
    },
    "Q8s" : {
      "call" : 0.70089999999999997,
      "fold" : 0.2165,
      "shove" : 0.082699999999999996
    },
    "Q9o" : {
      "call" : 0.99019999999999997,
      "fold" : 0.0025000000000000001,
      "shove" : 0.0071999999999999998
    },
    "Q9s" : {
      "call" : 0.5907,
      "fold" : 0.2296,
      "shove" : 0.17979999999999999
    },
    "QJo" : {
      "call" : 0.9677,
      "shove" : 0.032199999999999999
    },
    "QJs" : {
      "call" : 0.98770000000000002,
      "fold" : 0.0020999999999999999,
      "shove" : 0.010200000000000001
    },
    "QQ" : {
      "call" : 0.51639999999999997,
      "shove" : 0.48359999999999997
    },
    "QTo" : {
      "call" : 0.80910000000000004,
      "fold" : 0.184,
      "shove" : 0.0070000000000000001
    },
    "QTs" : {
      "call" : 0.94420000000000004,
      "fold" : 0.0023,
      "shove" : 0.053499999999999999
    },
    "T4s" : {
      "call" : 0.30580000000000002,
      "fold" : 0.58960000000000001,
      "shove" : 0.1047
    },
    "T5s" : {
      "call" : 0.82110000000000005,
      "fold" : 0.1676,
      "shove" : 0.0112
    },
    "T8s" : {
      "call" : 0.81069999999999998,
      "fold" : 0.1239,
      "shove" : 0.0654
    },
    "T9s" : {
      "call" : 0.98629999999999995,