{
  "format" : "NLHE_MTT_9MAX",
  "hands" : {
    "44" : {
      "call" : 0.46999999999999997,
      "fold" : 0.53000000000000003
    },
    "54s" : {
      "call" : 0.22950000000000001,
      "fold" : 0.77049999999999996
    },
    "55" : {
      "call" : 1
    },
    "65s" : {
      "call" : 0.25990000000000002,
      "fold" : 0.74009999999999998
    },
    "66" : {
      "call" : 1
    },
    "76s" : {
      "call" : 0.86019999999999996,
      "fold" : 0.13980000000000001
    },
    "77" : {
      "call" : 0.97009999999999996,
      "shove" : 0.029899999999999999
    },
    "87s" : {
      "call" : 0.53000000000000003,
      "fold" : 0.46999999999999997
    },
    "88" : {
      "call" : 0.18490000000000001,
      "shove" : 0.81510000000000005
    },
    "99" : {
      "call" : 0.65510000000000002,
      "shove" : 0.34489999999999998
    },
    "A3s" : {
      "call" : 0.70499999999999996,
      "fold" : 0.29499999999999998
    },
    "A4s" : {
      "call" : 0.76500000000000001,
      "shove" : 0.23499999999999999
    },
    "A5s" : {
      "call" : 0.68500000000000005,
      "shove" : 0.315
    },
    "A7s" : {
      "call" : 0.34989999999999999,
      "shove" : 0.65010000000000001
    },
    "A8s" : {
      "call" : 1
    },
    "A9s" : {
      "call" : 1
    },
    "AA" : {
      "call" : 1
    },
    "AJo" : {
      "call" : 1
    },
    "AJs" : {
      "call" : 1
    },
    "AKo" : {
      "shove" : 1
    },
    "AKs" : {
      "shove" : 1
    },
    "AQo" : {
      "shove" : 1
    },
    "AQs" : {
      "call" : 1
    },
    "ATo" : {
      "call" : 0.67500000000000004,
      "fold" : 0.32500000000000001
    },
    "ATs" : {
      "call" : 1
    },
    "JJ" : {
      "shove" : 1
    },
    "JTs" : {
      "call" : 1
    },
    "K6s" : {
      "call" : 0.5151,
      "fold" : 0.4849
    },
    "K8s" : {
      "call" : 0.91500000000000004,
      "fold" : 0.084999999999999992
    },
    "K9s" : {
      "call" : 1
    },
    "KJo" : {
      "call" : 0.56989999999999996,
      "fold" : 0.43009999999999998
    },
    "KJs" : {
      "call" : 0.53500000000000003,
      "shove" : 0.46500000000000002
    },
    "KK" : {
      "call" : 1
    },
    "KQo" : {
      "call" : 1
    },
    "KQs" : {
      "call" : 0.78000000000000003,
      "shove" : 0.22
    },
    "KTs" : {
      "call" : 0.79510000000000003,
      "shove" : 0.2049
    },
    "Q9s" : {
      "call" : 0.77000000000000002,
      "fold" : 0.23000000000000001
    },
    "QJs" : {
      "call" : 0.59509999999999996,
      "shove" : 0.40489999999999998
    },
    "QQ" : {
      "call" : 0.089999999999999997,
      "shove" : 0.91000000000000003
    },
    "QTs" : {
      "call" : 1
    },
    "T9s" : {
      "call" : 0.72009999999999996,
      "fold" : 0.27989999999999998
    },
    "TT" : {
      "call" : 0.46000000000000002,
      "shove" : 0.54000000000000004
    }
  },
  "id" : "mtt_9max_35bb_hj_vs3bet_vs_sb",
  "source" : {
    "description" : "Adapted from RangeConverter 8-max baseline.",
    "publisher" : {
      "accessedDate" : "2026-06-01",
      "name" : "RangeConverter",
      "product" : "Free Poker Charts — 8 max 1bb ante MTT GTO Ranges",
      "treeParams" : "2.5x open, 3.5x 3bet IP, 4.5x 3bet OOP, 2.3x 4bet IP, 2.75x 4bet OOP, SB vs BB 3.2bb",
      "url" : "https:\/\/rangeconverter.com\/free-poker-charts"
    },
    "solver" : {
      "assumptions" : "Frequencies rounded to nearest 25% per source. ChipEV (non-ICM). 1bb (12.5%) big-blind ante. Copied verbatim from 8-max HJ (same effective seat in 9-max)."
    },
    "type" : "published"
  },
  "spot" : {
    "anteType" : "bigBlindAnte",
    "facingAction" : "vs3Bet",
    "opponentPosition" : "SB",
    "position" : "HJ",
    "stackDepthBB" : 35
  }
}