{
  "format" : "NLHE_MTT_8MAX",
  "hands" : {
    "22" : {
      "call" : 1
    },
    "33" : {
      "call" : 1
    },
    "44" : {
      "call" : 1
    },
    "54s" : {
      "call" : 0.17199999999999999,
      "fold" : 0.82799999999999996
    },
    "55" : {
      "call" : 0.81610000000000005,
      "raise3x" : 0.18390000000000001
    },
    "65s" : {
      "call" : 0.3659,
      "fold" : 0.6341
    },
    "66" : {
      "call" : 0.61599999999999999,
      "raise3x" : 0.38400000000000001
    },
    "76s" : {
      "call" : 0.75600000000000001,
      "fold" : 0.073999999999999996,
      "raise3x" : 0.17000000000000001
    },
    "77" : {
      "call" : 0.55600000000000005,
      "raise3x" : 0.44400000000000001
    },
    "86s" : {
      "call" : 0.058000000000000003,
      "fold" : 0.94199999999999995
    },
    "87s" : {
      "call" : 0.83609999999999995,
      "raise3x" : 0.16389999999999999
    },
    "88" : {
      "call" : 0.53600000000000003,
      "raise3x" : 0.46400000000000002
    },
    "97s" : {
      "call" : 0.13589999999999999,
      "fold" : 0.86409999999999998
    },
    "98s" : {
      "call" : 0.54600000000000004,
      "raise3x" : 0.45400000000000001
    },
    "99" : {
      "call" : 0.64200000000000002,
      "raise3x" : 0.35799999999999998
    },
    "A2s" : {
      "call" : 0.43590000000000001,
      "raise3x" : 0.56410000000000005
    },
    "A3s" : {
      "call" : 0.82999999999999996,
      "raise3x" : 0.17000000000000001
    },
    "A4s" : {
      "call" : 0.40389999999999998,
      "raise3x" : 0.59609999999999996
    },
    "A5s" : {
      "call" : 0.32790000000000002,
      "raise3x" : 0.67210000000000003
    },
    "A6s" : {
      "call" : 0.16789999999999999,
      "raise3x" : 0.83209999999999995
    },
    "A7s" : {
      "call" : 0.63200000000000001,
      "raise3x" : 0.36799999999999999
    },
    "A8o" : {
      "fold" : 0.52000000000000002,
      "raise3x" : 0.47999999999999998
    },
    "A8s" : {
      "call" : 0.77810000000000001,
      "raise3x" : 0.22189999999999999
    },
    "A9o" : {
      "call" : 0.48199999999999998,
      "raise3x" : 0.51800000000000002
    },
    "A9s" : {
      "call" : 0.77810000000000001,
      "raise3x" : 0.22189999999999999
    },
    "AA" : {
      "raise3x" : 1
    },
    "AJo" : {
      "call" : 0.46000000000000002,
      "raise3x" : 0.54000000000000004
    },
    "AJs" : {
      "call" : 0.019900000000000001,
      "raise3x" : 0.98009999999999997
    },
    "AKo" : {
      "raise3x" : 1
    },
    "AKs" : {
      "raise3x" : 1
    },
    "AQo" : {
      "call" : 0.57199999999999995,
      "raise3x" : 0.42799999999999999
    },
    "AQs" : {
      "raise3x" : 1
    },
    "ATo" : {
      "call" : 0.46600000000000003,
      "raise3x" : 0.53400000000000003
    },
    "ATs" : {
      "call" : 0.59609999999999996,
      "raise3x" : 0.40389999999999998
    },
    "J8s" : {
      "call" : 0.56599999999999995,
      "raise3x" : 0.434
    },
    "J9s" : {
      "call" : 0.43009999999999998,
      "raise3x" : 0.56989999999999996
    },
    "JJ" : {
      "raise3x" : 1
    },
    "JTo" : {
      "call" : 0.30249999999999999,
      "fold" : 0.01,
      "raise3x" : 0.6875
    },
    "JTs" : {
      "call" : 0.91000000000000003,
      "raise3x" : 0.089999999999999997
    },
    "K4s" : {
      "call" : 0.36120000000000002,
      "fold" : 0.4093,
      "raise3x" : 0.22950000000000001
    },
    "K5s" : {
      "call" : 0.46600000000000003,
      "raise3x" : 0.53400000000000003
    },
    "K6s" : {
      "call" : 0.52400000000000002,
      "raise3x" : 0.47599999999999998
    },
    "K7s" : {
      "call" : 0.40200000000000002,
      "raise3x" : 0.59799999999999998
    },
    "K8s" : {
      "call" : 0.083900000000000002,
      "raise3x" : 0.91610000000000003
    },
    "K9s" : {
      "call" : 0.92810000000000004,
      "raise3x" : 0.071900000000000006
    },
    "KJo" : {
      "call" : 0.49409999999999998,
      "raise3x" : 0.50590000000000002
    },
    "KJs" : {
      "call" : 0.32000000000000001,
      "raise3x" : 0.68000000000000005
    },
    "KK" : {
      "raise3x" : 1
    },
    "KQo" : {
      "call" : 0.4199,
      "raise3x" : 0.58009999999999995
    },
    "KQs" : {
      "call" : 0.46600000000000003,
      "raise3x" : 0.53400000000000003
    },
    "KTo" : {
      "call" : 0.55000000000000004,
      "raise3x" : 0.45000000000000001
    },
    "KTs" : {
      "call" : 0.48809999999999998,
      "raise3x" : 0.51190000000000002
    },
    "Q8s" : {
      "call" : 0.53600000000000003,
      "raise3x" : 0.46400000000000002
    },
    "Q9s" : {
      "call" : 0.56410000000000005,
      "raise3x" : 0.43590000000000001
    },
    "QJo" : {
      "call" : 0.52790000000000004,
      "raise3x" : 0.47210000000000002
    },
    "QJs" : {
      "call" : 1
    },
    "QQ" : {
      "raise3x" : 1
    },
    "QTo" : {
      "call" : 0.37119999999999997,
      "fold" : 0.025999999999999999,
      "raise3x" : 0.6028
    },
    "QTs" : {
      "call" : 0.80410000000000004,
      "raise3x" : 0.19589999999999999
    },
    "T8s" : {
      "call" : 0.5,
      "raise3x" : 0.5
    },
    "T9s" : {
      "call" : 0.52400000000000002,
      "raise3x" : 0.47599999999999998
    },
    "TT" : {
      "call" : 0.13400000000000001,
      "raise3x" : 0.86599999999999999
    }
  },
  "id" : "mtt_8max_70bb_btn_vsopen",
  "source" : {
    "description" : "RangeConverter free PDF — 8-max 70bb 1bb ante (12.5%).",
    "publisher" : {
      "accessedDate" : "2026-06-01",
      "name" : "RangeConverter",
      "product" : "Free Poker Charts — 8 max 1bb ante MTT GTO Ranges",
      "treeParams" : "poker.academy CE-Symmetric Regular @ 70bb (GTO ChipEV, 1bb ante)",
      "url" : "https:\/\/rangeconverter.com\/free-poker-charts"
    },
    "solver" : {
      "assumptions" : "Frequencies rounded to nearest 25% per source. ChipEV (non-ICM). 1bb (12.5%) big-blind ante."
    },
    "type" : "published"
  },
  "spot" : {
    "anteType" : "bigBlindAnte",
    "facingAction" : "vsOpen",
    "position" : "BTN",
    "stackDepthBB" : 70
  }
}