{
  "format" : "NLHE_MTT_8MAX",
  "hands" : {
    "22" : {
      "call" : 1
    },
    "32s" : {
      "call" : 1
    },
    "33" : {
      "call" : 1
    },
    "42s" : {
      "call" : 1
    },
    "43o" : {
      "call" : 1
    },
    "43s" : {
      "call" : 1
    },
    "44" : {
      "call" : 0.16,
      "shove" : 0.83999999999999997
    },
    "52s" : {
      "call" : 1
    },
    "53o" : {
      "call" : 1
    },
    "53s" : {
      "call" : 1
    },
    "54o" : {
      "call" : 1
    },
    "54s" : {
      "call" : 1
    },
    "55" : {
      "call" : 0.86519999999999997,
      "raise3x" : 0.1348
    },
    "62s" : {
      "call" : 1
    },
    "63s" : {
      "call" : 1
    },
    "64o" : {
      "call" : 1
    },
    "64s" : {
      "call" : 1
    },
    "65o" : {
      "call" : 1
    },
    "65s" : {
      "call" : 1
    },
    "66" : {
      "call" : 0.90500000000000003,
      "raise3x" : 0.095000000000000001
    },
    "72s" : {
      "call" : 1
    },
    "73s" : {
      "call" : 1
    },
    "74s" : {
      "call" : 1
    },
    "75o" : {
      "call" : 1
    },
    "75s" : {
      "call" : 1
    },
    "76o" : {
      "call" : 1
    },
    "76s" : {
      "call" : 1
    },
    "77" : {
      "call" : 0.54500000000000004,
      "raise3x" : 0.45500000000000002
    },
    "82s" : {
      "call" : 1
    },
    "83s" : {
      "call" : 1
    },
    "84s" : {
      "call" : 1
    },
    "85o" : {
      "call" : 0.45000000000000001,
      "fold" : 0.55000000000000004
    },
    "85s" : {
      "call" : 1
    },
    "86o" : {
      "call" : 1
    },
    "86s" : {
      "call" : 1
    },
    "87o" : {
      "call" : 1
    },
    "87s" : {
      "call" : 1
    },
    "88" : {
      "raise3x" : 0.2049,
      "shove" : 0.79510000000000003
    },
    "92s" : {
      "call" : 1
    },
    "93s" : {
      "call" : 1
    },
    "94s" : {
      "call" : 1
    },
    "95s" : {
      "call" : 1
    },
    "96o" : {
      "call" : 1
    },
    "96s" : {
      "call" : 1
    },
    "97o" : {
      "call" : 1
    },
    "97s" : {
      "call" : 1
    },
    "98o" : {
      "call" : 1
    },
    "98s" : {
      "call" : 1
    },
    "99" : {
      "raise3x" : 0.054899999999999997,
      "shove" : 0.94510000000000005
    },
    "A2o" : {
      "call" : 0.98499999999999999,
      "raise3x" : 0.014999999999999999
    },
    "A2s" : {
      "call" : 1
    },
    "A3o" : {
      "call" : 0.90010000000000001,
      "raise3x" : 0.099900000000000003
    },
    "A3s" : {
      "call" : 1
    },
    "A4o" : {
      "call" : 0.25990000000000002,
      "raise3x" : 0.095000000000000001,
      "shove" : 0.64510000000000001
    },
    "A4s" : {
      "call" : 1
    },
    "A5o" : {
      "call" : 0.94510000000000005,
      "raise3x" : 0.054899999999999997
    },
    "A5s" : {
      "call" : 1
    },
    "A6o" : {
      "call" : 1
    },
    "A6s" : {
      "call" : 1
    },
    "A7o" : {
      "call" : 0.80510000000000004,
      "raise3x" : 0.19489999999999999
    },
    "A7s" : {
      "call" : 1
    },
    "A8o" : {
      "call" : 0.70999999999999996,
      "raise3x" : 0.28999999999999998
    },
    "A8s" : {
      "call" : 1
    },
    "A9o" : {
      "call" : 0.91000000000000003,
      "raise3x" : 0.089999999999999997
    },
    "A9s" : {
      "call" : 1
    },
    "AA" : {
      "raise3x" : 1
    },
    "AJo" : {
      "call" : 0.81510000000000005,
      "raise3x" : 0.18490000000000001
    },
    "AJs" : {
      "call" : 1
    },
    "AKo" : {
      "shove" : 1
    },
    "AKs" : {
      "raise3x" : 1
    },
    "AQo" : {
      "raise3x" : 0.14499999999999999,
      "shove" : 0.85499999999999998
    },
    "AQs" : {
      "raise3x" : 1
    },
    "ATo" : {
      "call" : 0.84999999999999998,
      "raise3x" : 0.14999999999999999
    },
    "ATs" : {
      "call" : 1
    },
    "J2s" : {
      "call" : 1
    },
    "J3s" : {
      "call" : 1
    },
    "J4s" : {
      "call" : 1
    },
    "J5s" : {
      "call" : 1
    },
    "J6s" : {
      "call" : 1
    },
    "J7o" : {
      "call" : 1
    },
    "J7s" : {
      "call" : 1
    },
    "J8o" : {
      "call" : 1
    },
    "J8s" : {
      "call" : 1
    },
    "J9o" : {
      "call" : 1
    },
    "J9s" : {
      "call" : 1
    },
    "JJ" : {
      "raise3x" : 0.20979999999999999,
      "shove" : 0.79020000000000001
    },
    "JTo" : {
      "call" : 1
    },
    "JTs" : {
      "raise3x" : 0.14499999999999999,
      "shove" : 0.85499999999999998
    },
    "K2o" : {
      "call" : 1
    },
    "K2s" : {
      "call" : 1
    },
    "K3o" : {
      "call" : 1
    },
    "K3s" : {
      "call" : 1
    },
    "K4o" : {
      "call" : 0.95009999999999994,
      "raise3x" : 0.0499
    },
    "K4s" : {
      "call" : 1
    },
    "K5o" : {
      "call" : 1
    },
    "K5s" : {
      "call" : 1
    },
    "K6o" : {
      "call" : 0.94020000000000004,
      "raise3x" : 0.059799999999999999
    },
    "K6s" : {
      "call" : 1
    },
    "K7o" : {
      "call" : 1
    },
    "K7s" : {
      "call" : 0.72009999999999996,
      "raise3x" : 0.27989999999999998
    },
    "K8o" : {
      "call" : 1
    },
    "K8s" : {
      "call" : 1
    },
    "K9o" : {
      "call" : 0.78000000000000003,
      "raise3x" : 0.22
    },
    "K9s" : {
      "call" : 0.68999999999999995,
      "shove" : 0.31
    },
    "KJo" : {
      "call" : 1
    },
    "KJs" : {
      "call" : 1
    },
    "KK" : {
      "raise3x" : 1
    },
    "KQo" : {
      "call" : 1
    },
    "KQs" : {
      "call" : 1
    },
    "KTo" : {
      "call" : 0.74509999999999998,
      "raise3x" : 0.25490000000000002
    },
    "KTs" : {
      "call" : 1
    },
    "Q2s" : {
      "call" : 1
    },
    "Q3s" : {
      "call" : 1
    },
    "Q4o" : {
      "call" : 0.71509999999999996,
      "fold" : 0.28489999999999999
    },
    "Q4s" : {
      "call" : 1
    },
    "Q5o" : {
      "call" : 1
    },
    "Q5s" : {
      "call" : 1
    },
    "Q6o" : {
      "call" : 1
    },
    "Q6s" : {
      "call" : 1
    },
    "Q7o" : {
      "call" : 1
    },
    "Q7s" : {
      "call" : 1
    },
    "Q8o" : {
      "call" : 0.97509999999999997,
      "raise3x" : 0.024899999999999999
    },
    "Q8s" : {
      "call" : 1
    },
    "Q9o" : {
      "call" : 0.96509999999999996,
      "raise3x" : 0.0349
    },
    "Q9s" : {
      "call" : 1
    },
    "QJo" : {
      "call" : 0.89510000000000001,
      "raise3x" : 0.10489999999999999
    },
    "QJs" : {
      "call" : 1
    },
    "QQ" : {
      "raise3x" : 1
    },
    "QTo" : {
      "call" : 0.92500000000000004,
      "raise3x" : 0.074999999999999997
    },
    "QTs" : {
      "call" : 0.87009999999999998,
      "shove" : 0.12989999999999999
    },
    "T2s" : {
      "call" : 1
    },
    "T3s" : {
      "call" : 1
    },
    "T4s" : {
      "call" : 1
    },
    "T5s" : {
      "call" : 1
    },
    "T6s" : {
      "call" : 1
    },
    "T7o" : {
      "call" : 1
    },
    "T7s" : {
      "call" : 1
    },
    "T8o" : {
      "call" : 1
    },
    "T8s" : {
      "call" : 1
    },
    "T9o" : {
      "call" : 1
    },
    "T9s" : {
      "call" : 0.84999999999999998,
      "raise3x" : 0.14999999999999999
    },
    "TT" : {
      "raise3x" : 0.064799999999999996,
      "shove" : 0.93520000000000003
    }
  },
  "id" : "mtt_8max_25bb_bb_vsopen_vs_utg1",
  "source" : {
    "description" : "RangeConverter free PDF — 8-max 25bb 1bb ante (12.5%).",
    "publisher" : {
      "accessedDate" : "2026-06-01",
      "name" : "RangeConverter",
      "product" : "Free Poker Charts — 8 max 1bb ante MTT GTO Ranges",
      "treeParams" : "poker.academy CE-Symmetric Regular @ 25bb (GTO ChipEV, 1bb ante)",
      "url" : "https:\/\/rangeconverter.com\/free-poker-charts"
    },
    "solver" : {
      "assumptions" : "Frequencies rounded to nearest 25% per source. ChipEV (non-ICM). 1bb (12.5%) big-blind ante."
    },
    "type" : "published"
  },
  "spot" : {
    "anteType" : "bigBlindAnte",
    "facingAction" : "vsOpen",