{
  "format" : "NLHE_MTT_9MAX",
  "hands" : {
    "22" : {
      "fold" : 0.99939999999999996
    },
    "32o" : {
      "fold" : 1
    },
    "32s" : {
      "call" : 0.0018,
      "fold" : 0.99750000000000005
    },
    "33" : {
      "fold" : 0.99909999999999999
    },
    "42o" : {
      "fold" : 1
    },
    "42s" : {
      "fold" : 1
    },
    "43o" : {
      "fold" : 1
    },
    "43s" : {
      "fold" : 0.99990000000000001
    },
    "44" : {
      "fold" : 0.99909999999999999
    },
    "52o" : {
      "fold" : 0.99990000000000001
    },
    "52s" : {
      "fold" : 0.99860000000000004
    },
    "53o" : {
      "fold" : 1
    },
    "53s" : {
      "fold" : 0.999
    },
    "54o" : {
      "fold" : 0.99950000000000006
    },
    "54s" : {
      "call" : 0.0012000000000000001,
      "fold" : 0.99870000000000003
    },
    "55" : {
      "call" : 0.0111,
      "fold" : 0.98570000000000002,
      "raise25x" : 0.0015,
      "shove" : 0.0016999999999999997
    },
    "62o" : {
      "fold" : 1
    },
    "62s" : {
      "fold" : 0.99970000000000003
    },
    "63o" : {
      "fold" : 1
    },
    "63s" : {
      "call" : 0.0012000000000000001,
      "fold" : 0.99870000000000003
    },
    "64o" : {
      "fold" : 1
    },
    "64s" : {
      "fold" : 0.99909999999999999
    },
    "65o" : {
      "fold" : 1
    },
    "65s" : {
      "fold" : 0.99580000000000002,
      "shove" : 0.0023
    },
    "66" : {
      "call" : 0.0111,
      "fold" : 0.95860000000000001,
      "shove" : 0.030199999999999998
    },
    "72o" : {
      "fold" : 1
    },
    "72s" : {
      "fold" : 0.99990000000000001
    },
    "73o" : {
      "fold" : 0.99919999999999998
    },
    "73s" : {
      "fold" : 0.99880000000000002
    },
    "74o" : {
      "fold" : 1
    },
    "74s" : {
      "fold" : 0.99809999999999999
    },
    "75o" : {
      "fold" : 1
    },
    "75s" : {
      "call" : 0.0025000000000000001,
      "fold" : 0.99739999999999995
    },
    "76o" : {
      "fold" : 1
    },
    "76s" : {
      "call" : 0.0040000000000000001,
      "fold" : 0.99560000000000004
    },
    "77" : {
      "call" : 0.9385,
      "fold" : 0.0246,
      "shove" : 0.036799999999999999
    },
    "82o" : {
      "fold" : 1
    },
    "82s" : {
      "fold" : 1
    },
    "83o" : {
      "fold" : 1
    },
    "83s" : {
      "fold" : 0.99990000000000001
    },
    "84o" : {
      "fold" : 0.99980000000000002
    },
    "84s" : {
      "fold" : 0.99960000000000004
    },
    "85o" : {
      "fold" : 0.99990000000000001
    },
    "85s" : {
      "call" : 0.0013000000000000002,
      "fold" : 0.99809999999999999
    },
    "86o" : {
      "fold" : 0.99960000000000004
    },
    "86s" : {
      "fold" : 0.99960000000000004
    },
    "87o" : {
      "fold" : 0.99970000000000003
    },
    "87s" : {
      "fold" : 0.99670000000000003,
      "raise25x" : 0.0016999999999999997
    },
    "88" : {
      "call" : 0.65959999999999996,
      "fold" : 0.0229,
      "raise25x" : 0.2757,
      "shove" : 0.041799999999999997
    },
    "92o" : {
      "fold" : 1
    },
    "92s" : {
      "fold" : 0.99939999999999996
    },
    "93o" : {
      "fold" : 1
    },
    "93s" : {
      "fold" : 0.99970000000000003
    },
    "94o" : {
      "fold" : 1
    },
    "94s" : {
      "call" : 0.0015,
      "fold" : 0.99780000000000002
    },
    "95o" : {
      "fold" : 1
    },
    "95s" : {
      "fold" : 0.99960000000000004
    },
    "96o" : {
      "fold" : 0.99939999999999996
    },
    "96s" : {
      "call" : 0.0064000000000000003,
      "fold" : 0.99160000000000004,
      "shove" : 0.0013000000000000002
    },
    "97o" : {
      "fold" : 0.99929999999999997
    },
    "97s" : {
      "fold" : 0.99919999999999998
    },
    "98o" : {
      "fold" : 0.99950000000000006
    },
    "98s" : {
      "call" : 0.0047000000000000002,
      "fold" : 0.99229999999999996,
      "raise25x" : 0.0027000000000000001
    },
    "99" : {
      "call" : 0.81410000000000005,
      "raise25x" : 0.033600000000000005,
      "shove" : 0.15229999999999999
    },
    "A2o" : {
      "fold" : 0.99990000000000001
    },
    "A2s" : {
      "fold" : 0.99929999999999997
    },
    "A3o" : {
      "fold" : 0.99890000000000001
    },
    "A3s" : {
      "fold" : 0.99880000000000002
    },
    "A4o" : {
      "call" : 0.0015,
      "fold" : 0.99780000000000002
    },
    "A4s" : {
      "call" : 0.010699999999999998,
      "fold" : 0.98760000000000003,
      "raise25x" : 0.0014
    },
    "A5o" : {
      "call" : 0.0040999999999999995,
      "fold" : 0.99539999999999995
    },
    "A5s" : {
      "fold" : 0.98870000000000002,
      "raise25x" : 0.010699999999999998
    },
    "A6o" : {
      "fold" : 0.99980000000000002
    },
    "A6s" : {
      "call" : 0.044999999999999998,
      "fold" : 0.93959999999999999,
      "shove" : 0.015099999999999999
    },
    "A7o" : {
      "call" : 0.0030000000000000001,
      "fold" : 0.99660000000000004
    },
    "A7s" : {
      "call" : 0.29599999999999999,
      "fold" : 0.69750000000000001,
      "shove" : 0.0065000000000000006
    },
    "A8o" : {
      "call" : 0.0047000000000000002,
      "fold" : 0.995
    },
    "A8s" : {
      "call" : 0.28499999999999998,
      "fold" : 0.70240000000000002,
      "raise25x" : 0.0014,
      "shove" : 0.0112
    },
    "A9o" : {
      "call" : 0.013000000000000001,
      "fold" : 0.98640000000000005
    },
    "A9s" : {
      "call" : 0.15210000000000001,
      "fold" : 0.52339999999999998,
      "raise25x" : 0.0032000000000000002,
      "shove" : 0.32119999999999999
    },
    "AA" : {
      "raise25x" : 0.84160000000000001,
      "shove" : 0.15840000000000001
    },
    "AJo" : {
      "call" : 0.8105,
      "fold" : 0.017999999999999999,
      "raise25x" : 0.17130000000000001
    },
    "AJs" : {
      "call" : 0.7016,
      "fold" : 0.12770000000000001,
      "raise25x" : 0.042900000000000001,
      "shove" : 0.1278
    },
    "AKo" : {
      "call" : 0.0101,
      "raise25x" : 0.2913,
      "shove" : 0.6986
    },
    "AKs" : {
      "call" : 0.098299999999999998,
      "raise25x" : 0.46529999999999999,
      "shove" : 0.43640000000000001
    },
    "AQo" : {
      "call" : 0.10489999999999999,
      "raise25x" : 0.83750000000000002,
      "shove" : 0.057499999999999996
    },
    "AQs" : {
      "call" : 0.62150000000000005,
      "raise25x" : 0.0275,
      "shove" : 0.35099999999999998
    },
    "ATo" : {
      "call" : 0.073400000000000007,
      "fold" : 0.92179999999999995,
      "raise25x" : 0.0028,
      "shove" : 0.002
    },
    "ATs" : {
      "call" : 0.63,
      "fold" : 0.046200000000000005,
      "raise25x" : 0.0149,
      "shove" : 0.30890000000000001
    },
    "J2o" : {
      "fold" : 0.99980000000000002
    },
    "J2s" : {
      "call" : 0.0014,
      "fold" : 0.99860000000000004
    },
    "J3o" : {
      "fold" : 0.99990000000000001
    },
    "J3s" : {
      "fold" : 0.99960000000000004
    },
    "J4o" : {
      "fold" : 1
    },
    "J4s" : {
      "call" : 0.0033999999999999994,
      "fold" : 0.99619999999999997
    },
    "J5o" : {
      "fold" : 0.99990000000000001
    },
    "J5s" : {
      "call" : 0.0016000000000000001,
      "fold" : 0.99829999999999997
    },
    "J6o" : {
      "fold" : 1
    },
    "J6s" : {
      "fold" : 1
    },
    "J7o" : {
      "call" : 0.0018,
      "fold" : 0.99770000000000003
    },
    "J7s" : {
      "call" : 0.0016999999999999997,
      "fold" : 0.99780000000000002
    },
    "J8o" : {
      "fold" : 0.99980000000000002
    },
    "J8s" : {
      "call" : 0.0034999999999999996,
      "fold" : 0.99070000000000003,
      "raise25x" : 0.0036999999999999997,
      "shove" : 0.0021000000000000003
    },
    "J9o" : {
      "fold" : 0.99980000000000002
    },
    "J9s" : {
      "fold" : 0.99850000000000005
    },
    "JJ" : {
      "call" : 0.2923,
      "raise25x" : 0.70169999999999999,
      "shove" : 0.0060000000000000001
    },