{
  "format" : "NLHE_MTT_9MAX",
  "hands" : {
    "33" : {
      "call" : 0.018499999999999999,
      "fold" : 0.98150000000000004
    },
    "42s" : {
      "fold" : 0.99970000000000003
    },
    "43s" : {
      "call" : 0.0141,
      "fold" : 0.9859
    },
    "44" : {
      "call" : 0.079799999999999996,
      "fold" : 0.92020000000000002
    },
    "52s" : {
      "fold" : 0.99960000000000004
    },
    "53s" : {
      "call" : 0.0080000000000000002,
      "fold" : 0.99199999999999999
    },
    "54s" : {
      "call" : 0.0028999999999999998,
      "fold" : 0.99709999999999999
    },
    "55" : {
      "call" : 0.22420000000000001,
      "fold" : 0.77580000000000005
    },
    "66" : {
      "call" : 0.012500000000000001,
      "fold" : 0.98750000000000004
    },
    "74s" : {
      "call" : 0.014,
      "fold" : 0.98599999999999999
    },
    "75s" : {
      "call" : 0.0043,
      "fold" : 0.99570000000000003
    },
    "76s" : {
      "fold" : 0.99990000000000001
    },
    "77" : {
      "call" : 0.31090000000000001,
      "fold" : 0.68910000000000005
    },
    "86s" : {
      "call" : 0.013100000000000001,
      "fold" : 0.9869
    },
    "87s" : {
      "call" : 0.02,
      "fold" : 0.97999999999999998
    },
    "88" : {
      "call" : 0.027199999999999995,
      "fold" : 0.9728
    },
    "96s" : {
      "fold" : 0.99919999999999998
    },
    "97o" : {
      "fold" : 0.99960000000000004
    },
    "98s" : {
      "call" : 0.0097000000000000003,
      "fold" : 0.99029999999999996
    },
    "99" : {
      "call" : 0.98409999999999997,
      "fold" : 0.015900000000000001
    },
    "A2o" : {
      "call" : 0.002,
      "fold" : 0.998
    },
    "A2s" : {
      "fold" : 0.99909999999999999
    },
    "A3o" : {
      "fold" : 0.99960000000000004
    },
    "A3s" : {
      "call" : 0.0024000000000000002,
      "fold" : 0.99760000000000004
    },
    "A4o" : {
      "call" : 0.0012000000000000001,
      "fold" : 0.99880000000000002
    },
    "A4s" : {
      "call" : 0.011599999999999999,
      "fold" : 0.98839999999999995
    },
    "A5o" : {
      "fold" : 0.99939999999999996
    },
    "A5s" : {
      "call" : 0.0097000000000000003,
      "fold" : 0.99029999999999996
    },
    "A6o" : {
      "call" : 0.0015,
      "fold" : 0.99850000000000005
    },
    "A6s" : {
      "call" : 0.15040000000000001,
      "fold" : 0.84960000000000002
    },
    "A7o" : {
      "call" : 0.0042000000000000006,
      "fold" : 0.99580000000000002
    },
    "A7s" : {
      "call" : 0.2545,
      "fold" : 0.74550000000000005
    },
    "A8o" : {
      "call" : 0.0034999999999999996,
      "fold" : 0.99650000000000005
    },
    "A8s" : {
      "call" : 0.0024000000000000002,
      "fold" : 0.99760000000000004
    },
    "A9o" : {
      "call" : 0.0083000000000000001,
      "fold" : 0.99170000000000003
    },
    "A9s" : {
      "call" : 0.0064000000000000003,
      "fold" : 0.99360000000000004
    },
    "AA" : {
      "call" : 1
    },
    "AJo" : {
      "call" : 0.0054000000000000003,
      "fold" : 0.99460000000000004
    },
    "AJs" : {
      "call" : 0.373,
      "fold" : 0.627
    },
    "AKo" : {
      "call" : 0.99960000000000004
    },
    "AKs" : {
      "call" : 1
    },
    "AQo" : {
      "call" : 0.48199999999999998,
      "fold" : 0.51800000000000002
    },
    "AQs" : {
      "call" : 0.90090000000000003,
      "fold" : 0.099099999999999994
    },
    "ATo" : {
      "call" : 0.0073999999999999995,
      "fold" : 0.99260000000000004
    },
    "ATs" : {
      "call" : 0.2898,
      "fold" : 0.71020000000000005
    },
    "J2s" : {
      "fold" : 0.99970000000000003
    },
    "J3s" : {
      "call" : 0.0111,
      "fold" : 0.9889
    },
    "J6s" : {
      "fold" : 0.99939999999999996
    },
    "J7s" : {
      "call" : 0.0044000000000000003,
      "fold" : 0.99560000000000004
    },
    "J8o" : {
      "fold" : 0.99929999999999997
    },
    "J8s" : {
      "call" : 0.020200000000000003,
      "fold" : 0.9798
    },
    "J9o" : {
      "fold" : 0.99990000000000001
    },
    "J9s" : {
      "call" : 0.0016999999999999997,
      "fold" : 0.99829999999999997
    },
    "JJ" : {
      "call" : 0.99990000000000001
    },
    "JTo" : {
      "fold" : 0.99929999999999997
    },
    "JTs" : {
      "call" : 0.039799999999999995,
      "fold" : 0.96020000000000005
    },
    "K2s" : {
      "fold" : 0.99970000000000003
    },
    "K3o" : {
      "fold" : 0.99990000000000001
    },
    "K3s" : {
      "call" : 0.0025000000000000001,
      "fold" : 0.99750000000000005
    },
    "K4s" : {
      "fold" : 0.99980000000000002
    },
    "K5o" : {
      "fold" : 1
    },
    "K5s" : {
      "call" : 0.0034999999999999996,
      "fold" : 0.99650000000000005
    },
    "K6s" : {
      "fold" : 0.99960000000000004
    },
    "K7o" : {
      "fold" : 0.99939999999999996
    },
    "K7s" : {
      "fold" : 0.99929999999999997
    },
    "K8o" : {
      "call" : 0.0018,
      "fold" : 0.99819999999999998
    },
    "K8s" : {
      "call" : 0.0051000000000000004,
      "fold" : 0.99490000000000001
    },
    "K9o" : {
      "fold" : 0.99909999999999999
    },
    "K9s" : {
      "call" : 0.0094000000000000004,
      "fold" : 0.99060000000000004
    },
    "KJo" : {
      "fold" : 0.999
    },
    "KJs" : {
      "call" : 0.0135,
      "fold" : 0.98650000000000004
    },
    "KK" : {
      "call" : 0.99990000000000001
    },
    "KQo" : {
      "call" : 0.0053,
      "fold" : 0.99470000000000003
    },
    "KQs" : {
      "call" : 0.34860000000000002,
      "fold" : 0.65139999999999998
    },
    "KTo" : {
      "call" : 0.0015,
      "fold" : 0.99850000000000005
    },
    "KTs" : {
      "call" : 0.03570000000000001,
      "fold" : 0.96430000000000005
    },
    "Q2s" : {
      "fold" : 0.99950000000000006
    },
    "Q3s" : {
      "call" : 0.0024000000000000002,
      "fold" : 0.99760000000000004
    },
    "Q4s" : {
      "call" : 0.0030999999999999999,
      "fold" : 0.99690000000000001
    },
    "Q5s" : {
      "fold" : 0.99980000000000002
    },
    "Q6s" : {
      "call" : 0.0030999999999999999,
      "fold" : 0.99690000000000001
    },
    "Q7s" : {
      "call" : 0.0016999999999999997,
      "fold" : 0.99829999999999997
    },
    "Q8s" : {
      "call" : 0.027700000000000002,
      "fold" : 0.97230000000000005
    },
    "Q9o" : {
      "fold" : 0.99950000000000006
    },
    "Q9s" : {
      "call" : 0.0033,
      "fold" : 0.99670000000000003
    },
    "QJo" : {
      "call" : 0.0032000000000000002,
      "fold" : 0.99680000000000002
    },
    "QJs" : {
      "call" : 0.0021000000000000003,
      "fold" : 0.99790000000000001
    },
    "QQ" : {
      "call" : 0.99980000000000002
    },
    "QTo" : {
      "fold" : 0.999
    },
    "QTs" : {
      "call" : 0.022000000000000002,
      "fold" : 0.97799999999999998
    },
    "T4s" : {
      "fold" : 0.99919999999999998
    },
    "T6s" : {
      "call" : 0.013300000000000001,
      "fold" : 0.98670000000000002
    },
    "T7o" : {
      "call" : 0.0011000000000000001,
      "fold" : 0.99890000000000001
    },
    "T8o" : {
      "call" : 0.0016000000000000001,
      "fold" : 0.99839999999999995
    },
    "T8s" : {
      "call" : 0.077600000000000002,
      "fold" : 0.9224
    },
    "T9s" : {
      "call" : 0.073999999999999996,
      "fold" : 0.92600000000000005
    },
    "TT" : {
      "call" : 0.99750000000000005,
      "fold" : 0.0025000000000000001
    }
  },
  "id" : "mtt_9max_50bb_co_vs3betjam",
  "source" : {
    "description" : "Adapted from RangeConverter 8-max baseline.",
    "publisher" : {
      "accessedDate" : "2026-05-25",
      "name" : "RangeConverter",
      "product" : "Free Poker Charts — 8 max 1bb ante MTT GTO Ranges",
      "treeParams" : "2.5x open, 3.5x 3bet IP, 4.5x 3bet OOP, 2.3x 4bet IP, 2.75x 4bet OOP, SB vs BB 3.2bb",
      "url" : "https:\/\/rangeconverter.com\/free-poker-charts"
    },