{
  "format" : "NLHE_MTT_9MAX",
  "hands" : {
    "22" : {
      "call" : 0.038199999999999998,
      "fold" : 0.96179999999999999
    },
    "32o" : "fold",
    "32s" : {
      "call" : 0.0022000000000000001,
      "fold" : 0.99770000000000003
    },
    "33" : {
      "call" : 0.091799999999999993,
      "fold" : 0.90280000000000005,
      "raise25x" : 0.0054000000000000003
    },
    "42o" : "fold",
    "42s" : {
      "fold" : 0.99860000000000004,
      "raise25x" : 0.0012000000000000001
    },
    "43o" : "fold",
    "43s" : "fold",
    "44" : {
      "call" : 0.042799999999999991,
      "fold" : 0.94069999999999998,
      "raise25x" : 0.016399999999999998
    },
    "52o" : "fold",
    "52s" : {
      "call" : 0.0011000000000000001,
      "fold" : 0.99870000000000003
    },
    "53o" : "fold",
    "53s" : {
      "call" : 0.0060999999999999995,
      "fold" : 0.99329999999999996
    },
    "54o" : "fold",
    "54s" : {
      "call" : 0.033600000000000005,
      "fold" : 0.96550000000000002
    },
    "55" : {
      "call" : 0.013000000000000001,
      "fold" : 0.98509999999999998,
      "raise25x" : 0.0019
    },
    "62o" : "fold",
    "62s" : "fold",
    "63o" : "fold",
    "63s" : {
      "call" : 0.0152,
      "fold" : 0.98399999999999999
    },
    "64o" : "fold",
    "64s" : {
      "call" : 0.086200000000000013,
      "fold" : 0.91369999999999996
    },
    "65o" : "fold",
    "65s" : {
      "fold" : 0.99690000000000001,
      "raise25x" : 0.0028999999999999998
    },
    "66" : {
      "call" : 0.42620000000000002,
      "fold" : 0.56240000000000001,
      "raise25x" : 0.0114
    },
    "72o" : "fold",
    "72s" : {
      "call" : 0.0044999999999999997,
      "fold" : 0.99550000000000005
    },
    "73o" : "fold",
    "73s" : {
      "call" : 0.0036999999999999997,
      "fold" : 0.99529999999999996
    },
    "74o" : "fold",
    "74s" : {
      "call" : 0.0016000000000000001,
      "fold" : 0.99809999999999999
    },
    "75o" : "fold",
    "75s" : {
      "call" : 0.0057000000000000011,
      "fold" : 0.97889999999999999,
      "raise25x" : 0.0154
    },
    "76o" : "fold",
    "76s" : {
      "call" : 0.019800000000000002,
      "fold" : 0.98019999999999996
    },
    "77" : {
      "call" : 0.23999999999999999,
      "fold" : 0.75780000000000003,
      "raise25x" : 0.0022000000000000001
    },
    "82o" : "fold",
    "82s" : {
      "call" : 0.0021000000000000003,
      "fold" : 0.99690000000000001
    },
    "83o" : "fold",
    "83s" : {
      "call" : 0.0021000000000000003,
      "fold" : 0.99780000000000002
    },
    "84o" : "fold",
    "84s" : "fold",
    "85o" : "fold",
    "85s" : {
      "call" : 0.0018,
      "fold" : 0.99560000000000004,
      "raise25x" : 0.0026000000000000003
    },
    "86o" : "fold",
    "86s" : {
      "call" : 0.016800000000000002,
      "fold" : 0.98180000000000001,
      "raise25x" : 0.0014
    },
    "87o" : "fold",
    "87s" : "fold",
    "88" : {
      "call" : 0.97099999999999997,
      "fold" : 0.0172,
      "raise25x" : 0.0118
    },
    "92o" : "fold",
    "92s" : {
      "fold" : 0.99839999999999995
    },
    "93o" : "fold",
    "93s" : "fold",
    "94o" : "fold",
    "94s" : {
      "fold" : 0.996,
      "raise25x" : 0.0035999999999999999
    },
    "95o" : "fold",
    "95s" : "fold",
    "96o" : "fold",
    "96s" : {
      "call" : 0.11,
      "fold" : 0.88990000000000002
    },
    "97o" : "fold",
    "97s" : {
      "call" : 0.060999999999999999,
      "fold" : 0.93869999999999998
    },
    "98o" : {
      "call" : 0.0034999999999999996,
      "fold" : 0.99629999999999996
    },
    "98s" : {
      "call" : 0.113,
      "fold" : 0.87619999999999998,
      "raise25x" : 0.0109
    },
    "99" : {
      "call" : 0.65069999999999995,
      "raise25x" : 0.3493
    },
    "A2o" : "fold",
    "A2s" : {
      "call" : 0.1366,
      "fold" : 0.86040000000000005,
      "raise25x" : 0.0030000000000000001
    },
    "A3o" : {
      "call" : 0.0038999999999999998,
      "fold" : 0.99480000000000002,
      "raise25x" : 0.0012000000000000001
    },
    "A3s" : {
      "call" : 0.17119999999999999,
      "fold" : 0.82750000000000001,
      "raise25x" : 0.0012000000000000001
    },
    "A4o" : {
      "fold" : 0.99870000000000003,
      "raise25x" : 0.0012000000000000001
    },
    "A4s" : {
      "call" : 0.3553,
      "fold" : 0.61129999999999995,
      "raise25x" : 0.033399999999999999
    },
    "A5o" : {
      "call" : 0.0065000000000000006,
      "fold" : 0.99309999999999998
    },
    "A5s" : {
      "call" : 0.38529999999999998,
      "fold" : 0.61370000000000002
    },
    "A6o" : {
      "fold" : 0.99870000000000003
    },
    "A6s" : {
      "call" : 0.086099999999999996,
      "fold" : 0.87849999999999995,
      "raise25x" : 0.035400000000000001
    },
    "A7o" : {
      "call" : 0.019800000000000002,
      "fold" : 0.97950000000000004
    },
    "A7s" : {
      "call" : 0.026700000000000002,
      "fold" : 0.97199999999999998,
      "raise25x" : 0.0013000000000000002
    },
    "A8o" : {
      "call" : 0.0141,
      "fold" : 0.98540000000000005
    },
    "A8s" : {
      "call" : 0.69799999999999995,
      "fold" : 0.29970000000000002,
      "raise25x" : 0.0023
    },
    "A9o" : {
      "call" : 0.041100000000000005,
      "fold" : 0.95509999999999995,
      "raise25x" : 0.0038
    },
    "A9s" : {
      "call" : 0.11409999999999999,
      "fold" : 0.87990000000000002,
      "raise25x" : 0.0060000000000000001
    },
    "AA" : "raise25x",
    "AJo" : {
      "call" : 0.97370000000000001,
      "fold" : 0.0072999999999999992,
      "raise25x" : 0.019
    },
    "AJs" : {
      "call" : 0.56140000000000001,
      "fold" : 0.013000000000000001,
      "raise25x" : 0.42559999999999998
    },
    "AKo" : "raise25x",
    "AKs" : {
      "call" : 0.96779999999999999,
      "raise25x" : 0.032199999999999999
    },
    "AQo" : {
      "call" : 0.68710000000000004,
      "raise25x" : 0.31290000000000001
    },
    "AQs" : {
      "call" : 0.57540000000000002,
      "fold" : 0.17460000000000001,
      "raise25x" : 0.25
    },
    "ATo" : {
      "call" : 0.21160000000000001,
      "fold" : 0.66979999999999995,
      "raise25x" : 0.1186
    },
    "ATs" : {
      "call" : 0.39439999999999997,
      "fold" : 0.1638,
      "raise25x" : 0.44180000000000003
    },
    "J2o" : "fold",
    "J2s" : "fold",
    "J3o" : {
      "call" : 0.0011000000000000001,
      "fold" : 0.99890000000000001
    },
    "J3s" : {
      "call" : 0.010200000000000001,
      "fold" : 0.98929999999999996
    },
    "J4o" : "fold",
    "J4s" : {
      "call" : 0.4652,
      "fold" : 0.53180000000000005,
      "raise25x" : 0.0030999999999999999
    },
    "J5o" : "fold",
    "J5s" : {
      "call" : 0.0015,
      "fold" : 0.99339999999999995,
      "raise25x" : 0.0050000000000000001
    },
    "J6o" : "fold",
    "J6s" : {
      "fold" : 0.99219999999999997,
      "raise25x" : 0.0077999999999999996
    },
    "J7o" : "fold",
    "J7s" : {
      "call" : 0.036299999999999999,
      "fold" : 0.94650000000000001,
      "raise25x" : 0.0172
    },
    "J8o" : {
      "call" : 0.0014,
      "fold" : 0.99860000000000004
    },
    "J8s" : {
      "call" : 0.17849999999999999,
      "fold" : 0.82020000000000004,
      "raise25x" : 0.0012000000000000001
    },
    "J9o" : {
      "call" : 0.0023,
      "fold" : 0.99609999999999999,
      "raise25x" : 0.0016000000000000001
    },
    "J9s" : {
      "call" : 0.19109999999999999,
      "fold" : 0.79359999999999997,
      "raise25x" : 0.015299999999999999
    },
    "JJ" : {
      "call" : 0.86099999999999999,
      "raise25x" : 0.13900000000000001
    },
    "JTo" : {
      "fold" : 0.99750000000000005,
      "raise25x" : 0.0024000000000000002
    },
    "JTs" : {
      "call" : 0.18049999999999999,
      "fold" : 0.77259999999999995,
      "raise25x" : 0.046799999999999994
    },
    "K2o" : "fold",
    "K2s" : {
      "call" : 0.017299999999999999,
      "fold" : 0.96130000000000004,