{
  "format" : "NLHE_MTT_9MAX",
  "hands" : {
    "22" : {
      "call" : 1
    },
    "32s" : {
      "call" : 1
    },
    "33" : {
      "call" : 1
    },
    "42s" : {
      "call" : 1
    },
    "43o" : {
      "call" : 0.98499999999999999,
      "fold" : 0.014999999999999999
    },
    "43s" : {
      "call" : 1
    },
    "44" : {
      "call" : 1
    },
    "52s" : {
      "call" : 1
    },
    "53o" : {
      "call" : 1
    },
    "53s" : {
      "call" : 1
    },
    "54o" : {
      "call" : 1
    },
    "54s" : {
      "call" : 1
    },
    "55" : {
      "call" : 0.69510000000000005,
      "raise25x" : 0.17499999999999999,
      "shove" : 0.12989999999999999
    },
    "62s" : {
      "call" : 1
    },
    "63s" : {
      "call" : 1
    },
    "64o" : {
      "call" : 1
    },
    "64s" : {
      "call" : 1
    },
    "65o" : {
      "call" : 1
    },
    "65s" : {
      "call" : 1
    },
    "66" : {
      "call" : 0.98009999999999997,
      "raise25x" : 0.019899999999999998
    },
    "72s" : {
      "call" : 1
    },
    "73s" : {
      "call" : 1
    },
    "74s" : {
      "call" : 1
    },
    "75o" : {
      "call" : 1
    },
    "75s" : {
      "call" : 1
    },
    "76o" : {
      "call" : 1
    },
    "76s" : {
      "call" : 1
    },
    "77" : {
      "call" : 0.91500000000000004,
      "raise25x" : 0.084999999999999992
    },
    "82s" : {
      "call" : 1
    },
    "83s" : {
      "call" : 1
    },
    "84s" : {
      "call" : 1
    },
    "85s" : {
      "call" : 1
    },
    "86o" : {
      "call" : 1
    },
    "86s" : {
      "call" : 1
    },
    "87o" : {
      "call" : 1
    },
    "87s" : {
      "call" : 1
    },
    "88" : {
      "call" : 0.81010000000000004,
      "raise25x" : 0.18990000000000001
    },
    "92s" : {
      "call" : 1
    },
    "93s" : {
      "call" : 1
    },
    "94s" : {
      "call" : 1
    },
    "95s" : {
      "call" : 1
    },
    "96o" : {
      "call" : 0.90010000000000001,
      "fold" : 0.099900000000000003
    },
    "96s" : {
      "call" : 1
    },
    "97o" : {
      "call" : 1
    },
    "97s" : {
      "call" : 1
    },
    "98o" : {
      "call" : 1
    },
    "98s" : {
      "call" : 1
    },
    "99" : {
      "call" : 0.34989999999999999,
      "raise25x" : 0.65010000000000001
    },
    "A2o" : {
      "call" : 0.93020000000000003,
      "raise25x" : 0.069800000000000001
    },
    "A2s" : {
      "call" : 1
    },
    "A3o" : {
      "call" : 0.97009999999999996,
      "raise25x" : 0.029899999999999999
    },
    "A3s" : {
      "call" : 1
    },
    "A4o" : {
      "call" : 0.83999999999999997,
      "raise25x" : 0.16
    },
    "A4s" : {
      "call" : 0.40000000000000002,
      "shove" : 0.59999999999999998
    },
    "A5o" : {
      "call" : 0.72009999999999996,
      "raise25x" : 0.16,
      "shove" : 0.11990000000000001
    },
    "A5s" : {
      "call" : 0.68000000000000005,
      "shove" : 0.32000000000000001
    },
    "A6o" : {
      "call" : 1
    },
    "A6s" : {
      "call" : 1
    },
    "A7o" : {
      "call" : 0.89510000000000001,
      "raise25x" : 0.10489999999999999
    },
    "A7s" : {
      "call" : 1
    },
    "A8o" : {
      "call" : 0.90500000000000003,
      "raise25x" : 0.095000000000000001
    },
    "A8s" : {
      "call" : 1
    },
    "A9o" : {
      "call" : 0.81010000000000004,
      "raise25x" : 0.18990000000000001
    },
    "A9s" : {
      "call" : 1
    },
    "AA" : {
      "raise25x" : 1
    },
    "AJo" : {
      "call" : 1
    },
    "AJs" : {
      "call" : 1
    },
    "AKo" : {
      "raise25x" : 0.029899999999999999,
      "shove" : 0.97009999999999996
    },
    "AKs" : {
      "raise25x" : 1
    },
    "AQo" : {
      "call" : 0.66010000000000002,
      "raise25x" : 0.33989999999999998
    },
    "AQs" : {
      "call" : 0.625,
      "raise25x" : 0.375
    },
    "ATo" : {
      "call" : 0.69499999999999995,
      "raise25x" : 0.30499999999999999
    },
    "ATs" : {
      "call" : 1
    },
    "J2s" : {
      "call" : 1
    },
    "J3s" : {
      "call" : 1
    },
    "J4s" : {
      "call" : 1
    },
    "J5s" : {
      "call" : 1
    },
    "J6s" : {
      "call" : 1
    },
    "J7s" : {
      "call" : 1
    },
    "J8o" : {
      "call" : 1
    },
    "J8s" : {
      "call" : 1
    },
    "J9o" : {
      "call" : 1
    },
    "J9s" : {
      "call" : 1
    },
    "JJ" : {
      "raise25x" : 0.27989999999999998,
      "shove" : 0.72009999999999996
    },
    "JTo" : {
      "call" : 1
    },
    "JTs" : {
      "call" : 1
    },
    "K2s" : {
      "call" : 1
    },
    "K3o" : {
      "call" : 0.52739999999999998,
      "fold" : 0.44790000000000002,
      "raise25x" : 0.0247
    },
    "K3s" : {
      "call" : 1
    },
    "K4o" : {
      "call" : 1
    },
    "K4s" : {
      "call" : 1
    },
    "K5o" : {
      "call" : 0.97509999999999997,
      "raise25x" : 0.024899999999999999
    },
    "K5s" : {
      "call" : 1
    },
    "K6o" : {
      "call" : 0.94020000000000004,
      "raise25x" : 0.059799999999999999
    },
    "K6s" : {
      "call" : 1
    },
    "K7o" : {
      "call" : 1
    },
    "K7s" : {
      "call" : 1
    },
    "K8o" : {
      "call" : 1
    },
    "K8s" : {
      "call" : 1
    },
    "K9o" : {
      "call" : 0.95009999999999994,
      "raise25x" : 0.0499
    },
    "K9s" : {
      "call" : 1
    },
    "KJo" : {
      "call" : 0.91500000000000004,
      "raise25x" : 0.084999999999999992
    },
    "KJs" : {
      "call" : 1
    },
    "KK" : {
      "raise25x" : 1
    },
    "KQo" : {
      "call" : 0.97009999999999996,
      "raise25x" : 0.029899999999999999
    },
    "KQs" : {
      "call" : 1
    },
    "KTo" : {
      "call" : 0.69499999999999995,
      "raise25x" : 0.30499999999999999
    },
    "KTs" : {
      "call" : 1
    },
    "Q2s" : {
      "call" : 1
    },
    "Q3s" : {
      "call" : 1
    },
    "Q4s" : {
      "call" : 1
    },
    "Q5o" : {
      "call" : 0.8901,
      "fold" : 0.1099
    },
    "Q5s" : {
      "call" : 1
    },
    "Q6o" : {
      "call" : 1
    },
    "Q6s" : {
      "call" : 1
    },
    "Q7o" : {
      "call" : 1
    },
    "Q7s" : {
      "call" : 1
    },
    "Q8o" : {
      "call" : 0.97009999999999996,
      "raise25x" : 0.029899999999999999
    },
    "Q8s" : {
      "call" : 1
    },
    "Q9o" : {
      "call" : 0.98499999999999999,
      "raise25x" : 0.014999999999999999
    },
    "Q9s" : {
      "call" : 1
    },
    "QJo" : {
      "call" : 0.84499999999999997,
      "raise25x" : 0.155
    },
    "QJs" : {
      "shove" : 1
    },
    "QQ" : {
      "raise25x" : 1
    },
    "QTo" : {
      "call" : 1
    },
    "QTs" : {
      "call" : 1
    },
    "T2s" : {
      "call" : 1
    },
    "T3s" : {
      "call" : 1
    },
    "T4s" : {
      "call" : 1
    },
    "T5s" : {
      "call" : 1
    },
    "T6s" : {
      "call" : 1
    },
    "T7o" : {
      "call" : 1
    },
    "T7s" : {
      "call" : 1
    },
    "T8o" : {
      "call" : 1
    },
    "T8s" : {
      "call" : 1
    },
    "T9o" : {
      "call" : 1
    },
    "T9s" : {
      "call" : 1
    },
    "TT" : {
      "raise25x" : 0.080000000000000002,
      "shove" : 0.92000000000000004
    }
  },
  "id" : "mtt_9max_25bb_bb_vsopen_vs_utg1",
  "source" : {
    "description" : "Adapted from RangeConverter 8-max baseline.",
    "publisher" : {
      "accessedDate" : "2026-06-01",
      "name" : "RangeConverter",
      "product" : "Free Poker Charts — 8 max 1bb ante MTT GTO Ranges",
      "treeParams" : "2.5x open, 3.5x 3bet IP, 4.5x 3bet OOP, 2.3x 4bet IP, 2.75x 4bet OOP, SB vs BB 3.2bb",
      "url" : "https:\/\/rangeconverter.com\/free-poker-charts"
    },
    "solver" : {
      "assumptions" : "Frequencies rounded to nearest 25% per source. ChipEV (non-ICM). 1bb (12.5%) big-blind ante. Copied verbatim from 8-max BB (same effective seat in 9-max)."
    },
    "type" : "published"
  },
  "spot" : {
    "anteType" : "bigBlindAnte",
    "facingAction" : "vsOpen",