{
  "format" : "NLHE_MTT_9MAX",
  "hands" : {
    "22" : {
      "call" : 1
    },
    "33" : {
      "call" : 1
    },
    "44" : {
      "call" : 1
    },
    "54s" : {
      "call" : 1
    },
    "55" : {
      "call" : 0.64200000000000002,
      "fold" : 0.35799999999999998
    },
    "65s" : {
      "call" : 1
    },
    "66" : {
      "call" : 0.96409999999999996,
      "fold" : 0.035900000000000001
    },
    "76s" : {
      "call" : 0.86699999999999999,
      "fold" : 0.13300000000000001
    },
    "77" : {
      "call" : 0.81200000000000006,
      "fold" : 0.188
    },
    "87s" : {
      "call" : 0.36520000000000002,
      "fold" : 0.63480000000000003
    },
    "88" : {
      "call" : 0.85670000000000002,
      "fold" : 0.065600000000000019,
      "raise25x" : 0.077700000000000005
    },
    "99" : {
      "call" : 1
    },
    "A4s" : {
      "call" : 0.0057999999999999996,
      "fold" : 0.80220000000000002,
      "raise25x" : 0.192
    },
    "A5s" : {
      "call" : 0.37609999999999999,
      "raise25x" : 0.62390000000000001
    },
    "A8s" : {
      "call" : 0.1477,
      "fold" : 0.66290000000000004,
      "raise25x" : 0.18940000000000001
    },
    "A9s" : {
      "call" : 0.72599999999999998,
      "fold" : 0.27400000000000002
    },
    "AA" : {
      "raise25x" : 1
    },
    "AJs" : {
      "call" : 1
    },
    "AKo" : {
      "call" : 0.3619,
      "raise25x" : 0.6381
    },
    "AKs" : {
      "raise25x" : 1
    },
    "AQo" : {
      "call" : 0.40389999999999998,
      "raise25x" : 0.59609999999999996
    },
    "AQs" : {
      "call" : 1
    },
    "ATs" : {
      "call" : 0.51190000000000002,
      "raise25x" : 0.48809999999999998
    },
    "JJ" : {
      "call" : 0.56410000000000005,
      "raise25x" : 0.43590000000000001
    },
    "JTs" : {
      "call" : 0.91000000000000003,
      "raise25x" : 0.089999999999999997
    },
    "K6s" : {
      "fold" : 0.87009999999999998,
      "raise25x" : 0.12989999999999999
    },
    "K9s" : {
      "fold" : 0.60209999999999997,
      "raise25x" : 0.39789999999999998
    },
    "KJs" : {
      "call" : 0.099900000000000003,
      "raise25x" : 0.90010000000000001
    },
    "KK" : {
      "raise25x" : 1
    },
    "KQo" : {
      "fold" : 0.89800000000000002,
      "raise25x" : 0.10199999999999999
    },
    "KQs" : {
      "call" : 1
    },
    "KTs" : {
      "call" : 0.73409999999999997,
      "raise25x" : 0.26590000000000003
    },
    "QJs" : {
      "call" : 0.54810000000000003,
      "fold" : 0.32000000000000001,
      "raise25x" : 0.13189999999999999
    },
    "QQ" : {
      "call" : 0.18390000000000001,
      "raise25x" : 0.81610000000000005
    },
    "QTs" : {
      "call" : 0.81010000000000004,
      "fold" : 0.18990000000000001
    },
    "T9s" : {
      "call" : 0.73409999999999997,
      "fold" : 0.26590000000000003
    },
    "TT" : {
      "call" : 0.68999999999999995,
      "raise25x" : 0.31
    }
  },
  "id" : "mtt_9max_100bb_lj_vs3bet",
  "source" : {
    "description" : "Adapted from RangeConverter 8-max baseline.",
    "publisher" : {
      "accessedDate" : "2026-06-01",
      "name" : "RangeConverter",
      "product" : "Free Poker Charts — 8 max 1bb ante MTT GTO Ranges",
      "treeParams" : "2.5x open, 3.5x 3bet IP, 4.5x 3bet OOP, 2.3x 4bet IP, 2.75x 4bet OOP, SB vs BB 3.2bb",
      "url" : "https:\/\/rangeconverter.com\/free-poker-charts"
    },
    "solver" : {
      "assumptions" : "Frequencies rounded to nearest 25% per source. ChipEV (non-ICM). 1bb (12.5%) big-blind ante. Copied verbatim from 8-max LJ (same effective seat in 9-max)."
    },
    "type" : "published"
  },
  "spot" : {
    "anteType" : "bigBlindAnte",
    "facingAction" : "vs3Bet",
    "position" : "LJ",
    "stackDepthBB" : 100
  }
}