{
  "format" : "NLHE_MTT_8MAX",
  "hands" : {
    "44" : {
      "call" : 1
    },
    "55" : {
      "call" : 0.92000000000000004,
      "shove" : 0.080000000000000002
    },
    "66" : {
      "call" : 0.78810000000000002,
      "shove" : 0.21190000000000001
    },
    "76s" : {
      "call" : 1
    },
    "77" : {
      "call" : 0.99209999999999998,
      "fold" : 0.0079000000000000008
    },
    "87s" : {
      "call" : 1
    },
    "88" : {
      "call" : 1
    },
    "98s" : {
      "call" : 0.26790000000000003,
      "fold" : 0.73209999999999997
    },
    "99" : {
      "call" : 1
    },
    "A3s" : {
      "shove" : 1
    },
    "A4s" : {
      "shove" : 1
    },
    "A5s" : {
      "shove" : 1
    },
    "A6s" : {
      "call" : 0.20399999999999999,
      "fold" : 0.79600000000000004
    },
    "A9s" : {
      "call" : 0.98209999999999997,
      "fold" : 0.017899999999999999
    },
    "AA" : {
      "call" : 0.28399999999999997,
      "shove" : 0.71599999999999997
    },
    "AJs" : {
      "call" : 1
    },
    "AKo" : {
      "shove" : 1
    },
    "AKs" : {
      "shove" : 1
    },
    "AQo" : {
      "call" : 1
    },
    "AQs" : {
      "call" : 1
    },
    "ATs" : {
      "call" : 0.98009999999999997,
      "shove" : 0.019900000000000001
    },
    "JJ" : {
      "shove" : 1
    },
    "JTs" : {
      "call" : 1
    },
    "K6s" : {
      "call" : 1
    },
    "K8s" : {
      "call" : 0.0339,
      "fold" : 0.96609999999999996
    },
    "K9s" : {
      "call" : 0.59799999999999998,
      "fold" : 0.40200000000000002
    },
    "KJs" : {
      "call" : 1
    },
    "KK" : {
      "shove" : 1
    },
    "KQo" : {
      "call" : 0.059799999999999999,
      "fold" : 0.94020000000000004
    },
    "KQs" : {
      "call" : 1
    },
    "KTs" : {
      "call" : 1
    },
    "QJs" : {
      "call" : 0.49199999999999999,
      "fold" : 0.50800000000000001
    },
    "QQ" : {
      "shove" : 1
    },
    "QTs" : {
      "call" : 1
    },
    "T8s" : {
      "call" : 0.16189999999999999,
      "fold" : 0.83809999999999996
    },
    "T9s" : {
      "call" : 1
    },
    "TT" : {
      "call" : 1
    }
  },
  "id" : "mtt_8max_50bb_utg1_vs3bet",
  "source" : {
    "description" : "RangeConverter free PDF — 8-max 50bb 1bb ante (12.5%).",
    "publisher" : {
      "accessedDate" : "2026-06-01",
      "name" : "RangeConverter",
      "product" : "Free Poker Charts — 8 max 1bb ante MTT GTO Ranges",
      "treeParams" : "poker.academy CE-Symmetric Regular @ 50bb (GTO ChipEV, 1bb ante)",
      "url" : "https:\/\/rangeconverter.com\/free-poker-charts"
    },
    "solver" : {
      "assumptions" : "Frequencies rounded to nearest 25% per source. ChipEV (non-ICM). 1bb (12.5%) big-blind ante."
    },
    "type" : "published"
  },
  "spot" : {
    "anteType" : "bigBlindAnte",
    "facingAction" : "vs3Bet",
    "position" : "UTG1",
    "stackDepthBB" : 50
  }
}