{
  "format" : "NLHE_MTT_9MAX",
  "hands" : {
    "22" : {
      "call" : 0.032199999999999999,
      "fold" : 0.96779999999999999
    },
    "32s" : {
      "call" : 0.0032000000000000002,
      "fold" : 0.99680000000000002
    },
    "33" : {
      "call" : 0.028300000000000002,
      "fold" : 0.97170000000000001
    },
    "42s" : {
      "fold" : 1
    },
    "44" : {
      "call" : 0.44019999999999998,
      "fold" : 0.55979999999999996
    },
    "53o" : {
      "fold" : 1
    },
    "53s" : {
      "call" : 0.0048000000000000004,
      "fold" : 0.99519999999999997
    },
    "54s" : {
      "call" : 0.0060999999999999995,
      "fold" : 0.99390000000000001
    },
    "55" : {
      "call" : 0.34639999999999999,
      "fold" : 0.65359999999999996
    },
    "62s" : {
      "fold" : 0.99950000000000006
    },
    "64s" : {
      "call" : 0.0016000000000000001,
      "fold" : 0.99839999999999995
    },
    "66" : {
      "call" : 0.161,
      "fold" : 0.83899999999999997
    },
    "72s" : {
      "fold" : 1
    },
    "73o" : {
      "fold" : 0.99990000000000001
    },
    "73s" : {
      "fold" : 0.99950000000000006
    },
    "74s" : {
      "call" : 0.0051000000000000004,
      "fold" : 0.99490000000000001
    },
    "75o" : {
      "fold" : 1
    },
    "75s" : {
      "call" : 0.030699999999999998,
      "fold" : 0.96930000000000005
    },
    "76o" : {
      "call" : 0.0021000000000000003,
      "fold" : 0.99790000000000001
    },
    "76s" : {
      "call" : 0.0066,
      "fold" : 0.99339999999999995
    },
    "77" : {
      "call" : 0.1575,
      "fold" : 0.84250000000000003
    },
    "82s" : {
      "fold" : 0.99990000000000001
    },
    "83o" : {
      "fold" : 0.99980000000000002
    },
    "83s" : {
      "call" : 0.0060999999999999995,
      "fold" : 0.99390000000000001
    },
    "84o" : {
      "fold" : 0.99990000000000001
    },
    "84s" : {
      "call" : 0.0060999999999999995,
      "fold" : 0.99390000000000001
    },
    "85o" : {
      "fold" : 0.99960000000000004
    },
    "85s" : {
      "call" : 0.0047000000000000002,
      "fold" : 0.99529999999999996
    },
    "86o" : {
      "fold" : 1
    },
    "86s" : {
      "call" : 0.0018,
      "fold" : 0.99819999999999998
    },
    "87s" : {
      "call" : 0.0018,
      "fold" : 0.99819999999999998
    },
    "88" : {
      "call" : 0.95989999999999998,
      "fold" : 0.040099999999999997
    },
    "93o" : {
      "call" : 0.0022000000000000001,
      "fold" : 0.99780000000000002
    },
    "93s" : {
      "fold" : 0.99990000000000001
    },
    "94s" : {
      "call" : 0.014799999999999999,
      "fold" : 0.98519999999999996
    },
    "95s" : {
      "fold" : 1
    },
    "96s" : {
      "fold" : 1
    },
    "97o" : {
      "fold" : 1
    },
    "97s" : {
      "call" : 0.0055999999999999991,
      "fold" : 0.99439999999999995
    },
    "98o" : {
      "call" : 0.0040999999999999995,
      "fold" : 0.99590000000000001
    },
    "98s" : {
      "call" : 0.0147,
      "fold" : 0.98529999999999995
    },
    "99" : {
      "call" : 0.95640000000000003,
      "fold" : 0.0436
    },
    "A2o" : {
      "call" : 0.017399999999999999,
      "fold" : 0.98260000000000003
    },
    "A2s" : {
      "call" : 0.0016000000000000001,
      "fold" : 0.99839999999999995
    },
    "A3o" : {
      "call" : 0.0060999999999999995,
      "fold" : 0.99390000000000001
    },
    "A3s" : {
      "call" : 0.056500000000000009,
      "fold" : 0.94350000000000001
    },
    "A4o" : {
      "call" : 0.0083000000000000001,
      "fold" : 0.99170000000000003
    },
    "A4s" : {
      "call" : 0.0332,
      "fold" : 0.96679999999999999
    },
    "A5o" : {
      "call" : 0.0012000000000000001,
      "fold" : 0.99880000000000002
    },
    "A5s" : {
      "call" : 0.0026000000000000003,
      "fold" : 0.99739999999999995
    },
    "A6o" : {
      "call" : 0.0036999999999999997,
      "fold" : 0.99629999999999996
    },
    "A6s" : {
      "call" : 0.27629999999999999,
      "fold" : 0.72370000000000001
    },
    "A7o" : {
      "call" : 0.0032000000000000002,
      "fold" : 0.99680000000000002
    },
    "A7s" : {
      "call" : 0.013900000000000001,
      "fold" : 0.98609999999999998
    },
    "A8o" : {
      "call" : 0.0118,
      "fold" : 0.98819999999999997
    },
    "A8s" : {
      "call" : 0.13789999999999999,
      "fold" : 0.86209999999999998
    },
    "A9o" : {
      "call" : 0.0036999999999999997,
      "fold" : 0.99629999999999996
    },
    "A9s" : {
      "call" : 0.90229999999999999,
      "fold" : 0.097699999999999995
    },
    "AA" : {
      "call" : 1
    },
    "AJo" : {
      "call" : 0.98699999999999999,
      "fold" : 0.013000000000000001
    },
    "AJs" : {
      "call" : 0.99929999999999997
    },
    "AKo" : {
      "call" : 1
    },
    "AKs" : {
      "call" : 0.999
    },
    "AQo" : {
      "call" : 1
    },
    "AQs" : {
      "call" : 0.99970000000000003
    },
    "ATo" : {
      "call" : 0.0286,
      "fold" : 0.97140000000000004
    },
    "ATs" : {
      "call" : 0.54830000000000001,
      "fold" : 0.45169999999999999
    },
    "J2s" : {
      "call" : 0.0012000000000000001,
      "fold" : 0.99880000000000002
    },
    "J3s" : {
      "fold" : 0.99960000000000004
    },
    "J4o" : {
      "fold" : 0.99970000000000003
    },
    "J4s" : {
      "call" : 0.0030999999999999999,
      "fold" : 0.99690000000000001
    },
    "J5s" : {
      "call" : 0.0040999999999999995,
      "fold" : 0.99590000000000001
    },
    "J6s" : {
      "fold" : 0.99909999999999999
    },
    "J7o" : {
      "fold" : 0.99970000000000003
    },
    "J7s" : {
      "call" : 0.0034999999999999996,
      "fold" : 0.99650000000000005
    },
    "J8o" : {
      "call" : 0.0025000000000000001,
      "fold" : 0.99750000000000005
    },
    "J8s" : {
      "fold" : 0.99909999999999999
    },
    "J9o" : {
      "call" : 0.0015,
      "fold" : 0.99850000000000005
    },
    "J9s" : {
      "fold" : 0.99970000000000003
    },
    "JJ" : {
      "call" : 1
    },
    "JTo" : {
      "fold" : 0.99990000000000001
    },
    "JTs" : {
      "fold" : 0.99939999999999996
    },
    "K2s" : {
      "fold" : 1
    },
    "K3o" : {
      "fold" : 0.99980000000000002
    },
    "K3s" : {
      "call" : 0.0083000000000000001,
      "fold" : 0.99170000000000003
    },
    "K4o" : {
      "call" : 0.0014,
      "fold" : 0.99860000000000004
    },
    "K4s" : {
      "call" : 0.0011000000000000001,
      "fold" : 0.99890000000000001
    },
    "K5o" : {
      "fold" : 0.99970000000000003
    },
    "K5s" : {
      "call" : 0.030300000000000004,
      "fold" : 0.96970000000000001
    },
    "K6o" : {
      "call" : 0.0013000000000000002,
      "fold" : 0.99870000000000003
    },
    "K6s" : {
      "call" : 0.0032000000000000002,
      "fold" : 0.99680000000000002
    },
    "K7o" : {
      "call" : 0.0011000000000000001,
      "fold" : 0.99890000000000001
    },
    "K7s" : {
      "call" : 0.0022000000000000001,
      "fold" : 0.99780000000000002
    },
    "K8o" : {
      "call" : 0.0033999999999999994,
      "fold" : 0.99660000000000004
    },
    "K8s" : {
      "call" : 0.076899999999999996,
      "fold" : 0.92310000000000003
    },
    "K9o" : {
      "call" : 0.015299999999999999,
      "fold" : 0.98470000000000002
    },
    "K9s" : {
      "call" : 0.016899999999999995,
      "fold" : 0.98309999999999997
    },
    "KJo" : {
      "call" : 0.0172,
      "fold" : 0.98280000000000001
    },
    "KJs" : {
      "call" : 0.0814,
      "fold" : 0.91859999999999997
    },
    "KK" : {
      "call" : 1
    },
    "KQo" : {
      "call" : 0.047299999999999995,
      "fold" : 0.95269999999999999
    },
    "KQs" : {
      "call" : 0.99529999999999996,
      "fold" : 0.0047000000000000002
    },
    "KTo" : {
      "call" : 0.0013000000000000002,
      "fold" : 0.99870000000000003
    },
    "KTs" : {
      "call" : 0.063299999999999981,
      "fold" : 0.93669999999999998
    },