{
  "format" : "NLHE_MTT_8MAX",
  "hands" : {
    "22" : {
      "call" : 0.36849999999999999,
      "fold" : 0.63149999999999995
    },
    "33" : {
      "call" : 0.50349999999999995,
      "fold" : 0.4965
    },
    "44" : {
      "call" : 0.91810000000000003,
      "fold" : 0.081900000000000001
    },
    "54s" : {
      "call" : 1
    },
    "55" : {
      "call" : 0.97819999999999996,
      "fold" : 0.0218
    },
    "65s" : {
      "call" : 1
    },
    "66" : {
      "call" : 1
    },
    "76s" : {
      "call" : 1
    },
    "77" : {
      "call" : 1
    },
    "87s" : {
      "call" : 0.94199999999999995,
      "fold" : 0.058000000000000003
    },
    "88" : {
      "call" : 1
    },
    "98s" : {
      "call" : 0.75209999999999999,
      "fold" : 0.24790000000000001
    },
    "99" : {
      "call" : 1
    },
    "A2s" : {
      "call" : 0.12189999999999999,
      "fold" : 0.69410000000000005,
      "raise3x" : 0.184
    },
    "A3s" : {
      "call" : 1
    },
    "A4s" : {
      "call" : 1
    },
    "A5s" : {
      "call" : 1
    },
    "A6s" : {
      "call" : 1
    },
    "A7s" : {
      "call" : 1
    },
    "A8s" : {
      "call" : 1
    },
    "A9s" : {
      "call" : 1
    },
    "AA" : {
      "call" : 0.878,
      "raise3x" : 0.122
    },
    "AJo" : {
      "call" : 0.83020000000000005,
      "fold" : 0.029899999999999999,
      "raise3x" : 0.1399
    },
    "AJs" : {
      "call" : 1
    },
    "AKo" : {
      "call" : 0.099900000000000003,
      "raise3x" : 0.30399999999999999,
      "shove" : 0.59609999999999996
    },
    "AKs" : {
      "call" : 1
    },
    "AQo" : {
      "call" : 1
    },
    "AQs" : {
      "call" : 1
    },
    "ATs" : {
      "call" : 1
    },
    "J9s" : {
      "call" : 1
    },
    "JJ" : {
      "call" : 0.93810000000000004,
      "raise3x" : 0.061899999999999997
    },
    "JTs" : {
      "call" : 1
    },
    "K5s" : {
      "fold" : 0.96409999999999996,
      "raise3x" : 0.035900000000000001
    },
    "K6s" : {
      "call" : 0.88819999999999999,
      "fold" : 0.0118,
      "raise3x" : 0.10000000000000001
    },
    "K7s" : {
      "call" : 0.064000000000000001,
      "fold" : 0.8841,
      "raise3x" : 0.051900000000000002
    },
    "K8s" : {
      "call" : 0.24349999999999999,
      "fold" : 0.62870000000000004,
      "raise3x" : 0.1278
    },
    "K9s" : {
      "call" : 0.89400000000000002,
      "raise3x" : 0.106
    },
    "KJo" : {
      "call" : 0.29999999999999999,
      "fold" : 0.69999999999999996
    },
    "KJs" : {
      "call" : 1
    },
    "KK" : {
      "call" : 0.40810000000000002,
      "raise3x" : 0.59189999999999998
    },
    "KQo" : {
      "call" : 0.98209999999999997,
      "raise3x" : 0.017899999999999999
    },
    "KQs" : {
      "call" : 1
    },
    "KTo" : {
      "fold" : 0.99209999999999998,
      "raise3x" : 0.0079000000000000008
    },
    "KTs" : {
      "call" : 1
    },
    "Q9s" : {
      "call" : 0.186,
      "fold" : 0.81399999999999995
    },
    "QJs" : {
      "call" : 1
    },
    "QQ" : {
      "call" : 0.52790000000000004,
      "shove" : 0.47210000000000002
    },
    "QTs" : {
      "call" : 1
    },
    "T8s" : {
      "call" : 1
    },
    "T9s" : {
      "call" : 1
    },
    "TT" : {
      "call" : 1
    }
  },
  "id" : "mtt_8max_70bb_hj_vs3bet_vs_sb",
  "source" : {
    "description" : "RangeConverter free PDF — 8-max 70bb 1bb ante (12.5%).",
    "publisher" : {
      "accessedDate" : "2026-06-01",
      "name" : "RangeConverter",
      "product" : "Free Poker Charts — 8 max 1bb ante MTT GTO Ranges",
      "treeParams" : "poker.academy CE-Symmetric Regular @ 70bb (GTO ChipEV, 1bb ante)",
      "url" : "https:\/\/rangeconverter.com\/free-poker-charts"
    },
    "solver" : {
      "assumptions" : "Frequencies rounded to nearest 25% per source. ChipEV (non-ICM). 1bb (12.5%) big-blind ante."
    },
    "type" : "published"
  },
  "spot" : {
    "anteType" : "bigBlindAnte",
    "facingAction" : "vs3Bet",
    "opponentPosition" : "SB",
    "position" : "HJ",
    "stackDepthBB" : 70
  }
}