{
  "format" : "NLHE_MTT_8MAX",
  "hands" : {
    "44" : {
      "call" : 0.095000000000000001,
      "fold" : 0.90500000000000003
    },
    "54s" : {
      "call" : 0.13980000000000001,
      "fold" : 0.86019999999999996
    },
    "55" : {
      "call" : 0.1348,
      "fold" : 0.86519999999999997
    },
    "66" : {
      "call" : 0.29999999999999999,
      "fold" : 0.69999999999999996
    },
    "76s" : {
      "call" : 0.014999999999999999,
      "fold" : 0.98499999999999999
    },
    "77" : {
      "call" : 0.33160000000000001,
      "fold" : 0.66839999999999999
    },
    "88" : {
      "call" : 0.68999999999999995,
      "raise3x" : 0.31
    },
    "99" : {
      "call" : 0.75009999999999999,
      "raise3x" : 0.24990000000000001
    },
    "A5s" : {
      "call" : 0.1749,
      "fold" : 0.59509999999999996,
      "raise3x" : 0.23000000000000001
    },
    "A6s" : {
      "fold" : 0.91500000000000004,
      "raise3x" : 0.085000000000000006
    },
    "A9s" : {
      "call" : 0.10489999999999999,
      "raise3x" : 0.89510000000000001
    },
    "AA" : {
      "call" : 0.054899999999999997,
      "raise3x" : 0.94510000000000005
    },
    "AJo" : {
      "fold" : 0.56489999999999996,
      "raise3x" : 0.43509999999999999
    },
    "AJs" : {
      "call" : 1
    },
    "AKo" : {
      "call" : 0.2049,
      "raise3x" : 0.79510000000000003
    },
    "AKs" : {
      "raise3x" : 1
    },
    "AQo" : {
      "call" : 0.25490000000000002,
      "raise3x" : 0.74509999999999998
    },
    "AQs" : {
      "call" : 1
    },
    "ATo" : {
      "fold" : 0.98999999999999999,
      "raise3x" : 0.01
    },
    "ATs" : {
      "call" : 0.65510000000000002,
      "raise3x" : 0.34489999999999998
    },
    "JJ" : {
      "call" : 0.18990000000000001,
      "raise3x" : 0.81010000000000004
    },
    "JTs" : {
      "call" : 0.47010000000000002,
      "fold" : 0.32500000000000001,
      "raise3x" : 0.2049
    },
    "KJs" : {
      "call" : 0.25990000000000002,
      "raise3x" : 0.74009999999999998
    },
    "KK" : {
      "call" : 0.054899999999999997,
      "raise3x" : 0.94510000000000005
    },
    "KQo" : {
      "fold" : 0.62,
      "raise3x" : 0.38
    },
    "KQs" : {
      "call" : 1
    },
    "KTs" : {
      "call" : 0.215,
      "raise3x" : 0.78500000000000003
    },
    "QJs" : {
      "call" : 0.39200000000000002,
      "fold" : 0.38690000000000002,
      "raise3x" : 0.22109999999999999
    },
    "QQ" : {
      "call" : 0.12989999999999999,
      "raise3x" : 0.87009999999999998
    },
    "QTs" : {
      "call" : 0.625,
      "fold" : 0.375
    },
    "T9s" : {
      "call" : 0.069800000000000001,
      "fold" : 0.93020000000000003
    },
    "TT" : {
      "call" : 0.35489999999999999,
      "raise3x" : 0.64510000000000001
    }
  },
  "id" : "mtt_8max_35bb_lj_vsopen_vs_utg",
  "source" : {
    "description" : "RangeConverter free PDF — 8-max 35bb 1bb ante (12.5%).",
    "publisher" : {
      "accessedDate" : "2026-06-01",
      "name" : "RangeConverter",
      "product" : "Free Poker Charts — 8 max 1bb ante MTT GTO Ranges",
      "treeParams" : "poker.academy CE-Symmetric Regular @ 35bb (GTO ChipEV, 1bb ante)",
      "url" : "https:\/\/rangeconverter.com\/free-poker-charts"
    },
    "solver" : {
      "assumptions" : "Frequencies rounded to nearest 25% per source. ChipEV (non-ICM). 1bb (12.5%) big-blind ante."
    },
    "type" : "published"
  },
  "spot" : {
    "anteType" : "bigBlindAnte",
    "facingAction" : "vsOpen",
    "opponentPosition" : "UTG",
    "position" : "LJ",
    "stackDepthBB" : 35
  }
}