{
  "format" : "NLHE_MTT_9MAX",
  "hands" : {
    "22" : {
      "call" : 1
    },
    "32s" : {
      "call" : 1
    },
    "33" : {
      "call" : 0.40489999999999998,
      "shove" : 0.59509999999999996
    },
    "42s" : {
      "call" : 1
    },
    "43o" : {
      "call" : 1
    },
    "43s" : {
      "call" : 1
    },
    "44" : {
      "call" : 0.82010000000000005,
      "shove" : 0.1799
    },
    "52s" : {
      "call" : 1
    },
    "53o" : {
      "call" : 1
    },
    "53s" : {
      "call" : 1
    },
    "54o" : {
      "call" : 1
    },
    "54s" : {
      "call" : 1
    },
    "55" : {
      "call" : 0.64690000000000003,
      "raise25x" : 0.15429999999999999,
      "shove" : 0.1988
    },
    "62s" : {
      "call" : 1
    },
    "63s" : {
      "call" : 1
    },
    "64o" : {
      "call" : 1
    },
    "64s" : {
      "call" : 1
    },
    "65o" : {
      "call" : 1
    },
    "65s" : {
      "call" : 1
    },
    "66" : {
      "call" : 0.55000000000000004,
      "raise25x" : 0.45000000000000001
    },
    "72s" : {
      "call" : 1
    },
    "73s" : {
      "call" : 1
    },
    "74s" : {
      "call" : 1
    },
    "75o" : {
      "call" : 1
    },
    "75s" : {
      "call" : 1
    },
    "76o" : {
      "call" : 1
    },
    "76s" : {
      "call" : 1
    },
    "77" : {
      "raise25x" : 0.5151,
      "shove" : 0.4849
    },
    "82s" : {
      "call" : 1
    },
    "83s" : {
      "call" : 1
    },
    "84s" : {
      "call" : 1
    },
    "85o" : {
      "call" : 1
    },
    "85s" : {
      "call" : 1
    },
    "86o" : {
      "call" : 1
    },
    "86s" : {
      "call" : 1
    },
    "87o" : {
      "call" : 1
    },
    "87s" : {
      "call" : 1
    },
    "88" : {
      "shove" : 1
    },
    "92s" : {
      "call" : 1
    },
    "93s" : {
      "call" : 1
    },
    "94s" : {
      "call" : 1
    },
    "95s" : {
      "call" : 1
    },
    "96o" : {
      "call" : 1
    },
    "96s" : {
      "call" : 1
    },
    "97o" : {
      "call" : 1
    },
    "97s" : {
      "call" : 1
    },
    "98o" : {
      "call" : 1
    },
    "98s" : {
      "call" : 1
    },
    "99" : {
      "raise25x" : 0.1099,
      "shove" : 0.8901
    },
    "A2o" : {
      "call" : 0.90500000000000003,
      "raise25x" : 0.095000000000000001
    },
    "A2s" : {
      "call" : 1
    },
    "A3o" : {
      "call" : 0.36509999999999998,
      "shove" : 0.63490000000000002
    },
    "A3s" : {
      "call" : 1
    },
    "A4o" : {
      "call" : 0.98999999999999999,
      "raise25x" : 0.01
    },
    "A4s" : {
      "call" : 1
    },
    "A5o" : {
      "call" : 0.79020000000000001,
      "raise25x" : 0.20979999999999999
    },
    "A5s" : {
      "call" : 1
    },
    "A6o" : {
      "call" : 0.8851,
      "raise25x" : 0.1149
    },
    "A6s" : {
      "call" : 1
    },
    "A7o" : {
      "call" : 0.59009999999999996,
      "raise25x" : 0.40989999999999999
    },
    "A7s" : {
      "call" : 1
    },
    "A8o" : {
      "call" : 0.57509999999999994,
      "raise25x" : 0.4249
    },
    "A8s" : {
      "call" : 1
    },
    "A9o" : {
      "call" : 0.90010000000000001,
      "raise25x" : 0.099900000000000003
    },
    "A9s" : {
      "call" : 1
    },
    "AA" : {
      "raise25x" : 1
    },
    "AJo" : {
      "call" : 0.54500000000000004,
      "raise25x" : 0.45500000000000002
    },
    "AJs" : {
      "call" : 0.29499999999999998,
      "raise25x" : 0.70499999999999996
    },
    "AKo" : {
      "raise25x" : 0.38,
      "shove" : 0.62
    },
    "AKs" : {
      "raise25x" : 1
    },
    "AQo" : {
      "raise25x" : 0.1799,
      "shove" : 0.82010000000000005
    },
    "AQs" : {
      "raise25x" : 1
    },
    "ATo" : {
      "call" : 1
    },
    "ATs" : {
      "call" : 1
    },
    "J2s" : {
      "call" : 1
    },
    "J3s" : {
      "call" : 1
    },
    "J4s" : {
      "call" : 1
    },
    "J5o" : {
      "call" : 0.4199,
      "fold" : 0.58009999999999995
    },
    "J5s" : {
      "call" : 1
    },
    "J6o" : {
      "call" : 1
    },
    "J6s" : {
      "call" : 1
    },
    "J7o" : {
      "call" : 0.91500000000000004,
      "raise25x" : 0.084999999999999992
    },
    "J7s" : {
      "call" : 1
    },
    "J8o" : {
      "call" : 0.91500000000000004,
      "raise25x" : 0.084999999999999992
    },
    "J8s" : {
      "call" : 1
    },
    "J9o" : {
      "call" : 0.91500000000000004,
      "raise25x" : 0.084999999999999992
    },
    "J9s" : {
      "call" : 1
    },
    "JJ" : {
      "raise25x" : 1
    },
    "JTo" : {
      "call" : 0.93020000000000003,
      "raise25x" : 0.069800000000000001
    },
    "JTs" : {
      "call" : 1
    },
    "K2o" : {
      "call" : 1
    },
    "K2s" : {
      "call" : 1
    },
    "K3o" : {
      "call" : 0.84499999999999997,
      "raise25x" : 0.155
    },
    "K3s" : {
      "call" : 1
    },
    "K4o" : {
      "call" : 0.98999999999999999,
      "raise25x" : 0.01
    },
    "K4s" : {
      "call" : 1
    },
    "K5o" : {
      "call" : 1
    },
    "K5s" : {
      "call" : 1
    },
    "K6o" : {
      "call" : 0.86519999999999997,
      "raise25x" : 0.1348
    },
    "K6s" : {
      "call" : 1
    },
    "K7o" : {
      "call" : 0.95009999999999994,
      "raise25x" : 0.0499
    },
    "K7s" : {
      "call" : 1
    },
    "K8o" : {
      "call" : 0.98999999999999999,
      "raise25x" : 0.01
    },
    "K8s" : {
      "call" : 1
    },
    "K9o" : {
      "call" : 0.54500000000000004,
      "raise25x" : 0.45500000000000002
    },
    "K9s" : {
      "call" : 0.72009999999999996,
      "shove" : 0.27989999999999998
    },
    "KJo" : {
      "call" : 0.93520000000000003,
      "shove" : 0.064799999999999996
    },
    "KJs" : {
      "call" : 1
    },
    "KK" : {
      "raise25x" : 1
    },
    "KQo" : {
      "call" : 0.79510000000000003,
      "raise25x" : 0.2049
    },
    "KQs" : {
      "call" : 1
    },
    "KTo" : {
      "call" : 0.90010000000000001,
      "raise25x" : 0.099900000000000003
    },
    "KTs" : {
      "call" : 1
    },
    "Q2o" : {
      "call" : 0.73509999999999998,
      "fold" : 0.245,
      "raise25x" : 0.019899999999999998
    },
    "Q2s" : {
      "call" : 1
    },
    "Q3o" : {
      "call" : 0.90010000000000001,
      "raise25x" : 0.099900000000000003
    },
    "Q3s" : {
      "call" : 1
    },
    "Q4o" : {
      "call" : 0.97509999999999997,
      "raise25x" : 0.024899999999999999
    },
    "Q4s" : {
      "call" : 1
    },
    "Q5o" : {
      "call" : 0.98009999999999997,
      "raise25x" : 0.019899999999999998
    },
    "Q5s" : {
      "call" : 1
    },
    "Q6o" : {
      "call" : 0.97509999999999997,
      "raise25x" : 0.024899999999999999
    },
    "Q6s" : {
      "call" : 1
    },
    "Q7o" : {
      "call" : 1
    },
    "Q7s" : {
      "call" : 1
    },
    "Q8o" : {
      "call" : 0.90500000000000003,
      "raise25x" : 0.095000000000000001
    },
    "Q8s" : {
      "call" : 1
    },
    "Q9o" : {
      "call" : 0.86519999999999997,
      "raise25x" : 0.1348
    },
    "Q9s" : {
      "call" : 1
    },
    "QJo" : {
      "call" : 1
    },
    "QJs" : {
      "call" : 1
    },
    "QQ" : {
      "raise25x" : 1
    },
    "QTo" : {
      "call" : 1
    },
    "QTs" : {
      "call" : 0.49490000000000001,
      "shove" : 0.50509999999999999
    },
    "T2s" : {
      "call" : 1
    },
    "T3s" : {
      "call" : 1
    },
    "T4s" : {
      "call" : 1
    },
    "T5s" : {
      "call" : 1
    },
    "T6o" : {
      "call" : 0.83999999999999997,
      "fold" : 0.16
    },
    "T6s" : {
      "call" : 1
    },
    "T7o" : {
      "call" : 0.95509999999999995,
      "raise25x" : 0.044900000000000002
    },
    "T7s" : {
      "call" : 1
    },
    "T8o" : {
      "call" : 0.92500000000000004,
      "raise25x" : 0.074999999999999997
    },
    "T8s" : {
      "call" : 1
    },
    "T9o" : {
      "call" : 0.97509999999999997,
      "raise25x" : 0.024899999999999999
    },
    "T9s" : {
      "call" : 1
    },