{
  "format" : "NLHE_MTT_9MAX",
  "hands" : {
    "22" : {
      "call" : 1
    },
    "33" : {
      "call" : 1
    },
    "44" : {
      "call" : 1
    },
    "54s" : {
      "call" : 0.79800000000000004,
      "raise25x" : 0.20200000000000001
    },
    "55" : {
      "call" : 1
    },
    "65s" : {
      "call" : 0.86599999999999999,
      "raise25x" : 0.13400000000000001
    },
    "66" : {
      "call" : 1
    },
    "76s" : {
      "call" : 0.67800000000000005,
      "raise25x" : 0.32200000000000001
    },
    "77" : {
      "call" : 1
    },
    "86s" : {
      "call" : 0.13800000000000001,
      "fold" : 0.86199999999999999
    },
    "87s" : {
      "call" : 0.68000000000000005,
      "raise25x" : 0.32000000000000001
    },
    "88" : {
      "call" : 0.97399999999999998,
      "raise25x" : 0.026000000000000002
    },
    "97s" : {
      "call" : 0.82210000000000005,
      "fold" : 0.1779
    },
    "98s" : {
      "call" : 0.85209999999999997,
      "raise25x" : 0.1479
    },
    "99" : {
      "call" : 0.57199999999999995,
      "raise25x" : 0.42799999999999999
    },
    "A2s" : {
      "call" : 1
    },
    "A3s" : {
      "call" : 0.91400000000000003,
      "raise25x" : 0.085999999999999993
    },
    "A4s" : {
      "call" : 1
    },
    "A5s" : {
      "call" : 0.61209999999999998,
      "raise25x" : 0.38790000000000002
    },
    "A6s" : {
      "call" : 0.71599999999999997,
      "raise25x" : 0.28399999999999997
    },
    "A7s" : {
      "call" : 0.72799999999999998,
      "raise25x" : 0.27200000000000002
    },
    "A8s" : {
      "call" : 0.80620000000000003,
      "raise25x" : 0.1938
    },
    "A9o" : {
      "call" : 0.051899999999999988,
      "fold" : 0.94810000000000005
    },
    "A9s" : {
      "call" : 0.74609999999999999,
      "raise25x" : 0.25390000000000001
    },
    "AA" : {
      "raise25x" : 1
    },
    "AJo" : {
      "call" : 0.82999999999999996,
      "raise25x" : 0.17000000000000001
    },
    "AJs" : {
      "call" : 0.13189999999999999,
      "raise25x" : 0.86809999999999998
    },
    "AKo" : {
      "raise25x" : 1
    },
    "AKs" : {
      "raise25x" : 1
    },
    "AQo" : {
      "call" : 0.055899999999999991,
      "raise25x" : 0.94410000000000005
    },
    "AQs" : {
      "call" : 0.872,
      "raise25x" : 0.128
    },
    "ATo" : {
      "call" : 0.626,
      "raise25x" : 0.374
    },
    "ATs" : {
      "call" : 0.80800000000000005,
      "raise25x" : 0.192
    },
    "J8s" : {
      "call" : 0.72009999999999996,
      "fold" : 0.19800000000000001,
      "raise25x" : 0.081900000000000014
    },
    "J9s" : {
      "call" : 0.4839,
      "raise25x" : 0.5161
    },
    "JJ" : {
      "raise25x" : 1
    },
    "JTo" : {
      "call" : 0.093900000000000011,
      "fold" : 0.90610000000000002
    },
    "JTs" : {
      "call" : 0.55389999999999995,
      "raise25x" : 0.4461
    },
    "K5s" : {
      "call" : 0.68210000000000004,
      "fold" : 0.28399999999999997,
      "raise25x" : 0.0339
    },
    "K6s" : {
      "call" : 0.70599999999999996,
      "raise25x" : 0.29399999999999998
    },
    "K7s" : {
      "call" : 0.94410000000000005,
      "raise25x" : 0.055899999999999991
    },
    "K8s" : {
      "call" : 1
    },
    "K9s" : {
      "call" : 0.84599999999999997,
      "raise25x" : 0.154
    },
    "KJo" : {
      "call" : 0.74399999999999999,
      "raise25x" : 0.25600000000000001
    },
    "KJs" : {
      "call" : 0.048000000000000001,
      "raise25x" : 0.95199999999999996
    },
    "KK" : {
      "raise25x" : 1
    },
    "KQo" : {
      "call" : 0.8901,
      "raise25x" : 0.1099
    },
    "KQs" : {
      "call" : 0.64800000000000002,
      "raise25x" : 0.35199999999999998
    },
    "KTo" : {
      "call" : 0.82399999999999995,
      "raise25x" : 0.17599999999999999
    },
    "KTs" : {
      "raise25x" : 1
    },
    "Q8s" : {
      "call" : 0.98999999999999999,
      "fold" : 0.01
    },
    "Q9s" : {
      "call" : 1
    },
    "QJo" : {
      "call" : 0.8901,
      "fold" : 0.1099
    },
    "QJs" : {
      "call" : 0.097900000000000015,
      "raise25x" : 0.90210000000000001
    },
    "QQ" : {
      "raise25x" : 1
    },
    "QTo" : {
      "call" : 0.10390000000000001,
      "fold" : 0.89610000000000001
    },
    "QTs" : {
      "call" : 1
    },
    "T8s" : {
      "call" : 0.73199999999999998,
      "raise25x" : 0.26800000000000002
    },
    "T9s" : {
      "call" : 0.49409999999999998,
      "raise25x" : 0.50590000000000002
    },
    "TT" : {
      "call" : 0.17199999999999999,
      "raise25x" : 0.82799999999999996
    }
  },
  "id" : "mtt_9max_50bb_sb_vsopen_vs_lj",
  "source" : {
    "description" : "Adapted from RangeConverter 8-max baseline.",
    "publisher" : {
      "accessedDate" : "2026-06-01",
      "name" : "RangeConverter",
      "product" : "Free Poker Charts — 8 max 1bb ante MTT GTO Ranges",
      "treeParams" : "2.5x open, 3.5x 3bet IP, 4.5x 3bet OOP, 2.3x 4bet IP, 2.75x 4bet OOP, SB vs BB 3.2bb",
      "url" : "https:\/\/rangeconverter.com\/free-poker-charts"
    },
    "solver" : {
      "assumptions" : "Frequencies rounded to nearest 25% per source. ChipEV (non-ICM). 1bb (12.5%) big-blind ante. Copied verbatim from 8-max SB (same effective seat in 9-max)."
    },
    "type" : "published"
  },
  "spot" : {
    "anteType" : "bigBlindAnte",
    "facingAction" : "vsOpen",
    "opponentPosition" : "LJ",
    "position" : "SB",
    "stackDepthBB" : 50
  }
}