{
  "format" : "NLHE_MTT_8MAX",
  "hands" : {
    "22" : {
      "call" : 0.78900000000000003,
      "fold" : 0.19900000000000001,
      "raise25x" : 0.0023999999999999998,
      "shove" : 0.0095999999999999992
    },
    "44" : {
      "call" : 0.83960000000000001,
      "fold" : 0.15920000000000001
    },
    "53s" : {
      "call" : 0.8024,
      "fold" : 0.14879999999999999,
      "shove" : 0.048399999999999999
    },
    "54s" : {
      "call" : 0.35699999999999998,
      "fold" : 0.63329999999999997,
      "shove" : 0.0094000000000000004
    },
    "55" : {
      "call" : 0.96879999999999999,
      "fold" : 0.030700000000000002
    },
    "65s" : {
      "call" : 0.2142,
      "fold" : 0.78369999999999995,
      "raise25x" : 0.0011000000000000001
    },
    "66" : {
      "call" : 0.8911,
      "fold" : 0.1041,
      "shove" : 0.0045999999999999999
    },
    "76s" : {
      "call" : 0.72230000000000005,
      "fold" : 0.27500000000000002,
      "raise25x" : 0.0020999999999999999
    },
    "77" : {
      "call" : 0.98819999999999997,
      "fold" : 0.0057000000000000002,
      "raise25x" : 0.0032000000000000002,
      "shove" : 0.0028999999999999998
    },
    "86s" : {
      "call" : 0.504,
      "fold" : 0.48570000000000002,
      "shove" : 0.0103
    },
    "88" : {
      "call" : 0.98260000000000003,
      "fold" : 0.014,
      "raise25x" : 0.0020999999999999999,
      "shove" : 0.0012999999999999999
    },
    "97s" : {
      "call" : 0.90780000000000005,
      "fold" : 0.088200000000000001,
      "shove" : 0.0038
    },
    "98s" : {
      "call" : 0.22839999999999999,
      "fold" : 0.77100000000000002
    },
    "99" : {
      "call" : 0.96760000000000002,
      "fold" : 0.0055999999999999999,
      "raise25x" : 0.0011999999999999999,
      "shove" : 0.025600000000000001
    },
    "A2o" : {
      "call" : 0.69120000000000004,
      "fold" : 0.29459999999999997,
      "raise25x" : 0.010999999999999999,
      "shove" : 0.0032000000000000002
    },
    "A2s" : {
      "call" : 0.93830000000000002,
      "fold" : 0.050700000000000002,
      "shove" : 0.0109
    },
    "A3o" : {
      "call" : 0.99399999999999999,
      "fold" : 0.0044000000000000003,
      "shove" : 0.0011000000000000001
    },
    "A3s" : {
      "call" : 0.65529999999999999,
      "fold" : 0.29449999999999998,
      "raise25x" : 0.0047999999999999996,
      "shove" : 0.045400000000000003
    },
    "A4s" : {
      "call" : 0.71819999999999995,
      "fold" : 0.066799999999999998,
      "raise25x" : 0.031199999999999999,
      "shove" : 0.18390000000000001
    },
    "A5o" : {
      "call" : 0.98850000000000005,
      "fold" : 0.0101
    },
    "A5s" : {
      "call" : 0.63349999999999995,
      "fold" : 0.20219999999999999,
      "raise25x" : 0.070699999999999999,
      "shove" : 0.093700000000000006
    },
    "A6s" : {
      "call" : 0.41420000000000001,
      "fold" : 0.21160000000000001,
      "raise25x" : 0.15629999999999999,
      "shove" : 0.218
    },
    "A7o" : {
      "call" : 0.99770000000000003,
      "fold" : 0.0016999999999999999
    },
    "A7s" : {
      "call" : 0.85570000000000002,
      "fold" : 0.047100000000000003,
      "shove" : 0.096600000000000005
    },
    "A8o" : {
      "call" : 0.88,
      "fold" : 0.1179,
      "shove" : 0.0019
    },
    "A8s" : {
      "call" : 0.91959999999999997,
      "fold" : 0.0099000000000000008,
      "shove" : 0.070300000000000001
    },
    "A9o" : {
      "call" : 0.99909999999999999
    },
    "A9s" : {
      "call" : 0.97860000000000003,
      "fold" : 0.0123,
      "raise25x" : 0.0085000000000000006
    },
    "AA" : {
      "raise25x" : 0.32569999999999999,
      "shove" : 0.67420000000000002
    },
    "AJo" : {
      "call" : 0.99619999999999997,
      "fold" : 0.0025000000000000001
    },
    "AJs" : {
      "call" : 0.81850000000000001,
      "fold" : 0.0080000000000000002,
      "shove" : 0.1734
    },
    "AKo" : {
      "call" : 0.78910000000000002,
      "raise25x" : 0.016500000000000001,
      "shove" : 0.1943
    },
    "AKs" : {
      "call" : 0.053800000000000001,
      "shove" : 0.94610000000000005
    },
    "AQo" : {
      "call" : 0.98650000000000004,
      "raise25x" : 0.0030000000000000001,
      "shove" : 0.010500000000000001
    },
    "AQs" : {
      "call" : 0.78600000000000003,
      "raise25x" : 0.087599999999999997,
      "shove" : 0.12640000000000001
    },
    "ATo" : {
      "call" : 0.98599999999999999,
      "fold" : 0.0063,
      "raise25x" : 0.0043,
      "shove" : 0.0033999999999999998
    },
    "ATs" : {
      "call" : 0.998,
      "fold" : 0.0016999999999999999
    },
    "J4s" : {
      "call" : 0.8165,
      "fold" : 0.1782,
      "shove" : 0.0050000000000000001
    },
    "J7s" : {
      "call" : 0.59809999999999997,
      "fold" : 0.39910000000000001,
      "raise25x" : 0.0011000000000000001,
      "shove" : 0.0016999999999999999
    },
    "J8s" : {
      "call" : 0.50170000000000003,
      "fold" : 0.24709999999999999,
      "shove" : 0.25090000000000001
    },
    "J9s" : {
      "call" : 0.84140000000000004,
      "fold" : 0.072999999999999995,
      "raise25x" : 0.085500000000000007
    },
    "JJ" : {
      "call" : 0.9254,
      "shove" : 0.073999999999999996
    },
    "JTo" : {
      "call" : 0.92600000000000005,
      "fold" : 0.073899999999999993
    },
    "JTs" : {
      "call" : 0.77049999999999996,
      "fold" : 0.2238,
      "raise25x" : 0.0037000000000000002,
      "shove" : 0.0020999999999999999
    },
    "K2s" : {
      "call" : 0.5554,
      "fold" : 0.27960000000000002,
      "raise25x" : 0.023400000000000001,
      "shove" : 0.1416
    },
    "K3s" : {
      "call" : 0.98099999999999998,
      "fold" : 0.015900000000000001,
      "raise25x" : 0.0014,
      "shove" : 0.0016999999999999999
    },
    "K5s" : {
      "call" : 0.79700000000000004,
      "fold" : 0.0441,
      "shove" : 0.15890000000000001
    },
    "K6s" : {
      "call" : 0.92449999999999999,
      "fold" : 0.049599999999999998,
      "shove" : 0.0258
    },
    "K7o" : {
      "call" : 0.94899999999999995,
      "fold" : 0.048099999999999997,
      "raise25x" : 0.0027000000000000001
    },
    "K7s" : {
      "call" : 0.82369999999999999,
      "fold" : 0.14879999999999999,
      "raise25x" : 0.0028999999999999998,
      "shove" : 0.0247
    },
    "K8s" : {
      "call" : 0.57550000000000001,
      "fold" : 0.33100000000000002,
      "raise25x" : 0.063600000000000004,
      "shove" : 0.0298
    },
    "K9o" : {
      "call" : 0.99180000000000001,
      "fold" : 0.0076
    },
    "K9s" : {
      "call" : 0.92459999999999998,
      "fold" : 0.056800000000000003,
      "raise25x" : 0.0054000000000000003,
      "shove" : 0.0132
    },
    "KJo" : {
      "call" : 0.99580000000000002,
      "fold" : 0.0025000000000000001,
      "shove" : 0.0016000000000000001
    },
    "KJs" : {
      "call" : 0.97850000000000004,
      "fold" : 0.0178,
      "shove" : 0.0027000000000000001
    },
    "KK" : {
      "call" : 0.34410000000000002,
      "raise25x" : 0.31540000000000001,
      "shove" : 0.3402
    },
    "KQo" : {
      "call" : 0.99490000000000001,
      "fold" : 0.0019,
      "shove" : 0.0028
    },
    "KQs" : {
      "call" : 0.90780000000000005,
      "fold" : 0.0071000000000000004,
      "raise25x" : 0.085099999999999995
    },
    "KTo" : {
      "call" : 0.99709999999999999,
      "fold" : 0.002
    },
    "KTs" : {
      "call" : 0.95279999999999998,
      "fold" : 0.0022000000000000001,
      "shove" : 0.044999999999999998
    },
    "Q3s" : {
      "call" : 0.47560000000000002,
      "fold" : 0.52439999999999998
    },
    "Q4s" : {
      "call" : 0.84740000000000004,
      "fold" : 0.1489,
      "raise25x" : 0.0012999999999999999,
      "shove" : 0.0023999999999999998
    },
    "Q5s" : {
      "call" : 0.70369999999999999,
      "fold" : 0.21529999999999999,
      "shove" : 0.080799999999999997
    },
    "Q6s" : {
      "call" : 0.44719999999999999,