{
  "format" : "NLHE_MTT_8MAX",
  "hands" : {
    "22" : {
      "fold" : 1
    },
    "32o" : {
      "fold" : 1
    },
    "32s" : {
      "fold" : 1
    },
    "33" : {
      "fold" : 0.99929999999999997
    },
    "42o" : {
      "fold" : 1
    },
    "42s" : {
      "fold" : 1
    },
    "43o" : {
      "fold" : 1
    },
    "43s" : {
      "fold" : 0.99990000000000001
    },
    "44" : {
      "fold" : 0.99980000000000002
    },
    "52o" : {
      "fold" : 1
    },
    "52s" : {
      "fold" : 1
    },
    "53o" : {
      "fold" : 1
    },
    "53s" : {
      "fold" : 1
    },
    "54o" : {
      "fold" : 1
    },
    "54s" : {
      "fold" : 0.99990000000000001
    },
    "55" : {
      "fold" : 0.93269999999999997,
      "raise25x" : 0.067299999999999999
    },
    "62o" : {
      "fold" : 1
    },
    "62s" : {
      "fold" : 1
    },
    "63o" : {
      "fold" : 1
    },
    "63s" : {
      "fold" : 1
    },
    "64o" : {
      "fold" : 1
    },
    "64s" : {
      "fold" : 0.99990000000000001
    },
    "65o" : {
      "fold" : 1
    },
    "65s" : {
      "fold" : 1
    },
    "66" : {
      "raise25x" : 0.99990000000000001
    },
    "72o" : {
      "fold" : 1
    },
    "72s" : {
      "fold" : 1
    },
    "73o" : {
      "fold" : 1
    },
    "73s" : {
      "fold" : 1
    },
    "74o" : {
      "fold" : 1
    },
    "74s" : {
      "fold" : 1
    },
    "75o" : {
      "fold" : 1
    },
    "75s" : {
      "fold" : 0.99939999999999996
    },
    "76o" : {
      "fold" : 1
    },
    "76s" : {
      "fold" : 0.99990000000000001
    },
    "77" : {
      "raise25x" : 0.99990000000000001
    },
    "82o" : {
      "fold" : 1
    },
    "82s" : {
      "fold" : 1
    },
    "83o" : {
      "fold" : 1
    },
    "83s" : {
      "fold" : 1
    },
    "84o" : {
      "fold" : 1
    },
    "84s" : {
      "fold" : 1
    },
    "85o" : {
      "fold" : 1
    },
    "85s" : {
      "fold" : 1
    },
    "86o" : {
      "fold" : 1
    },
    "86s" : {
      "fold" : 0.99960000000000004
    },
    "87o" : {
      "fold" : 1
    },
    "87s" : {
      "fold" : 1
    },
    "88" : {
      "raise25x" : 1
    },
    "92o" : {
      "fold" : 1
    },
    "92s" : {
      "fold" : 1
    },
    "93o" : {
      "fold" : 1
    },
    "93s" : {
      "fold" : 1
    },
    "94o" : {
      "fold" : 1
    },
    "94s" : {
      "fold" : 1
    },
    "95o" : {
      "fold" : 1
    },
    "95s" : {
      "fold" : 1
    },
    "96o" : {
      "fold" : 1
    },
    "96s" : {
      "fold" : 1
    },
    "97o" : {
      "fold" : 1
    },
    "97s" : {
      "fold" : 0.99970000000000003
    },
    "98o" : {
      "fold" : 1
    },
    "98s" : {
      "fold" : 0.99519999999999997,
      "raise25x" : 0.0047999999999999996
    },
    "99" : {
      "raise25x" : 1
    },
    "A2o" : {
      "fold" : 0.99970000000000003
    },
    "A2s" : {
      "fold" : 0.99990000000000001
    },
    "A3o" : {
      "fold" : 0.99939999999999996
    },
    "A3s" : {
      "fold" : 0.99629999999999996,
      "raise25x" : 0.0037000000000000002
    },
    "A4o" : {
      "fold" : 0.99570000000000003,
      "raise25x" : 0.0043
    },
    "A4s" : {
      "fold" : 0.66949999999999998,
      "raise25x" : 0.33050000000000002
    },
    "A5o" : {
      "fold" : 0.99790000000000001,
      "raise25x" : 0.0020999999999999999
    },
    "A5s" : {
      "fold" : 0.86809999999999998,
      "raise25x" : 0.13189999999999999
    },
    "A6o" : {
      "fold" : 0.99950000000000006
    },
    "A6s" : {
      "fold" : 0.96719999999999995,
      "raise25x" : 0.032800000000000003
    },
    "A7o" : {
      "fold" : 0.997,
      "raise25x" : 0.0030000000000000001
    },
    "A7s" : {
      "fold" : 0.76500000000000001,
      "raise25x" : 0.23499999999999999
    },
    "A8o" : {
      "fold" : 0.99109999999999998,
      "raise25x" : 0.0088999999999999999
    },
    "A8s" : {
      "fold" : 0.80210000000000004,
      "raise25x" : 0.19789999999999999
    },
    "A9o" : {
      "fold" : 0.71089999999999998,
      "raise25x" : 0.28910000000000002
    },
    "A9s" : {
      "raise25x" : 1
    },
    "AA" : {
      "raise25x" : 1
    },
    "AJo" : {
      "raise25x" : 1
    },
    "AJs" : {
      "raise25x" : 1
    },
    "AKo" : {
      "raise25x" : 1
    },
    "AKs" : {
      "raise25x" : 1
    },
    "AQo" : {
      "raise25x" : 1
    },
    "AQs" : {
      "raise25x" : 1
    },
    "ATo" : {
      "raise25x" : 1
    },
    "ATs" : {
      "raise25x" : 1
    },
    "J2o" : {
      "fold" : 1
    },
    "J2s" : {
      "fold" : 1
    },
    "J3o" : {
      "fold" : 1
    },
    "J3s" : {
      "fold" : 0.99950000000000006
    },
    "J4o" : {
      "fold" : 1
    },
    "J4s" : {
      "fold" : 0.99990000000000001
    },
    "J5o" : {
      "fold" : 1
    },
    "J5s" : {
      "fold" : 0.99980000000000002
    },
    "J6o" : {
      "fold" : 1
    },
    "J6s" : {
      "fold" : 0.99990000000000001
    },
    "J7o" : {
      "fold" : 1
    },
    "J7s" : {
      "fold" : 0.998,
      "raise25x" : 0.002
    },
    "J8o" : {
      "fold" : 0.99980000000000002
    },
    "J8s" : {
      "fold" : 0.99939999999999996
    },
    "J9o" : {
      "fold" : 0.99980000000000002
    },
    "J9s" : {
      "fold" : 0.99009999999999998,
      "raise25x" : 0.0099000000000000008
    },
    "JJ" : {
      "raise25x" : 1
    },
    "JTo" : {
      "fold" : 0.99890000000000001,
      "raise25x" : 0.0011000000000000001
    },
    "JTs" : {
      "fold" : 0.8105,
      "raise25x" : 0.1895
    },
    "K2o" : {
      "fold" : 1
    },
    "K2s" : {
      "fold" : 1
    },
    "K3o" : {
      "fold" : 1
    },
    "K3s" : {
      "fold" : 0.99870000000000003,
      "raise25x" : 0.0012999999999999999
    },
    "K4o" : {
      "fold" : 1
    },
    "K4s" : {
      "fold" : 0.99529999999999996,
      "raise25x" : 0.0047000000000000002
    },
    "K5o" : {
      "fold" : 1
    },
    "K5s" : {
      "fold" : 0.99619999999999997,
      "raise25x" : 0.0038
    },
    "K6o" : {
      "fold" : 1
    },
    "K6s" : {
      "fold" : 0.997,
      "raise25x" : 0.0030000000000000001
    },
    "K7o" : {
      "fold" : 0.99990000000000001
    },
    "K7s" : {
      "fold" : 0.99739999999999995,
      "raise25x" : 0.0025999999999999999
    },
    "K8o" : {
      "fold" : 0.99990000000000001
    },
    "K8s" : {
      "fold" : 0.99629999999999996,
      "raise25x" : 0.0037000000000000002
    },
    "K9o" : {
      "fold" : 0.99690000000000001,
      "raise25x" : 0.0030999999999999999
    },
    "K9s" : {
      "fold" : 0.84179999999999999,
      "raise25x" : 0.15820000000000001
    },
    "KJo" : {
      "fold" : 0.46700000000000003,
      "raise25x" : 0.53300000000000003
    },
    "KJs" : {
      "raise25x" : 1
    },
    "KK" : {
      "raise25x" : 1
    },
    "KQo" : {
      "raise25x" : 1
    },
    "KQs" : {
      "raise25x" : 1
    },
    "KTo" : {
      "fold" : 0.96660000000000001,
      "raise25x" : 0.033399999999999999
    },
    "KTs" : {
      "raise25x" : 0.99990000000000001
    },
    "Q2o" : {
      "fold" : 1
    },
    "Q2s" : {
      "fold" : 1
    },
    "Q3o" : {
      "fold" : 1
    },
    "Q3s" : {
      "fold" : 0.99980000000000002
    },
    "Q4o" : {
      "fold" : 1
    },
    "Q4s" : {
      "fold" : 0.99980000000000002
    },
    "Q5o" : {
      "fold" : 1
    },
    "Q5s" : {
      "fold" : 0.99990000000000001
    },
    "Q6o" : {
      "fold" : 1
    },
    "Q6s" : {
      "fold" : 0.99990000000000001
    },
    "Q7o" : {
      "fold" : 1
    },
    "Q7s" : {
      "fold" : 0.99860000000000004,
      "raise25x" : 0.0014
    },
    "Q8o" : {
      "fold" : 1
    },
    "Q8s" : {
      "fold" : 0.99860000000000004,
      "raise25x" : 0.0014
    },
    "Q9o" : {
      "fold" : 0.99919999999999998
    },
    "Q9s" : {
      "fold" : 0.99460000000000004,
      "raise25x" : 0.0054000000000000003
    },
    "QJo" : {
      "fold" : 0.94640000000000002,
      "raise25x" : 0.053600000000000002
    },