{
  "format" : "NLHE_MTT_9MAX",
  "hands" : {
    "22" : {
      "call" : 0.0094000000000000004,
      "fold" : 0.97989999999999999,
      "shove" : 0.010699999999999998
    },
    "32o" : {
      "fold" : 0.99990000000000001
    },
    "32s" : {
      "fold" : 0.99960000000000004
    },
    "33" : {
      "fold" : 0.99919999999999998
    },
    "42o" : {
      "fold" : 1
    },
    "42s" : {
      "fold" : 0.99990000000000001
    },
    "43o" : {
      "fold" : 1
    },
    "43s" : {
      "fold" : 0.99990000000000001
    },
    "44" : {
      "call" : 0.021600000000000001,
      "fold" : 0.97230000000000005,
      "shove" : 0.0060999999999999995
    },
    "52o" : {
      "fold" : 1
    },
    "52s" : {
      "fold" : 0.99990000000000001
    },
    "53o" : {
      "fold" : 1
    },
    "53s" : {
      "fold" : 0.99980000000000002
    },
    "54o" : {
      "call" : 0.0033999999999999994,
      "fold" : 0.99660000000000004
    },
    "54s" : {
      "fold" : 0.99990000000000001
    },
    "55" : {
      "call" : 0.042099999999999999,
      "fold" : 0.91100000000000003,
      "raise25x" : 0.034500000000000017,
      "shove" : 0.0124
    },
    "62o" : {
      "fold" : 1
    },
    "62s" : {
      "fold" : 0.99990000000000001
    },
    "63o" : {
      "fold" : 1
    },
    "63s" : {
      "fold" : 0.99950000000000006
    },
    "64o" : {
      "fold" : 1
    },
    "64s" : {
      "fold" : 0.99960000000000004
    },
    "65o" : {
      "fold" : 0.99990000000000001
    },
    "65s" : {
      "call" : 0.0023,
      "fold" : 0.99770000000000003
    },
    "66" : {
      "call" : 0.033399999999999999,
      "fold" : 0.94120000000000004,
      "raise25x" : 0.0167,
      "shove" : 0.0088000000000000005
    },
    "72o" : {
      "fold" : 1
    },
    "72s" : {
      "fold" : 0.99960000000000004
    },
    "73o" : {
      "fold" : 1
    },
    "73s" : {
      "fold" : 0.99990000000000001
    },
    "74o" : {
      "fold" : 1
    },
    "74s" : {
      "call" : 0.013100000000000001,
      "fold" : 0.98060000000000003,
      "raise25x" : 0.0021000000000000003,
      "shove" : 0.0042000000000000006
    },
    "75o" : {
      "fold" : 1
    },
    "75s" : {
      "call" : 0.0012000000000000001,
      "fold" : 0.99870000000000003
    },
    "76o" : {
      "fold" : 1
    },
    "76s" : {
      "call" : 0.0309,
      "fold" : 0.96909999999999996
    },
    "77" : {
      "call" : 0.89190000000000003,
      "fold" : 0.0065000000000000006,
      "raise25x" : 0.071099999999999997,
      "shove" : 0.030499999999999999
    },
    "82o" : {
      "fold" : 1
    },
    "82s" : {
      "fold" : 0.99960000000000004
    },
    "83o" : {
      "fold" : 1
    },
    "83s" : {
      "fold" : 0.99939999999999996
    },
    "84o" : {
      "fold" : 0.99990000000000001
    },
    "84s" : {
      "call" : 0.0032000000000000002,
      "fold" : 0.99609999999999999
    },
    "85o" : {
      "fold" : 1
    },
    "85s" : {
      "call" : 0.0048000000000000004,
      "fold" : 0.99450000000000005
    },
    "86o" : {
      "fold" : 1
    },
    "86s" : {
      "fold" : 0.99839999999999995
    },
    "87o" : {
      "fold" : 1
    },
    "87s" : {
      "call" : 0.034500000000000017,
      "fold" : 0.9587,
      "raise25x" : 0.0025000000000000001,
      "shove" : 0.0044000000000000003
    },
    "88" : {
      "call" : 0.7409,
      "raise25x" : 0.2016,
      "shove" : 0.0574
    },
    "92o" : {
      "fold" : 1
    },
    "92s" : {
      "fold" : 0.99960000000000004
    },
    "93o" : {
      "fold" : 1
    },
    "93s" : {
      "call" : 0.0028,
      "fold" : 0.99709999999999999
    },
    "94o" : {
      "fold" : 0.99980000000000002
    },
    "94s" : {
      "fold" : 0.99980000000000002
    },
    "95o" : {
      "fold" : 1
    },
    "95s" : {
      "fold" : 0.99909999999999999
    },
    "96o" : {
      "fold" : 0.99909999999999999
    },
    "96s" : {
      "fold" : 0.99850000000000005
    },
    "97o" : {
      "fold" : 0.99980000000000002
    },
    "97s" : {
      "fold" : 0.99760000000000004,
      "raise25x" : 0.0022000000000000001
    },
    "98o" : {
      "fold" : 0.99939999999999996
    },
    "98s" : {
      "fold" : 0.99950000000000006
    },
    "99" : {
      "call" : 0.42780000000000001,
      "raise25x" : 0.19850000000000001,
      "shove" : 0.37369999999999998
    },
    "A2o" : {
      "fold" : 0.99929999999999997
    },
    "A2s" : {
      "call" : 0.0023,
      "fold" : 0.99729999999999996
    },
    "A3o" : {
      "call" : 0.0028999999999999998,
      "fold" : 0.99670000000000003
    },
    "A3s" : {
      "call" : 0.017500000000000009,
      "fold" : 0.96179999999999999,
      "raise25x" : 0.019599999999999999,
      "shove" : 0.0011000000000000001
    },
    "A4o" : {
      "call" : 0.0023,
      "fold" : 0.99739999999999995
    },
    "A4s" : {
      "call" : 0.029899999999999999,
      "fold" : 0.96030000000000004,
      "raise25x" : 0.0033,
      "shove" : 0.0065000000000000006
    },
    "A5o" : {
      "call" : 0.0034999999999999996,
      "fold" : 0.99650000000000005
    },
    "A5s" : {
      "call" : 0.088599999999999984,
      "fold" : 0.90310000000000001,
      "raise25x" : 0.0019,
      "shove" : 0.0064000000000000003
    },
    "A6o" : {
      "call" : 0.0012000000000000001,
      "fold" : 0.99860000000000004
    },
    "A6s" : {
      "call" : 0.37169999999999997,
      "fold" : 0.60350000000000004,
      "shove" : 0.024799999999999999
    },
    "A7o" : {
      "call" : 0.0025000000000000001,
      "fold" : 0.997
    },
    "A7s" : {
      "call" : 0.13669999999999999,
      "fold" : 0.84379999999999999,
      "raise25x" : 0.0114,
      "shove" : 0.008199999999999999
    },
    "A8o" : {
      "call" : 0.0040999999999999995,
      "fold" : 0.99570000000000003
    },
    "A8s" : {
      "call" : 0.09870000000000001,
      "fold" : 0.74350000000000005,
      "raise25x" : 0.15240000000000001,
      "shove" : 0.0054000000000000003
    },
    "A9o" : {
      "call" : 0.024,
      "fold" : 0.97019999999999995,
      "shove" : 0.0055999999999999991
    },
    "A9s" : {
      "call" : 0.70250000000000001,
      "fold" : 0.28399999999999997,
      "raise25x" : 0.010699999999999998,
      "shove" : 0.0028
    },
    "AA" : {
      "call" : 0.30120000000000002,
      "raise25x" : 0.51790000000000003,
      "shove" : 0.18090000000000001
    },
    "AJo" : {
      "call" : 0.69699999999999995,
      "fold" : 0.1056,
      "raise25x" : 0.18179999999999999,
      "shove" : 0.015699999999999999
    },
    "AJs" : {
      "call" : 0.9476,
      "shove" : 0.0521
    },
    "AKo" : {
      "call" : 0.0848,
      "raise25x" : 0.31490000000000001,
      "shove" : 0.60029999999999994
    },
    "AKs" : {
      "shove" : 1
    },
    "AQo" : {
      "call" : 0.91549999999999998,
      "raise25x" : 0.0441,
      "shove" : 0.040499999999999994
    },
    "AQs" : {
      "call" : 0.99480000000000002,
      "raise25x" : 0.0023,
      "shove" : 0.0022000000000000001
    },
    "ATo" : {
      "call" : 0.1208,
      "fold" : 0.87170000000000003,
      "raise25x" : 0.0065000000000000006
    },
    "ATs" : {
      "call" : 0.34310000000000002,
      "fold" : 0.46879999999999999,
      "raise25x" : 0.079200000000000007,
      "shove" : 0.1089
    },
    "J2o" : {
      "fold" : 0.99990000000000001
    },
    "J2s" : {
      "fold" : 0.99929999999999997
    },
    "J3o" : {
      "fold" : 1
    },
    "J3s" : {
      "fold" : 0.99909999999999999
    },
    "J4o" : {
      "fold" : 0.99980000000000002
    },
    "J4s" : {
      "fold" : 0.99870000000000003
    },
    "J5o" : {
      "fold" : 0.99950000000000006
    },
    "J5s" : {
      "call" : 0.0024000000000000002,
      "fold" : 0.99560000000000004,
      "shove" : 0.002
    },
    "J6o" : {
      "fold" : 0.99970000000000003
    },
    "J6s" : {
      "fold" : 0.99819999999999998
    },
    "J7o" : {
      "fold" : 0.99990000000000001
    },
    "J7s" : {
      "call" : 0.0044000000000000003,