{
  "format" : "NLHE_MTT_8MAX",
  "hands" : {
    "44" : {
      "call" : 1
    },
    "54s" : {
      "call" : 1
    },
    "55" : {
      "call" : 0.96009999999999995,
      "shove" : 0.039899999999999998
    },
    "65s" : {
      "call" : 1
    },
    "66" : {
      "call" : 0.67500000000000004,
      "shove" : 0.32500000000000001
    },
    "76s" : {
      "call" : 1
    },
    "77" : {
      "shove" : 1
    },
    "86s" : {
      "call" : 1
    },
    "87s" : {
      "call" : 1
    },
    "88" : {
      "call" : 0.01,
      "shove" : 0.98999999999999999
    },
    "97s" : {
      "call" : 1
    },
    "98s" : {
      "call" : 1
    },
    "99" : {
      "call" : 1
    },
    "A2s" : {
      "call" : 0.34000000000000002,
      "shove" : 0.66000000000000003
    },
    "A3s" : {
      "call" : 0.87009999999999998,
      "shove" : 0.12989999999999999
    },
    "A4s" : {
      "call" : 0.1749,
      "shove" : 0.82509999999999994
    },
    "A5o" : {
      "call" : 0.41489999999999999,
      "fold" : 0.58509999999999995
    },
    "A5s" : {
      "shove" : 1
    },
    "A6s" : {
      "call" : 1
    },
    "A7s" : {
      "shove" : 1
    },
    "A8s" : {
      "call" : 1
    },
    "A9o" : {
      "call" : 1
    },
    "A9s" : {
      "call" : 1
    },
    "AA" : {
      "call" : 1
    },
    "AJo" : {
      "shove" : 1
    },
    "AJs" : {
      "call" : 0.45500000000000002,
      "shove" : 0.54500000000000004
    },
    "AKo" : {
      "shove" : 1
    },
    "AKs" : {
      "shove" : 1
    },
    "AQo" : {
      "shove" : 1
    },
    "AQs" : {
      "shove" : 1
    },
    "ATo" : {
      "call" : 0.96509999999999996,
      "shove" : 0.0349
    },
    "ATs" : {
      "call" : 1
    },
    "J9s" : {
      "call" : 1
    },
    "JJ" : {
      "shove" : 1
    },
    "JTs" : {
      "call" : 1
    },
    "K3s" : {
      "call" : 1
    },
    "K4s" : {
      "call" : 1
    },
    "K5s" : {
      "call" : 1
    },
    "K6s" : {
      "call" : 1
    },
    "K7s" : {
      "call" : 1
    },
    "K8s" : {
      "call" : 1
    },
    "K9s" : {
      "call" : 0.72509999999999997,
      "shove" : 0.27489999999999998
    },
    "KJo" : {
      "call" : 1
    },
    "KJs" : {
      "call" : 1
    },
    "KK" : {
      "shove" : 1
    },
    "KQo" : {
      "call" : 0.89510000000000001,
      "shove" : 0.10489999999999999
    },
    "KQs" : {
      "shove" : 1
    },
    "KTo" : {
      "call" : 0.32000000000000001,
      "fold" : 0.68000000000000005
    },
    "KTs" : {
      "call" : 1
    },
    "Q5s" : {
      "call" : 1
    },
    "Q6s" : {
      "call" : 1
    },
    "Q7s" : {
      "call" : 1
    },
    "Q8s" : {
      "call" : 1
    },
    "Q9s" : {
      "call" : 1
    },
    "QJo" : {
      "call" : 0.52000000000000002,
      "fold" : 0.47999999999999998
    },
    "QJs" : {
      "call" : 0.95509999999999995,
      "shove" : 0.044900000000000002
    },
    "QQ" : {
      "shove" : 1
    },
    "QTs" : {
      "call" : 1
    },
    "T7s" : {
      "call" : 0.1799,
      "fold" : 0.82010000000000005
    },
    "T8s" : {
      "call" : 1
    },
    "T9s" : {
      "call" : 1
    },
    "TT" : {
      "shove" : 1
    }
  },
  "id" : "mtt_8max_25bb_co_vs3bet_vs_btn",
  "source" : {
    "description" : "RangeConverter free PDF — 8-max 25bb 1bb ante (12.5%).",
    "publisher" : {
      "accessedDate" : "2026-06-01",
      "name" : "RangeConverter",
      "product" : "Free Poker Charts — 8 max 1bb ante MTT GTO Ranges",
      "treeParams" : "poker.academy CE-Symmetric Regular @ 25bb (GTO ChipEV, 1bb ante)",
      "url" : "https:\/\/rangeconverter.com\/free-poker-charts"
    },
    "solver" : {
      "assumptions" : "Frequencies rounded to nearest 25% per source. ChipEV (non-ICM). 1bb (12.5%) big-blind ante."
    },
    "type" : "published"
  },
  "spot" : {
    "anteType" : "bigBlindAnte",
    "facingAction" : "vs3Bet",
    "opponentPosition" : "BTN",
    "position" : "CO",
    "stackDepthBB" : 25
  }
}