{
  "format" : "NLHE_MTT_8MAX",
  "hands" : {
    "33" : {
      "call" : 0.085000000000000006,
      "fold" : 0.91500000000000004
    },
    "44" : {
      "call" : 0.30499999999999999,
      "fold" : 0.69499999999999995
    },
    "55" : {
      "call" : 0.90500000000000003,
      "fold" : 0.095000000000000001
    },
    "66" : {
      "call" : 1
    },
    "77" : {
      "call" : 0.8851,
      "raise3x" : 0.1149
    },
    "88" : {
      "call" : 0.63990000000000002,
      "raise3x" : 0.36009999999999998
    },
    "98s" : {
      "call" : 0.6885,
      "fold" : 0.29649999999999999,
      "raise3x" : 0.014999999999999999
    },
    "99" : {
      "call" : 0.4249,
      "raise3x" : 0.57509999999999994
    },
    "A3s" : {
      "call" : 0.01,
      "fold" : 0.98999999999999999
    },
    "A4s" : {
      "call" : 0.80510000000000004,
      "raise3x" : 0.19489999999999999
    },
    "A5s" : {
      "call" : 0.50509999999999999,
      "raise3x" : 0.49490000000000001
    },
    "A6s" : {
      "call" : 0.26490000000000002,
      "raise3x" : 0.73509999999999998
    },
    "A7s" : {
      "call" : 0.54500000000000004,
      "raise3x" : 0.45500000000000002
    },
    "A8s" : {
      "call" : 0.55989999999999995,
      "raise3x" : 0.44009999999999999
    },
    "A9o" : {
      "fold" : 0.95509999999999995,
      "raise3x" : 0.044900000000000002
    },
    "A9s" : {
      "call" : 0.97509999999999997,
      "raise3x" : 0.024899999999999999
    },
    "AA" : {
      "call" : 0.25990000000000002,
      "raise3x" : 0.74009999999999998
    },
    "AJo" : {
      "call" : 0.40000000000000002,
      "raise3x" : 0.59999999999999998
    },
    "AJs" : {
      "call" : 1
    },
    "AKo" : {
      "raise3x" : 1
    },
    "AKs" : {
      "raise3x" : 1
    },
    "AQo" : {
      "call" : 0.83999999999999997,
      "raise3x" : 0.16
    },
    "AQs" : {
      "raise3x" : 1
    },
    "ATo" : {
      "call" : 0.25490000000000002,
      "raise3x" : 0.74509999999999998
    },
    "ATs" : {
      "call" : 1
    },
    "J9s" : {
      "call" : 0.40989999999999999,
      "raise3x" : 0.59009999999999996
    },
    "JJ" : {
      "call" : 0.19489999999999999,
      "raise3x" : 0.80510000000000004
    },
    "JTs" : {
      "call" : 0.94020000000000004,
      "raise3x" : 0.059799999999999999
    },
    "K8s" : {
      "fold" : 0.55500000000000005,
      "raise3x" : 0.44500000000000001
    },
    "K9s" : {
      "call" : 0.16500000000000001,
      "raise3x" : 0.83499999999999996
    },
    "KJo" : {
      "call" : 0.29499999999999998,
      "fold" : 0.44009999999999999,
      "raise3x" : 0.26490000000000002
    },
    "KJs" : {
      "call" : 1
    },
    "KK" : {
      "call" : 0.029899999999999999,
      "raise3x" : 0.97009999999999996
    },
    "KQo" : {
      "call" : 0.57509999999999994,
      "raise3x" : 0.4249
    },
    "KQs" : {
      "call" : 1
    },
    "KTo" : {
      "fold" : 0.96009999999999995,
      "raise3x" : 0.039899999999999998
    },
    "KTs" : {
      "call" : 1
    },
    "Q9s" : {
      "raise3x" : 1
    },
    "QJo" : {
      "fold" : 0.86519999999999997,
      "raise3x" : 0.1348
    },
    "QJs" : {
      "call" : 1
    },
    "QQ" : {
      "call" : 0.039899999999999998,
      "raise3x" : 0.96009999999999995
    },
    "QTs" : {
      "call" : 0.8901,
      "raise3x" : 0.1099
    },
    "T8s" : {
      "call" : 0.10489999999999999,
      "fold" : 0.82530000000000003,
      "raise3x" : 0.069800000000000001
    },
    "T9s" : {
      "call" : 0.77000000000000002,
      "raise3x" : 0.23000000000000001
    },
    "TT" : {
      "call" : 0.1149,
      "raise3x" : 0.8851
    }
  },
  "id" : "mtt_8max_35bb_co_vsopen_vs_hj",
  "source" : {
    "description" : "RangeConverter free PDF — 8-max 35bb 1bb ante (12.5%).",
    "publisher" : {
      "accessedDate" : "2026-06-01",
      "name" : "RangeConverter",
      "product" : "Free Poker Charts — 8 max 1bb ante MTT GTO Ranges",
      "treeParams" : "poker.academy CE-Symmetric Regular @ 35bb (GTO ChipEV, 1bb ante)",
      "url" : "https:\/\/rangeconverter.com\/free-poker-charts"
    },
    "solver" : {
      "assumptions" : "Frequencies rounded to nearest 25% per source. ChipEV (non-ICM). 1bb (12.5%) big-blind ante."
    },
    "type" : "published"
  },
  "spot" : {
    "anteType" : "bigBlindAnte",
    "facingAction" : "vsOpen",
    "opponentPosition" : "HJ",
    "position" : "CO",
    "stackDepthBB" : 35
  }
}