{
  "format" : "NLHE_MTT_8MAX",
  "hands" : {
    "44" : {
      "call" : 0.72009999999999996,
      "shove" : 0.27989999999999998
    },
    "54s" : {
      "call" : 1
    },
    "55" : {
      "call" : 0.61499999999999999,
      "shove" : 0.38500000000000001
    },
    "65s" : {
      "call" : 1
    },
    "66" : {
      "call" : 1
    },
    "76s" : {
      "call" : 1
    },
    "77" : {
      "call" : 0.65510000000000002,
      "shove" : 0.34489999999999998
    },
    "86s" : {
      "call" : 0.55000000000000004,
      "fold" : 0.45000000000000001
    },
    "87s" : {
      "call" : 1
    },
    "88" : {
      "call" : 0.4199,
      "shove" : 0.58009999999999995
    },
    "98s" : {
      "call" : 0.71509999999999996,
      "fold" : 0.28489999999999999
    },
    "99" : {
      "call" : 0.26989999999999997,
      "shove" : 0.73009999999999997
    },
    "A2s" : {
      "call" : 1
    },
    "A3s" : {
      "call" : 0.68000000000000005,
      "shove" : 0.32000000000000001
    },
    "A4s" : {
      "call" : 0.58509999999999995,
      "shove" : 0.41489999999999999
    },
    "A5s" : {
      "call" : 0.26989999999999997,
      "shove" : 0.73009999999999997
    },
    "A6s" : {
      "call" : 1
    },
    "A7s" : {
      "call" : 1
    },
    "A8s" : {
      "call" : 1
    },
    "A9s" : {
      "call" : 1
    },
    "AA" : {
      "call" : 1
    },
    "AJo" : {
      "call" : 1
    },
    "AJs" : {
      "call" : 1
    },
    "AKo" : {
      "shove" : 1
    },
    "AKs" : {
      "shove" : 1
    },
    "AQo" : {
      "call" : 0.13980000000000001,
      "shove" : 0.86019999999999996
    },
    "AQs" : {
      "call" : 1
    },
    "ATo" : {
      "call" : 0.23999999999999999,
      "fold" : 0.76000000000000001
    },
    "ATs" : {
      "call" : 1
    },
    "J9s" : {
      "call" : 1
    },
    "JJ" : {
      "shove" : 1
    },
    "JTs" : {
      "call" : 1
    },
    "K5s" : {
      "call" : 0.55500000000000005,
      "fold" : 0.44500000000000001
    },
    "K6s" : {
      "call" : 0.93020000000000003,
      "fold" : 0.069800000000000001
    },
    "K7s" : {
      "call" : 0.024899999999999999,
      "fold" : 0.97509999999999997
    },
    "K8s" : {
      "call" : 0.68000000000000005,
      "fold" : 0.32000000000000001
    },
    "K9s" : {
      "call" : 1
    },
    "KJo" : {
      "call" : 0.65510000000000002,
      "fold" : 0.34489999999999998
    },
    "KJs" : {
      "call" : 0.029899999999999999,
      "shove" : 0.97009999999999996
    },
    "KK" : {
      "shove" : 1
    },
    "KQo" : {
      "call" : 1
    },
    "KQs" : {
      "call" : 0.46500000000000002,
      "shove" : 0.53500000000000003
    },
    "KTs" : {
      "call" : 1
    },
    "Q8s" : {
      "call" : 0.77500000000000002,
      "fold" : 0.22500000000000001
    },
    "Q9s" : {
      "call" : 1
    },
    "QJo" : {
      "call" : 0.039899999999999998,
      "fold" : 0.96009999999999995
    },
    "QJs" : {
      "call" : 1
    },
    "QQ" : {
      "shove" : 1
    },
    "QTs" : {
      "call" : 1
    },
    "T8s" : {
      "call" : 1
    },
    "T9s" : {
      "call" : 1
    },
    "TT" : {
      "shove" : 1
    }
  },
  "id" : "mtt_8max_35bb_hj_vs3bet_vs_btn",
  "source" : {
    "description" : "RangeConverter free PDF — 8-max 35bb 1bb ante (12.5%).",
    "publisher" : {
      "accessedDate" : "2026-06-01",
      "name" : "RangeConverter",
      "product" : "Free Poker Charts — 8 max 1bb ante MTT GTO Ranges",
      "treeParams" : "poker.academy CE-Symmetric Regular @ 35bb (GTO ChipEV, 1bb ante)",
      "url" : "https:\/\/rangeconverter.com\/free-poker-charts"
    },
    "solver" : {
      "assumptions" : "Frequencies rounded to nearest 25% per source. ChipEV (non-ICM). 1bb (12.5%) big-blind ante."
    },
    "type" : "published"
  },
  "spot" : {
    "anteType" : "bigBlindAnte",
    "facingAction" : "vs3Bet",
    "opponentPosition" : "BTN",
    "position" : "HJ",
    "stackDepthBB" : 35
  }
}