{
  "format" : "NLHE_MTT_8MAX",
  "hands" : {
    "22" : {
      "call" : 0.8861,
      "fold" : 0.1139
    },
    "33" : {
      "call" : 0.80010000000000003,
      "fold" : 0.19989999999999999
    },
    "44" : {
      "call" : 0.97609999999999997,
      "raise3x" : 0.023900000000000001
    },
    "54s" : {
      "call" : 0.61809999999999998,
      "fold" : 0.081900000000000001,
      "raise3x" : 0.29999999999999999
    },
    "55" : {
      "call" : 0.98209999999999997,
      "raise3x" : 0.017899999999999999
    },
    "65s" : {
      "call" : 0.46410000000000001,
      "fold" : 0.26989999999999997,
      "raise3x" : 0.26600000000000001
    },
    "66" : {
      "call" : 0.93410000000000004,
      "raise3x" : 0.0659
    },
    "76s" : {
      "call" : 0.4289,
      "fold" : 0.42680000000000001,
      "raise3x" : 0.14430000000000001
    },
    "77" : {
      "call" : 0.872,
      "raise3x" : 0.128
    },
    "87s" : {
      "call" : 0.29459999999999997,
      "fold" : 0.4168,
      "raise3x" : 0.28860000000000002
    },
    "88" : {
      "call" : 0.87619999999999998,
      "raise3x" : 0.12379999999999999
    },
    "98s" : {
      "call" : 0.70409999999999995,
      "fold" : 0.2959
    },
    "99" : {
      "call" : 0.7661,
      "raise3x" : 0.2339
    },
    "A2s" : {
      "call" : 0.1439,
      "fold" : 0.85609999999999997
    },
    "A3s" : {
      "call" : 0.50800000000000001,
      "raise3x" : 0.49199999999999999
    },
    "A4s" : {
      "call" : 0.56410000000000005,
      "raise3x" : 0.43590000000000001
    },
    "A5s" : {
      "call" : 0.53000000000000003,
      "raise3x" : 0.46999999999999997
    },
    "A6s" : {
      "call" : 0.40200000000000002,
      "raise3x" : 0.59799999999999998
    },
    "A7s" : {
      "call" : 0.76000000000000001,
      "raise3x" : 0.23999999999999999
    },
    "A8s" : {
      "call" : 0.80620000000000003,
      "raise3x" : 0.1938
    },
    "A9s" : {
      "call" : 0.77810000000000001,
      "raise3x" : 0.22189999999999999
    },
    "AA" : {
      "raise3x" : 1
    },
    "AJo" : {
      "call" : 0.71599999999999997,
      "raise3x" : 0.28399999999999997
    },
    "AJs" : {
      "call" : 0.84419999999999995,
      "raise3x" : 0.15579999999999999
    },
    "AKo" : {
      "call" : 0.2979,
      "raise3x" : 0.70209999999999995
    },
    "AKs" : {
      "raise3x" : 1
    },
    "AQo" : {
      "call" : 0.878,
      "raise3x" : 0.122
    },
    "AQs" : {
      "call" : 0.40989999999999999,
      "raise3x" : 0.59009999999999996
    },
    "ATo" : {
      "fold" : 0.56989999999999996,
      "raise3x" : 0.43009999999999998
    },
    "ATs" : {
      "call" : 0.65200000000000002,
      "raise3x" : 0.34799999999999998
    },
    "J9s" : {
      "call" : 0.64410000000000001,
      "raise3x" : 0.35589999999999999
    },
    "JJ" : {
      "call" : 0.68210000000000004,
      "raise3x" : 0.31790000000000002
    },
    "JTs" : {
      "call" : 0.96009999999999995,
      "raise3x" : 0.039899999999999998
    },
    "K6s" : {
      "call" : 0.0659,
      "fold" : 0.72419999999999995,
      "raise3x" : 0.2099
    },
    "K7s" : {
      "fold" : 0.78410000000000002,
      "raise3x" : 0.21590000000000001
    },
    "K8s" : {
      "call" : 0.16789999999999999,
      "fold" : 0.43009999999999998,
      "raise3x" : 0.40200000000000002
    },
    "K9s" : {
      "call" : 0.52000000000000002,
      "raise3x" : 0.47999999999999998
    },
    "KJo" : {
      "call" : 0.11799999999999999,
      "fold" : 0.754,
      "raise3x" : 0.128
    },
    "KJs" : {
      "call" : 0.67610000000000003,
      "raise3x" : 0.32390000000000002
    },
    "KK" : {
      "raise3x" : 1
    },
    "KQo" : {
      "call" : 0.57589999999999997,
      "raise3x" : 0.42409999999999998
    },
    "KQs" : {
      "call" : 1
    },
    "KTs" : {
      "call" : 0.84999999999999998,
      "raise3x" : 0.14999999999999999
    },
    "Q9s" : {
      "call" : 0.40000000000000002,
      "raise3x" : 0.59999999999999998
    },
    "QJs" : {
      "call" : 0.35199999999999998,
      "raise3x" : 0.64800000000000002
    },
    "QQ" : {
      "call" : 0.52190000000000003,
      "raise3x" : 0.47810000000000002
    },
    "QTs" : {
      "call" : 0.80620000000000003,
      "raise3x" : 0.1938
    },
    "T8s" : {
      "call" : 0.36909999999999998,
      "fold" : 0.49709999999999999,
      "raise3x" : 0.1338
    },
    "T9s" : {
      "call" : 0.79200000000000004,
      "raise3x" : 0.20799999999999999
    },
    "TT" : {
      "call" : 0.6341,
      "raise3x" : 0.3659
    }
  },
  "id" : "mtt_8max_100bb_co_vsopen_vs_utg1",
  "source" : {
    "description" : "RangeConverter free PDF — 8-max 100bb 1bb ante (12.5%).",
    "publisher" : {
      "accessedDate" : "2026-06-01",
      "name" : "RangeConverter",
      "product" : "Free Poker Charts — 8 max 1bb ante MTT GTO Ranges",
      "treeParams" : "poker.academy CE-Symmetric Regular @ 100bb (GTO ChipEV, 1bb ante)",
      "url" : "https:\/\/rangeconverter.com\/free-poker-charts"
    },
    "solver" : {
      "assumptions" : "Frequencies rounded to nearest 25% per source. ChipEV (non-ICM). 1bb (12.5%) big-blind ante."
    },
    "type" : "published"
  },
  "spot" : {
    "anteType" : "bigBlindAnte",
    "facingAction" : "vsOpen",
    "opponentPosition" : "UTG1",
    "position" : "CO",
    "stackDepthBB" : 100
  }
}