{
  "format" : "NLHE_MTT_9MAX",
  "hands" : {
    "22" : {
      "call" : 0.33500000000000002,
      "fold" : 0.66500000000000004
    },
    "33" : {
      "call" : 0.54500000000000004,
      "fold" : 0.45500000000000002
    },
    "44" : {
      "call" : 1
    },
    "55" : {
      "call" : 1
    },
    "66" : {
      "call" : 0.87009999999999998,
      "raise25x" : 0.12989999999999999
    },
    "77" : {
      "call" : 0.71519999999999995,
      "raise25x" : 0.1348,
      "shove" : 0.14999999999999999
    },
    "87s" : {
      "call" : 0.59299999999999997,
      "fold" : 0.40699999999999997
    },
    "88" : {
      "call" : 0.1691,
      "raise25x" : 0.2437,
      "shove" : 0.58720000000000006
    },
    "98s" : {
      "call" : 0.96009999999999995,
      "raise25x" : 0.039899999999999998
    },
    "99" : {
      "call" : 0.245,
      "raise25x" : 0.67000000000000004,
      "shove" : 0.084999999999999992
    },
    "A2s" : {
      "call" : 0.1048,
      "raise25x" : 0.8952
    },
    "A3s" : {
      "call" : 0.71009999999999995,
      "raise25x" : 0.26989999999999997,
      "shove" : 0.02
    },
    "A4s" : {
      "call" : 0.85509999999999997,
      "raise25x" : 0.095000000000000001,
      "shove" : 0.0499
    },
    "A5s" : {
      "call" : 1
    },
    "A6s" : {
      "call" : 0.77000000000000002,
      "raise25x" : 0.23000000000000001
    },
    "A7s" : {
      "call" : 0.83999999999999997,
      "raise25x" : 0.16
    },
    "A8o" : {
      "fold" : 0.72509999999999997,
      "raise25x" : 0.27489999999999998
    },
    "A8s" : {
      "call" : 1
    },
    "A9o" : {
      "call" : 0.069800000000000001,
      "fold" : 0.22009999999999999,
      "raise25x" : 0.71009999999999995
    },
    "A9s" : {
      "call" : 1
    },
    "AA" : {
      "call" : 0.43509999999999999,
      "raise25x" : 0.56489999999999996
    },
    "AJo" : {
      "call" : 0.93520000000000003,
      "raise25x" : 0.064799999999999996
    },
    "AJs" : {
      "call" : 0.36009999999999998,
      "raise25x" : 0.63990000000000002
    },
    "AKo" : {
      "raise25x" : 0.96509999999999996,
      "shove" : 0.0349
    },
    "AKs" : {
      "raise25x" : 1
    },
    "AQo" : {
      "raise25x" : 0.019899999999999998,
      "shove" : 0.98009999999999997
    },
    "AQs" : {
      "call" : 0.019899999999999998,
      "raise25x" : 0.98009999999999997
    },
    "ATo" : {
      "call" : 0.63490000000000002,
      "raise25x" : 0.36509999999999998
    },
    "ATs" : {
      "call" : 1
    },
    "J9s" : {
      "call" : 0.68500000000000005,
      "raise25x" : 0.315
    },
    "JJ" : {
      "call" : 0.1799,
      "raise25x" : 0.82010000000000005
    },
    "JTs" : {
      "call" : 0.63990000000000002,
      "shove" : 0.36009999999999998
    },
    "K7s" : {
      "call" : 0.47499999999999998,
      "raise25x" : 0.52500000000000002
    },
    "K8s" : {
      "call" : 0.66510000000000002,
      "raise25x" : 0.33489999999999998
    },
    "K9s" : {
      "call" : 1
    },
    "KJo" : {
      "call" : 0.55989999999999995,
      "raise25x" : 0.44009999999999999
    },
    "KJs" : {
      "call" : 0.34989999999999999,
      "shove" : 0.65010000000000001
    },
    "KK" : {
      "call" : 0.0349,
      "raise25x" : 0.96509999999999996
    },
    "KQo" : {
      "call" : 0.71519999999999995,
      "raise25x" : 0.10489999999999999,
      "shove" : 0.1799
    },
    "KQs" : {
      "call" : 0.64510000000000001,
      "raise25x" : 0.35489999999999999
    },
    "KTo" : {
      "call" : 0.77000000000000002,
      "raise25x" : 0.23000000000000001
    },
    "KTs" : {
      "shove" : 1
    },
    "Q8s" : {
      "call" : 0.14499999999999999,
      "raise25x" : 0.85499999999999998
    },
    "Q9s" : {
      "call" : 0.8901,
      "raise25x" : 0.1099
    },
    "QJo" : {
      "call" : 0.47999999999999998,
      "raise25x" : 0.52000000000000002
    },
    "QJs" : {
      "call" : 1
    },
    "QQ" : {
      "call" : 0.14999999999999999,
      "raise25x" : 0.84999999999999998
    },
    "QTo" : {
      "call" : 0.11990000000000001,
      "fold" : 0.59009999999999996,
      "raise25x" : 0.28999999999999998
    },
    "QTs" : {
      "call" : 1
    },
    "T8s" : {
      "call" : 0.86019999999999996,
      "raise25x" : 0.13980000000000001
    },
    "T9s" : {
      "call" : 1
    },
    "TT" : {
      "raise25x" : 1
    }
  },
  "id" : "mtt_9max_30bb_btn_vsopen_vs_co",
  "source" : {
    "description" : "Adapted from RangeConverter 8-max baseline.",
    "publisher" : {
      "accessedDate" : "2026-06-01",
      "name" : "RangeConverter",
      "product" : "Free Poker Charts — 8 max 1bb ante MTT GTO Ranges",
      "treeParams" : "2.5x open, 3.5x 3bet IP, 4.5x 3bet OOP, 2.3x 4bet IP, 2.75x 4bet OOP, SB vs BB 3.2bb",
      "url" : "https:\/\/rangeconverter.com\/free-poker-charts"
    },
    "solver" : {
      "assumptions" : "Frequencies rounded to nearest 25% per source. ChipEV (non-ICM). 1bb (12.5%) big-blind ante. Copied verbatim from 8-max BTN (same effective seat in 9-max)."
    },
    "type" : "published"
  },
  "spot" : {
    "anteType" : "bigBlindAnte",
    "facingAction" : "vsOpen",
    "opponentPosition" : "CO",
    "position" : "BTN",
    "stackDepthBB" : 30
  }
}