{
  "format" : "NLHE_MTT_8MAX",
  "hands" : {
    "44" : {
      "call" : 1
    },
    "55" : {
      "call" : 1
    },
    "66" : {
      "call" : 1
    },
    "76s" : {
      "call" : 1
    },
    "77" : {
      "call" : 1
    },
    "87s" : {
      "call" : 1
    },
    "88" : {
      "call" : 1
    },
    "98s" : {
      "call" : 1
    },
    "99" : {
      "call" : 1
    },
    "A2s" : {
      "shove" : 1
    },
    "A3s" : {
      "shove" : 1
    },
    "A4s" : {
      "shove" : 1
    },
    "A5s" : {
      "shove" : 1
    },
    "A6s" : {
      "call" : 1
    },
    "A7s" : {
      "call" : 0.93020000000000003,
      "shove" : 0.069800000000000001
    },
    "A8s" : {
      "call" : 1
    },
    "A9s" : {
      "call" : 1
    },
    "AA" : {
      "call" : 0.42409999999999998,
      "shove" : 0.57589999999999997
    },
    "AJo" : {
      "call" : 1
    },
    "AJs" : {
      "call" : 1
    },
    "AKo" : {
      "shove" : 1
    },
    "AKs" : {
      "shove" : 1
    },
    "AQo" : {
      "call" : 1
    },
    "AQs" : {
      "call" : 1
    },
    "ATo" : {
      "call" : 0.027799999999999998,
      "fold" : 0.97219999999999995
    },
    "ATs" : {
      "call" : 1
    },
    "J9s" : {
      "call" : 1
    },
    "JJ" : {
      "call" : 0.128,
      "shove" : 0.872
    },
    "JTs" : {
      "call" : 1
    },
    "K6s" : {
      "call" : 1
    },
    "K7s" : {
      "call" : 0.21190000000000001,
      "fold" : 0.78810000000000002
    },
    "K8s" : {
      "call" : 0.41199999999999998,
      "fold" : 0.58799999999999997
    },
    "K9s" : {
      "call" : 1
    },
    "KJo" : {
      "call" : 0.096000000000000002,
      "fold" : 0.90400000000000003
    },
    "KJs" : {
      "call" : 1
    },
    "KK" : {
      "shove" : 1
    },
    "KQo" : {
      "call" : 1
    },
    "KQs" : {
      "call" : 1
    },
    "KTs" : {
      "call" : 1
    },
    "Q9s" : {
      "call" : 1
    },
    "QJs" : {
      "call" : 1
    },
    "QQ" : {
      "shove" : 1
    },
    "QTs" : {
      "call" : 1
    },
    "T8s" : {
      "call" : 0.83399999999999996,
      "fold" : 0.16600000000000001
    },
    "T9s" : {
      "call" : 1
    },
    "TT" : {
      "call" : 0.86599999999999999,
      "shove" : 0.13400000000000001
    }
  },
  "id" : "mtt_8max_50bb_lj_vs3bet_vs_btn",
  "source" : {
    "description" : "RangeConverter free PDF — 8-max 50bb 1bb ante (12.5%).",
    "publisher" : {
      "accessedDate" : "2026-06-01",
      "name" : "RangeConverter",
      "product" : "Free Poker Charts — 8 max 1bb ante MTT GTO Ranges",
      "treeParams" : "poker.academy CE-Symmetric Regular @ 50bb (GTO ChipEV, 1bb ante)",
      "url" : "https:\/\/rangeconverter.com\/free-poker-charts"
    },
    "solver" : {
      "assumptions" : "Frequencies rounded to nearest 25% per source. ChipEV (non-ICM). 1bb (12.5%) big-blind ante."
    },
    "type" : "published"
  },
  "spot" : {
    "anteType" : "bigBlindAnte",
    "facingAction" : "vs3Bet",
    "opponentPosition" : "BTN",
    "position" : "LJ",
    "stackDepthBB" : 50
  }
}