{
  "format" : "NLHE_MTT_8MAX",
  "hands" : {
    "44" : {
      "call" : 0.059799999999999999,
      "fold" : 0.94020000000000004
    },
    "54s" : {
      "call" : 0.13980000000000001,
      "fold" : 0.86019999999999996
    },
    "55" : {
      "call" : 0.10489999999999999,
      "fold" : 0.89510000000000001
    },
    "65s" : {
      "call" : 0.044900000000000002,
      "fold" : 0.95509999999999995
    },
    "66" : {
      "call" : 0.22,
      "fold" : 0.78000000000000003
    },
    "76s" : {
      "call" : 0.024899999999999999,
      "fold" : 0.97509999999999997
    },
    "77" : {
      "call" : 0.24990000000000001,
      "fold" : 0.75009999999999999
    },
    "88" : {
      "call" : 0.46279999999999999,
      "fold" : 0.32840000000000003,
      "raise3x" : 0.20880000000000001
    },
    "99" : {
      "call" : 0.53000000000000003,
      "raise3x" : 0.46999999999999997
    },
    "A5s" : {
      "call" : 0.155,
      "fold" : 0.28999999999999998,
      "raise3x" : 0.55500000000000005
    },
    "A6s" : {
      "fold" : 0.96509999999999996,
      "raise3x" : 0.0349
    },
    "A7s" : {
      "fold" : 0.86519999999999997,
      "raise3x" : 0.1348
    },
    "A8s" : {
      "fold" : 0.93020000000000003,
      "raise3x" : 0.069800000000000001
    },
    "A9s" : {
      "call" : 0.024899999999999999,
      "fold" : 0.46500000000000002,
      "raise3x" : 0.5101
    },
    "AA" : {
      "raise3x" : 1
    },
    "AJo" : {
      "fold" : 0.66510000000000002,
      "raise3x" : 0.33489999999999998
    },
    "AJs" : {
      "call" : 1
    },
    "AKo" : {
      "call" : 0.26989999999999997,
      "raise3x" : 0.73009999999999997
    },
    "AKs" : {
      "raise3x" : 1
    },
    "AQo" : {
      "call" : 0.064799999999999996,
      "raise3x" : 0.93520000000000003
    },
    "AQs" : {
      "call" : 1
    },
    "ATs" : {
      "call" : 0.29999999999999999,
      "raise3x" : 0.69999999999999996
    },
    "JJ" : {
      "call" : 0.34989999999999999,
      "raise3x" : 0.65010000000000001
    },
    "JTs" : {
      "call" : 0.375,
      "fold" : 0.625
    },
    "K9s" : {
      "fold" : 0.80010000000000003,
      "raise3x" : 0.19989999999999999
    },
    "KJs" : {
      "call" : 0.0349,
      "raise3x" : 0.96509999999999996
    },
    "KK" : {
      "raise3x" : 1
    },
    "KQo" : {
      "fold" : 0.77000000000000002,
      "raise3x" : 0.23000000000000001
    },
    "KQs" : {
      "call" : 0.78000000000000003,
      "raise3x" : 0.22
    },
    "KTs" : {
      "call" : 0.22,
      "raise3x" : 0.78000000000000003
    },
    "QJs" : {
      "call" : 0.245,
      "fold" : 0.40999999999999998,
      "raise3x" : 0.34499999999999997
    },
    "QQ" : {
      "call" : 0.16500000000000001,
      "raise3x" : 0.83499999999999996
    },
    "QTs" : {
      "call" : 0.40989999999999999,
      "fold" : 0.59009999999999996
    },
    "TT" : {
      "call" : 0.44500000000000001,
      "raise3x" : 0.55500000000000005
    }
  },
  "id" : "mtt_8max_40bb_utg1_vsopen_vs_utg",
  "source" : {
    "description" : "RangeConverter free PDF — 8-max 40bb 1bb ante (12.5%).",
    "publisher" : {
      "accessedDate" : "2026-06-01",
      "name" : "RangeConverter",
      "product" : "Free Poker Charts — 8 max 1bb ante MTT GTO Ranges",
      "treeParams" : "poker.academy CE-Symmetric Regular @ 40bb (GTO ChipEV, 1bb ante)",
      "url" : "https:\/\/rangeconverter.com\/free-poker-charts"
    },
    "solver" : {
      "assumptions" : "Frequencies rounded to nearest 25% per source. ChipEV (non-ICM). 1bb (12.5%) big-blind ante."
    },
    "type" : "published"
  },
  "spot" : {
    "anteType" : "bigBlindAnte",
    "facingAction" : "vsOpen",
    "opponentPosition" : "UTG",
    "position" : "UTG1",
    "stackDepthBB" : 40
  }
}