{
  "format" : "NLHE_MTT_8MAX",
  "hands" : {
    "22" : {
      "call" : 1
    },
    "32s" : {
      "call" : 1
    },
    "33" : {
      "call" : 1
    },
    "42s" : {
      "call" : 1
    },
    "43s" : {
      "call" : 0.7621,
      "raise3x" : 0.2379
    },
    "44" : {
      "call" : 1
    },
    "52s" : {
      "call" : 1
    },
    "53s" : {
      "call" : 1
    },
    "54o" : {
      "call" : 0.87409999999999999,
      "fold" : 0.12590000000000001
    },
    "54s" : {
      "call" : 0.37190000000000001,
      "raise3x" : 0.62809999999999999
    },
    "55" : {
      "call" : 1
    },
    "62s" : {
      "call" : 0.60999999999999999,
      "fold" : 0.39000000000000001
    },
    "63s" : {
      "call" : 1
    },
    "64s" : {
      "call" : 1
    },
    "65o" : {
      "call" : 1
    },
    "65s" : {
      "call" : 0.246,
      "raise3x" : 0.754
    },
    "66" : {
      "call" : 1
    },
    "73s" : {
      "call" : 1
    },
    "74s" : {
      "call" : 1
    },
    "75s" : {
      "call" : 1
    },
    "76o" : {
      "call" : 1
    },
    "76s" : {
      "call" : 0.29999999999999999,
      "raise3x" : 0.69999999999999996
    },
    "77" : {
      "call" : 1
    },
    "84s" : {
      "call" : 1
    },
    "85s" : {
      "call" : 1
    },
    "86s" : {
      "call" : 1
    },
    "87o" : {
      "call" : 0.80800000000000005,
      "fold" : 0.192
    },
    "87s" : {
      "call" : 0.35799999999999998,
      "raise3x" : 0.64200000000000002
    },
    "88" : {
      "call" : 1
    },
    "92s" : {
      "call" : 1
    },
    "93s" : {
      "call" : 1
    },
    "94s" : {
      "call" : 1
    },
    "95s" : {
      "call" : 1
    },
    "96s" : {
      "call" : 1
    },
    "97s" : {
      "call" : 1
    },
    "98o" : {
      "call" : 1
    },
    "98s" : {
      "call" : 0.7419,
      "raise3x" : 0.2581
    },
    "99" : {
      "call" : 1
    },
    "A2s" : {
      "call" : 1
    },
    "A3o" : {
      "call" : 0.64080000000000004,
      "fold" : 0.3513,
      "raise3x" : 0.0079000000000000008
    },
    "A3s" : {
      "call" : 0.82210000000000005,
      "raise3x" : 0.1779
    },
    "A4o" : {
      "call" : 1
    },
    "A4s" : {
      "call" : 0.4899,
      "raise3x" : 0.5101
    },
    "A5o" : {
      "call" : 1
    },
    "A5s" : {
      "call" : 0.39389999999999997,
      "raise3x" : 0.60609999999999997
    },
    "A6o" : {
      "call" : 1
    },
    "A6s" : {
      "call" : 1
    },
    "A7o" : {
      "call" : 1
    },
    "A7s" : {
      "call" : 1
    },
    "A8o" : {
      "call" : 1
    },
    "A8s" : {
      "call" : 1
    },
    "A9o" : {
      "call" : 1
    },
    "A9s" : {
      "call" : 0.32790000000000002,
      "raise3x" : 0.67210000000000003
    },
    "AA" : {
      "raise3x" : 1
    },
    "AJo" : {
      "call" : 1
    },
    "AJs" : {
      "call" : 0.90210000000000001,
      "raise3x" : 0.097900000000000001
    },
    "AKo" : {
      "raise3x" : 1
    },
    "AKs" : {
      "raise3x" : 1
    },
    "AQo" : {
      "call" : 1
    },
    "AQs" : {
      "call" : 0.18990000000000001,
      "raise3x" : 0.81010000000000004
    },
    "ATo" : {
      "call" : 0.7681,
      "raise3x" : 0.2319
    },
    "ATs" : {
      "call" : 0.59009999999999996,
      "raise3x" : 0.40989999999999999
    },
    "J2s" : {
      "call" : 1
    },
    "J3s" : {
      "call" : 1
    },
    "J4s" : {
      "call" : 1
    },
    "J5s" : {
      "call" : 1
    },
    "J6s" : {
      "call" : 1
    },
    "J7s" : {
      "call" : 1
    },
    "J8s" : {
      "call" : 0.96409999999999996,
      "raise3x" : 0.035900000000000001
    },
    "J9o" : {
      "call" : 1
    },
    "J9s" : {
      "call" : 0.45190000000000002,
      "raise3x" : 0.54810000000000003
    },
    "JJ" : {
      "call" : 0.24390000000000001,
      "raise3x" : 0.75609999999999999
    },
    "JTo" : {
      "call" : 1
    },
    "JTs" : {
      "call" : 0.35399999999999998,
      "raise3x" : 0.64600000000000002
    },
    "K2s" : {
      "call" : 1
    },
    "K3s" : {
      "call" : 1
    },
    "K4s" : {
      "call" : 1
    },
    "K5s" : {
      "call" : 1
    },
    "K6o" : {
      "call" : 0.31,
      "fold" : 0.68999999999999995
    },
    "K6s" : {
      "call" : 0.79600000000000004,
      "raise3x" : 0.20399999999999999
    },
    "K7s" : {
      "call" : 1
    },
    "K8o" : {
      "call" : 1
    },
    "K8s" : {
      "call" : 1
    },
    "K9o" : {
      "call" : 1
    },
    "K9s" : {
      "call" : 0.90210000000000001,
      "raise3x" : 0.097900000000000001
    },
    "KJo" : {
      "call" : 1
    },
    "KJs" : {
      "call" : 0.49199999999999999,
      "raise3x" : 0.50800000000000001
    },
    "KK" : {
      "raise3x" : 1
    },
    "KQo" : {
      "call" : 1
    },
    "KQs" : {
      "call" : 0.70599999999999996,
      "raise3x" : 0.29399999999999998
    },
    "KTo" : {
      "call" : 1
    },
    "KTs" : {
      "call" : 0.42199999999999999,
      "raise3x" : 0.57799999999999996
    },
    "Q2s" : {
      "call" : 1
    },
    "Q3s" : {
      "call" : 1
    },
    "Q4s" : {
      "call" : 1
    },
    "Q5s" : {
      "call" : 1
    },
    "Q6s" : {
      "call" : 1
    },
    "Q7s" : {
      "call" : 1
    },
    "Q8o" : {
      "call" : 0.12989999999999999,
      "fold" : 0.87009999999999998
    },
    "Q8s" : {
      "call" : 0.86019999999999996,
      "raise3x" : 0.13980000000000001
    },
    "Q9o" : {
      "call" : 1
    },
    "Q9s" : {
      "call" : 0.68000000000000005,
      "raise3x" : 0.32000000000000001
    },
    "QJo" : {
      "call" : 1
    },
    "QJs" : {
      "raise3x" : 1
    },
    "QQ" : {
      "raise3x" : 1
    },
    "QTo" : {
      "call" : 1
    },
    "QTs" : {
      "call" : 0.246,
      "raise3x" : 0.754
    },
    "T2s" : {
      "call" : 1
    },
    "T3s" : {
      "call" : 1
    },
    "T4s" : {
      "call" : 1
    },
    "T5s" : {
      "call" : 1
    },
    "T6s" : {
      "call" : 1
    },
    "T7s" : {
      "call" : 1
    },
    "T8o" : {
      "call" : 0.4259,
      "fold" : 0.57410000000000005
    },
    "T8s" : {
      "call" : 0.98609999999999998,
      "raise3x" : 0.013899999999999999
    },
    "T9o" : {
      "call" : 1
    },
    "T9s" : {
      "call" : 0.16789999999999999,
      "raise3x" : 0.83209999999999995
    },
    "TT" : {
      "call" : 0.87619999999999998,
      "raise3x" : 0.12379999999999999
    }
  },
  "id" : "mtt_8max_100bb_bb_vsopen_vs_lj",
  "source" : {
    "description" : "RangeConverter free PDF — 8-max 100bb 1bb ante (12.5%).",
    "publisher" : {
      "accessedDate" : "2026-06-01",
      "name" : "RangeConverter",
      "product" : "Free Poker Charts — 8 max 1bb ante MTT GTO Ranges",
      "treeParams" : "poker.academy CE-Symmetric Regular @ 100bb (GTO ChipEV, 1bb ante)",
      "url" : "https:\/\/rangeconverter.com\/free-poker-charts"
    },
    "solver" : {
      "assumptions" : "Frequencies rounded to nearest 25% per source. ChipEV (non-ICM). 1bb (12.5%) big-blind ante."
    },
    "type" : "published"
  },
  "spot" : {
    "anteType" : "bigBlindAnte",
    "facingAction" : "vsOpen",
    "opponentPosition" : "LJ",
    "position" : "BB",
    "stackDepthBB" : 100
  }
}