{
  "format" : "NLHE_MTT_9MAX",
  "hands" : {
    "22" : {
      "call" : 1
    },
    "33" : {
      "call" : 1
    },
    "44" : {
      "call" : 1
    },
    "54s" : {
      "call" : 0.92210000000000003,
      "raise25x" : 0.077900000000000011
    },
    "55" : {
      "call" : 1
    },
    "65s" : {
      "call" : 0.82999999999999996,
      "raise25x" : 0.17000000000000001
    },
    "66" : {
      "call" : 1
    },
    "76s" : {
      "call" : 0.57410000000000005,
      "raise25x" : 0.4259
    },
    "77" : {
      "call" : 1
    },
    "86s" : {
      "call" : 0.32390000000000002,
      "fold" : 0.67610000000000003
    },
    "87s" : {
      "call" : 0.78000000000000003,
      "raise25x" : 0.22
    },
    "88" : {
      "call" : 0.69599999999999995,
      "raise25x" : 0.30399999999999999
    },
    "97s" : {
      "call" : 1
    },
    "98s" : {
      "call" : 0.92210000000000003,
      "raise25x" : 0.077900000000000011
    },
    "99" : {
      "call" : 0.46400000000000002,
      "raise25x" : 0.53600000000000003
    },
    "A2s" : {
      "call" : 1
    },
    "A3s" : {
      "call" : 1
    },
    "A4s" : {
      "call" : 1
    },
    "A5s" : {
      "call" : 0.40200000000000002,
      "raise25x" : 0.59799999999999998
    },
    "A6s" : {
      "call" : 0.55389999999999995,
      "raise25x" : 0.4461
    },
    "A7s" : {
      "call" : 0.6079,
      "raise25x" : 0.3921
    },
    "A8s" : {
      "call" : 0.96009999999999995,
      "raise25x" : 0.039899999999999998
    },
    "A9o" : {
      "call" : 1
    },
    "A9s" : {
      "raise25x" : 1
    },
    "AA" : {
      "raise25x" : 1
    },
    "AJo" : {
      "call" : 0.24179999999999999,
      "raise25x" : 0.75819999999999999
    },
    "AJs" : {
      "call" : 1
    },
    "AKo" : {
      "raise25x" : 1
    },
    "AKs" : {
      "raise25x" : 1
    },
    "AQo" : {
      "call" : 0.31190000000000001,
      "raise25x" : 0.68810000000000004
    },
    "AQs" : {
      "raise25x" : 1
    },
    "ATo" : {
      "call" : 0.72409999999999997,
      "raise25x" : 0.27589999999999998
    },
    "ATs" : {
      "call" : 1
    },
    "J8s" : {
      "call" : 0.73609999999999998,
      "raise25x" : 0.26390000000000002
    },
    "J9s" : {
      "call" : 0.71409999999999996,
      "raise25x" : 0.28589999999999999
    },
    "JJ" : {
      "raise25x" : 1
    },
    "JTo" : {
      "call" : 0.52400000000000002,
      "fold" : 0.47599999999999998
    },
    "JTs" : {
      "raise25x" : 1
    },
    "K4s" : {
      "call" : 0.66400000000000003,
      "fold" : 0.33600000000000002
    },
    "K5s" : {
      "call" : 0.94810000000000005,
      "raise25x" : 0.051899999999999988
    },
    "K6s" : {
      "call" : 0.74399999999999999,
      "raise25x" : 0.25600000000000001
    },
    "K7s" : {
      "call" : 1
    },
    "K8s" : {
      "call" : 1
    },
    "K9s" : {
      "call" : 0.47599999999999998,
      "raise25x" : 0.52400000000000002
    },
    "KJo" : {
      "call" : 0.88800000000000001,
      "raise25x" : 0.112
    },
    "KJs" : {
      "call" : 0.44009999999999999,
      "raise25x" : 0.55989999999999995
    },
    "KK" : {
      "raise25x" : 1
    },
    "KQo" : {
      "call" : 0.58799999999999997,
      "raise25x" : 0.41199999999999998
    },
    "KQs" : {
      "call" : 1
    },
    "KTo" : {
      "call" : 0.69399999999999995,
      "raise25x" : 0.30599999999999999
    },
    "KTs" : {
      "call" : 0.089999999999999997,
      "raise25x" : 0.91000000000000003
    },
    "Q8s" : {
      "call" : 1
    },
    "Q9s" : {
      "call" : 1
    },
    "QJo" : {
      "call" : 1
    },
    "QJs" : {
      "call" : 0.45789999999999997,
      "raise25x" : 0.54210000000000003
    },
    "QQ" : {
      "raise25x" : 1
    },
    "QTo" : {
      "call" : 0.84209999999999996,
      "fold" : 0.15790000000000001
    },
    "QTs" : {
      "call" : 0.20200000000000001,
      "raise25x" : 0.79800000000000004
    },
    "T8s" : {
      "call" : 0.58199999999999996,
      "raise25x" : 0.41799999999999998
    },
    "T9s" : {
      "call" : 0.28589999999999999,
      "raise25x" : 0.71409999999999996
    },
    "TT" : {
      "call" : 0.059799999999999999,
      "raise25x" : 0.94020000000000004
    }
  },
  "id" : "mtt_9max_50bb_sb_vsopen_vs_hj",
  "source" : {
    "description" : "Adapted from RangeConverter 8-max baseline.",
    "publisher" : {
      "accessedDate" : "2026-06-01",
      "name" : "RangeConverter",
      "product" : "Free Poker Charts — 8 max 1bb ante MTT GTO Ranges",
      "treeParams" : "2.5x open, 3.5x 3bet IP, 4.5x 3bet OOP, 2.3x 4bet IP, 2.75x 4bet OOP, SB vs BB 3.2bb",
      "url" : "https:\/\/rangeconverter.com\/free-poker-charts"
    },
    "solver" : {
      "assumptions" : "Frequencies rounded to nearest 25% per source. ChipEV (non-ICM). 1bb (12.5%) big-blind ante. Copied verbatim from 8-max SB (same effective seat in 9-max)."
    },
    "type" : "published"
  },
  "spot" : {
    "anteType" : "bigBlindAnte",
    "facingAction" : "vsOpen",
    "opponentPosition" : "HJ",
    "position" : "SB",
    "stackDepthBB" : 50
  }
}