{
  "format" : "NLHE_MTT_8MAX",
  "hands" : {
    "22" : {
      "call" : 1
    },
    "33" : {
      "call" : 1
    },
    "44" : {
      "call" : 1
    },
    "53s" : {
      "call" : 0.75009999999999999,
      "fold" : 0.24990000000000001
    },
    "54s" : {
      "call" : 0.91400000000000003,
      "raise3x" : 0.085999999999999993
    },
    "55" : {
      "call" : 1
    },
    "64s" : {
      "call" : 0.34989999999999999,
      "fold" : 0.65010000000000001
    },
    "65s" : {
      "call" : 0.75209999999999999,
      "raise3x" : 0.24790000000000001
    },
    "66" : {
      "call" : 0.93810000000000004,
      "raise3x" : 0.061899999999999997
    },
    "75s" : {
      "call" : 0.44800000000000001,
      "fold" : 0.55200000000000005
    },
    "76s" : {
      "call" : 0.82010000000000005,
      "raise3x" : 0.1799
    },
    "77" : {
      "call" : 0.92000000000000004,
      "raise3x" : 0.080000000000000002
    },
    "86s" : {
      "call" : 0.95620000000000005,
      "fold" : 0.043799999999999999
    },
    "87s" : {
      "call" : 0.89610000000000001,
      "raise3x" : 0.10390000000000001
    },
    "88" : {
      "call" : 0.86019999999999996,
      "raise3x" : 0.13980000000000001
    },
    "97s" : {
      "call" : 0.89990000000000003,
      "raise3x" : 0.10009999999999999
    },
    "98s" : {
      "call" : 0.82999999999999996,
      "raise3x" : 0.17000000000000001
    },
    "99" : {
      "call" : 0.69210000000000005,
      "raise3x" : 0.30790000000000001
    },
    "A2s" : {
      "call" : 1
    },
    "A3s" : {
      "call" : 1
    },
    "A4s" : {
      "call" : 0.97009999999999996,
      "raise3x" : 0.029899999999999999
    },
    "A5s" : {
      "call" : 0.51800000000000002,
      "raise3x" : 0.48199999999999998
    },
    "A6s" : {
      "call" : 0.81200000000000006,
      "raise3x" : 0.188
    },
    "A7s" : {
      "call" : 0.70409999999999995,
      "raise3x" : 0.2959
    },
    "A8s" : {
      "call" : 0.55810000000000004,
      "raise3x" : 0.44190000000000002
    },
    "A9s" : {
      "call" : 0.2319,
      "raise3x" : 0.7681
    },
    "AA" : {
      "raise3x" : 1
    },
    "AJo" : {
      "call" : 0.75609999999999999,
      "raise3x" : 0.24390000000000001
    },
    "AJs" : {
      "call" : 0.77000000000000002,
      "raise3x" : 0.23000000000000001
    },
    "AKo" : {
      "call" : 0.46000000000000002,
      "raise3x" : 0.54000000000000004
    },
    "AKs" : {
      "raise3x" : 1
    },
    "AQo" : {
      "call" : 0.72799999999999998,
      "raise3x" : 0.27200000000000002
    },
    "AQs" : {
      "call" : 0.316,
      "raise3x" : 0.68400000000000005
    },
    "ATo" : {
      "call" : 0.52190000000000003,
      "raise3x" : 0.47810000000000002
    },
    "ATs" : {
      "call" : 0.70999999999999996,
      "raise3x" : 0.28999999999999998
    },
    "J8s" : {
      "call" : 0.79379999999999995,
      "fold" : 0.021899999999999999,
      "raise3x" : 0.18429999999999999
    },
    "J9s" : {
      "call" : 0.85809999999999997,
      "raise3x" : 0.1419
    },
    "JJ" : {
      "call" : 0.66200000000000003,
      "raise3x" : 0.33800000000000002
    },
    "JTo" : {
      "call" : 0.112,
      "fold" : 0.88800000000000001
    },
    "JTs" : {
      "call" : 0.80410000000000004,
      "raise3x" : 0.19589999999999999
    },
    "K4s" : {
      "call" : 0.087900000000000006,
      "fold" : 0.91210000000000002
    },
    "K5s" : {
      "call" : 0.9002,
      "fold" : 0.081900000000000001,
      "raise3x" : 0.017899999999999999
    },
    "K6s" : {
      "call" : 0.68940000000000001,
      "raise3x" : 0.31059999999999999
    },
    "K7s" : {
      "call" : 0.7621,
      "fold" : 0.016,
      "raise3x" : 0.22189999999999999
    },
    "K8s" : {
      "call" : 0.77810000000000001,
      "raise3x" : 0.22189999999999999
    },
    "K9s" : {
      "call" : 0.7681,
      "raise3x" : 0.2319
    },
    "KJo" : {
      "call" : 0.63339999999999996,
      "raise3x" : 0.36659999999999998
    },
    "KJs" : {
      "call" : 0.7742,
      "raise3x" : 0.2258
    },
    "KK" : {
      "raise3x" : 1
    },
    "KQo" : {
      "call" : 0.72599999999999998,
      "raise3x" : 0.27400000000000002
    },
    "KQs" : {
      "call" : 0.82609999999999995,
      "raise3x" : 0.1739
    },
    "KTo" : {
      "call" : 0.188,
      "fold" : 0.81200000000000006
    },
    "KTs" : {
      "call" : 0.45190000000000002,
      "raise3x" : 0.54810000000000003
    },
    "Q8s" : {
      "call" : 0.60809999999999997,
      "fold" : 0.13589999999999999,
      "raise3x" : 0.25600000000000001
    },
    "Q9s" : {
      "call" : 0.7621,
      "raise3x" : 0.2379
    },
    "QJo" : {
      "call" : 0.12989999999999999,
      "fold" : 0.75019999999999998,
      "raise3x" : 0.11990000000000001
    },
    "QJs" : {
      "call" : 0.99419999999999997,
      "raise3x" : 0.0057999999999999996
    },
    "QQ" : {
      "call" : 0.28189999999999998,
      "raise3x" : 0.71809999999999996
    },
    "QTo" : {
      "call" : 0.12590000000000001,
      "fold" : 0.87409999999999999
    },
    "QTs" : {
      "call" : 0.98209999999999997,
      "raise3x" : 0.017899999999999999
    },
    "T7s" : {
      "call" : 0.35399999999999998,
      "fold" : 0.64600000000000002
    },
    "T8s" : {
      "call" : 0.7661,
      "raise3x" : 0.2339
    },
    "T9s" : {
      "call" : 0.94620000000000004,
      "raise3x" : 0.053800000000000001
    },
    "TT" : {
      "call" : 0.59609999999999996,
      "raise3x" : 0.40389999999999998
    }
  },
  "id" : "mtt_8max_60bb_btn_vsopen_vs_utg1",
  "source" : {
    "description" : "RangeConverter free PDF — 8-max 60bb 1bb ante (12.5%).",
    "publisher" : {
      "accessedDate" : "2026-06-01",
      "name" : "RangeConverter",
      "product" : "Free Poker Charts — 8 max 1bb ante MTT GTO Ranges",
      "treeParams" : "poker.academy CE-Symmetric Regular @ 60bb (GTO ChipEV, 1bb ante)",
      "url" : "https:\/\/rangeconverter.com\/free-poker-charts"
    },
    "solver" : {
      "assumptions" : "Frequencies rounded to nearest 25% per source. ChipEV (non-ICM). 1bb (12.5%) big-blind ante."
    },
    "type" : "published"
  },
  "spot" : {
    "anteType" : "bigBlindAnte",
    "facingAction" : "vsOpen",
    "opponentPosition" : "UTG1",
    "position" : "BTN",
    "stackDepthBB" : 60
  }
}