{
  "format" : "NLHE_MTT_9MAX",
  "hands" : {
    "22" : {
      "call" : 1
    },
    "33" : {
      "call" : 1
    },
    "44" : {
      "call" : 0.50390000000000001,
      "fold" : 0.49609999999999999
    },
    "55" : {
      "call" : 0.20860000000000001,
      "fold" : 0.79139999999999999
    },
    "66" : {
      "call" : 0.45789999999999997,
      "fold" : 0.54210000000000003
    },
    "77" : {
      "call" : 0.32790000000000002,
      "fold" : 0.67210000000000003
    },
    "88" : {
      "call" : 0.502,
      "fold" : 0.498
    },
    "99" : {
      "call" : 0.432,
      "fold" : 0.56799999999999995
    },
    "A4s" : {
      "call" : 0.53400000000000003,
      "raise25x" : 0.46600000000000003
    },
    "A5s" : {
      "call" : 1
    },
    "A6s" : {
      "call" : 0.22950000000000001,
      "fold" : 0.74270000000000003,
      "raise25x" : 0.027800000000000002
    },
    "A7s" : {
      "call" : 0.18990000000000001,
      "fold" : 0.80010000000000003,
      "raise25x" : 0.01
    },
    "A8s" : {
      "call" : 0.19389999999999999,
      "fold" : 0.39400000000000002,
      "raise25x" : 0.41210000000000002
    },
    "A9s" : {
      "call" : 0.14799999999999999,
      "fold" : 0.78220000000000001,
      "raise25x" : 0.069800000000000001
    },
    "AA" : {
      "raise25x" : 1
    },
    "AJs" : {
      "call" : 1
    },
    "AKo" : {
      "call" : 0.71199999999999997,
      "raise25x" : 0.28799999999999998
    },
    "AKs" : {
      "call" : 0.95009999999999994,
      "raise25x" : 0.0499
    },
    "AQo" : {
      "fold" : 0.92210000000000003,
      "raise25x" : 0.077900000000000011
    },
    "AQs" : {
      "call" : 1
    },
    "ATs" : {
      "call" : 1
    },
    "JJ" : {
      "call" : 1
    },
    "JTs" : {
      "call" : 0.39389999999999997,
      "fold" : 0.60609999999999997
    },
    "KJs" : {
      "call" : 0.72399999999999998,
      "fold" : 0.057999999999999996,
      "raise25x" : 0.218
    },
    "KK" : {
      "call" : 0.72409999999999997,
      "raise25x" : 0.27589999999999998
    },
    "KQs" : {
      "call" : 1
    },
    "KTs" : {
      "call" : 0.061699999999999998,
      "fold" : 0.54110000000000003,
      "raise25x" : 0.3972
    },
    "QJs" : {
      "call" : 0.73009999999999997,
      "fold" : 0.26989999999999997
    },
    "QQ" : {
      "call" : 1
    },
    "QTs" : {
      "call" : 0.54600000000000004,
      "fold" : 0.45400000000000001
    },
    "T9s" : {
      "call" : 0.97009999999999996,
      "fold" : 0.029899999999999999
    },
    "TT" : {
      "call" : 0.80179999999999996,
      "fold" : 0.16819999999999999,
      "raise25x" : 0.029999999999999999
    }
  },
  "id" : "mtt_9max_100bb_utg_vs3bet_vs_sb",
  "source" : {
    "description" : "Adapted from RangeConverter 8-max baseline.",
    "publisher" : {
      "accessedDate" : "2026-06-01",
      "name" : "RangeConverter",
      "product" : "Free Poker Charts — 8 max 1bb ante MTT GTO Ranges",
      "treeParams" : "2.5x open, 3.5x 3bet IP, 4.5x 3bet OOP, 2.3x 4bet IP, 2.75x 4bet OOP, SB vs BB 3.2bb",
      "url" : "https:\/\/rangeconverter.com\/free-poker-charts"
    },
    "solver" : {
      "assumptions" : "Frequencies rounded to nearest 25% per source. ChipEV (non-ICM). 1bb (12.5%) big-blind ante. Adapted from 8-max UTG; weakest combos (54s, 65s, 76s, 87s, 98s, A2s, A3s, JTo, K7s, K8s, T9o) demoted to fold to reach the 9-max UTG VPIP band."
    },
    "type" : "published"
  },
  "spot" : {
    "anteType" : "bigBlindAnte",
    "facingAction" : "vs3Bet",
    "opponentPosition" : "SB",
    "position" : "UTG",
    "stackDepthBB" : 100
  }
}