{
  "format" : "NLHE_MTT_9MAX",
  "hands" : {
    "55" : {
      "call" : 1
    },
    "66" : {
      "call" : 0.82999999999999996,
      "shove" : 0.17000000000000001
    },
    "77" : {
      "call" : 0.38690000000000002,
      "fold" : 0.44729999999999998,
      "shove" : 0.1658
    },
    "88" : {
      "call" : 0.75009999999999999,
      "fold" : 0.24990000000000001
    },
    "99" : {
      "call" : 1
    },
    "A4s" : {
      "call" : 0.44500000000000001,
      "shove" : 0.55500000000000005
    },
    "A5s" : {
      "call" : 0.029899999999999999,
      "shove" : 0.97009999999999996
    },
    "AA" : {
      "call" : 0.44009999999999999,
      "shove" : 0.55989999999999995
    },
    "AJs" : {
      "call" : 0.76500000000000001,
      "shove" : 0.23499999999999999
    },
    "AKo" : {
      "shove" : 1
    },
    "AKs" : {
      "shove" : 1
    },
    "AQo" : {
      "call" : 0.83499999999999996,
      "fold" : 0.16500000000000001
    },
    "AQs" : {
      "call" : 1
    },
    "ATs" : {
      "call" : 0.65510000000000002,
      "shove" : 0.34489999999999998
    },
    "JJ" : {
      "shove" : 1
    },
    "JTs" : {
      "call" : 0.34989999999999999,
      "fold" : 0.65010000000000001
    },
    "KJs" : {
      "call" : 1
    },
    "KK" : {
      "shove" : 1
    },
    "KQs" : {
      "call" : 0.63990000000000002,
      "shove" : 0.36009999999999998
    },
    "KTs" : {
      "call" : 1
    },
    "QJs" : {
      "call" : 0.63,
      "fold" : 0.37
    },
    "QQ" : {
      "shove" : 1
    },
    "QTs" : {
      "call" : 0.72509999999999997,
      "fold" : 0.27489999999999998
    },
    "T8s" : {
      "call" : 0.074999999999999997,
      "fold" : 0.92500000000000004
    },
    "T9s" : {
      "call" : 0.4899,
      "fold" : 0.5101
    },
    "TT" : {
      "shove" : 1
    }
  },
  "id" : "mtt_9max_30bb_utg_vs3bet_vs_lj",
  "source" : {
    "description" : "Adapted from RangeConverter 8-max baseline.",
    "publisher" : {
      "accessedDate" : "2026-06-01",
      "name" : "RangeConverter",
      "product" : "Free Poker Charts — 8 max 1bb ante MTT GTO Ranges",
      "treeParams" : "2.5x open, 3.5x 3bet IP, 4.5x 3bet OOP, 2.3x 4bet IP, 2.75x 4bet OOP, SB vs BB 3.2bb",
      "url" : "https:\/\/rangeconverter.com\/free-poker-charts"
    },
    "solver" : {
      "assumptions" : "Frequencies rounded to nearest 25% per source. ChipEV (non-ICM). 1bb (12.5%) big-blind ante. Adapted from 8-max UTG; weakest combos (54s, 65s, 76s, 87s, 98s, A2s, A3s, JTo, K7s, K8s, T9o) demoted to fold to reach the 9-max UTG VPIP band."
    },
    "type" : "published"
  },
  "spot" : {
    "anteType" : "bigBlindAnte",
    "facingAction" : "vs3Bet",
    "opponentPosition" : "LJ",
    "position" : "UTG",
    "stackDepthBB" : 30
  }
}