{
  "format" : "NLHE_MTT_8MAX",
  "hands" : {
    "22" : {
      "call" : 1
    },
    "33" : {
      "call" : 1
    },
    "44" : {
      "call" : 1
    },
    "54s" : {
      "call" : 0.2959,
      "fold" : 0.5302,
      "raise3x" : 0.1739
    },
    "55" : {
      "call" : 1
    },
    "65s" : {
      "call" : 0.40300000000000002,
      "fold" : 0.55710000000000004,
      "raise3x" : 0.039899999999999998
    },
    "66" : {
      "call" : 1
    },
    "76s" : {
      "call" : 0.92810000000000004,
      "raise3x" : 0.071900000000000006
    },
    "77" : {
      "call" : 0.76400000000000001,
      "raise3x" : 0.23599999999999999
    },
    "87s" : {
      "call" : 1
    },
    "88" : {
      "call" : 0.72409999999999997,
      "raise3x" : 0.27589999999999998
    },
    "97s" : {
      "call" : 0.27989999999999998,
      "fold" : 0.080000000000000002,
      "raise3x" : 0.6401
    },
    "98s" : {
      "call" : 0.84419999999999995,
      "raise3x" : 0.15579999999999999
    },
    "99" : {
      "call" : 0.91810000000000003,
      "raise3x" : 0.081900000000000001
    },
    "A2s" : {
      "call" : 0.34989999999999999,
      "raise3x" : 0.65010000000000001
    },
    "A3s" : {
      "call" : 0.59609999999999996,
      "raise3x" : 0.40389999999999998
    },
    "A4s" : {
      "call" : 0.6381,
      "raise3x" : 0.3619
    },
    "A5s" : {
      "call" : 0.86019999999999996,
      "raise3x" : 0.13980000000000001
    },
    "A6s" : {
      "call" : 0.47810000000000002,
      "raise3x" : 0.52190000000000003
    },
    "A7s" : {
      "call" : 1
    },
    "A8o" : {
      "fold" : 0.122,
      "raise3x" : 0.878
    },
    "A8s" : {
      "call" : 1
    },
    "A9o" : {
      "call" : 0.754,
      "raise3x" : 0.246
    },
    "A9s" : {
      "call" : 1
    },
    "AA" : {
      "raise3x" : 1
    },
    "AJo" : {
      "call" : 0.35199999999999998,
      "raise3x" : 0.64800000000000002
    },
    "AJs" : {
      "call" : 1
    },
    "AKo" : {
      "raise3x" : 1
    },
    "AKs" : {
      "raise3x" : 1
    },
    "AQo" : {
      "call" : 0.96409999999999996,
      "raise3x" : 0.035900000000000001
    },
    "AQs" : {
      "raise3x" : 1
    },
    "ATo" : {
      "call" : 0.62,
      "raise3x" : 0.38
    },
    "ATs" : {
      "call" : 1
    },
    "J8s" : {
      "call" : 0.34799999999999998,
      "raise3x" : 0.65200000000000002
    },
    "J9s" : {
      "call" : 0.86199999999999999,
      "raise3x" : 0.13800000000000001
    },
    "JJ" : {
      "raise3x" : 1
    },
    "JTo" : {
      "call" : 0.4899,
      "raise3x" : 0.5101
    },
    "JTs" : {
      "call" : 1
    },
    "K4s" : {
      "call" : 0.3019,
      "raise3x" : 0.69810000000000005
    },
    "K5s" : {
      "call" : 0.0659,
      "raise3x" : 0.93410000000000004
    },
    "K6s" : {
      "call" : 0.52000000000000002,
      "raise3x" : 0.47999999999999998
    },
    "K7s" : {
      "call" : 0.40600000000000003,
      "raise3x" : 0.59399999999999997
    },
    "K8s" : {
      "call" : 1
    },
    "K9s" : {
      "call" : 1
    },
    "KJo" : {
      "call" : 0.79020000000000001,
      "raise3x" : 0.20979999999999999
    },
    "KJs" : {
      "call" : 1
    },
    "KK" : {
      "raise3x" : 1
    },
    "KQo" : {
      "call" : 0.38790000000000002,
      "raise3x" : 0.61209999999999998
    },
    "KQs" : {
      "call" : 1
    },
    "KTo" : {
      "call" : 0.59399999999999997,
      "raise3x" : 0.40600000000000003
    },
    "KTs" : {
      "call" : 1
    },
    "Q6s" : {
      "fold" : 0.82799999999999996,
      "raise3x" : 0.17199999999999999
    },
    "Q8s" : {
      "call" : 0.42199999999999999,
      "raise3x" : 0.57799999999999996
    },
    "Q9s" : {
      "call" : 0.52610000000000001,
      "raise3x" : 0.47389999999999999
    },
    "QJo" : {
      "call" : 0.56799999999999995,
      "raise3x" : 0.432
    },
    "QJs" : {
      "call" : 1
    },
    "QQ" : {
      "raise3x" : 1
    },
    "QTo" : {
      "call" : 0.48199999999999998,
      "raise3x" : 0.51800000000000002
    },
    "QTs" : {
      "call" : 1
    },
    "T7s" : {
      "fold" : 0.81610000000000005,
      "raise3x" : 0.18390000000000001
    },
    "T8s" : {
      "call" : 0.81799999999999995,
      "raise3x" : 0.182
    },
    "T9s" : {
      "call" : 0.79800000000000004,
      "raise3x" : 0.20200000000000001
    },
    "TT" : {
      "call" : 0.087900000000000006,
      "raise3x" : 0.91210000000000002
    }
  },
  "id" : "mtt_8max_50bb_btn_vsopen",
  "source" : {
    "description" : "RangeConverter free PDF — 8-max 50bb 1bb ante (12.5%).",
    "publisher" : {
      "accessedDate" : "2026-06-01",
      "name" : "RangeConverter",
      "product" : "Free Poker Charts — 8 max 1bb ante MTT GTO Ranges",
      "treeParams" : "poker.academy CE-Symmetric Regular @ 50bb (GTO ChipEV, 1bb ante)",
      "url" : "https:\/\/rangeconverter.com\/free-poker-charts"
    },
    "solver" : {
      "assumptions" : "Frequencies rounded to nearest 25% per source. ChipEV (non-ICM). 1bb (12.5%) big-blind ante."
    },
    "type" : "published"
  },
  "spot" : {
    "anteType" : "bigBlindAnte",
    "facingAction" : "vsOpen",
    "position" : "BTN",
    "stackDepthBB" : 50
  }
}