{
  "format" : "NLHE_MTT_9MAX",
  "hands" : {
    "55" : {
      "call" : 0.014999999999999999,
      "fold" : 0.98499999999999999
    },
    "66" : {
      "call" : 0.22,
      "fold" : 0.78000000000000003
    },
    "77" : {
      "call" : 0.72509999999999997,
      "raise25x" : 0.27489999999999998
    },
    "88" : {
      "call" : 0.4874,
      "raise25x" : 0.51259999999999994
    },
    "99" : {
      "call" : 0.26989999999999997,
      "raise25x" : 0.17000000000000001,
      "shove" : 0.56010000000000004
    },
    "A5s" : {
      "call" : 0.46000000000000002,
      "fold" : 0.54000000000000004
    },
    "A7s" : {
      "fold" : 0.79020000000000001,
      "raise25x" : 0.20979999999999999
    },
    "A8s" : {
      "call" : 0.1799,
      "raise25x" : 0.82010000000000005
    },
    "A9s" : {
      "call" : 0.38,
      "raise25x" : 0.62
    },
    "AA" : {
      "call" : 0.23999999999999999,
      "raise25x" : 0.76000000000000001
    },
    "AJo" : {
      "call" : 0.38500000000000001,
      "raise25x" : 0.61499999999999999
    },
    "AJs" : {
      "call" : 0.84999999999999998,
      "raise25x" : 0.14999999999999999
    },
    "AKo" : {
      "raise25x" : 0.40489999999999998,
      "shove" : 0.59509999999999996
    },
    "AKs" : {
      "raise25x" : 1
    },
    "AQo" : {
      "call" : 0.2049,
      "raise25x" : 0.13489999999999999,
      "shove" : 0.66020000000000001
    },
    "AQs" : {
      "call" : 0.095000000000000001,
      "raise25x" : 0.90500000000000003
    },
    "ATo" : {
      "fold" : 0.69499999999999995,
      "raise25x" : 0.30499999999999999
    },
    "ATs" : {
      "call" : 0.68500000000000005,
      "raise25x" : 0.315
    },
    "JJ" : {
      "call" : 0.13980000000000001,
      "raise25x" : 0.86019999999999996
    },
    "JTs" : {
      "call" : 0.74509999999999998,
      "raise25x" : 0.25490000000000002
    },
    "K9s" : {
      "call" : 0.1348,
      "raise25x" : 0.86519999999999997
    },
    "KJs" : {
      "call" : 0.19989999999999999,
      "shove" : 0.80010000000000003
    },
    "KK" : {
      "call" : 0.089999999999999997,
      "raise25x" : 0.91000000000000003
    },
    "KQo" : {
      "call" : 0.54000000000000004,
      "raise25x" : 0.46000000000000002
    },
    "KQs" : {
      "call" : 0.27489999999999998,
      "shove" : 0.72509999999999997
    },
    "KTs" : {
      "call" : 0.75009999999999999,
      "raise25x" : 0.24990000000000001
    },
    "QJs" : {
      "call" : 0.080000000000000002,
      "shove" : 0.92000000000000004
    },
    "QQ" : {
      "call" : 0.14999999999999999,
      "raise25x" : 0.84999999999999998
    },
    "QTs" : {
      "call" : 0.58009999999999995,
      "raise25x" : 0.4199
    },
    "T9s" : {
      "call" : 0.084999999999999992,
      "fold" : 0.91500000000000004
    },
    "TT" : {
      "call" : 0.01,
      "raise25x" : 0.2437,
      "shove" : 0.74629999999999996
    }
  },
  "id" : "mtt_9max_25bb_hj_vsopen",
  "source" : {
    "description" : "Adapted from RangeConverter 8-max baseline.",
    "publisher" : {
      "accessedDate" : "2026-06-01",
      "name" : "RangeConverter",
      "product" : "Free Poker Charts — 8 max 1bb ante MTT GTO Ranges",
      "treeParams" : "2.5x open, 3.5x 3bet IP, 4.5x 3bet OOP, 2.3x 4bet IP, 2.75x 4bet OOP, SB vs BB 3.2bb",
      "url" : "https:\/\/rangeconverter.com\/free-poker-charts"
    },
    "solver" : {
      "assumptions" : "Frequencies rounded to nearest 25% per source. ChipEV (non-ICM). 1bb (12.5%) big-blind ante. Copied verbatim from 8-max HJ (same effective seat in 9-max)."
    },
    "type" : "published"
  },
  "spot" : {
    "anteType" : "bigBlindAnte",
    "facingAction" : "vsOpen",
    "position" : "HJ",
    "stackDepthBB" : 25
  }
}