{
  "format" : "NLHE_MTT_8MAX",
  "hands" : {
    "22" : {
      "fold" : 1
    },
    "32o" : {
      "fold" : 1
    },
    "32s" : {
      "fold" : 1
    },
    "33" : {
      "fold" : 0.99990000000000001
    },
    "42o" : {
      "fold" : 1
    },
    "42s" : {
      "fold" : 1
    },
    "43o" : {
      "fold" : 1
    },
    "43s" : {
      "fold" : 1
    },
    "44" : {
      "fold" : 0.99990000000000001
    },
    "52o" : {
      "fold" : 1
    },
    "52s" : {
      "fold" : 1
    },
    "53o" : {
      "fold" : 1
    },
    "53s" : {
      "fold" : 1
    },
    "54o" : {
      "fold" : 1
    },
    "54s" : {
      "fold" : 1
    },
    "55" : {
      "fold" : 0.30380000000000001,
      "raise25x" : 0.69620000000000004
    },
    "62o" : {
      "fold" : 1
    },
    "62s" : {
      "fold" : 1
    },
    "63o" : {
      "fold" : 1
    },
    "63s" : {
      "fold" : 1
    },
    "64o" : {
      "fold" : 1
    },
    "64s" : {
      "fold" : 0.99970000000000003
    },
    "65o" : {
      "fold" : 1
    },
    "65s" : {
      "fold" : 0.99919999999999998
    },
    "66" : {
      "fold" : 0.0023,
      "raise25x" : 0.99770000000000003
    },
    "72o" : {
      "fold" : 1
    },
    "72s" : {
      "fold" : 1
    },
    "73o" : {
      "fold" : 1
    },
    "73s" : {
      "fold" : 1
    },
    "74o" : {
      "fold" : 1
    },
    "74s" : {
      "fold" : 1
    },
    "75o" : {
      "fold" : 1
    },
    "75s" : {
      "fold" : 1
    },
    "76o" : {
      "fold" : 1
    },
    "76s" : {
      "fold" : 1
    },
    "77" : {
      "raise25x" : 1
    },
    "82o" : {
      "fold" : 1
    },
    "82s" : {
      "fold" : 1
    },
    "83o" : {
      "fold" : 1
    },
    "83s" : {
      "fold" : 0.99990000000000001
    },
    "84o" : {
      "fold" : 1
    },
    "84s" : {
      "fold" : 1
    },
    "85o" : {
      "fold" : 1
    },
    "85s" : {
      "fold" : 1
    },
    "86o" : {
      "fold" : 1
    },
    "86s" : {
      "fold" : 1
    },
    "87o" : {
      "fold" : 1
    },
    "87s" : {
      "fold" : 1
    },
    "88" : {
      "raise25x" : 1
    },
    "92o" : {
      "fold" : 1
    },
    "92s" : {
      "fold" : 1
    },
    "93o" : {
      "fold" : 1
    },
    "93s" : {
      "fold" : 1
    },
    "94o" : {
      "fold" : 1
    },
    "94s" : {
      "fold" : 1
    },
    "95o" : {
      "fold" : 1
    },
    "95s" : {
      "fold" : 1
    },
    "96o" : {
      "fold" : 1
    },
    "96s" : {
      "fold" : 1
    },
    "97o" : {
      "fold" : 1
    },
    "97s" : {
      "fold" : 1
    },
    "98o" : {
      "fold" : 1
    },
    "98s" : {
      "fold" : 0.99990000000000001
    },
    "99" : {
      "raise25x" : 1
    },
    "A2o" : {
      "fold" : 1
    },
    "A2s" : {
      "fold" : 0.53310000000000002,
      "raise25x" : 0.46689999999999998
    },
    "A3o" : {
      "fold" : 0.99960000000000004
    },
    "A3s" : {
      "fold" : 0.49359999999999998,
      "raise25x" : 0.50639999999999996
    },
    "A4o" : {
      "fold" : 0.99980000000000002
    },
    "A4s" : {
      "fold" : 0.57530000000000003,
      "raise25x" : 0.42470000000000002
    },
    "A5o" : {
      "fold" : 0.41149999999999998,
      "raise25x" : 0.58850000000000002
    },
    "A5s" : {
      "fold" : 0.99629999999999996,
      "raise25x" : 0.0037000000000000002
    },
    "A6o" : {
      "fold" : 0.87280000000000002,
      "raise25x" : 0.12720000000000001
    },
    "A6s" : {
      "fold" : 0.23799999999999999,
      "raise25x" : 0.76200000000000001
    },
    "A7o" : {
      "fold" : 0.038199999999999998,
      "raise25x" : 0.96179999999999999
    },
    "A7s" : {
      "fold" : 0.0022000000000000001,
      "raise25x" : 0.99780000000000002
    },
    "A8o" : {
      "fold" : 0.025100000000000001,
      "raise25x" : 0.97489999999999999
    },
    "A8s" : {
      "raise25x" : 0.99960000000000004
    },
    "A9o" : {
      "fold" : 0.042799999999999998,
      "raise25x" : 0.95720000000000005
    },
    "A9s" : {
      "raise25x" : 0.999
    },
    "AA" : {
      "raise25x" : 1
    },
    "AJo" : {
      "raise25x" : 1
    },
    "AJs" : {
      "raise25x" : 1
    },
    "AKo" : {
      "raise25x" : 1
    },
    "AKs" : {
      "raise25x" : 1
    },
    "AQo" : {
      "raise25x" : 1
    },
    "AQs" : {
      "raise25x" : 1
    },
    "ATo" : {
      "raise25x" : 1
    },
    "ATs" : {
      "raise25x" : 1
    },
    "J2o" : {
      "fold" : 1
    },
    "J2s" : {
      "fold" : 0.99990000000000001
    },
    "J3o" : {
      "fold" : 1
    },
    "J3s" : {
      "fold" : 0.99990000000000001
    },
    "J4o" : {
      "fold" : 1
    },
    "J4s" : {
      "fold" : 1
    },
    "J5o" : {
      "fold" : 1
    },
    "J5s" : {
      "fold" : 1
    },
    "J6o" : {
      "fold" : 1
    },
    "J6s" : {
      "fold" : 1
    },
    "J7o" : {
      "fold" : 1
    },
    "J7s" : {
      "fold" : 1
    },
    "J8o" : {
      "fold" : 1
    },
    "J8s" : {
      "fold" : 0.99909999999999999
    },
    "J9o" : {
      "fold" : 1
    },
    "J9s" : {
      "fold" : 0.98729999999999996,
      "raise25x" : 0.012699999999999999
    },
    "JJ" : {
      "raise25x" : 1
    },
    "JTo" : {
      "fold" : 0.99990000000000001
    },
    "JTs" : {
      "fold" : 0.26379999999999998,
      "raise25x" : 0.73619999999999997
    },
    "K2o" : {
      "fold" : 1
    },
    "K2s" : {
      "fold" : 1
    },
    "K3o" : {
      "fold" : 1
    },
    "K3s" : {
      "fold" : 1
    },
    "K4o" : {
      "fold" : 0.99950000000000006
    },
    "K4s" : {
      "fold" : 0.98260000000000003,
      "raise25x" : 0.017399999999999999
    },
    "K5o" : {
      "fold" : 1
    },
    "K5s" : {
      "fold" : 0.99980000000000002
    },
    "K6o" : {
      "fold" : 0.99990000000000001
    },
    "K6s" : {
      "fold" : 0.95989999999999998,
      "raise25x" : 0.040099999999999997
    },
    "K7o" : {
      "fold" : 0.99990000000000001
    },
    "K7s" : {
      "fold" : 0.9022,
      "raise25x" : 0.097799999999999998
    },
    "K8o" : {
      "fold" : 0.99970000000000003
    },
    "K8s" : {
      "fold" : 0.51959999999999995,
      "raise25x" : 0.48039999999999999
    },
    "K9o" : {
      "fold" : 0.61439999999999995,
      "raise25x" : 0.3856
    },
    "K9s" : {
      "fold" : 0.0016999999999999999,
      "raise25x" : 0.99829999999999997
    },
    "KJo" : {
      "fold" : 0.0067000000000000002,
      "raise25x" : 0.99329999999999996
    },
    "KJs" : {
      "fold" : 0.0022000000000000001,
      "raise25x" : 0.99780000000000002
    },
    "KK" : {
      "raise25x" : 1
    },
    "KQo" : {
      "raise25x" : 0.99970000000000003
    },
    "KQs" : {
      "raise25x" : 1
    },
    "KTo" : {
      "fold" : 0.034700000000000002,
      "raise25x" : 0.96530000000000005
    },
    "KTs" : {
      "fold" : 0.010699999999999999,
      "raise25x" : 0.98929999999999996
    },
    "Q2o" : {
      "fold" : 1
    },
    "Q2s" : {
      "fold" : 1
    },
    "Q3o" : {
      "fold" : 1
    },
    "Q3s" : {
      "fold" : 0.99990000000000001
    },
    "Q4o" : {
      "fold" : 1
    },
    "Q4s" : {
      "fold" : 1
    },
    "Q5o" : {
      "fold" : 1
    },
    "Q5s" : {
      "fold" : 1
    },
    "Q6o" : {
      "fold" : 1
    },
    "Q6s" : {
      "fold" : 0.99990000000000001
    },
    "Q7o" : {
      "fold" : 1
    },
    "Q7s" : {
      "fold" : 0.99990000000000001
    },
    "Q8o" : {
      "fold" : 1
    },
    "Q8s" : {
      "fold" : 0.99660000000000004,
      "raise25x" : 0.0033999999999999998
    },
    "Q9o" : {
      "fold" : 0.99980000000000002
    },
    "Q9s" : {
      "fold" : 0.99950000000000006
    },
    "QJo" : {
      "fold" : 0.048899999999999999,
      "raise25x" : 0.95109999999999995
    },
    "QJs" : {
      "raise25x" : 1
    },
    "QQ" : {
      "raise25x" : 1
    },
    "QTo" : {
      "fold" : 0.1283,
      "raise25x" : 0.87170000000000003
    },
    "QTs" : {
      "fold" : 0.0030000000000000001,
      "raise25x" : 0.997
    },