{
  "format" : "NLHE_MTT_9MAX",
  "hands" : {
    "55" : {
      "call" : 1
    },
    "66" : {
      "call" : 1
    },
    "77" : {
      "call" : 0.78600000000000003,
      "fold" : 0.214
    },
    "88" : {
      "call" : 0.754,
      "fold" : 0.246
    },
    "99" : {
      "call" : 1
    },
    "A4s" : {
      "call" : 0.26590000000000003,
      "shove" : 0.73409999999999997
    },
    "A5s" : {
      "shove" : 1
    },
    "A6s" : {
      "call" : 0.67989999999999995,
      "fold" : 0.3201
    },
    "A9s" : {
      "call" : 0.52190000000000003,
      "fold" : 0.47810000000000002
    },
    "AA" : {
      "call" : 0.18990000000000001,
      "shove" : 0.81010000000000004
    },
    "AJs" : {
      "call" : 1
    },
    "AKo" : {
      "shove" : 1
    },
    "AKs" : {
      "shove" : 1
    },
    "AQo" : {
      "call" : 1
    },
    "AQs" : {
      "call" : 1
    },
    "ATs" : {
      "call" : 1
    },
    "JJ" : {
      "call" : 0.93020000000000003,
      "shove" : 0.069800000000000001
    },
    "JTs" : {
      "call" : 0.54810000000000003,
      "fold" : 0.45190000000000002
    },
    "KJs" : {
      "call" : 1
    },
    "KK" : {
      "shove" : 1
    },
    "KQs" : {
      "call" : 1
    },
    "KTs" : {
      "call" : 1
    },
    "QQ" : {
      "call" : 0.29999999999999999,
      "shove" : 0.69999999999999996
    },
    "QTs" : {
      "call" : 0.13800000000000001,
      "fold" : 0.86199999999999999
    },
    "T9s" : {
      "call" : 0.98209999999999997,
      "fold" : 0.017899999999999999
    },
    "TT" : {
      "call" : 1
    }
  },
  "id" : "mtt_9max_50bb_utg1_vs3bet_vs_lj",
  "source" : {
    "description" : "Adapted from RangeConverter 8-max baseline.",
    "publisher" : {
      "accessedDate" : "2026-06-01",
      "name" : "RangeConverter",
      "product" : "Free Poker Charts — 8 max 1bb ante MTT GTO Ranges",
      "treeParams" : "2.5x open, 3.5x 3bet IP, 4.5x 3bet OOP, 2.3x 4bet IP, 2.75x 4bet OOP, SB vs BB 3.2bb",
      "url" : "https:\/\/rangeconverter.com\/free-poker-charts"
    },
    "solver" : {
      "assumptions" : "Frequencies rounded to nearest 25% per source. ChipEV (non-ICM). 1bb (12.5%) big-blind ante. Adapted from 8-max UTG (9-max UTG+1 plays the same role as 8-max UTG)."
    },
    "type" : "published"
  },
  "spot" : {
    "anteType" : "bigBlindAnte",
    "facingAction" : "vs3Bet",
    "opponentPosition" : "LJ",
    "position" : "UTG1",
    "stackDepthBB" : 50
  }
}