{
  "format" : "NLHE_MTT_8MAX",
  "hands" : {
    "22" : {
      "fold" : 0.99990000000000001
    },
    "32o" : {
      "fold" : 1
    },
    "32s" : {
      "fold" : 1
    },
    "33" : {
      "fold" : 0.99990000000000001
    },
    "42o" : {
      "fold" : 1
    },
    "42s" : {
      "fold" : 1
    },
    "43o" : {
      "fold" : 1
    },
    "43s" : {
      "fold" : 1
    },
    "44" : {
      "fold" : 0.9899,
      "shove" : 0.0099000000000000008
    },
    "52o" : {
      "fold" : 1
    },
    "52s" : {
      "fold" : 1
    },
    "53o" : {
      "fold" : 1
    },
    "53s" : {
      "fold" : 1
    },
    "54o" : {
      "fold" : 1
    },
    "54s" : {
      "fold" : 0.99970000000000003
    },
    "55" : {
      "fold" : 0.97150000000000003,
      "raise25x" : 0.0020999999999999999,
      "shove" : 0.0264
    },
    "62o" : {
      "fold" : 1
    },
    "62s" : {
      "fold" : 1
    },
    "63o" : {
      "fold" : 1
    },
    "63s" : {
      "fold" : 1
    },
    "64o" : {
      "fold" : 1
    },
    "64s" : {
      "fold" : 1
    },
    "65o" : {
      "fold" : 1
    },
    "65s" : {
      "fold" : 1
    },
    "66" : {
      "fold" : 0.0015,
      "raise25x" : 0.67469999999999997,
      "shove" : 0.32369999999999999
    },
    "72o" : {
      "fold" : 1
    },
    "72s" : {
      "fold" : 1
    },
    "73o" : {
      "fold" : 1
    },
    "73s" : {
      "fold" : 1
    },
    "74o" : {
      "fold" : 1
    },
    "74s" : {
      "fold" : 1
    },
    "75o" : {
      "fold" : 1
    },
    "75s" : {
      "fold" : 0.99990000000000001
    },
    "76o" : {
      "fold" : 1
    },
    "76s" : {
      "fold" : 0.99980000000000002
    },
    "77" : {
      "raise25x" : 0.8236,
      "shove" : 0.1764
    },
    "82o" : {
      "fold" : 1
    },
    "82s" : {
      "fold" : 0.99990000000000001
    },
    "83o" : {
      "fold" : 1
    },
    "83s" : {
      "fold" : 1
    },
    "84o" : {
      "fold" : 1
    },
    "84s" : {
      "fold" : 1
    },
    "85o" : {
      "fold" : 1
    },
    "85s" : {
      "fold" : 1
    },
    "86o" : {
      "fold" : 1
    },
    "86s" : {
      "fold" : 0.99919999999999998
    },
    "87o" : {
      "fold" : 1
    },
    "87s" : {
      "fold" : 0.99980000000000002
    },
    "88" : {
      "raise25x" : 0.15970000000000001,
      "shove" : 0.84030000000000005
    },
    "92o" : {
      "fold" : 1
    },
    "92s" : {
      "fold" : 1
    },
    "93o" : {
      "fold" : 1
    },
    "93s" : {
      "fold" : 1
    },
    "94o" : {
      "fold" : 1
    },
    "94s" : {
      "fold" : 1
    },
    "95o" : {
      "fold" : 1
    },
    "95s" : {
      "fold" : 1
    },
    "96o" : {
      "fold" : 1
    },
    "96s" : {
      "fold" : 0.99990000000000001
    },
    "97o" : {
      "fold" : 1
    },
    "97s" : {
      "fold" : 0.99919999999999998
    },
    "98o" : {
      "fold" : 1
    },
    "98s" : {
      "fold" : 0.99990000000000001
    },
    "99" : {
      "raise25x" : 0.091499999999999998,
      "shove" : 0.90849999999999997
    },
    "A2o" : {
      "fold" : 1
    },
    "A2s" : {
      "fold" : 0.99860000000000004,
      "shove" : 0.0014
    },
    "A3o" : {
      "fold" : 0.99990000000000001
    },
    "A3s" : {
      "fold" : 0.99739999999999995,
      "raise25x" : 0.0018
    },
    "A4o" : {
      "fold" : 0.99680000000000002,
      "raise25x" : 0.0028
    },
    "A4s" : {
      "fold" : 0.90169999999999995,
      "raise25x" : 0.0935,
      "shove" : 0.0047999999999999996
    },
    "A5o" : {
      "fold" : 0.99960000000000004
    },
    "A5s" : {
      "fold" : 0.3659,
      "raise25x" : 0.62980000000000003,
      "shove" : 0.0044000000000000003
    },
    "A6o" : {
      "fold" : 0.99990000000000001
    },
    "A6s" : {
      "fold" : 0.99239999999999995,
      "raise25x" : 0.0068999999999999999
    },
    "A7o" : {
      "fold" : 0.99950000000000006
    },
    "A7s" : {
      "fold" : 0.099400000000000002,
      "raise25x" : 0.78700000000000003,
      "shove" : 0.1137
    },
    "A8o" : {
      "fold" : 0.85650000000000004,
      "raise25x" : 0.1429
    },
    "A8s" : {
      "fold" : 0.49469999999999997,
      "raise25x" : 0.42880000000000001,
      "shove" : 0.076499999999999999
    },
    "A9o" : {
      "raise25x" : 0.99970000000000003
    },
    "A9s" : {
      "raise25x" : 0.96870000000000001,
      "shove" : 0.031300000000000001
    },
    "AA" : {
      "raise25x" : 0.99970000000000003
    },
    "AJo" : {
      "raise25x" : 0.98119999999999996,
      "shove" : 0.018800000000000001
    },
    "AJs" : {
      "raise25x" : 0.043099999999999999,
      "shove" : 0.95689999999999997
    },
    "AKo" : {
      "raise25x" : 0.32290000000000002,
      "shove" : 0.67710000000000004
    },
    "AKs" : {
      "raise25x" : 0.20710000000000001,
      "shove" : 0.79290000000000005
    },
    "AQo" : {
      "raise25x" : 0.26079999999999998,
      "shove" : 0.73919999999999997
    },
    "AQs" : {
      "raise25x" : 0.63380000000000003,
      "shove" : 0.36620000000000003
    },
    "ATo" : {
      "raise25x" : 0.99439999999999995,
      "shove" : 0.0055999999999999999
    },
    "ATs" : {
      "raise25x" : 0.56589999999999996,
      "shove" : 0.43409999999999999
    },
    "J2o" : {
      "fold" : 1
    },
    "J2s" : {
      "fold" : 1
    },
    "J3o" : {
      "fold" : 1
    },
    "J3s" : {
      "fold" : 1
    },
    "J4o" : {
      "fold" : 1
    },
    "J4s" : {
      "fold" : 1
    },
    "J5o" : {
      "fold" : 1
    },
    "J5s" : {
      "fold" : 1
    },
    "J6o" : {
      "fold" : 1
    },
    "J6s" : {
      "fold" : 0.99990000000000001
    },
    "J7o" : {
      "fold" : 1
    },
    "J7s" : {
      "fold" : 0.99909999999999999
    },
    "J8o" : {
      "fold" : 0.99990000000000001
    },
    "J8s" : {
      "fold" : 0.99970000000000003
    },
    "J9o" : {
      "fold" : 0.99960000000000004
    },
    "J9s" : {
      "fold" : 0.99880000000000002
    },
    "JJ" : {
      "raise25x" : 0.91300000000000003,
      "shove" : 0.086999999999999994
    },
    "JTo" : {
      "fold" : 0.99819999999999998,
      "raise25x" : 0.0016999999999999999
    },
    "JTs" : {
      "fold" : 0.16619999999999999,
      "raise25x" : 0.0030000000000000001,
      "shove" : 0.83079999999999998
    },
    "K2o" : {
      "fold" : 1
    },
    "K2s" : {
      "fold" : 1
    },
    "K3o" : {
      "fold" : 1
    },
    "K3s" : {
      "fold" : 0.99990000000000001
    },
    "K4o" : {
      "fold" : 1
    },
    "K4s" : {
      "fold" : 0.99960000000000004
    },
    "K5o" : {
      "fold" : 1
    },
    "K5s" : {
      "fold" : 0.99890000000000001
    },
    "K6o" : {
      "fold" : 1
    },
    "K6s" : {
      "fold" : 0.998,
      "shove" : 0.0019
    },
    "K7o" : {
      "fold" : 1
    },
    "K7s" : {
      "fold" : 0.99739999999999995,
      "shove" : 0.0022000000000000001
    },
    "K8o" : {
      "fold" : 1
    },
    "K8s" : {
      "fold" : 0.99729999999999996,
      "raise25x" : 0.0023999999999999998
    },
    "K9o" : {
      "fold" : 0.99890000000000001
    },
    "K9s" : {
      "fold" : 0.96350000000000002,
      "raise25x" : 0.030800000000000001,
      "shove" : 0.0057000000000000002
    },
    "KJo" : {
      "fold" : 0.071199999999999999,
      "raise25x" : 0.92869999999999997
    },
    "KJs" : {
      "raise25x" : 0.17050000000000001,
      "shove" : 0.82950000000000002
    },
    "KK" : {
      "raise25x" : 0.99990000000000001
    },
    "KQo" : {
      "raise25x" : 0.97750000000000004,
      "shove" : 0.022499999999999999
    },
    "KQs" : {
      "raise25x" : 0.0066,
      "shove" : 0.99339999999999995
    },
    "KTo" : {
      "fold" : 0.99380000000000002,
      "raise25x" : 0.0038999999999999998,
      "shove" : 0.0023
    },
    "KTs" : {
      "fold" : 0.012800000000000001,
      "raise25x" : 0.1542,
      "shove" : 0.83289999999999997
    },
    "Q2o" : {
      "fold" : 1
    },
    "Q2s" : {
      "fold" : 1
    },
    "Q3o" : {
      "fold" : 1
    },