{
  "format" : "NLHE_MTT_8MAX",
  "hands" : {
    "22" : {
      "call" : 1
    },
    "33" : {
      "call" : 1
    },
    "44" : {
      "call" : 1
    },
    "53s" : {
      "call" : 1
    },
    "54s" : {
      "call" : 1
    },
    "55" : {
      "call" : 1
    },
    "64s" : {
      "call" : 1
    },
    "65s" : {
      "call" : 1
    },
    "66" : {
      "call" : 0.99209999999999998,
      "raise3x" : 0.0079000000000000008
    },
    "75s" : {
      "call" : 1
    },
    "76s" : {
      "call" : 1
    },
    "77" : {
      "call" : 0.67400000000000004,
      "raise3x" : 0.32600000000000001
    },
    "86s" : {
      "call" : 1
    },
    "87s" : {
      "call" : 1
    },
    "88" : {
      "call" : 0.7419,
      "raise3x" : 0.2581
    },
    "96s" : {
      "call" : 1
    },
    "97s" : {
      "call" : 1
    },
    "98s" : {
      "call" : 1
    },
    "99" : {
      "call" : 0.70409999999999995,
      "raise3x" : 0.2959
    },
    "A2s" : {
      "call" : 1
    },
    "A3s" : {
      "call" : 0.85599999999999998,
      "shove" : 0.14399999999999999
    },
    "A4s" : {
      "call" : 0.44009999999999999,
      "shove" : 0.55989999999999995
    },
    "A5o" : {
      "fold" : 0.84999999999999998,
      "raise3x" : 0.14999999999999999
    },
    "A5s" : {
      "call" : 0.82799999999999996,
      "shove" : 0.17199999999999999
    },
    "A6s" : {
      "call" : 1
    },
    "A7s" : {
      "call" : 1
    },
    "A8o" : {
      "fold" : 0.97009999999999996,
      "raise3x" : 0.029899999999999999
    },
    "A8s" : {
      "call" : 1
    },
    "A9o" : {
      "call" : 0.083900000000000002,
      "fold" : 0.33600000000000002,
      "raise3x" : 0.58009999999999995
    },
    "A9s" : {
      "call" : 1
    },
    "AA" : {
      "raise3x" : 1
    },
    "AJo" : {
      "call" : 0.77810000000000001,
      "raise3x" : 0.22189999999999999
    },
    "AJs" : {
      "call" : 1
    },
    "AKo" : {
      "raise3x" : 0.24390000000000001,
      "shove" : 0.75609999999999999
    },
    "AKs" : {
      "raise3x" : 1
    },
    "AQo" : {
      "call" : 0.64410000000000001,
      "raise3x" : 0.33600000000000002,
      "shove" : 0.019900000000000001
    },
    "AQs" : {
      "raise3x" : 1
    },
    "ATo" : {
      "call" : 0.98009999999999997,
      "raise3x" : 0.019900000000000001
    },
    "ATs" : {
      "call" : 1
    },
    "J8s" : {
      "call" : 1
    },
    "J9s" : {
      "call" : 1
    },
    "JJ" : {
      "raise3x" : 0.3659,
      "shove" : 0.6341
    },
    "JTs" : {
      "call" : 1
    },
    "K3s" : {
      "call" : 0.96009999999999995,
      "fold" : 0.039899999999999998
    },
    "K4s" : {
      "call" : 0.88800000000000001,
      "raise3x" : 0.112
    },
    "K5s" : {
      "call" : 1
    },
    "K6s" : {
      "call" : 1
    },
    "K7s" : {
      "call" : 0.97219999999999995,
      "raise3x" : 0.027799999999999998
    },
    "K8s" : {
      "call" : 0.97819999999999996,
      "raise3x" : 0.0218
    },
    "K9s" : {
      "call" : 1
    },
    "KJo" : {
      "call" : 0.75819999999999999,
      "raise3x" : 0.24179999999999999
    },
    "KJs" : {
      "call" : 1
    },
    "KK" : {
      "raise3x" : 1
    },
    "KQo" : {
      "call" : 0.84419999999999995,
      "raise3x" : 0.15579999999999999
    },
    "KQs" : {
      "call" : 1
    },
    "KTo" : {
      "call" : 0.33000000000000002,
      "fold" : 0.47399999999999998,
      "raise3x" : 0.19600000000000001
    },
    "KTs" : {
      "call" : 1
    },
    "Q5s" : {
      "call" : 0.36399999999999999,
      "fold" : 0.63600000000000001
    },
    "Q6s" : {
      "call" : 0.98819999999999997,
      "fold" : 0.0118
    },
    "Q8s" : {
      "call" : 1
    },
    "Q9s" : {
      "call" : 1
    },
    "QJo" : {
      "call" : 0.878,
      "fold" : 0.122
    },
    "QJs" : {
      "call" : 0.35589999999999999,
      "shove" : 0.64410000000000001
    },
    "QQ" : {
      "raise3x" : 1
    },
    "QTo" : {
      "call" : 0.2979,
      "fold" : 0.70209999999999995
    },
    "QTs" : {
      "call" : 1
    },
    "T7s" : {
      "call" : 0.59189999999999998,
      "fold" : 0.40810000000000002
    },
    "T8s" : {
      "call" : 1
    },
    "T9s" : {
      "call" : 1
    },
    "TT" : {
      "call" : 0.214,
      "raise3x" : 0.20200000000000001,
      "shove" : 0.58399999999999996
    }
  },
  "id" : "mtt_8max_60bb_co_vs3bet",
  "source" : {
    "description" : "RangeConverter free PDF — 8-max 60bb 1bb ante (12.5%).",
    "publisher" : {
      "accessedDate" : "2026-06-01",
      "name" : "RangeConverter",
      "product" : "Free Poker Charts — 8 max 1bb ante MTT GTO Ranges",
      "treeParams" : "poker.academy CE-Symmetric Regular @ 60bb (GTO ChipEV, 1bb ante)",
      "url" : "https:\/\/rangeconverter.com\/free-poker-charts"
    },
    "solver" : {
      "assumptions" : "Frequencies rounded to nearest 25% per source. ChipEV (non-ICM). 1bb (12.5%) big-blind ante."
    },
    "type" : "published"
  },
  "spot" : {
    "anteType" : "bigBlindAnte",
    "facingAction" : "vs3Bet",
    "position" : "CO",
    "stackDepthBB" : 60
  }
}