{
  "format" : "NLHE_MTT_8MAX",
  "hands" : {
    "22" : {
      "call" : 0.88880000000000003,
      "fold" : 0.11119999999999999
    },
    "33" : {
      "call" : 0.083599999999999994,
      "fold" : 0.91639999999999999
    },
    "44" : {
      "call" : 0.67549999999999999,
      "fold" : 0.32450000000000001
    },
    "54s" : {
      "call" : 0.0012999999999999999,
      "fold" : 0.99870000000000003
    },
    "55" : "call",
    "66" : "call",
    "76s" : {
      "call" : 0.0012999999999999999,
      "fold" : 0.99870000000000003
    },
    "77" : "call",
    "86s" : {
      "call" : 0.0027000000000000001,
      "fold" : 0.99729999999999996
    },
    "88" : "call",
    "95s" : {
      "call" : 0.0051999999999999998,
      "fold" : 0.99480000000000002
    },
    "96s" : "fold",
    "97s" : {
      "call" : 0.0027000000000000001,
      "fold" : 0.99729999999999996
    },
    "98s" : {
      "call" : 0.0057000000000000002,
      "fold" : 0.99429999999999996
    },
    "99" : "call",
    "A2o" : {
      "call" : 0.0088000000000000005,
      "fold" : 0.99119999999999997
    },
    "A3o" : "fold",
    "A3s" : {
      "call" : 0.39240000000000003,
      "fold" : 0.60760000000000003
    },
    "A4o" : {
      "call" : 0.0012999999999999999,
      "fold" : 0.99870000000000003
    },
    "A4s" : {
      "call" : 0.094299999999999995,
      "fold" : 0.90569999999999995
    },
    "A5o" : "fold",
    "A5s" : {
      "call" : 0.29260000000000003,
      "fold" : 0.70740000000000003
    },
    "A6o" : {
      "call" : 0.0043,
      "fold" : 0.99570000000000003
    },
    "A6s" : {
      "call" : 0.090700000000000003,
      "fold" : 0.9093
    },
    "A7o" : {
      "call" : 0.0025000000000000001,
      "fold" : 0.99750000000000005
    },
    "A7s" : {
      "call" : 0.1852,
      "fold" : 0.81479999999999997
    },
    "A8o" : {
      "call" : 0.12529999999999999,
      "fold" : 0.87470000000000003
    },
    "A8s" : {
      "call" : 0.30609999999999998,
      "fold" : 0.69389999999999996
    },
    "A9o" : {
      "call" : 0.37009999999999998,
      "fold" : 0.62990000000000002
    },
    "A9s" : "call",
    "AA" : "call",
    "AJo" : "call",
    "AJs" : {
      "call" : 0.98470000000000002,
      "fold" : 0.015299999999999999
    },
    "AKo" : "call",
    "AKs" : "call",
    "AQo" : "call",
    "AQs" : "call",
    "ATo" : "call",
    "ATs" : {
      "call" : 0.98899999999999999,
      "fold" : 0.010999999999999999
    },
    "J7s" : "fold",
    "J8s" : {
      "call" : 0.0028999999999999998,
      "fold" : 0.99709999999999999
    },
    "J9o" : "fold",
    "J9s" : {
      "call" : 0.0019,
      "fold" : 0.99809999999999999
    },
    "JJ" : "call",
    "JTo" : {
      "call" : 0.0019,
      "fold" : 0.99809999999999999
    },
    "JTs" : {
      "call" : 0.70099999999999996,
      "fold" : 0.29899999999999999
    },
    "K3o" : {
      "call" : 0.0018,
      "fold" : 0.99819999999999998
    },
    "K4s" : "fold",
    "K5o" : "fold",
    "K5s" : {
      "call" : 0.0016999999999999999,
      "fold" : 0.99829999999999997
    },
    "K6o" : "fold",
    "K6s" : {
      "call" : 0.0843,
      "fold" : 0.91569999999999996
    },
    "K7o" : {
      "call" : 0.012200000000000001,
      "fold" : 0.98780000000000001
    },
    "K7s" : {
      "call" : 0.013299999999999999,
      "fold" : 0.98670000000000002
    },
    "K8s" : {
      "call" : 0.0344,
      "fold" : 0.96560000000000001
    },
    "K9o" : "fold",
    "K9s" : {
      "call" : 0.31330000000000002,
      "fold" : 0.68669999999999998
    },
    "KJo" : {
      "call" : 0.021000000000000001,
      "fold" : 0.97899999999999998
    },
    "KJs" : {
      "call" : 0.1221,
      "fold" : 0.87790000000000001
    },
    "KK" : "call",
    "KQo" : {
      "call" : 0.026599999999999999,
      "fold" : 0.97340000000000004
    },
    "KQs" : {
      "call" : 0.89149999999999996,
      "fold" : 0.1085
    },
    "KTo" : {
      "call" : 0.0047999999999999996,
      "fold" : 0.99519999999999997
    },
    "KTs" : {
      "call" : 0.0077000000000000002,
      "fold" : 0.99229999999999996
    },
    "Q2s" : {
      "call" : 0.0014,
      "fold" : 0.99860000000000004
    },
    "Q4s" : {
      "call" : 0.0037000000000000002,
      "fold" : 0.99629999999999996
    },
    "Q8o" : "fold",
    "Q8s" : "fold",
    "Q9o" : "fold",
    "Q9s" : {
      "call" : 0.043999999999999997,
      "fold" : 0.95599999999999996
    },
    "QJo" : {
      "call" : 0.0014,
      "fold" : 0.99860000000000004
    },
    "QJs" : {
      "call" : 0.1346,
      "fold" : 0.86539999999999995
    },
    "QQ" : "call",
    "QTo" : {
      "call" : 0.0025999999999999999,
      "fold" : 0.99739999999999995
    },
    "T8o" : {
      "call" : 0.0014,
      "fold" : 0.99860000000000004
    },
    "T8s" : {
      "call" : 0.0097000000000000003,
      "fold" : 0.99029999999999996
    },
    "T9s" : {
      "call" : 0.028899999999999999,
      "fold" : 0.97109999999999996
    },
    "TT" : "call"
  },
  "id" : "mtt_8max_20bb_co_vs3bet",
  "source" : {
    "description" : "RangeConverter free PDF — 8-max 20bb 1bb ante (12.5%).",
    "publisher" : {
      "accessedDate" : "2026-05-25",
      "name" : "RangeConverter",
      "product" : "Free Poker Charts — 8 max 1bb ante MTT GTO Ranges",
      "treeParams" : "HRC v3 Advanced ChipEV @ 20bb: open 2.0bb; BU 2.0bb; SB 2.0bb; 3-bet IP all-in; 3-bet BB-vs-others all-in; 4-bet IP all-in",
      "url" : "https:\/\/rangeconverter.com\/free-poker-charts"
    },
    "solver" : {
      "assumptions" : "Frequencies rounded to nearest 25% per source. ChipEV (non-ICM). 1bb (12.5%) big-blind ante."
    },
    "type" : "published"
  },
  "spot" : {
    "anteType" : "bigBlindAnte",
    "facingAction" : "vs3Bet",
    "position" : "CO",
    "stackDepthBB" : 20
  }
}