{
  "format" : "NLHE_MTT_8MAX",
  "hands" : {
    "22" : {
      "call" : 1
    },
    "33" : {
      "call" : 0.59509999999999996,
      "fold" : 0.40489999999999998
    },
    "44" : {
      "call" : 0.63490000000000002,
      "fold" : 0.36509999999999998
    },
    "54s" : {
      "call" : 0.755,
      "raise3x" : 0.245
    },
    "55" : {
      "call" : 0.79020000000000001,
      "fold" : 0.20979999999999999
    },
    "65s" : {
      "call" : 0.55779999999999996,
      "fold" : 0.18090000000000001,
      "raise3x" : 0.26129999999999998
    },
    "66" : {
      "call" : 0.85499999999999998,
      "raise3x" : 0.14499999999999999
    },
    "76s" : {
      "call" : 0.54510000000000003,
      "fold" : 0.33000000000000002,
      "raise3x" : 0.1249
    },
    "77" : {
      "call" : 0.80510000000000004,
      "raise3x" : 0.19489999999999999
    },
    "87s" : {
      "call" : 0.27489999999999998,
      "fold" : 0.5202,
      "raise3x" : 0.2049
    },
    "88" : {
      "call" : 0.73509999999999998,
      "raise3x" : 0.26490000000000002
    },
    "98s" : {
      "call" : 0.50509999999999999,
      "fold" : 0.4199,
      "raise3x" : 0.074999999999999997
    },
    "99" : {
      "call" : 0.72009999999999996,
      "raise3x" : 0.27989999999999998
    },
    "A3s" : {
      "call" : 0.34999999999999998,
      "fold" : 0.27489999999999998,
      "raise3x" : 0.37509999999999999
    },
    "A4s" : {
      "call" : 0.75009999999999999,
      "raise3x" : 0.24990000000000001
    },
    "A5s" : {
      "call" : 0.45000000000000001,
      "raise3x" : 0.55000000000000004
    },
    "A6s" : {
      "call" : 0.1444,
      "fold" : 0.66180000000000005,
      "raise3x" : 0.1938
    },
    "A7s" : {
      "call" : 0.59509999999999996,
      "raise3x" : 0.40489999999999998
    },
    "A8s" : {
      "call" : 0.65510000000000002,
      "raise3x" : 0.34489999999999998
    },
    "A9s" : {
      "call" : 0.68000000000000005,
      "raise3x" : 0.32000000000000001
    },
    "AA" : {
      "raise3x" : 1
    },
    "AJo" : {
      "call" : 0.089999999999999997,
      "fold" : 0.65510000000000002,
      "raise3x" : 0.25490000000000002
    },
    "AJs" : {
      "call" : 0.89510000000000001,
      "raise3x" : 0.10489999999999999
    },
    "AKo" : {
      "call" : 0.4849,
      "raise3x" : 0.5151
    },
    "AKs" : {
      "raise3x" : 1
    },
    "AQo" : {
      "call" : 0.65510000000000002,
      "raise3x" : 0.34489999999999998
    },
    "AQs" : {
      "call" : 0.33989999999999998,
      "raise3x" : 0.66010000000000002
    },
    "ATo" : {
      "fold" : 0.96009999999999995,
      "raise3x" : 0.039899999999999998
    },
    "ATs" : {
      "call" : 0.26989999999999997,
      "raise3x" : 0.73009999999999997
    },
    "J9s" : {
      "call" : 0.56289999999999996,
      "fold" : 0.095399999999999999,
      "raise3x" : 0.3417
    },
    "JJ" : {
      "call" : 0.59009999999999996,
      "raise3x" : 0.40989999999999999
    },
    "JTs" : {
      "call" : 0.87509999999999999,
      "raise3x" : 0.1249
    },
    "K6s" : {
      "call" : 0.16,
      "fold" : 0.83999999999999997
    },
    "K9s" : {
      "call" : 0.45500000000000002,
      "raise3x" : 0.54500000000000004
    },
    "KJs" : {
      "call" : 0.32000000000000001,
      "raise3x" : 0.68000000000000005
    },
    "KK" : {
      "raise3x" : 1
    },
    "KQo" : {
      "call" : 0.26989999999999997,
      "fold" : 0.315,
      "raise3x" : 0.41510000000000002
    },
    "KQs" : {
      "call" : 0.87509999999999999,
      "raise3x" : 0.1249
    },
    "KTs" : {
      "call" : 0.63990000000000002,
      "raise3x" : 0.36009999999999998
    },
    "QJs" : {
      "call" : 0.43009999999999998,
      "raise3x" : 0.56989999999999996
    },
    "QQ" : {
      "call" : 0.33989999999999998,
      "raise3x" : 0.66010000000000002
    },
    "QTs" : {
      "call" : 0.87509999999999999,
      "raise3x" : 0.1249
    },
    "T8s" : {
      "call" : 0.37,
      "fold" : 0.32500000000000001,
      "raise3x" : 0.30499999999999999
    },
    "T9s" : {
      "call" : 0.57509999999999994,
      "raise3x" : 0.4249
    },
    "TT" : {
      "call" : 0.59009999999999996,
      "raise3x" : 0.40989999999999999
    }
  },
  "id" : "mtt_8max_80bb_co_vsopen_vs_utg",
  "source" : {
    "description" : "RangeConverter free PDF — 8-max 80bb 1bb ante (12.5%).",
    "publisher" : {
      "accessedDate" : "2026-06-01",
      "name" : "RangeConverter",
      "product" : "Free Poker Charts — 8 max 1bb ante MTT GTO Ranges",
      "treeParams" : "poker.academy CE-Symmetric Regular @ 80bb (GTO ChipEV, 1bb ante)",
      "url" : "https:\/\/rangeconverter.com\/free-poker-charts"
    },
    "solver" : {
      "assumptions" : "Frequencies rounded to nearest 25% per source. ChipEV (non-ICM). 1bb (12.5%) big-blind ante."
    },
    "type" : "published"
  },
  "spot" : {
    "anteType" : "bigBlindAnte",
    "facingAction" : "vsOpen",
    "opponentPosition" : "UTG",
    "position" : "CO",
    "stackDepthBB" : 80
  }
}