{
  "format" : "NLHE_MTT_8MAX",
  "hands" : {
    "22" : {
      "call" : 1
    },
    "33" : {
      "call" : 1
    },
    "44" : {
      "call" : 1
    },
    "54s" : {
      "call" : 1
    },
    "55" : {
      "call" : 1
    },
    "65s" : {
      "call" : 1
    },
    "66" : {
      "call" : 1
    },
    "76s" : {
      "call" : 1
    },
    "77" : {
      "call" : 0.92810000000000004,
      "raise3x" : 0.071900000000000006
    },
    "86s" : {
      "call" : 1
    },
    "87s" : {
      "call" : 1
    },
    "88" : {
      "call" : 0.81200000000000006,
      "raise3x" : 0.188
    },
    "97s" : {
      "call" : 1
    },
    "98s" : {
      "call" : 1
    },
    "99" : {
      "call" : 0.754,
      "raise3x" : 0.246
    },
    "A2s" : {
      "call" : 0.80410000000000004,
      "raise3x" : 0.19589999999999999
    },
    "A3s" : {
      "call" : 0.88180000000000003,
      "shove" : 0.1182
    },
    "A4s" : {
      "call" : 0.72409999999999997,
      "shove" : 0.27589999999999998
    },
    "A5s" : {
      "call" : 0.73199999999999998,
      "shove" : 0.26800000000000002
    },
    "A6s" : {
      "call" : 1
    },
    "A7s" : {
      "call" : 0.81010000000000004,
      "raise3x" : 0.18990000000000001
    },
    "A8s" : {
      "call" : 1
    },
    "A9s" : {
      "call" : 1
    },
    "AA" : {
      "raise3x" : 1
    },
    "AJo" : {
      "call" : 0.70809999999999995,
      "raise3x" : 0.29189999999999999
    },
    "AJs" : {
      "call" : 1
    },
    "AKo" : {
      "raise3x" : 0.53000000000000003,
      "shove" : 0.46999999999999997
    },
    "AKs" : {
      "raise3x" : 1
    },
    "AQo" : {
      "call" : 0.60919999999999996,
      "raise3x" : 0.39079999999999998
    },
    "AQs" : {
      "call" : 1
    },
    "ATo" : {
      "call" : 0.6079,
      "raise3x" : 0.3921
    },
    "ATs" : {
      "call" : 1
    },
    "J8s" : {
      "call" : 0.53000000000000003,
      "fold" : 0.46999999999999997
    },
    "J9s" : {
      "call" : 1
    },
    "JJ" : {
      "call" : 0.078100000000000003,
      "raise3x" : 0.19839999999999999,
      "shove" : 0.72350000000000003
    },
    "JTs" : {
      "call" : 1
    },
    "K5s" : {
      "call" : 0.68210000000000004,
      "raise3x" : 0.31790000000000002
    },
    "K6s" : {
      "call" : 1
    },
    "K7s" : {
      "call" : 0.90169999999999995,
      "fold" : 0.098299999999999998
    },
    "K8s" : {
      "call" : 0.80820000000000003,
      "fold" : 0.071900000000000006,
      "raise3x" : 0.11990000000000001
    },
    "K9s" : {
      "call" : 0.76000000000000001,
      "raise3x" : 0.23999999999999999
    },
    "KJo" : {
      "call" : 0.57599999999999996,
      "fold" : 0.19600000000000001,
      "raise3x" : 0.22800000000000001
    },
    "KJs" : {
      "call" : 1
    },
    "KK" : {
      "raise3x" : 1
    },
    "KQo" : {
      "call" : 0.86599999999999999,
      "raise3x" : 0.13400000000000001
    },
    "KQs" : {
      "call" : 1
    },
    "KTs" : {
      "call" : 1
    },
    "Q6s" : {
      "call" : 0.13059999999999999,
      "fold" : 0.86939999999999995
    },
    "Q8s" : {
      "call" : 1
    },
    "Q9s" : {
      "call" : 1
    },
    "QJs" : {
      "call" : 1
    },
    "QQ" : {
      "raise3x" : 1
    },
    "QTs" : {
      "call" : 1
    },
    "T8s" : {
      "call" : 1
    },
    "T9s" : {
      "call" : 1
    },
    "TT" : {
      "call" : 0.60219999999999996,
      "raise3x" : 0.37,
      "shove" : 0.027799999999999998
    }
  },
  "id" : "mtt_8max_60bb_hj_vs3bet_vs_btn",
  "source" : {
    "description" : "RangeConverter free PDF — 8-max 60bb 1bb ante (12.5%).",
    "publisher" : {
      "accessedDate" : "2026-06-01",
      "name" : "RangeConverter",
      "product" : "Free Poker Charts — 8 max 1bb ante MTT GTO Ranges",
      "treeParams" : "poker.academy CE-Symmetric Regular @ 60bb (GTO ChipEV, 1bb ante)",
      "url" : "https:\/\/rangeconverter.com\/free-poker-charts"
    },
    "solver" : {
      "assumptions" : "Frequencies rounded to nearest 25% per source. ChipEV (non-ICM). 1bb (12.5%) big-blind ante."
    },
    "type" : "published"
  },
  "spot" : {
    "anteType" : "bigBlindAnte",
    "facingAction" : "vs3Bet",
    "opponentPosition" : "BTN",
    "position" : "HJ",
    "stackDepthBB" : 60
  }
}