{
  "format" : "NLHE_MTT_9MAX",
  "hands" : {
    "22" : {
      "raise25x" : 1
    },
    "33" : {
      "raise25x" : 1
    },
    "44" : {
      "raise25x" : 1
    },
    "54s" : {
      "raise25x" : 1
    },
    "55" : {
      "raise25x" : 1
    },
    "64s" : {
      "fold" : 0.215,
      "raise25x" : 0.78500000000000003
    },
    "65s" : {
      "raise25x" : 1
    },
    "66" : {
      "raise25x" : 1
    },
    "75s" : {
      "raise25x" : 1
    },
    "76s" : {
      "raise25x" : 1
    },
    "77" : {
      "raise25x" : 1
    },
    "85s" : {
      "fold" : 0.4249,
      "raise25x" : 0.57509999999999994
    },
    "86s" : {
      "raise25x" : 1
    },
    "87s" : {
      "raise25x" : 1
    },
    "88" : {
      "raise25x" : 1
    },
    "96s" : {
      "raise25x" : 1
    },
    "97s" : {
      "raise25x" : 1
    },
    "98o" : {
      "fold" : 0.89510000000000001,
      "raise25x" : 0.10489999999999999
    },
    "98s" : {
      "raise25x" : 1
    },
    "99" : {
      "raise25x" : 1
    },
    "A2s" : {
      "raise25x" : 1
    },
    "A3s" : {
      "raise25x" : 1
    },
    "A4s" : {
      "raise25x" : 1
    },
    "A5o" : {
      "fold" : 0.054900000000000004,
      "raise25x" : 0.94510000000000005
    },
    "A5s" : {
      "raise25x" : 1
    },
    "A6s" : {
      "raise25x" : 1
    },
    "A7o" : {
      "raise25x" : 1
    },
    "A7s" : {
      "raise25x" : 1
    },
    "A8o" : {
      "raise25x" : 1
    },
    "A8s" : {
      "raise25x" : 1
    },
    "A9o" : {
      "raise25x" : 1
    },
    "A9s" : {
      "raise25x" : 1
    },
    "AA" : {
      "raise25x" : 1
    },
    "AJo" : {
      "raise25x" : 1
    },
    "AJs" : {
      "raise25x" : 1
    },
    "AKo" : {
      "raise25x" : 1
    },
    "AKs" : {
      "raise25x" : 1
    },
    "AQo" : {
      "raise25x" : 1
    },
    "AQs" : {
      "raise25x" : 1
    },
    "ATo" : {
      "raise25x" : 1
    },
    "ATs" : {
      "raise25x" : 1
    },
    "J6s" : {
      "fold" : 0.375,
      "raise25x" : 0.625
    },
    "J7s" : {
      "raise25x" : 1
    },
    "J8s" : {
      "raise25x" : 1
    },
    "J9o" : {
      "fold" : 0.52500000000000002,
      "raise25x" : 0.47499999999999998
    },
    "J9s" : {
      "raise25x" : 1
    },
    "JJ" : {
      "raise25x" : 1
    },
    "JTo" : {
      "raise25x" : 1
    },
    "JTs" : {
      "raise25x" : 1
    },
    "K2s" : {
      "fold" : 0.93020000000000003,
      "raise25x" : 0.069800000000000001
    },
    "K3s" : {
      "raise25x" : 1
    },
    "K4s" : {
      "raise25x" : 1
    },
    "K5s" : {
      "raise25x" : 1
    },
    "K6s" : {
      "raise25x" : 1
    },
    "K7s" : {
      "raise25x" : 1
    },
    "K8s" : {
      "raise25x" : 1
    },
    "K9o" : {
      "raise25x" : 1
    },
    "K9s" : {
      "raise25x" : 1
    },
    "KJo" : {
      "raise25x" : 1
    },
    "KJs" : {
      "raise25x" : 1
    },
    "KK" : {
      "raise25x" : 1
    },
    "KQo" : {
      "raise25x" : 1
    },
    "KQs" : {
      "raise25x" : 1
    },
    "KTo" : {
      "raise25x" : 1
    },
    "KTs" : {
      "raise25x" : 1
    },
    "Q4s" : {
      "fold" : 0.87009999999999998,
      "raise25x" : 0.12989999999999999
    },
    "Q5s" : {
      "raise25x" : 1
    },
    "Q6s" : {
      "raise25x" : 1
    },
    "Q7s" : {
      "raise25x" : 1
    },
    "Q8s" : {
      "raise25x" : 1
    },
    "Q9o" : {
      "fold" : 0.87009999999999998,
      "raise25x" : 0.12989999999999999
    },
    "Q9s" : {
      "raise25x" : 1
    },
    "QJo" : {
      "raise25x" : 1
    },
    "QJs" : {
      "raise25x" : 1
    },
    "QQ" : {
      "raise25x" : 1
    },
    "QTo" : {
      "raise25x" : 1
    },
    "QTs" : {
      "raise25x" : 1
    },
    "T6s" : {
      "raise25x" : 1
    },
    "T7s" : {
      "raise25x" : 1
    },
    "T8s" : {
      "raise25x" : 1
    },
    "T9o" : {
      "raise25x" : 1
    },
    "T9s" : {
      "raise25x" : 1
    },
    "TT" : {
      "raise25x" : 1
    }
  },
  "id" : "mtt_9max_80bb_co_unopened",
  "source" : {
    "description" : "Adapted from RangeConverter 8-max baseline.",
    "publisher" : {
      "accessedDate" : "2026-06-01",
      "name" : "RangeConverter",
      "product" : "Free Poker Charts — 8 max 1bb ante MTT GTO Ranges",
      "treeParams" : "2.5x open, 3.5x 3bet IP, 4.5x 3bet OOP, 2.3x 4bet IP, 2.75x 4bet OOP, SB vs BB 3.2bb",
      "url" : "https:\/\/rangeconverter.com\/free-poker-charts"
    },
    "solver" : {
      "assumptions" : "Frequencies rounded to nearest 25% per source. ChipEV (non-ICM). 1bb (12.5%) big-blind ante. Copied verbatim from 8-max CO (same effective seat in 9-max)."
    },
    "type" : "published"
  },
  "spot" : {
    "anteType" : "bigBlindAnte",
    "facingAction" : "unopened",
    "position" : "CO",
    "stackDepthBB" : 80
  }
}