{
  "format" : "NLHE_MTT_8MAX",
  "hands" : {
    "22" : {
      "call" : 0.091899999999999996,
      "fold" : 0.90810000000000002
    },
    "33" : {
      "call" : 0.071900000000000006,
      "fold" : 0.92810000000000004
    },
    "44" : {
      "call" : 0.058000000000000003,
      "fold" : 0.94199999999999995
    },
    "54s" : {
      "call" : 0.112,
      "fold" : 0.88800000000000001
    },
    "55" : {
      "call" : 0.081900000000000001,
      "fold" : 0.91810000000000003
    },
    "65s" : {
      "call" : 0.077899999999999997,
      "fold" : 0.87219999999999998,
      "raise3x" : 0.0499
    },
    "66" : {
      "call" : 0.16189999999999999,
      "fold" : 0.78220000000000001,
      "raise3x" : 0.055899999999999998
    },
    "76s" : {
      "call" : 0.017899999999999999,
      "fold" : 0.98209999999999997
    },
    "77" : {
      "call" : 0.22439999999999999,
      "fold" : 0.66749999999999998,
      "raise3x" : 0.1081
    },
    "88" : {
      "call" : 0.40989999999999999,
      "fold" : 0.17199999999999999,
      "raise3x" : 0.41810000000000003
    },
    "99" : {
      "call" : 0.44190000000000002,
      "raise3x" : 0.55810000000000004
    },
    "A4s" : {
      "call" : 0.059799999999999999,
      "fold" : 0.84050000000000002,
      "raise3x" : 0.099699999999999997
    },
    "A5s" : {
      "call" : 0.15579999999999999,
      "raise3x" : 0.84419999999999995
    },
    "A8s" : {
      "fold" : 0.61209999999999998,
      "raise3x" : 0.38790000000000002
    },
    "A9s" : {
      "call" : 0.080000000000000002,
      "fold" : 0.57589999999999997,
      "raise3x" : 0.34410000000000002
    },
    "AA" : {
      "raise3x" : 1
    },
    "AJs" : {
      "call" : 0.45789999999999997,
      "raise3x" : 0.54210000000000003
    },
    "AKo" : {
      "call" : 0.24390000000000001,
      "raise3x" : 0.75609999999999999
    },
    "AKs" : {
      "raise3x" : 1
    },
    "AQo" : {
      "call" : 0.1739,
      "raise3x" : 0.82609999999999995
    },
    "AQs" : {
      "call" : 0.67400000000000004,
      "raise3x" : 0.32600000000000001
    },
    "ATs" : {
      "call" : 0.3019,
      "raise3x" : 0.69810000000000005
    },
    "JJ" : {
      "call" : 0.32990000000000003,
      "raise3x" : 0.67010000000000003
    },
    "JTs" : {
      "call" : 0.32000000000000001,
      "fold" : 0.68000000000000005
    },
    "K9s" : {
      "fold" : 0.46600000000000003,
      "raise3x" : 0.53400000000000003
    },
    "KJs" : {
      "call" : 0.14999999999999999,
      "raise3x" : 0.84999999999999998
    },
    "KK" : {
      "raise3x" : 1
    },
    "KQo" : {
      "fold" : 0.70809999999999995,
      "raise3x" : 0.29189999999999999
    },
    "KQs" : {
      "call" : 0.41599999999999998,
      "raise3x" : 0.58399999999999996
    },
    "KTs" : {
      "call" : 0.224,
      "raise3x" : 0.77600000000000002
    },
    "QJs" : {
      "call" : 0.32850000000000001,
      "fold" : 0.45100000000000001,
      "raise3x" : 0.2205
    },
    "QQ" : {
      "call" : 0.34410000000000002,
      "raise3x" : 0.65590000000000004
    },
    "QTs" : {
      "call" : 0.1938,
      "fold" : 0.80620000000000003
    },
    "TT" : {
      "call" : 0.33600000000000002,
      "raise3x" : 0.66400000000000003
    }
  },
  "id" : "mtt_8max_70bb_utg1_vsopen_vs_utg",
  "source" : {
    "description" : "RangeConverter free PDF — 8-max 70bb 1bb ante (12.5%).",
    "publisher" : {
      "accessedDate" : "2026-06-01",
      "name" : "RangeConverter",
      "product" : "Free Poker Charts — 8 max 1bb ante MTT GTO Ranges",
      "treeParams" : "poker.academy CE-Symmetric Regular @ 70bb (GTO ChipEV, 1bb ante)",
      "url" : "https:\/\/rangeconverter.com\/free-poker-charts"
    },
    "solver" : {
      "assumptions" : "Frequencies rounded to nearest 25% per source. ChipEV (non-ICM). 1bb (12.5%) big-blind ante."
    },
    "type" : "published"
  },
  "spot" : {
    "anteType" : "bigBlindAnte",
    "facingAction" : "vsOpen",
    "opponentPosition" : "UTG",
    "position" : "UTG1",
    "stackDepthBB" : 70
  }
}