{
  "format" : "NLHE_MTT_8MAX",
  "hands" : {
    "22" : {
      "call" : 1
    },
    "33" : {
      "call" : 1
    },
    "44" : {
      "call" : 1
    },
    "55" : {
      "call" : 1
    },
    "65s" : {
      "call" : 1
    },
    "66" : {
      "call" : 1
    },
    "76s" : {
      "call" : 1
    },
    "77" : {
      "call" : 0.67610000000000003,
      "fold" : 0.32390000000000002
    },
    "87s" : {
      "call" : 1
    },
    "88" : {
      "call" : 0.67010000000000003,
      "fold" : 0.32990000000000003
    },
    "99" : {
      "call" : 0.92000000000000004,
      "fold" : 0.080000000000000002
    },
    "A4s" : {
      "call" : 0.437,
      "fold" : 0.0121,
      "raise3x" : 0.55089999999999995
    },
    "A5s" : {
      "call" : 0.86809999999999998,
      "raise3x" : 0.13189999999999999
    },
    "A6s" : {
      "fold" : 0.64639999999999997,
      "raise3x" : 0.35360000000000003
    },
    "A7s" : {
      "fold" : 0.82799999999999996,
      "raise3x" : 0.17199999999999999
    },
    "AA" : {
      "raise3x" : 1
    },
    "AJs" : {
      "call" : 1
    },
    "AKo" : {
      "call" : 0.1779,
      "raise3x" : 0.22589999999999999,
      "shove" : 0.59619999999999995
    },
    "AKs" : {
      "raise3x" : 1
    },
    "AQo" : {
      "call" : 0.30199999999999999,
      "fold" : 0.374,
      "raise3x" : 0.32400000000000001
    },
    "AQs" : {
      "call" : 1
    },
    "ATs" : {
      "call" : 1
    },
    "JJ" : {
      "call" : 0.94620000000000004,
      "raise3x" : 0.043799999999999999,
      "shove" : 0.01
    },
    "JTs" : {
      "call" : 0.45190000000000002,
      "fold" : 0.54810000000000003
    },
    "K6s" : {
      "raise3x" : 1
    },
    "K8s" : {
      "fold" : 0.42749999999999999,
      "raise3x" : 0.57250000000000001
    },
    "K9s" : {
      "fold" : 0.82609999999999995,
      "raise3x" : 0.1739
    },
    "KJs" : {
      "call" : 0.61209999999999998,
      "raise3x" : 0.38790000000000002
    },
    "KK" : {
      "raise3x" : 0.47999999999999998,
      "shove" : 0.52000000000000002
    },
    "KQs" : {
      "call" : 1
    },
    "KTs" : {
      "call" : 0.65800000000000003,
      "raise3x" : 0.34200000000000003
    },
    "QJs" : {
      "call" : 0.27989999999999998,
      "fold" : 0.72009999999999996
    },
    "QQ" : {
      "call" : 0.6079,
      "raise3x" : 0.3921
    },
    "T9s" : {
      "call" : 0.65410000000000001,
      "fold" : 0.34589999999999999
    },
    "TT" : {
      "call" : 1
    }
  },
  "id" : "mtt_8max_70bb_utg_vs3bet",
  "source" : {
    "description" : "RangeConverter free PDF — 8-max 70bb 1bb ante (12.5%).",
    "publisher" : {
      "accessedDate" : "2026-06-01",
      "name" : "RangeConverter",
      "product" : "Free Poker Charts — 8 max 1bb ante MTT GTO Ranges",
      "treeParams" : "poker.academy CE-Symmetric Regular @ 70bb (GTO ChipEV, 1bb ante)",
      "url" : "https:\/\/rangeconverter.com\/free-poker-charts"
    },
    "solver" : {
      "assumptions" : "Frequencies rounded to nearest 25% per source. ChipEV (non-ICM). 1bb (12.5%) big-blind ante."
    },
    "type" : "published"
  },
  "spot" : {
    "anteType" : "bigBlindAnte",
    "facingAction" : "vs3Bet",
    "position" : "UTG",
    "stackDepthBB" : 70
  }
}