{
  "format" : "NLHE_MTT_9MAX",
  "hands" : {
    "22" : {
      "limp" : 1
    },
    "32s" : {
      "limp" : 1
    },
    "33" : {
      "limp" : 0.11990000000000001,
      "shove" : 0.88009999999999999
    },
    "42s" : {
      "raise25x" : 1
    },
    "43s" : {
      "limp" : 0.81510000000000005,
      "raise25x" : 0.18490000000000001
    },
    "44" : {
      "limp" : 0.72009999999999996,
      "raise25x" : 0.27989999999999998
    },
    "52s" : {
      "limp" : 0.074899999999999994,
      "raise25x" : 0.92510000000000003
    },
    "53s" : {
      "limp" : 0.78500000000000003,
      "raise25x" : 0.215
    },
    "54o" : {
      "limp" : 1
    },
    "54s" : {
      "limp" : 0.37,
      "raise25x" : 0.63
    },
    "55" : {
      "limp" : 0.755,
      "raise25x" : 0.245
    },
    "62s" : {
      "limp" : 1
    },
    "63s" : {
      "limp" : 0.12989999999999999,
      "raise25x" : 0.87009999999999998
    },
    "64o" : {
      "fold" : 0.82509999999999994,
      "limp" : 0.1749
    },
    "64s" : {
      "limp" : 0.57509999999999994,
      "raise25x" : 0.4249
    },
    "65o" : {
      "limp" : 0.89510000000000001,
      "raise25x" : 0.10489999999999999
    },
    "65s" : {
      "limp" : 0.40489999999999998,
      "raise25x" : 0.59509999999999996
    },
    "66" : {
      "limp" : 0.67500000000000004,
      "raise25x" : 0.32500000000000001
    },
    "72s" : {
      "limp" : 1
    },
    "73s" : {
      "limp" : 1
    },
    "74s" : {
      "limp" : 0.79510000000000003,
      "raise25x" : 0.2049
    },
    "75o" : {
      "limp" : 1
    },
    "75s" : {
      "limp" : 0.58009999999999995,
      "raise25x" : 0.4199
    },
    "76o" : {
      "limp" : 0.80010000000000003,
      "raise25x" : 0.19989999999999999
    },
    "76s" : {
      "limp" : 0.76000000000000001,
      "raise25x" : 0.23999999999999999
    },
    "77" : {
      "limp" : 0.76500000000000001,
      "raise25x" : 0.23499999999999999
    },
    "82s" : {
      "limp" : 1
    },
    "83s" : {
      "limp" : 1
    },
    "84s" : {
      "raise25x" : 1
    },
    "85o" : {
      "limp" : 1
    },
    "85s" : {
      "limp" : 0.77500000000000002,
      "raise25x" : 0.22500000000000001
    },
    "86o" : {
      "limp" : 0.86019999999999996,
      "raise25x" : 0.13980000000000001
    },
    "86s" : {
      "limp" : 0.76500000000000001,
      "raise25x" : 0.23499999999999999
    },
    "87o" : {
      "limp" : 0.59999999999999998,
      "raise25x" : 0.40000000000000002
    },
    "87s" : {
      "limp" : 1
    },
    "88" : {
      "limp" : 0.58509999999999995,
      "raise25x" : 0.41489999999999999
    },
    "92s" : {
      "limp" : 0.96009999999999995,
      "raise25x" : 0.039899999999999998
    },
    "93s" : {
      "raise25x" : 1
    },
    "94s" : {
      "limp" : 0.39500000000000002,
      "raise25x" : 0.60499999999999998
    },
    "95o" : {
      "limp" : 1
    },
    "95s" : {
      "limp" : 0.63,
      "raise25x" : 0.37
    },
    "96o" : {
      "limp" : 1
    },
    "96s" : {
      "limp" : 1
    },
    "97o" : {
      "limp" : 0.4199,
      "raise25x" : 0.58009999999999995
    },
    "97s" : {
      "limp" : 1
    },
    "98o" : {
      "limp" : 0.80510000000000004,
      "raise25x" : 0.19489999999999999
    },
    "98s" : {
      "limp" : 0.18990000000000001,
      "raise25x" : 0.81010000000000004
    },
    "99" : {
      "limp" : 0.039899999999999998,
      "raise25x" : 0.96009999999999995
    },
    "A2o" : {
      "limp" : 0.81010000000000004,
      "raise25x" : 0.029899999999999999,
      "shove" : 0.16
    },
    "A2s" : {
      "limp" : 0.72009999999999996,
      "raise25x" : 0.27989999999999998
    },
    "A3o" : {
      "limp" : 0.76500000000000001,
      "raise25x" : 0.23499999999999999
    },
    "A3s" : {
      "limp" : 1
    },
    "A4o" : {
      "limp" : 0.5101,
      "raise25x" : 0.4899
    },
    "A4s" : {
      "limp" : 1
    },
    "A5o" : {
      "limp" : 0.4249,
      "raise25x" : 0.57509999999999994
    },
    "A5s" : {
      "limp" : 1
    },
    "A6o" : {
      "limp" : 0.38500000000000001,
      "raise25x" : 0.61499999999999999
    },
    "A6s" : {
      "limp" : 1
    },
    "A7o" : {
      "limp" : 0.28489999999999999,
      "raise25x" : 0.71509999999999996
    },
    "A7s" : {
      "raise25x" : 1
    },
    "A8o" : {
      "limp" : 0.22,
      "raise25x" : 0.78000000000000003
    },
    "A8s" : {
      "raise25x" : 1
    },
    "A9o" : {
      "limp" : 0.32500000000000001,
      "raise25x" : 0.495,
      "shove" : 0.17999999999999999
    },
    "A9s" : {
      "raise25x" : 1
    },
    "AA" : {
      "raise25x" : 1
    },
    "AJo" : {
      "limp" : 0.98999999999999999,
      "shove" : 0.01
    },
    "AJs" : {
      "raise25x" : 1
    },
    "AKo" : {
      "limp" : 0.0499,
      "raise25x" : 0.95009999999999994
    },
    "AKs" : {
      "raise25x" : 1
    },
    "AQo" : {
      "limp" : 0.95009999999999994,
      "raise25x" : 0.0499
    },
    "AQs" : {
      "raise25x" : 1
    },
    "ATo" : {
      "limp" : 0.92979999999999996,
      "shove" : 0.070200000000000012
    },
    "ATs" : {
      "raise25x" : 1
    },
    "J2o" : {
      "limp" : 1
    },
    "J2s" : {
      "raise25x" : 1
    },
    "J3o" : {
      "limp" : 1
    },
    "J3s" : {
      "limp" : 0.39500000000000002,
      "raise25x" : 0.60499999999999998
    },
    "J4o" : {
      "limp" : 1
    },
    "J4s" : {
      "limp" : 0.5151,
      "raise25x" : 0.4849
    },
    "J5o" : {
      "limp" : 1
    },
    "J5s" : {
      "limp" : 0.46999999999999997,
      "raise25x" : 0.53000000000000003
    },
    "J6o" : {
      "limp" : 1
    },
    "J6s" : {
      "limp" : 1
    },
    "J7o" : {
      "limp" : 0.26490000000000002,
      "raise25x" : 0.73509999999999998
    },
    "J7s" : {
      "limp" : 1
    },
    "J8o" : {
      "limp" : 0.50509999999999999,
      "raise25x" : 0.49490000000000001
    },
    "J8s" : {
      "limp" : 0.8851,
      "raise25x" : 0.1149
    },
    "J9o" : {
      "limp" : 0.55000000000000004,
      "raise25x" : 0.45000000000000001
    },
    "J9s" : {
      "limp" : 0.68500000000000005,
      "raise25x" : 0.315
    },
    "JJ" : {
      "limp" : 0.029899999999999999,
      "raise25x" : 0.97009999999999996
    },
    "JTo" : {
      "limp" : 0.82509999999999994,
      "raise25x" : 0.1749
    },
    "JTs" : {
      "raise25x" : 1
    },
    "K2o" : {
      "limp" : 1
    },
    "K2s" : {
      "limp" : 1
    },
    "K3o" : {
      "limp" : 1
    },
    "K3s" : {
      "limp" : 1
    },
    "K4o" : {
      "limp" : 0.67010000000000003,
      "raise25x" : 0.32990000000000003
    },
    "K4s" : {
      "limp" : 1
    },
    "K5o" : {
      "limp" : 0.36509999999999998,
      "raise25x" : 0.63490000000000002
    },
    "K5s" : {
      "limp" : 1
    },
    "K6o" : {
      "limp" : 0.58509999999999995,
      "raise25x" : 0.38500000000000001,
      "shove" : 0.029899999999999999
    },
    "K6s" : {
      "limp" : 1
    },
    "K7o" : {
      "limp" : 0.62,
      "raise25x" : 0.38
    },
    "K7s" : {
      "limp" : 1
    },
    "K8o" : {
      "limp" : 0.35489999999999999,
      "raise25x" : 0.64510000000000001
    },
    "K8s" : {
      "limp" : 1
    },
    "K9o" : {
      "limp" : 0.36509999999999998,
      "raise25x" : 0.63490000000000002
    },
    "K9s" : {
      "limp" : 0.96509999999999996,
      "raise25x" : 0.0349
    },
    "KJo" : {
      "limp" : 0.33489999999999998,
      "raise25x" : 0.66510000000000002
    },
    "KJs" : {
      "raise25x" : 1
    },
    "KK" : {
      "raise25x" : 1
    },
    "KQo" : {
      "limp" : 0.4849,
      "raise25x" : 0.5151
    },
    "KQs" : {
      "raise25x" : 1
    },
    "KTo" : {
      "limp" : 0.47499999999999998,
      "raise25x" : 0.52500000000000002
    },
    "KTs" : {
      "raise25x" : 1
    },
    "Q2o" : {
      "limp" : 1
    },
    "Q2s" : {
      "limp" : 0.77010000000000001,
      "raise25x" : 0.22989999999999999
    },
    "Q3o" : {
      "limp" : 1
    },