{
  "format" : "NLHE_MTT_8MAX",
  "hands" : {
    "22" : {
      "call" : 0.49199999999999999,
      "fold" : 0.50800000000000001
    },
    "33" : {
      "call" : 0.48599999999999999,
      "fold" : 0.51400000000000001
    },
    "44" : {
      "call" : 0.62,
      "fold" : 0.38
    },
    "55" : {
      "call" : 0.754,
      "raise3x" : 0.246
    },
    "66" : {
      "call" : 0.6341,
      "raise3x" : 0.3659
    },
    "76s" : {
      "call" : 0.053800000000000001,
      "fold" : 0.94620000000000004
    },
    "77" : {
      "call" : 0.51400000000000001,
      "raise3x" : 0.48599999999999999
    },
    "87s" : {
      "call" : 0.061899999999999997,
      "fold" : 0.93810000000000004
    },
    "88" : {
      "call" : 0.53000000000000003,
      "raise3x" : 0.46999999999999997
    },
    "98s" : {
      "call" : 0.41799999999999998,
      "fold" : 0.58199999999999996
    },
    "99" : {
      "call" : 0.47810000000000002,
      "raise3x" : 0.52190000000000003
    },
    "A3s" : {
      "call" : 0.54000000000000004,
      "fold" : 0.34410000000000002,
      "raise3x" : 0.1159
    },
    "A4s" : {
      "call" : 0.50409999999999999,
      "raise3x" : 0.49590000000000001
    },
    "A5s" : {
      "call" : 0.34200000000000003,
      "raise3x" : 0.65800000000000003
    },
    "A6s" : {
      "call" : 0.12590000000000001,
      "raise3x" : 0.87409999999999999
    },
    "A7s" : {
      "call" : 0.35399999999999998,
      "raise3x" : 0.64600000000000002
    },
    "A8s" : {
      "call" : 0.22,
      "raise3x" : 0.78000000000000003
    },
    "A9s" : {
      "call" : 0.39789999999999998,
      "raise3x" : 0.60209999999999997
    },
    "AA" : {
      "raise3x" : 1
    },
    "AJo" : {
      "call" : 0.28399999999999997,
      "raise3x" : 0.71599999999999997
    },
    "AJs" : {
      "call" : 0.51400000000000001,
      "raise3x" : 0.48599999999999999
    },
    "AKo" : {
      "raise3x" : 1
    },
    "AKs" : {
      "raise3x" : 1
    },
    "AQo" : {
      "call" : 0.57589999999999997,
      "raise3x" : 0.42409999999999998
    },
    "AQs" : {
      "raise3x" : 1
    },
    "ATo" : {
      "call" : 0.24790000000000001,
      "raise3x" : 0.75209999999999999
    },
    "ATs" : {
      "call" : 0.82609999999999995,
      "raise3x" : 0.1739
    },
    "J9s" : {
      "call" : 0.15790000000000001,
      "raise3x" : 0.84209999999999996
    },
    "JJ" : {
      "call" : 0.071900000000000006,
      "raise3x" : 0.92810000000000004
    },
    "JTs" : {
      "call" : 0.34410000000000002,
      "raise3x" : 0.65590000000000004
    },
    "K6s" : {
      "call" : 0.069800000000000001,
      "fold" : 0.93020000000000003
    },
    "K7s" : {
      "call" : 0.069800000000000001,
      "fold" : 0.93020000000000003
    },
    "K8s" : {
      "call" : 0.1739,
      "raise3x" : 0.82609999999999995
    },
    "K9s" : {
      "call" : 0.106,
      "raise3x" : 0.89400000000000002
    },
    "KJo" : {
      "call" : 0.316,
      "raise3x" : 0.68400000000000005
    },
    "KJs" : {
      "call" : 0.68000000000000005,
      "raise3x" : 0.32000000000000001
    },
    "KK" : {
      "raise3x" : 1
    },
    "KQo" : {
      "call" : 0.32990000000000003,
      "raise3x" : 0.67010000000000003
    },
    "KQs" : {
      "call" : 0.68400000000000005,
      "raise3x" : 0.316
    },
    "KTo" : {
      "fold" : 0.73609999999999998,
      "raise3x" : 0.26390000000000002
    },
    "KTs" : {
      "call" : 0.59799999999999998,
      "raise3x" : 0.40200000000000002
    },
    "Q9s" : {
      "call" : 0.31790000000000002,
      "raise3x" : 0.68210000000000004
    },
    "QJs" : {
      "call" : 0.81010000000000004,
      "raise3x" : 0.18990000000000001
    },
    "QQ" : {
      "raise3x" : 1
    },
    "QTs" : {
      "call" : 0.67210000000000003,
      "raise3x" : 0.32790000000000002
    },
    "T8s" : {
      "call" : 0.0339,
      "fold" : 0.89019999999999999,
      "raise3x" : 0.075899999999999995
    },
    "T9s" : {
      "call" : 0.62209999999999999,
      "raise3x" : 0.37790000000000001
    },
    "TT" : {
      "call" : 0.5161,
      "raise3x" : 0.4839
    }
  },
  "id" : "mtt_8max_70bb_co_vsopen",
  "source" : {
    "description" : "RangeConverter free PDF — 8-max 70bb 1bb ante (12.5%).",
    "publisher" : {
      "accessedDate" : "2026-06-01",
      "name" : "RangeConverter",
      "product" : "Free Poker Charts — 8 max 1bb ante MTT GTO Ranges",
      "treeParams" : "poker.academy CE-Symmetric Regular @ 70bb (GTO ChipEV, 1bb ante)",
      "url" : "https:\/\/rangeconverter.com\/free-poker-charts"
    },
    "solver" : {
      "assumptions" : "Frequencies rounded to nearest 25% per source. ChipEV (non-ICM). 1bb (12.5%) big-blind ante."
    },
    "type" : "published"
  },
  "spot" : {
    "anteType" : "bigBlindAnte",
    "facingAction" : "vsOpen",
    "position" : "CO",
    "stackDepthBB" : 70
  }
}