{
  "format" : "NLHE_MTT_8MAX",
  "hands" : {
    "22" : {
      "call" : 0.87890000000000001,
      "fold" : 0.1201
    },
    "32o" : "fold",
    "32s" : {
      "call" : 0.27960000000000002,
      "fold" : 0.72040000000000004
    },
    "33" : {
      "call" : 0.1368,
      "fold" : 0.8589,
      "raise25x" : 0.0040000000000000001
    },
    "42o" : "fold",
    "42s" : {
      "call" : 0.0373,
      "fold" : 0.96050000000000002,
      "raise25x" : 0.0018
    },
    "43o" : {
      "call" : 0.0124,
      "fold" : 0.98760000000000003
    },
    "43s" : "fold",
    "44" : {
      "call" : 0.39350000000000002,
      "fold" : 0.60250000000000004,
      "raise25x" : 0.0033
    },
    "52o" : {
      "call" : 0.019300000000000001,
      "fold" : 0.98060000000000003
    },
    "52s" : "fold",
    "53o" : {
      "call" : 0.0055999999999999999,
      "fold" : 0.99339999999999995,
      "raise25x" : 0.0011000000000000001
    },
    "53s" : {
      "call" : 0.28070000000000001,
      "fold" : 0.71909999999999996
    },
    "54o" : {
      "call" : 0.11409999999999999,
      "fold" : 0.88590000000000002
    },
    "54s" : {
      "call" : 0.2432,
      "fold" : 0.75629999999999997
    },
    "55" : {
      "call" : 0.4773,
      "fold" : 0.5202,
      "raise25x" : 0.0011999999999999999,
      "shove" : 0.0012999999999999999
    },
    "62o" : "fold",
    "62s" : {
      "call" : 0.0083000000000000001,
      "fold" : 0.99150000000000005
    },
    "63o" : {
      "call" : 0.0022000000000000001,
      "fold" : 0.99780000000000002
    },
    "63s" : {
      "fold" : 0.99829999999999997
    },
    "64o" : "fold",
    "64s" : {
      "call" : 0.0014,
      "fold" : 0.99839999999999995
    },
    "65o" : {
      "call" : 0.1605,
      "fold" : 0.83950000000000002
    },
    "65s" : {
      "call" : 0.014800000000000001,
      "fold" : 0.98199999999999998,
      "raise25x" : 0.0023999999999999998
    },
    "66" : {
      "call" : 0.44009999999999999,
      "fold" : 0.54510000000000003,
      "raise25x" : 0.010800000000000001,
      "shove" : 0.0040000000000000001
    },
    "72o" : "fold",
    "72s" : {
      "call" : 0.1532,
      "fold" : 0.84519999999999995,
      "shove" : 0.0011999999999999999
    },
    "73o" : "fold",
    "73s" : {
      "fold" : 0.99870000000000003,
      "raise25x" : 0.0011000000000000001
    },
    "74o" : "fold",
    "74s" : {
      "call" : 0.15920000000000001,
      "fold" : 0.84040000000000004
    },
    "75o" : {
      "call" : 0.002,
      "fold" : 0.998
    },
    "75s" : {
      "call" : 0.42959999999999998,
      "fold" : 0.57020000000000004
    },
    "76o" : {
      "call" : 0.0149,
      "fold" : 0.98499999999999999
    },
    "76s" : {
      "call" : 0.076600000000000001,
      "fold" : 0.92320000000000002
    },
    "77" : {
      "call" : 0.97299999999999998,
      "fold" : 0.026499999999999999
    },
    "82o" : "fold",
    "82s" : {
      "call" : 0.016,
      "fold" : 0.98399999999999999
    },
    "83o" : "fold",
    "83s" : {
      "call" : 0.0019,
      "fold" : 0.99809999999999999
    },
    "84o" : "fold",
    "84s" : {
      "call" : 0.59179999999999999,
      "fold" : 0.40760000000000002
    },
    "85o" : "fold",
    "85s" : {
      "call" : 0.062799999999999995,
      "fold" : 0.93720000000000003
    },
    "86o" : "fold",
    "86s" : {
      "call" : 0.039,
      "fold" : 0.96099999999999997
    },
    "87o" : {
      "call" : 0.18149999999999999,
      "fold" : 0.81830000000000003
    },
    "87s" : {
      "call" : 0.0074999999999999997,
      "fold" : 0.99250000000000005
    },
    "88" : {
      "call" : 0.68669999999999998,
      "fold" : 0.1777,
      "raise25x" : 0.1321,
      "shove" : 0.0033999999999999998
    },
    "92o" : "fold",
    "92s" : {
      "call" : 0.1883,
      "fold" : 0.81169999999999998
    },
    "93o" : "fold",
    "93s" : {
      "call" : 0.0035999999999999999,
      "fold" : 0.99450000000000005,
      "raise25x" : 0.0019
    },
    "94o" : "fold",
    "94s" : {
      "call" : 0.0040000000000000001,
      "fold" : 0.99570000000000003
    },
    "95o" : "fold",
    "95s" : {
      "call" : 0.0025999999999999999,
      "fold" : 0.99690000000000001
    },
    "96o" : {
      "call" : 0.0023,
      "fold" : 0.99770000000000003
    },
    "96s" : {
      "call" : 0.30740000000000001,
      "fold" : 0.69140000000000001
    },
    "97o" : {
      "call" : 0.0843,
      "fold" : 0.91569999999999996
    },
    "97s" : {
      "call" : 0.0028,
      "fold" : 0.997
    },
    "98o" : {
      "call" : 0.91310000000000002,
      "fold" : 0.086900000000000005
    },
    "98s" : {
      "call" : 0.018599999999999998,
      "fold" : 0.97109999999999996,
      "raise25x" : 0.0088999999999999999,
      "shove" : 0.0014
    },
    "99" : {
      "call" : 0.071800000000000003,
      "raise25x" : 0.88890000000000002,
      "shove" : 0.039199999999999999
    },
    "A2o" : {
      "fold" : 0.99460000000000004,
      "raise25x" : 0.0048999999999999998
    },
    "A2s" : {
      "call" : 0.94989999999999997,
      "fold" : 0.050099999999999999
    },
    "A3o" : {
      "call" : 0.94520000000000004,
      "fold" : 0.0545
    },
    "A3s" : {
      "call" : 0.31369999999999998,
      "fold" : 0.68500000000000005,
      "shove" : 0.0011000000000000001
    },
    "A4o" : {
      "call" : 0.5,
      "fold" : 0.5
    },
    "A4s" : {
      "call" : 0.41880000000000001,
      "fold" : 0.56189999999999996,
      "raise25x" : 0.0038,
      "shove" : 0.015599999999999999
    },
    "A5o" : {
      "fold" : 0.99890000000000001
    },
    "A5s" : {
      "call" : 0.3609,
      "fold" : 0.63719999999999999,
      "shove" : 0.0015
    },
    "A6o" : {
      "call" : 0.0051999999999999998,
      "fold" : 0.99450000000000005
    },
    "A6s" : {
      "call" : 0.97560000000000002,
      "fold" : 0.0235
    },
    "A7o" : {
      "call" : 0.49419999999999997,
      "fold" : 0.50529999999999997
    },
    "A7s" : {
      "call" : 0.59570000000000001,
      "fold" : 0.31,
      "raise25x" : 0.094299999999999995
    },
    "A8o" : {
      "call" : 0.81669999999999998,
      "fold" : 0.18310000000000001
    },
    "A8s" : {
      "call" : 0.30080000000000001,
      "fold" : 0.48799999999999999,
      "raise25x" : 0.21079999999999999
    },
    "A9o" : {
      "call" : 0.65780000000000005,
      "fold" : 0.33679999999999999,
      "raise25x" : 0.0053
    },
    "A9s" : {
      "call" : 0.71199999999999997,
      "fold" : 0.28720000000000001
    },
    "AA" : {
      "raise25x" : 0.78569999999999995,
      "shove" : 0.21429999999999999
    },
    "AJo" : {
      "call" : 0.89659999999999995,
      "fold" : 0.047600000000000003,
      "raise25x" : 0.053499999999999999,
      "shove" : 0.0023
    },
    "AJs" : {
      "call" : 0.53749999999999998,
      "fold" : 0.1053,
      "raise25x" : 0.29149999999999998,
      "shove" : 0.065600000000000006
    },
    "AKo" : {
      "call" : 0.42649999999999999,
      "raise25x" : 0.51719999999999999,
      "shove" : 0.056300000000000003
    },
    "AKs" : {
      "call" : 0.1202,
      "raise25x" : 0.38219999999999998,
      "shove" : 0.49769999999999998
    },
    "AQo" : {
      "call" : 0.54820000000000002,
      "raise25x" : 0.45000000000000001,
      "shove" : 0.0018
    },
    "AQs" : {
      "call" : 0.71950000000000003,
      "raise25x" : 0.1958,
      "shove" : 0.084699999999999998
    },
    "ATo" : {
      "call" : 0.97529999999999994,
      "fold" : 0.021999999999999999,
      "raise25x" : 0.0015,
      "shove" : 0.0011999999999999999
    },
    "ATs" : {
      "call" : 0.52739999999999998,
      "fold" : 0.45579999999999998,
      "raise25x" : 0.0154,
      "shove" : 0.0014
    },
    "J2o" : {
      "call" : 0.0011999999999999999,
      "fold" : 0.99880000000000002
    },
    "J2s" : {
      "call" : 0.0040000000000000001,
      "fold" : 0.99560000000000004
    },
    "J3o" : "fold",
    "J3s" : {
      "call" : 0.068199999999999997,