{
  "format" : "NLHE_MTT_8MAX",
  "hands" : {
    "22" : {
      "call" : 1
    },
    "33" : {
      "call" : 1
    },
    "44" : {
      "call" : 1
    },
    "53s" : {
      "call" : 1
    },
    "54s" : {
      "call" : 1
    },
    "55" : {
      "call" : 1
    },
    "64s" : {
      "call" : 1
    },
    "65s" : {
      "call" : 1
    },
    "66" : {
      "call" : 1
    },
    "75s" : {
      "call" : 1
    },
    "76s" : {
      "call" : 1
    },
    "77" : {
      "call" : 1
    },
    "86s" : {
      "call" : 1
    },
    "87s" : {
      "call" : 1
    },
    "88" : {
      "call" : 1
    },
    "96s" : {
      "call" : 0.98999999999999999,
      "fold" : 0.01
    },
    "97s" : {
      "call" : 1
    },
    "98s" : {
      "call" : 1
    },
    "99" : {
      "call" : 1
    },
    "A2s" : {
      "call" : 1
    },
    "A3s" : {
      "call" : 1
    },
    "A4s" : {
      "call" : 0.49409999999999998,
      "shove" : 0.50590000000000002
    },
    "A5s" : {
      "call" : 0.71199999999999997,
      "shove" : 0.28799999999999998
    },
    "A6s" : {
      "call" : 1
    },
    "A7s" : {
      "call" : 1
    },
    "A8s" : {
      "call" : 1
    },
    "A9o" : {
      "call" : 0.28589999999999999,
      "fold" : 0.71409999999999996
    },
    "A9s" : {
      "call" : 1
    },
    "AA" : {
      "call" : 1
    },
    "AJo" : {
      "call" : 1
    },
    "AJs" : {
      "call" : 1
    },
    "AKo" : {
      "shove" : 1
    },
    "AKs" : {
      "call" : 0.8841,
      "shove" : 0.1159
    },
    "AQo" : {
      "call" : 1
    },
    "AQs" : {
      "call" : 1
    },
    "ATo" : {
      "call" : 1
    },
    "ATs" : {
      "call" : 1
    },
    "J8s" : {
      "call" : 1
    },
    "J9s" : {
      "call" : 1
    },
    "JJ" : {
      "call" : 0.091800000000000007,
      "shove" : 0.90820000000000001
    },
    "JTo" : {
      "call" : 0.30790000000000001,
      "fold" : 0.69210000000000005
    },
    "JTs" : {
      "call" : 1
    },
    "K2s" : {
      "call" : 0.23599999999999999,
      "fold" : 0.76400000000000001
    },
    "K3s" : {
      "call" : 1
    },
    "K4s" : {
      "call" : 1
    },
    "K5s" : {
      "call" : 1
    },
    "K6s" : {
      "call" : 1
    },
    "K7s" : {
      "call" : 1
    },
    "K8s" : {
      "call" : 1
    },
    "K9s" : {
      "call" : 1
    },
    "KJo" : {
      "call" : 1
    },
    "KJs" : {
      "call" : 1
    },
    "KK" : {
      "call" : 1
    },
    "KQo" : {
      "call" : 1
    },
    "KQs" : {
      "call" : 1
    },
    "KTo" : {
      "call" : 0.6341,
      "fold" : 0.3659
    },
    "KTs" : {
      "call" : 1
    },
    "Q4s" : {
      "call" : 0.35389999999999999,
      "fold" : 0.64610000000000001
    },
    "Q5s" : {
      "call" : 0.99209999999999998,
      "fold" : 0.0079000000000000008
    },
    "Q6s" : {
      "call" : 0.8861,
      "fold" : 0.1139
    },
    "Q8s" : {
      "call" : 1
    },
    "Q9s" : {
      "call" : 1
    },
    "QJo" : {
      "call" : 0.91810000000000003,
      "fold" : 0.017899999999999999,
      "shove" : 0.064000000000000001
    },
    "QJs" : {
      "shove" : 1
    },
    "QQ" : {
      "call" : 0.68999999999999995,
      "shove" : 0.31
    },
    "QTo" : {
      "call" : 0.30399999999999999,
      "fold" : 0.69599999999999995
    },
    "QTs" : {
      "call" : 1
    },
    "T7s" : {
      "call" : 1
    },
    "T8s" : {
      "call" : 1
    },
    "T9s" : {
      "call" : 1
    },
    "TT" : {
      "call" : 0.7681,
      "shove" : 0.2319
    }
  },
  "id" : "mtt_8max_60bb_co_vs3bet_vs_sb",
  "source" : {
    "description" : "RangeConverter free PDF — 8-max 60bb 1bb ante (12.5%).",
    "publisher" : {
      "accessedDate" : "2026-06-01",
      "name" : "RangeConverter",
      "product" : "Free Poker Charts — 8 max 1bb ante MTT GTO Ranges",
      "treeParams" : "poker.academy CE-Symmetric Regular @ 60bb (GTO ChipEV, 1bb ante)",
      "url" : "https:\/\/rangeconverter.com\/free-poker-charts"
    },
    "solver" : {
      "assumptions" : "Frequencies rounded to nearest 25% per source. ChipEV (non-ICM). 1bb (12.5%) big-blind ante."
    },
    "type" : "published"
  },
  "spot" : {
    "anteType" : "bigBlindAnte",
    "facingAction" : "vs3Bet",
    "opponentPosition" : "SB",
    "position" : "CO",
    "stackDepthBB" : 60
  }
}