{
  "format" : "NLHE_MTT_9MAX",
  "hands" : {
    "22" : {
      "fold" : 0.90000000000000002,
      "raise25x" : 0.10000000000000001
    },
    "33" : {
      "fold" : 0.91500000000000004,
      "raise25x" : 0.084999999999999992
    },
    "44" : {
      "fold" : 0.70499999999999996,
      "raise25x" : 0.29499999999999998
    },
    "55" : {
      "fold" : 0.43009999999999998,
      "raise25x" : 0.56989999999999996
    },
    "66" : {
      "raise25x" : 1
    },
    "77" : {
      "raise25x" : 1
    },
    "88" : {
      "raise25x" : 1
    },
    "99" : {
      "raise25x" : 1
    },
    "A4s" : {
      "raise25x" : 1
    },
    "A5s" : {
      "raise25x" : 1
    },
    "A6s" : {
      "raise25x" : 1
    },
    "A7s" : {
      "raise25x" : 1
    },
    "A8s" : {
      "raise25x" : 1
    },
    "A9s" : {
      "raise25x" : 1
    },
    "AA" : {
      "raise25x" : 1
    },
    "AJo" : {
      "raise25x" : 1
    },
    "AJs" : {
      "raise25x" : 1
    },
    "AKo" : {
      "raise25x" : 1
    },
    "AKs" : {
      "raise25x" : 1
    },
    "AQo" : {
      "raise25x" : 1
    },
    "AQs" : {
      "raise25x" : 1
    },
    "ATo" : {
      "fold" : 0.5,
      "raise25x" : 0.5
    },
    "ATs" : {
      "raise25x" : 1
    },
    "J9s" : {
      "raise25x" : 1
    },
    "JJ" : {
      "raise25x" : 1
    },
    "JTs" : {
      "raise25x" : 1
    },
    "K9s" : {
      "raise25x" : 1
    },
    "KJo" : {
      "fold" : 0.79020000000000001,
      "raise25x" : 0.20979999999999999
    },
    "KJs" : {
      "raise25x" : 1
    },
    "KK" : {
      "raise25x" : 1
    },
    "KQo" : {
      "raise25x" : 1
    },
    "KQs" : {
      "raise25x" : 1
    },
    "KTo" : {
      "fold" : 0.96009999999999995,
      "raise25x" : 0.039899999999999998
    },
    "KTs" : {
      "raise25x" : 1
    },
    "Q9s" : {
      "raise25x" : 1
    },
    "QJo" : {
      "fold" : 0.95009999999999994,
      "raise25x" : 0.0499
    },
    "QJs" : {
      "raise25x" : 1
    },
    "QQ" : {
      "raise25x" : 1
    },
    "QTs" : {
      "raise25x" : 1
    },
    "T8s" : {
      "fold" : 0.33989999999999998,
      "raise25x" : 0.66010000000000002
    },
    "T9s" : {
      "raise25x" : 1
    },
    "TT" : {
      "raise25x" : 1
    }
  },
  "id" : "mtt_9max_80bb_utg_unopened",
  "source" : {
    "description" : "Adapted from RangeConverter 8-max baseline.",
    "publisher" : {
      "accessedDate" : "2026-06-01",
      "name" : "RangeConverter",
      "product" : "Free Poker Charts — 8 max 1bb ante MTT GTO Ranges",
      "treeParams" : "2.5x open, 3.5x 3bet IP, 4.5x 3bet OOP, 2.3x 4bet IP, 2.75x 4bet OOP, SB vs BB 3.2bb",
      "url" : "https:\/\/rangeconverter.com\/free-poker-charts"
    },
    "solver" : {
      "assumptions" : "Frequencies rounded to nearest 25% per source. ChipEV (non-ICM). 1bb (12.5%) big-blind ante. Adapted from 8-max UTG; weakest combos (54s, 65s, 76s, 87s, 98s, A2s, A3s, JTo, K7s, K8s, T9o) demoted to fold to reach the 9-max UTG VPIP band."
    },
    "type" : "published"
  },
  "spot" : {
    "anteType" : "bigBlindAnte",
    "facingAction" : "unopened",
    "position" : "UTG",
    "stackDepthBB" : 80
  }
}