{
  "format" : "NLHE_MTT_9MAX",
  "hands" : {
    "22" : {
      "call" : 0.12089999999999999,
      "fold" : 0.87780000000000002,
      "shove" : 0.0013000000000000002
    },
    "32o" : {
      "fold" : 1
    },
    "32s" : {
      "fold" : 1
    },
    "33" : {
      "call" : 0.017500000000000009,
      "fold" : 0.98229999999999995
    },
    "42o" : {
      "fold" : 1
    },
    "42s" : {
      "fold" : 1
    },
    "43o" : {
      "fold" : 0.99980000000000002
    },
    "43s" : {
      "fold" : 0.99990000000000001
    },
    "44" : {
      "call" : 0.0292,
      "fold" : 0.94479999999999997,
      "shove" : 0.025600000000000001
    },
    "52o" : {
      "fold" : 1
    },
    "52s" : {
      "fold" : 0.99980000000000002
    },
    "53o" : {
      "fold" : 1
    },
    "53s" : {
      "call" : 0.0019,
      "fold" : 0.99760000000000004
    },
    "54o" : {
      "fold" : 1
    },
    "54s" : {
      "fold" : 0.99909999999999999
    },
    "55" : {
      "call" : 0.54259999999999997,
      "fold" : 0.4526,
      "raise25x" : 0.0047000000000000002
    },
    "62o" : {
      "fold" : 1
    },
    "62s" : {
      "fold" : 0.99960000000000004
    },
    "63o" : {
      "fold" : 1
    },
    "63s" : {
      "call" : 0.0016999999999999997,
      "fold" : 0.99470000000000003,
      "raise25x" : 0.0033999999999999994
    },
    "64o" : {
      "fold" : 1
    },
    "64s" : {
      "fold" : 0.99990000000000001
    },
    "65o" : {
      "fold" : 0.99980000000000002
    },
    "65s" : {
      "call" : 0.013100000000000001,
      "fold" : 0.98629999999999995
    },
    "66" : {
      "call" : 0.4985,
      "fold" : 0.50109999999999999
    },
    "72o" : {
      "fold" : 1
    },
    "72s" : {
      "fold" : 0.99909999999999999
    },
    "73o" : {
      "fold" : 0.99980000000000002
    },
    "73s" : {
      "fold" : 0.99980000000000002
    },
    "74o" : {
      "fold" : 1
    },
    "74s" : {
      "call" : 0.0030000000000000001,
      "fold" : 0.99339999999999995,
      "raise25x" : 0.0034999999999999996
    },
    "75o" : {
      "call" : 0.0019,
      "fold" : 0.99809999999999999
    },
    "75s" : {
      "fold" : 0.999
    },
    "76o" : {
      "fold" : 0.99990000000000001
    },
    "76s" : {
      "fold" : 0.99990000000000001
    },
    "77" : {
      "call" : 0.33000000000000002,
      "fold" : 0.6573,
      "shove" : 0.0126
    },
    "82o" : {
      "fold" : 0.99970000000000003
    },
    "82s" : {
      "call" : 0.034500000000000017,
      "fold" : 0.96489999999999998
    },
    "83o" : {
      "fold" : 1
    },
    "83s" : {
      "fold" : 1
    },
    "84o" : {
      "fold" : 0.99990000000000001
    },
    "84s" : {
      "call" : 0.0298,
      "fold" : 0.97019999999999995
    },
    "85o" : {
      "fold" : 1
    },
    "85s" : {
      "call" : 0.0067999999999999988,
      "fold" : 0.99299999999999999
    },
    "86o" : {
      "fold" : 1
    },
    "86s" : {
      "call" : 0.03549999999999999,
      "fold" : 0.96450000000000002
    },
    "87o" : {
      "fold" : 1
    },
    "87s" : {
      "call" : 0.0097000000000000003,
      "fold" : 0.98540000000000005,
      "shove" : 0.0043
    },
    "88" : {
      "call" : 0.4073,
      "fold" : 0.28070000000000001,
      "raise25x" : 0.25340000000000001,
      "shove" : 0.058600000000000006
    },
    "92o" : {
      "fold" : 1
    },
    "92s" : {
      "call" : 0.0088999999999999999,
      "fold" : 0.99039999999999995
    },
    "93o" : {
      "fold" : 0.99980000000000002
    },
    "93s" : {
      "fold" : 0.99950000000000006
    },
    "94o" : {
      "fold" : 1
    },
    "94s" : {
      "call" : 0.0024000000000000002,
      "fold" : 0.997
    },
    "95o" : {
      "fold" : 1
    },
    "95s" : {
      "fold" : 0.99880000000000002
    },
    "96o" : {
      "fold" : 1
    },
    "96s" : {
      "fold" : 0.99819999999999998,
      "raise25x" : 0.0012000000000000001
    },
    "97o" : {
      "fold" : 0.99919999999999998
    },
    "97s" : {
      "call" : 0.0064000000000000003,
      "fold" : 0.99280000000000002
    },
    "98o" : {
      "fold" : 0.99990000000000001
    },
    "98s" : {
      "call" : 0.0044999999999999997,
      "fold" : 0.99250000000000005,
      "raise25x" : 0.002
    },
    "99" : {
      "call" : 0.34189999999999998,
      "raise25x" : 0.5968,
      "shove" : 0.060399999999999995
    },
    "A2o" : {
      "fold" : 0.99919999999999998
    },
    "A2s" : {
      "call" : 0.019899999999999998,
      "fold" : 0.97929999999999995
    },
    "A3o" : {
      "fold" : 0.99950000000000006
    },
    "A3s" : {
      "call" : 0.064899999999999999,
      "fold" : 0.90300000000000002,
      "raise25x" : 0.031800000000000002
    },
    "A4o" : {
      "fold" : 0.99950000000000006
    },
    "A4s" : {
      "call" : 0.0201,
      "fold" : 0.88119999999999998,
      "raise25x" : 0.097699999999999995,
      "shove" : 0.0011000000000000001
    },
    "A5o" : {
      "call" : 0.0032000000000000002,
      "fold" : 0.99660000000000004
    },
    "A5s" : {
      "call" : 0.035200000000000002,
      "fold" : 0.95950000000000002,
      "raise25x" : 0.0038,
      "shove" : 0.0015
    },
    "A6o" : {
      "fold" : 0.99960000000000004
    },
    "A6s" : {
      "call" : 0.062399999999999997,
      "fold" : 0.93159999999999998,
      "raise25x" : 0.0055999999999999991
    },
    "A7o" : {
      "fold" : 0.99939999999999996
    },
    "A7s" : {
      "call" : 0.0206,
      "fold" : 0.97699999999999998,
      "shove" : 0.002
    },
    "A8o" : {
      "call" : 0.0060000000000000001,
      "fold" : 0.99009999999999998,
      "raise25x" : 0.0038999999999999998
    },
    "A8s" : {
      "call" : 0.1211,
      "fold" : 0.87390000000000001,
      "raise25x" : 0.0024000000000000002,
      "shove" : 0.0026000000000000003
    },
    "A9o" : {
      "call" : 0.047899999999999998,
      "fold" : 0.95030000000000003,
      "shove" : 0.0012000000000000001
    },
    "A9s" : {
      "call" : 0.14710000000000001,
      "fold" : 0.83089999999999997,
      "raise25x" : 0.0212
    },
    "AA" : {
      "raise25x" : 0.55420000000000003,
      "shove" : 0.44579999999999997
    },
    "AJo" : {
      "call" : 0.70589999999999997,
      "fold" : 0.21629999999999999,
      "raise25x" : 0.073099999999999998,
      "shove" : 0.0047000000000000002
    },
    "AJs" : {
      "call" : 0.39019999999999999,
      "fold" : 0.0065000000000000006,
      "raise25x" : 0.59119999999999995,
      "shove" : 0.012199999999999999
    },
    "AKo" : {
      "raise25x" : 0.1676,
      "shove" : 0.83240000000000003
    },
    "AKs" : {
      "raise25x" : 0.1091,
      "shove" : 0.89090000000000003
    },
    "AQo" : {
      "call" : 0.74099999999999999,
      "raise25x" : 0.1113,
      "shove" : 0.1477
    },
    "AQs" : {
      "call" : 0.87439999999999996,
      "raise25x" : 0.058200000000000009,
      "shove" : 0.067400000000000002
    },
    "ATo" : {
      "call" : 0.16489999999999999,
      "fold" : 0.76680000000000004,
      "raise25x" : 0.065999999999999989,
      "shove" : 0.0023
    },
    "ATs" : {
      "call" : 0.70660000000000001,
      "fold" : 0.18759999999999999,
      "raise25x" : 0.104,
      "shove" : 0.0018
    },
    "J2o" : {
      "fold" : 1
    },
    "J2s" : {
      "call" : 0.0135,
      "fold" : 0.98629999999999995
    },
    "J3o" : {
      "call" : 0.0023,
      "fold" : 0.99760000000000004
    },
    "J3s" : {
      "fold" : 0.99929999999999997
    },
    "J4o" : {
      "fold" : 0.99980000000000002
    },
    "J4s" : {
      "fold" : 0.99809999999999999,
      "raise25x" : 0.0018
    },
    "J5o" : {
      "fold" : 1
    },
    "J5s" : {
      "fold" : 0.99990000000000001
    },
    "J6o" : {
      "call" : 0.0013000000000000002,
      "fold" : 0.99870000000000003
    },
    "J6s" : {
      "call" : 0.0019,
      "fold" : 0.998
    },
    "J7o" : {
      "fold" : 0.99990000000000001
    },
    "J7s" : {
      "call" : 0.040499999999999994,
      "fold" : 0.95930000000000004
    },