{
  "format" : "NLHE_MTT_8MAX",
  "hands" : {
    "44" : {
      "call" : 0.090899999999999995,
      "fold" : 0.90910000000000002
    },
    "54s" : {
      "call" : 0.0025000000000000001,
      "fold" : 0.99750000000000005
    },
    "55" : {
      "call" : 0.1817,
      "fold" : 0.81830000000000003
    },
    "66" : {
      "call" : 0.42570000000000002,
      "fold" : 0.57430000000000003
    },
    "75s" : {
      "call" : 0.041700000000000001,
      "fold" : 0.95830000000000004
    },
    "76s" : {
      "call" : 0.0038999999999999998,
      "fold" : 0.99609999999999999
    },
    "77" : {
      "call" : 0.51939999999999997,
      "fold" : 0.48060000000000003
    },
    "86s" : {
      "call" : 0.0048999999999999998,
      "fold" : 0.99509999999999998
    },
    "88" : "call",
    "96s" : {
      "call" : 0.029000000000000001,
      "fold" : 0.97099999999999997
    },
    "97s" : {
      "call" : 0.0050000000000000001,
      "fold" : 0.995
    },
    "98s" : {
      "call" : 0.16750000000000001,
      "fold" : 0.83250000000000002
    },
    "99" : {
      "call" : 0.98799999999999999,
      "fold" : 0.012
    },
    "A3s" : {
      "call" : 0.0054999999999999997,
      "fold" : 0.99450000000000005
    },
    "A4o" : {
      "call" : 0.0011999999999999999,
      "fold" : 0.99880000000000002
    },
    "A4s" : {
      "call" : 0.17269999999999999,
      "fold" : 0.82730000000000004
    },
    "A5o" : {
      "call" : 0.0063,
      "fold" : 0.99370000000000003
    },
    "A5s" : {
      "call" : 0.02,
      "fold" : 0.97999999999999998
    },
    "A6s" : {
      "call" : 0.0051000000000000004,
      "fold" : 0.99490000000000001
    },
    "A7o" : {
      "call" : 0.0067999999999999996,
      "fold" : 0.99319999999999997
    },
    "A7s" : {
      "call" : 0.032800000000000003,
      "fold" : 0.96719999999999995
    },
    "A8o" : {
      "call" : 0.0121,
      "fold" : 0.9879
    },
    "A8s" : {
      "call" : 0.25080000000000002,
      "fold" : 0.74919999999999998
    },
    "A9o" : {
      "call" : 0.0129,
      "fold" : 0.98709999999999998
    },
    "A9s" : {
      "call" : 0.0047999999999999996,
      "fold" : 0.99519999999999997
    },
    "AA" : "call",
    "AJo" : {
      "call" : 0.12130000000000001,
      "fold" : 0.87870000000000004
    },
    "AJs" : {
      "call" : 0.63859999999999995,
      "fold" : 0.3614
    },
    "AKo" : "call",
    "AKs" : "call",
    "AQo" : {
      "call" : 0.95550000000000002,
      "fold" : 0.044499999999999998
    },
    "AQs" : {
      "call" : 0.53620000000000001,
      "fold" : 0.46379999999999999
    },
    "ATo" : {
      "call" : 0.047600000000000003,
      "fold" : 0.95240000000000002
    },
    "ATs" : {
      "call" : 0.1198,
      "fold" : 0.88019999999999998
    },
    "J6s" : {
      "call" : 0.0014,
      "fold" : 0.99860000000000004
    },
    "J7s" : {
      "call" : 0.013299999999999999,
      "fold" : 0.98670000000000002
    },
    "J8o" : {
      "call" : 0.0011999999999999999,
      "fold" : 0.99880000000000002
    },
    "J8s" : {
      "call" : 0.1017,
      "fold" : 0.89829999999999999
    },
    "J9o" : {
      "call" : 0.0152,
      "fold" : 0.98480000000000001
    },
    "J9s" : {
      "call" : 0.0025000000000000001,
      "fold" : 0.99750000000000005
    },
    "JJ" : "call",
    "JTo" : {
      "call" : 0.020500000000000001,
      "fold" : 0.97950000000000004
    },
    "JTs" : {
      "call" : 0.077299999999999994,
      "fold" : 0.92269999999999996
    },
    "K4s" : {
      "call" : 0.0134,
      "fold" : 0.98660000000000003
    },
    "K5s" : {
      "call" : 0.25640000000000002,
      "fold" : 0.74360000000000004
    },
    "K6s" : {
      "call" : 0.16139999999999999,
      "fold" : 0.83860000000000001
    },
    "K7s" : {
      "call" : 0.090300000000000005,
      "fold" : 0.90969999999999995
    },
    "K8s" : {
      "call" : 0.0043,
      "fold" : 0.99570000000000003
    },
    "K9o" : {
      "call" : 0.0044000000000000003,
      "fold" : 0.99560000000000004
    },
    "K9s" : {
      "call" : 0.071099999999999997,
      "fold" : 0.92889999999999995
    },
    "KJo" : {
      "call" : 0.023599999999999999,
      "fold" : 0.97640000000000005
    },
    "KJs" : {
      "call" : 0.026800000000000001,
      "fold" : 0.97319999999999995
    },
    "KK" : "call",
    "KQo" : {
      "call" : 0.0061000000000000004,
      "fold" : 0.99390000000000001
    },
    "KQs" : {
      "call" : 0.1474,
      "fold" : 0.85260000000000002
    },
    "KTo" : {
      "call" : 0.010500000000000001,
      "fold" : 0.98950000000000005
    },
    "KTs" : {
      "call" : 0.023400000000000001,
      "fold" : 0.97660000000000002
    },
    "Q4s" : {
      "call" : 0.0070000000000000001,
      "fold" : 0.99299999999999999
    },
    "Q8s" : {
      "call" : 0.024,
      "fold" : 0.97599999999999998
    },
    "Q9o" : {
      "call" : 0.0015,
      "fold" : 0.99850000000000005
    },
    "Q9s" : {
      "call" : 0.029000000000000001,
      "fold" : 0.97099999999999997
    },
    "QJo" : {
      "call" : 0.0124,
      "fold" : 0.98760000000000003
    },
    "QJs" : {
      "call" : 0.057500000000000002,
      "fold" : 0.9425
    },
    "QQ" : "call",
    "QTo" : {
      "call" : 0.0037000000000000002,
      "fold" : 0.99629999999999996
    },
    "QTs" : {
      "call" : 0.38690000000000002,
      "fold" : 0.61309999999999998
    },
    "T6s" : "fold",
    "T8s" : {
      "call" : 0.019699999999999999,
      "fold" : 0.98029999999999995
    },
    "TT" : "call"
  },
  "id" : "mtt_8max_20bb_utg1_vs3bet",
  "source" : {
    "description" : "RangeConverter free PDF — 8-max 20bb 1bb ante (12.5%).",
    "publisher" : {
      "accessedDate" : "2026-05-25",
      "name" : "RangeConverter",
      "product" : "Free Poker Charts — 8 max 1bb ante MTT GTO Ranges",
      "treeParams" : "2.5x open, 3.5x 3bet IP, 4.5x 3bet OOP, 2.3x 4bet IP, 2.75x 4bet OOP, SB vs BB 3.2bb",
      "url" : "https:\/\/rangeconverter.com\/free-poker-charts"
    },
    "solver" : {
      "assumptions" : "Frequencies rounded to nearest 25% per source. ChipEV (non-ICM). 1bb (12.5%) big-blind ante."
    },
    "type" : "published"
  },
  "spot" : {
    "anteType" : "bigBlindAnte",
    "facingAction" : "vs3Bet",
    "position" : "UTG1",
    "stackDepthBB" : 20
  }
}