{
  "format" : "NLHE_MTT_8MAX",
  "hands" : {
    "22" : {
      "call" : 0.98819999999999997,
      "fold" : 0.0117
    },
    "33" : {
      "call" : 0.99509999999999998,
      "fold" : 0.0033,
      "shove" : 0.0015
    },
    "42s" : {
      "call" : 0.056300000000000003,
      "fold" : 0.94169999999999998,
      "shove" : 0.0019
    },
    "44" : {
      "call" : 0.98050000000000004,
      "fold" : 0.015900000000000001,
      "shove" : 0.0035999999999999999
    },
    "54s" : {
      "call" : 0.99580000000000002,
      "fold" : 0.0037000000000000002
    },
    "55" : {
      "call" : 0.72109999999999996,
      "fold" : 0.020500000000000001,
      "raise25x" : 0.079000000000000001,
      "shove" : 0.17949999999999999
    },
    "62s" : {
      "call" : 0.51949999999999996,
      "fold" : 0.44869999999999999,
      "shove" : 0.031800000000000002
    },
    "65o" : {
      "call" : 0.35899999999999999,
      "fold" : 0.64059999999999995
    },
    "66" : {
      "call" : 0.99760000000000004,
      "fold" : 0.0020999999999999999
    },
    "72s" : {
      "call" : 0.1061,
      "fold" : 0.89380000000000004
    },
    "73s" : {
      "call" : 0.077399999999999997,
      "fold" : 0.92120000000000002
    },
    "74s" : {
      "call" : 0.51459999999999995,
      "fold" : 0.35580000000000001,
      "shove" : 0.12959999999999999
    },
    "75s" : {
      "call" : 0.51619999999999999,
      "fold" : 0.34260000000000002,
      "raise25x" : 0.021299999999999999,
      "shove" : 0.11990000000000001
    },
    "76s" : {
      "call" : 0.2258,
      "fold" : 0.098599999999999993,
      "shove" : 0.67549999999999999
    },
    "77" : {
      "call" : 0.99470000000000003,
      "fold" : 0.0030000000000000001,
      "raise25x" : 0.0012999999999999999
    },
    "82s" : {
      "fold" : 0.99929999999999997
    },
    "85o" : {
      "call" : 0.0019,
      "fold" : 0.99790000000000001
    },
    "86s" : {
      "call" : 0.54149999999999998,
      "fold" : 0.44209999999999999,
      "shove" : 0.016400000000000001
    },
    "87s" : {
      "call" : 0.91710000000000003,
      "fold" : 0.082600000000000007
    },
    "88" : {
      "call" : 0.99390000000000001,
      "fold" : 0.0035999999999999999,
      "shove" : 0.0020999999999999999
    },
    "92s" : {
      "call" : 0.0043,
      "fold" : 0.995
    },
    "93s" : {
      "call" : 0.23150000000000001,
      "fold" : 0.31430000000000002,
      "shove" : 0.4541
    },
    "94s" : {
      "call" : 0.097500000000000003,
      "fold" : 0.89870000000000005,
      "shove" : 0.0038
    },
    "95s" : {
      "call" : 0.90049999999999997,
      "fold" : 0.097600000000000006,
      "shove" : 0.0018
    },
    "97o" : {
      "call" : 0.41689999999999999,
      "fold" : 0.58299999999999996
    },
    "97s" : {
      "call" : 0.98250000000000004,
      "fold" : 0.0047999999999999996,
      "shove" : 0.0126
    },
    "99" : {
      "call" : 0.96089999999999998,
      "raise25x" : 0.0041999999999999997,
      "shove" : 0.0349
    },
    "A2o" : {
      "call" : 0.31340000000000001,
      "fold" : 0.6865
    },
    "A2s" : {
      "call" : 0.37059999999999998,
      "fold" : 0.1057,
      "raise25x" : 0.0166,
      "shove" : 0.5071
    },
    "A3o" : {
      "call" : 0.67859999999999998,
      "fold" : 0.31990000000000002,
      "shove" : 0.0012999999999999999
    },
    "A3s" : {
      "call" : 0.63429999999999997,
      "fold" : 0.0533,
      "raise25x" : 0.0038999999999999998,
      "shove" : 0.30859999999999999
    },
    "A4o" : {
      "call" : 0.4698,
      "fold" : 0.52939999999999998
    },
    "A4s" : {
      "call" : 0.51929999999999998,
      "fold" : 0.40649999999999997,
      "raise25x" : 0.0041000000000000003,
      "shove" : 0.070099999999999996
    },
    "A5o" : {
      "call" : 0.99450000000000005,
      "fold" : 0.0054000000000000003
    },
    "A5s" : {
      "call" : 0.96730000000000005,
      "fold" : 0.029999999999999999,
      "shove" : 0.0027000000000000001
    },
    "A6o" : {
      "call" : 0.26040000000000002,
      "fold" : 0.73909999999999998
    },
    "A6s" : {
      "call" : 0.86570000000000003,
      "fold" : 0.12039999999999999,
      "raise25x" : 0.0068999999999999999,
      "shove" : 0.0070000000000000001
    },
    "A7o" : {
      "call" : 0.81379999999999997,
      "fold" : 0.1855
    },
    "A7s" : {
      "call" : 0.98509999999999998,
      "fold" : 0.011900000000000001,
      "raise25x" : 0.0016999999999999999,
      "shove" : 0.0012999999999999999
    },
    "A8o" : {
      "call" : 0.99070000000000003,
      "fold" : 0.0088000000000000005
    },
    "A8s" : {
      "call" : 0.86770000000000003,
      "fold" : 0.052499999999999998,
      "raise25x" : 0.0028999999999999998,
      "shove" : 0.076899999999999996
    },
    "A9o" : {
      "call" : 0.95099999999999996,
      "fold" : 0.048599999999999997
    },
    "A9s" : {
      "call" : 0.83409999999999995,
      "fold" : 0.12670000000000001,
      "shove" : 0.038199999999999998
    },
    "AA" : {
      "raise25x" : 0.1744,
      "shove" : 0.8256
    },
    "AJo" : {
      "call" : 0.99280000000000002,
      "raise25x" : 0.0044999999999999997,
      "shove" : 0.0022000000000000001
    },
    "AJs" : {
      "call" : 0.60570000000000002,
      "fold" : 0.0064999999999999997,
      "raise25x" : 0.27810000000000001,
      "shove" : 0.1096
    },
    "AKo" : {
      "call" : 0.011299999999999999,
      "raise25x" : 0.188,
      "shove" : 0.80069999999999997
    },
    "AKs" : {
      "call" : 0.050200000000000002,
      "raise25x" : 0.16900000000000001,
      "shove" : 0.78080000000000005
    },
    "AQo" : {
      "call" : 0.99319999999999997,
      "raise25x" : 0.0047000000000000002,
      "shove" : 0.0020999999999999999
    },
    "AQs" : {
      "call" : 0.98660000000000003,
      "fold" : 0.0038999999999999998,
      "raise25x" : 0.0016000000000000001,
      "shove" : 0.0077999999999999996
    },
    "ATo" : {
      "call" : 0.99739999999999995,
      "fold" : 0.0011999999999999999,
      "shove" : 0.0014
    },
    "ATs" : {
      "call" : 0.94350000000000001,
      "fold" : 0.0077000000000000002,
      "shove" : 0.048599999999999997
    },
    "J2s" : {
      "call" : 0.71950000000000003,
      "fold" : 0.2772,
      "shove" : 0.0025000000000000001
    },
    "J3s" : {
      "call" : 0.59750000000000003,
      "fold" : 0.39439999999999997,
      "shove" : 0.0080000000000000002
    },
    "J4s" : {
      "call" : 0.62090000000000001,
      "fold" : 0.37790000000000001,
      "raise25x" : 0.0011000000000000001
    },
    "J5o" : {
      "call" : 0.014500000000000001,
      "fold" : 0.98550000000000004
    },
    "J5s" : {
      "call" : 0.46450000000000002,
      "fold" : 0.51100000000000001,
      "shove" : 0.024299999999999999
    },
    "J6s" : {
      "call" : 0.55210000000000004,
      "fold" : 0.44669999999999999
    },
    "J7o" : {
      "call" : 0.022499999999999999,
      "fold" : 0.97729999999999995
    },
    "J7s" : {
      "call" : 0.23569999999999999,
      "fold" : 0.76400000000000001
    },
    "J8o" : {
      "call" : 0.7641,
      "fold" : 0.23530000000000001
    },
    "J8s" : {
      "call" : 0.67290000000000005,
      "fold" : 0.2959,
      "shove" : 0.031
    },
    "J9o" : {
      "call" : 0.88229999999999997,
      "fold" : 0.1176
    },
    "J9s" : {
      "call" : 0.92579999999999996,
      "fold" : 0.047800000000000002,
      "raise25x" : 0.0060000000000000001,
      "shove" : 0.020400000000000001
    },
    "JJ" : {
      "call" : 0.77110000000000001,
      "fold" : 0.0035000000000000001,
      "raise25x" : 0.089800000000000005,
      "shove" : 0.1356
    },
    "JTo" : {
      "call" : 0.95599999999999996,
      "fold" : 0.043499999999999997
    },
    "JTs" : {
      "call" : 0.97750000000000004,
      "fold" : 0.022100000000000002
    },
    "K2o" : {
      "call" : 0.045199999999999997,
      "fold" : 0.95479999999999998
    },
    "K2s" : {
      "call" : 0.72619999999999996,