{
  "format" : "NLHE_MTT_8MAX",
  "hands" : {
    "22" : {
      "call" : 1
    },
    "32s" : {
      "call" : 1
    },
    "33" : {
      "call" : 1
    },
    "42s" : {
      "call" : 1
    },
    "43s" : {
      "call" : 1
    },
    "44" : {
      "call" : 1
    },
    "52s" : {
      "call" : 1
    },
    "53o" : {
      "call" : 0.16500000000000001,
      "fold" : 0.83499999999999996
    },
    "53s" : {
      "call" : 1
    },
    "54o" : {
      "call" : 1
    },
    "54s" : {
      "call" : 0.98499999999999999,
      "raise3x" : 0.014999999999999999
    },
    "55" : {
      "call" : 1
    },
    "62s" : {
      "call" : 1
    },
    "63s" : {
      "call" : 1
    },
    "64s" : {
      "call" : 1
    },
    "65o" : {
      "call" : 1
    },
    "65s" : {
      "call" : 0.91000000000000003,
      "raise3x" : 0.089999999999999997
    },
    "66" : {
      "call" : 1
    },
    "72s" : {
      "call" : 1
    },
    "73s" : {
      "call" : 1
    },
    "74s" : {
      "call" : 1
    },
    "75o" : {
      "call" : 0.064799999999999996,
      "fold" : 0.93520000000000003
    },
    "75s" : {
      "call" : 1
    },
    "76o" : {
      "call" : 1
    },
    "76s" : {
      "call" : 1
    },
    "77" : {
      "call" : 1
    },
    "82s" : {
      "call" : 1
    },
    "83s" : {
      "call" : 1
    },
    "84s" : {
      "call" : 1
    },
    "85s" : {
      "call" : 1
    },
    "86o" : {
      "call" : 0.52000000000000002,
      "fold" : 0.47999999999999998
    },
    "86s" : {
      "call" : 1
    },
    "87o" : {
      "call" : 1
    },
    "87s" : {
      "call" : 0.86519999999999997,
      "raise3x" : 0.1348
    },
    "88" : {
      "call" : 1
    },
    "92s" : {
      "call" : 1
    },
    "93s" : {
      "call" : 1
    },
    "94s" : {
      "call" : 1
    },
    "95s" : {
      "call" : 1
    },
    "96s" : {
      "call" : 1
    },
    "97o" : {
      "call" : 0.80010000000000003,
      "fold" : 0.19989999999999999
    },
    "97s" : {
      "call" : 1
    },
    "98o" : {
      "call" : 0.96009999999999995,
      "raise3x" : 0.039899999999999998
    },
    "98s" : {
      "call" : 1
    },
    "99" : {
      "call" : 0.80510000000000004,
      "raise3x" : 0.19489999999999999
    },
    "A2s" : {
      "call" : 1
    },
    "A3o" : {
      "call" : 0.8901,
      "raise3x" : 0.1099
    },
    "A3s" : {
      "call" : 1
    },
    "A4o" : {
      "call" : 0.755,
      "raise3x" : 0.245
    },
    "A4s" : {
      "call" : 1
    },
    "A5o" : {
      "call" : 0.75009999999999999,
      "raise3x" : 0.24990000000000001
    },
    "A5s" : {
      "call" : 1
    },
    "A6o" : {
      "call" : 1
    },
    "A6s" : {
      "call" : 1
    },
    "A7o" : {
      "call" : 0.83999999999999997,
      "raise3x" : 0.16
    },
    "A7s" : {
      "call" : 1
    },
    "A8o" : {
      "call" : 0.94020000000000004,
      "raise3x" : 0.059799999999999999
    },
    "A8s" : {
      "call" : 1
    },
    "A9o" : {
      "call" : 0.79510000000000003,
      "raise3x" : 0.2049
    },
    "A9s" : {
      "call" : 1
    },
    "AA" : {
      "raise3x" : 1
    },
    "AJo" : {
      "call" : 0.89510000000000001,
      "raise3x" : 0.10489999999999999
    },
    "AJs" : {
      "call" : 1
    },
    "AKo" : {
      "raise3x" : 1
    },
    "AKs" : {
      "raise3x" : 1
    },
    "AQo" : {
      "call" : 0.45000000000000001,
      "raise3x" : 0.55000000000000004
    },
    "AQs" : {
      "call" : 1
    },
    "ATo" : {
      "call" : 0.67500000000000004,
      "raise3x" : 0.32500000000000001
    },
    "ATs" : {
      "call" : 1
    },
    "J2s" : {
      "call" : 1
    },
    "J3s" : {
      "call" : 1
    },
    "J4s" : {
      "call" : 1
    },
    "J5s" : {
      "call" : 1
    },
    "J6s" : {
      "call" : 1
    },
    "J7s" : {
      "call" : 1
    },
    "J8o" : {
      "call" : 0.33989999999999998,
      "fold" : 0.66010000000000002
    },
    "J8s" : {
      "call" : 0.78500000000000003,
      "raise3x" : 0.215
    },
    "J9o" : {
      "call" : 0.8851,
      "raise3x" : 0.1149
    },
    "J9s" : {
      "call" : 0.80010000000000003,
      "raise3x" : 0.19989999999999999
    },
    "JJ" : {
      "raise3x" : 1
    },
    "JTo" : {
      "call" : 0.85499999999999998,
      "raise3x" : 0.14499999999999999
    },
    "JTs" : {
      "call" : 1
    },
    "K2s" : {
      "call" : 1
    },
    "K3s" : {
      "call" : 1
    },
    "K4s" : {
      "call" : 1
    },
    "K5o" : {
      "call" : 0.1099,
      "fold" : 0.8901
    },
    "K5s" : {
      "call" : 1
    },
    "K6o" : {
      "call" : 1
    },
    "K6s" : {
      "call" : 0.4849,
      "raise3x" : 0.5151
    },
    "K7o" : {
      "call" : 0.14999999999999999,
      "fold" : 0.84999999999999998
    },
    "K7s" : {
      "call" : 0.95009999999999994,
      "raise3x" : 0.0499
    },
    "K8o" : {
      "call" : 1
    },
    "K8s" : {
      "call" : 1
    },
    "K9o" : {
      "call" : 1
    },
    "K9s" : {
      "call" : 0.41489999999999999,
      "raise3x" : 0.58509999999999995
    },
    "KJo" : {
      "call" : 0.81010000000000004,
      "raise3x" : 0.18990000000000001
    },
    "KJs" : {
      "call" : 1
    },
    "KK" : {
      "raise3x" : 1
    },
    "KQo" : {
      "call" : 1
    },
    "KQs" : {
      "call" : 1
    },
    "KTo" : {
      "call" : 0.66010000000000002,
      "raise3x" : 0.33989999999999998
    },
    "KTs" : {
      "call" : 1
    },
    "Q2s" : {
      "call" : 1
    },
    "Q3s" : {
      "call" : 1
    },
    "Q4s" : {
      "call" : 1
    },
    "Q5s" : {
      "call" : 1
    },
    "Q6s" : {
      "call" : 1
    },
    "Q7s" : {
      "call" : 1
    },
    "Q8o" : {
      "call" : 0.68500000000000005,
      "fold" : 0.315
    },
    "Q8s" : {
      "call" : 1
    },
    "Q9o" : {
      "call" : 1
    },
    "Q9s" : {
      "call" : 1
    },
    "QJo" : {
      "call" : 0.66010000000000002,
      "raise3x" : 0.33989999999999998
    },
    "QJs" : {
      "call" : 1
    },
    "QQ" : {
      "raise3x" : 1
    },
    "QTo" : {
      "call" : 0.98999999999999999,
      "raise3x" : 0.01
    },
    "QTs" : {
      "call" : 1
    },
    "T2s" : {
      "call" : 1
    },
    "T3s" : {
      "call" : 1
    },
    "T4s" : {
      "call" : 1
    },
    "T5s" : {
      "call" : 1
    },
    "T6s" : {
      "call" : 1
    },
    "T7s" : {
      "call" : 1
    },
    "T8o" : {
      "call" : 1
    },
    "T8s" : {
      "call" : 0.87509999999999999,
      "raise3x" : 0.1249
    },
    "T9o" : {
      "call" : 0.93020000000000003,
      "raise3x" : 0.069800000000000001
    },
    "T9s" : {
      "call" : 0.98009999999999997,
      "raise3x" : 0.019900000000000001
    },
    "TT" : {
      "call" : 0.085000000000000006,
      "raise3x" : 0.91500000000000004
    }
  },
  "id" : "mtt_8max_40bb_bb_vsopen_vs_utg1",
  "source" : {
    "description" : "RangeConverter free PDF — 8-max 40bb 1bb ante (12.5%).",
    "publisher" : {
      "accessedDate" : "2026-06-01",
      "name" : "RangeConverter",
      "product" : "Free Poker Charts — 8 max 1bb ante MTT GTO Ranges",
      "treeParams" : "poker.academy CE-Symmetric Regular @ 40bb (GTO ChipEV, 1bb ante)",
      "url" : "https:\/\/rangeconverter.com\/free-poker-charts"
    },
    "solver" : {
      "assumptions" : "Frequencies rounded to nearest 25% per source. ChipEV (non-ICM). 1bb (12.5%) big-blind ante."
    },
    "type" : "published"
  },
  "spot" : {
    "anteType" : "bigBlindAnte",
    "facingAction" : "vsOpen",
    "opponentPosition" : "UTG1",
    "position" : "BB",
    "stackDepthBB" : 40
  }
}