{
  "format" : "NLHE_MTT_9MAX",
  "hands" : {
    "22" : {
      "call" : 1
    },
    "33" : {
      "call" : 1
    },
    "44" : {
      "call" : 1
    },
    "55" : {
      "call" : 1
    },
    "66" : {
      "call" : 1
    },
    "76s" : {
      "call" : 1
    },
    "77" : {
      "call" : 1
    },
    "87s" : {
      "call" : 1
    },
    "88" : {
      "call" : 1
    },
    "98s" : {
      "call" : 0.93210000000000004,
      "fold" : 0.067900000000000002
    },
    "99" : {
      "call" : 1
    },
    "A3s" : {
      "call" : 0.1779,
      "fold" : 0.54400000000000004,
      "raise25x" : 0.27810000000000001
    },
    "A4s" : {
      "call" : 0.64410000000000001,
      "raise25x" : 0.35589999999999999
    },
    "A5s" : {
      "call" : 1
    },
    "A6s" : {
      "call" : 0.62209999999999999,
      "raise25x" : 0.37790000000000001
    },
    "A7s" : {
      "call" : 0.41399999999999998,
      "fold" : 0.25,
      "raise25x" : 0.33600000000000002
    },
    "A8s" : {
      "call" : 0.7661,
      "raise25x" : 0.2339
    },
    "A9s" : {
      "call" : 1
    },
    "AA" : {
      "raise25x" : 1
    },
    "AJo" : {
      "call" : 0.26200000000000001,
      "fold" : 0.48199999999999998,
      "raise25x" : 0.25600000000000001
    },
    "AJs" : {
      "call" : 1
    },
    "AKo" : {
      "raise25x" : 0.70999999999999996,
      "shove" : 0.28999999999999998
    },
    "AKs" : {
      "raise25x" : 1
    },
    "AQo" : {
      "call" : 0.79600000000000004,
      "raise25x" : 0.20399999999999999
    },
    "AQs" : {
      "call" : 1
    },
    "ATo" : {
      "fold" : 0.96220000000000006,
      "raise25x" : 0.0378
    },
    "ATs" : {
      "call" : 1
    },
    "J9s" : {
      "call" : 0.39389999999999997,
      "fold" : 0.60609999999999997
    },
    "JJ" : {
      "call" : 0.69210000000000005,
      "raise25x" : 0.099900000000000003,
      "shove" : 0.20799999999999999
    },
    "JTs" : {
      "call" : 1
    },
    "K6s" : {
      "call" : 1
    },
    "K7s" : {
      "call" : 0.0057999999999999996,
      "fold" : 0.99419999999999997
    },
    "K8s" : {
      "call" : 0.1118,
      "fold" : 0.7127,
      "raise25x" : 0.17549999999999999
    },
    "K9s" : {
      "call" : 0.73409999999999997,
      "raise25x" : 0.26590000000000003
    },
    "KJo" : {
      "fold" : 0.89800000000000002,
      "raise25x" : 0.10199999999999999
    },
    "KJs" : {
      "call" : 1
    },
    "KK" : {
      "raise25x" : 1
    },
    "KQo" : {
      "call" : 0.68210000000000004,
      "raise25x" : 0.31790000000000002
    },
    "KQs" : {
      "call" : 1
    },
    "KTs" : {
      "call" : 0.75819999999999999,
      "raise25x" : 0.24179999999999999
    },
    "Q9s" : {
      "call" : 0.2258,
      "fold" : 0.7742
    },
    "QJs" : {
      "call" : 1
    },
    "QQ" : {
      "raise25x" : 1
    },
    "QTs" : {
      "call" : 1
    },
    "T8s" : {
      "call" : 0.72799999999999998,
      "fold" : 0.27200000000000002
    },
    "T9s" : {
      "call" : 1
    },
    "TT" : {
      "call" : 0.75209999999999999,
      "raise25x" : 0.24790000000000001
    }
  },
  "id" : "mtt_9max_70bb_lj_vs3bet_vs_co",
  "source" : {
    "description" : "Adapted from RangeConverter 8-max baseline.",
    "publisher" : {
      "accessedDate" : "2026-06-01",
      "name" : "RangeConverter",
      "product" : "Free Poker Charts — 8 max 1bb ante MTT GTO Ranges",
      "treeParams" : "2.5x open, 3.5x 3bet IP, 4.5x 3bet OOP, 2.3x 4bet IP, 2.75x 4bet OOP, SB vs BB 3.2bb",
      "url" : "https:\/\/rangeconverter.com\/free-poker-charts"
    },
    "solver" : {
      "assumptions" : "Frequencies rounded to nearest 25% per source. ChipEV (non-ICM). 1bb (12.5%) big-blind ante. Copied verbatim from 8-max LJ (same effective seat in 9-max)."
    },
    "type" : "published"
  },
  "spot" : {
    "anteType" : "bigBlindAnte",
    "facingAction" : "vs3Bet",
    "opponentPosition" : "CO",
    "position" : "LJ",
    "stackDepthBB" : 70
  }
}