{
  "format" : "NLHE_MTT_8MAX",
  "hands" : {
    "22" : {
      "fold" : 0.99970000000000003
    },
    "32o" : {
      "fold" : 1
    },
    "32s" : {
      "fold" : 1
    },
    "33" : {
      "fold" : 0.99990000000000001
    },
    "42o" : {
      "fold" : 1
    },
    "42s" : {
      "fold" : 1
    },
    "43o" : {
      "fold" : 1
    },
    "43s" : {
      "fold" : 1
    },
    "44" : {
      "fold" : 0.97629999999999995,
      "raise25x" : 0.023699999999999999
    },
    "52o" : {
      "fold" : 1
    },
    "52s" : {
      "fold" : 1
    },
    "53o" : {
      "fold" : 1
    },
    "53s" : {
      "fold" : 0.99990000000000001
    },
    "54o" : {
      "fold" : 1
    },
    "54s" : {
      "fold" : 1
    },
    "55" : {
      "fold" : 0.95830000000000004,
      "raise25x" : 0.041700000000000001
    },
    "62o" : {
      "fold" : 1
    },
    "62s" : {
      "fold" : 1
    },
    "63o" : {
      "fold" : 1
    },
    "63s" : {
      "fold" : 1
    },
    "64o" : {
      "fold" : 1
    },
    "64s" : {
      "fold" : 1
    },
    "65o" : {
      "fold" : 1
    },
    "65s" : {
      "fold" : 0.99939999999999996
    },
    "66" : {
      "fold" : 0.13569999999999999,
      "raise25x" : 0.86429999999999996
    },
    "72o" : {
      "fold" : 1
    },
    "72s" : {
      "fold" : 0.99990000000000001
    },
    "73o" : {
      "fold" : 1
    },
    "73s" : {
      "fold" : 0.99980000000000002
    },
    "74o" : {
      "fold" : 1
    },
    "74s" : {
      "fold" : 1
    },
    "75o" : {
      "fold" : 1
    },
    "75s" : {
      "fold" : 1
    },
    "76o" : {
      "fold" : 1
    },
    "76s" : {
      "fold" : 0.99950000000000006
    },
    "77" : {
      "raise25x" : 1
    },
    "82o" : {
      "fold" : 1
    },
    "82s" : {
      "fold" : 1
    },
    "83o" : {
      "fold" : 1
    },
    "83s" : {
      "fold" : 0.99990000000000001
    },
    "84o" : {
      "fold" : 1
    },
    "84s" : {
      "fold" : 1
    },
    "85o" : {
      "fold" : 1
    },
    "85s" : {
      "fold" : 0.99980000000000002
    },
    "86o" : {
      "fold" : 1
    },
    "86s" : {
      "fold" : 0.99929999999999997
    },
    "87o" : {
      "fold" : 1
    },
    "87s" : {
      "fold" : 0.99970000000000003
    },
    "88" : {
      "raise25x" : 1
    },
    "92o" : {
      "fold" : 1
    },
    "92s" : {
      "fold" : 1
    },
    "93o" : {
      "fold" : 1
    },
    "93s" : {
      "fold" : 1
    },
    "94o" : {
      "fold" : 1
    },
    "94s" : {
      "fold" : 1
    },
    "95o" : {
      "fold" : 1
    },
    "95s" : {
      "fold" : 1
    },
    "96o" : {
      "fold" : 1
    },
    "96s" : {
      "fold" : 0.99980000000000002
    },
    "97o" : {
      "fold" : 1
    },
    "97s" : {
      "fold" : 0.99990000000000001
    },
    "98o" : {
      "fold" : 1
    },
    "98s" : {
      "fold" : 0.99980000000000002
    },
    "99" : {
      "raise25x" : 1
    },
    "A2o" : {
      "fold" : 1
    },
    "A2s" : {
      "fold" : 0.9032,
      "raise25x" : 0.096799999999999997
    },
    "A3o" : {
      "fold" : 0.99990000000000001
    },
    "A3s" : {
      "fold" : 0.97719999999999996,
      "raise25x" : 0.022800000000000001
    },
    "A4o" : {
      "fold" : 0.99950000000000006
    },
    "A4s" : {
      "fold" : 0.99109999999999998,
      "raise25x" : 0.0088999999999999999
    },
    "A5o" : {
      "fold" : 0.99650000000000005,
      "raise25x" : 0.0035000000000000001
    },
    "A5s" : {
      "raise25x" : 0.99960000000000004
    },
    "A6o" : {
      "fold" : 0.99980000000000002
    },
    "A6s" : {
      "fold" : 0.34139999999999998,
      "raise25x" : 0.65859999999999996
    },
    "A7o" : {
      "fold" : 0.99980000000000002
    },
    "A7s" : {
      "fold" : 0.18540000000000001,
      "raise25x" : 0.81459999999999999
    },
    "A8o" : {
      "fold" : 0.96719999999999995,
      "raise25x" : 0.032800000000000003
    },
    "A8s" : {
      "fold" : 0.0023,
      "raise25x" : 0.99770000000000003
    },
    "A9o" : {
      "fold" : 0.34989999999999999,
      "raise25x" : 0.65010000000000001
    },
    "A9s" : {
      "raise25x" : 0.99970000000000003
    },
    "AA" : {
      "raise25x" : 1
    },
    "AJo" : {
      "raise25x" : 1
    },
    "AJs" : {
      "raise25x" : 1
    },
    "AKo" : {
      "raise25x" : 1
    },
    "AKs" : {
      "raise25x" : 1
    },
    "AQo" : {
      "raise25x" : 1
    },
    "AQs" : {
      "raise25x" : 1
    },
    "ATo" : {
      "raise25x" : 1
    },
    "ATs" : {
      "raise25x" : 1
    },
    "J2o" : {
      "fold" : 1
    },
    "J2s" : {
      "fold" : 1
    },
    "J3o" : {
      "fold" : 1
    },
    "J3s" : {
      "fold" : 0.99939999999999996
    },
    "J4o" : {
      "fold" : 1
    },
    "J4s" : {
      "fold" : 0.99970000000000003
    },
    "J5o" : {
      "fold" : 1
    },
    "J5s" : {
      "fold" : 0.99980000000000002
    },
    "J6o" : {
      "fold" : 1
    },
    "J6s" : {
      "fold" : 0.99990000000000001
    },
    "J7o" : {
      "fold" : 1
    },
    "J7s" : {
      "fold" : 1
    },
    "J8o" : {
      "fold" : 0.99990000000000001
    },
    "J8s" : {
      "fold" : 0.99780000000000002,
      "raise25x" : 0.0022000000000000001
    },
    "J9o" : {
      "fold" : 0.99990000000000001
    },
    "J9s" : {
      "fold" : 0.98740000000000006,
      "raise25x" : 0.0126
    },
    "JJ" : {
      "raise25x" : 1
    },
    "JTo" : {
      "fold" : 0.99770000000000003,
      "raise25x" : 0.0023
    },
    "JTs" : {
      "fold" : 0.24079999999999999,
      "raise25x" : 0.75919999999999999
    },
    "K2o" : {
      "fold" : 1
    },
    "K2s" : {
      "fold" : 0.99990000000000001
    },
    "K3o" : {
      "fold" : 1
    },
    "K3s" : {
      "fold" : 0.999
    },
    "K4o" : {
      "fold" : 1
    },
    "K4s" : {
      "fold" : 0.99719999999999998,
      "raise25x" : 0.0028
    },
    "K5o" : {
      "fold" : 1
    },
    "K5s" : {
      "fold" : 1
    },
    "K6o" : {
      "fold" : 1
    },
    "K6s" : {
      "fold" : 0.99309999999999998,
      "raise25x" : 0.0068999999999999999
    },
    "K7o" : {
      "fold" : 1
    },
    "K7s" : {
      "fold" : 0.99550000000000005,
      "raise25x" : 0.0044999999999999997
    },
    "K8o" : {
      "fold" : 0.99980000000000002
    },
    "K8s" : {
      "fold" : 0.96799999999999997,
      "raise25x" : 0.032000000000000001
    },
    "K9o" : {
      "fold" : 0.99339999999999995,
      "raise25x" : 0.0066
    },
    "K9s" : {
      "fold" : 0.121,
      "raise25x" : 0.879
    },
    "KJo" : {
      "raise25x" : 1
    },
    "KJs" : {
      "raise25x" : 0.99990000000000001
    },
    "KK" : {
      "raise25x" : 1
    },
    "KQo" : {
      "raise25x" : 1
    },
    "KQs" : {
      "raise25x" : 1
    },
    "KTo" : {
      "fold" : 0.97450000000000003,
      "raise25x" : 0.025499999999999998
    },
    "KTs" : {
      "raise25x" : 1
    },
    "Q2o" : {
      "fold" : 1
    },
    "Q2s" : {
      "fold" : 1
    },
    "Q3o" : {
      "fold" : 1
    },
    "Q3s" : {
      "fold" : 0.99990000000000001
    },
    "Q4o" : {
      "fold" : 1
    },
    "Q4s" : {
      "fold" : 0.999
    },
    "Q5o" : {
      "fold" : 1
    },
    "Q5s" : {
      "fold" : 0.99980000000000002
    },
    "Q6o" : {
      "fold" : 1
    },
    "Q6s" : {
      "fold" : 0.99970000000000003
    },
    "Q7o" : {
      "fold" : 1
    },
    "Q7s" : {
      "fold" : 0.99970000000000003
    },
    "Q8o" : {
      "fold" : 1
    },
    "Q8s" : {
      "fold" : 0.99929999999999997
    },
    "Q9o" : {
      "fold" : 1
    },
    "Q9s" : {
      "fold" : 0.90380000000000005,
      "raise25x" : 0.096199999999999994
    },
    "QJo" : {
      "fold" : 0.60360000000000003,
      "raise25x" : 0.39639999999999997
    },
    "QJs" : {
      "raise25x" : 1
    },
    "QQ" : {
      "raise25x" : 1
    },
    "QTo" : {
      "fold" : 0.99880000000000002,
      "raise25x" : 0.0011999999999999999
    },
    "QTs" : {
      "fold" : 0.45500000000000002,