{
  "format" : "NLHE_MTT_8MAX",
  "hands" : {
    "22" : {
      "call" : 1
    },
    "33" : {
      "call" : 1
    },
    "44" : {
      "call" : 1
    },
    "54s" : {
      "call" : 1
    },
    "55" : {
      "call" : 0.87809999999999999,
      "fold" : 0.12189999999999999
    },
    "65s" : {
      "call" : 1
    },
    "66" : {
      "call" : 0.65010000000000001,
      "fold" : 0.34989999999999999
    },
    "76s" : {
      "call" : 1
    },
    "77" : {
      "call" : 0.48599999999999999,
      "fold" : 0.51400000000000001
    },
    "87s" : {
      "call" : 1
    },
    "88" : {
      "call" : 0.53000000000000003,
      "fold" : 0.46999999999999997
    },
    "99" : {
      "call" : 0.66800000000000004,
      "fold" : 0.33200000000000002
    },
    "A3s" : {
      "fold" : 0.6361,
      "raise3x" : 0.3639
    },
    "A4s" : {
      "call" : 0.218,
      "fold" : 0.504,
      "raise3x" : 0.27800000000000002
    },
    "A5s" : {
      "call" : 0.54210000000000003,
      "raise3x" : 0.45789999999999997
    },
    "A7s" : {
      "fold" : 0.8861,
      "raise3x" : 0.1139
    },
    "A8s" : {
      "fold" : 0.90820000000000001,
      "raise3x" : 0.091800000000000007
    },
    "A9s" : {
      "call" : 0.67800000000000005,
      "fold" : 0.32200000000000001
    },
    "AA" : {
      "raise3x" : 1
    },
    "AJs" : {
      "call" : 0.64410000000000001,
      "raise3x" : 0.35589999999999999
    },
    "AKo" : {
      "call" : 0.56599999999999995,
      "raise3x" : 0.434
    },
    "AKs" : {
      "raise3x" : 1
    },
    "AQo" : {
      "call" : 0.053900000000000003,
      "fold" : 0.62749999999999995,
      "raise3x" : 0.31859999999999999
    },
    "AQs" : {
      "call" : 1
    },
    "ATs" : {
      "call" : 1
    },
    "JJ" : {
      "call" : 0.65410000000000001,
      "raise3x" : 0.34589999999999999
    },
    "JTs" : {
      "call" : 0.3659,
      "fold" : 0.6341
    },
    "K9s" : {
      "fold" : 0.92210000000000003,
      "raise3x" : 0.077899999999999997
    },
    "KJs" : {
      "call" : 0.28189999999999998,
      "raise3x" : 0.71809999999999996
    },
    "KK" : {
      "raise3x" : 1
    },
    "KQs" : {
      "call" : 0.93410000000000004,
      "raise3x" : 0.0659
    },
    "KTs" : {
      "call" : 0.27800000000000002,
      "raise3x" : 0.72199999999999998
    },
    "QJs" : {
      "call" : 0.12590000000000001,
      "fold" : 0.87409999999999999
    },
    "QQ" : {
      "call" : 0.80620000000000003,
      "raise3x" : 0.1938
    },
    "QTs" : {
      "call" : 0.39789999999999998,
      "fold" : 0.60209999999999997
    },
    "T9s" : {
      "call" : 0.52000000000000002,
      "fold" : 0.47999999999999998
    },
    "TT" : {
      "call" : 0.86019999999999996,
      "raise3x" : 0.13980000000000001
    }
  },
  "id" : "mtt_8max_100bb_utg_vs3bet_vs_hj",
  "source" : {
    "description" : "RangeConverter free PDF — 8-max 100bb 1bb ante (12.5%).",
    "publisher" : {
      "accessedDate" : "2026-06-01",
      "name" : "RangeConverter",
      "product" : "Free Poker Charts — 8 max 1bb ante MTT GTO Ranges",
      "treeParams" : "poker.academy CE-Symmetric Regular @ 100bb (GTO ChipEV, 1bb ante)",
      "url" : "https:\/\/rangeconverter.com\/free-poker-charts"
    },
    "solver" : {
      "assumptions" : "Frequencies rounded to nearest 25% per source. ChipEV (non-ICM). 1bb (12.5%) big-blind ante."
    },
    "type" : "published"
  },
  "spot" : {
    "anteType" : "bigBlindAnte",
    "facingAction" : "vs3Bet",
    "opponentPosition" : "HJ",
    "position" : "UTG",
    "stackDepthBB" : 100
  }
}