{
  "format" : "NLHE_MTT_8MAX",
  "hands" : {
    "22" : {
      "call" : 0.0022000000000000001,
      "fold" : 0.99760000000000004
    },
    "32o" : {
      "fold" : 1
    },
    "32s" : {
      "fold" : 0.99919999999999998
    },
    "33" : {
      "fold" : 0.99429999999999996,
      "shove" : 0.0047000000000000002
    },
    "42o" : {
      "fold" : 0.99990000000000001
    },
    "42s" : {
      "fold" : 0.99950000000000006
    },
    "43o" : {
      "fold" : 1
    },
    "43s" : {
      "call" : 0.0038,
      "fold" : 0.99550000000000005
    },
    "44" : {
      "fold" : 0.9758,
      "shove" : 0.0241
    },
    "52o" : {
      "fold" : 1
    },
    "52s" : {
      "fold" : 0.99950000000000006
    },
    "53o" : {
      "fold" : 0.99990000000000001
    },
    "53s" : {
      "call" : 0.0030000000000000001,
      "fold" : 0.997
    },
    "54o" : {
      "fold" : 0.99919999999999998
    },
    "54s" : {
      "fold" : 0.99819999999999998
    },
    "55" : {
      "call" : 0.032000000000000001,
      "fold" : 0.88959999999999995,
      "raise25x" : 0.061899999999999997,
      "shove" : 0.0166
    },
    "62o" : {
      "fold" : 0.99980000000000002
    },
    "62s" : {
      "call" : 0.002,
      "fold" : 0.99770000000000003
    },
    "63o" : {
      "fold" : 0.99990000000000001
    },
    "63s" : {
      "fold" : 0.99990000000000001
    },
    "64o" : {
      "fold" : 0.99990000000000001
    },
    "64s" : {
      "call" : 0.014500000000000001,
      "fold" : 0.98409999999999997,
      "shove" : 0.0012999999999999999
    },
    "65o" : {
      "fold" : 1
    },
    "65s" : {
      "fold" : 0.99939999999999996
    },
    "66" : {
      "call" : 0.1462,
      "fold" : 0.84599999999999997,
      "raise25x" : 0.0077000000000000002
    },
    "72o" : {
      "fold" : 0.99990000000000001
    },
    "72s" : {
      "fold" : 0.99990000000000001
    },
    "73o" : {
      "fold" : 1
    },
    "73s" : {
      "fold" : 0.99890000000000001
    },
    "74o" : {
      "fold" : 0.99990000000000001
    },
    "74s" : {
      "fold" : 0.99909999999999999
    },
    "75o" : {
      "fold" : 1
    },
    "75s" : {
      "fold" : 0.99909999999999999
    },
    "76o" : {
      "fold" : 1
    },
    "76s" : {
      "call" : 0.0053,
      "fold" : 0.9929,
      "raise25x" : 0.0016999999999999999
    },
    "77" : {
      "call" : 0.19950000000000001,
      "fold" : 0.44330000000000003,
      "raise25x" : 0.34960000000000002,
      "shove" : 0.0076
    },
    "82o" : {
      "fold" : 0.99990000000000001
    },
    "82s" : {
      "fold" : 0.99990000000000001
    },
    "83o" : {
      "fold" : 1
    },
    "83s" : {
      "fold" : 0.99929999999999997
    },
    "84o" : {
      "fold" : 1
    },
    "84s" : {
      "fold" : 0.99929999999999997
    },
    "85o" : {
      "fold" : 0.99990000000000001
    },
    "85s" : {
      "call" : 0.0012999999999999999,
      "fold" : 0.99860000000000004
    },
    "86o" : {
      "fold" : 0.99990000000000001
    },
    "86s" : {
      "call" : 0.056899999999999999,
      "fold" : 0.9425
    },
    "87o" : {
      "fold" : 1
    },
    "87s" : {
      "fold" : 0.99519999999999997,
      "raise25x" : 0.002,
      "shove" : 0.0027000000000000001
    },
    "88" : {
      "call" : 0.92900000000000005,
      "raise25x" : 0.061800000000000001,
      "shove" : 0.0089999999999999993
    },
    "92o" : {
      "fold" : 1
    },
    "92s" : {
      "call" : 0.0067999999999999996,
      "fold" : 0.99070000000000003,
      "raise25x" : 0.0012999999999999999,
      "shove" : 0.0011999999999999999
    },
    "93o" : {
      "fold" : 1
    },
    "93s" : {
      "call" : 0.002,
      "fold" : 0.99790000000000001
    },
    "94o" : {
      "fold" : 1
    },
    "94s" : {
      "fold" : 0.99929999999999997
    },
    "95o" : {
      "fold" : 0.99970000000000003
    },
    "95s" : {
      "fold" : 0.99890000000000001
    },
    "96o" : {
      "fold" : 1
    },
    "96s" : {
      "fold" : 0.99919999999999998
    },
    "97o" : {
      "fold" : 0.99929999999999997
    },
    "97s" : {
      "call" : 0.0015,
      "fold" : 0.99780000000000002
    },
    "98o" : {
      "fold" : 0.99990000000000001
    },
    "98s" : {
      "call" : 0.0094000000000000004,
      "fold" : 0.95789999999999997,
      "raise25x" : 0.029899999999999999,
      "shove" : 0.0028
    },
    "99" : {
      "call" : 0.80269999999999997,
      "raise25x" : 0.18099999999999999,
      "shove" : 0.016299999999999999
    },
    "A2o" : {
      "call" : 0.0028999999999999998,
      "fold" : 0.99690000000000001
    },
    "A2s" : {
      "call" : 0.0091999999999999998,
      "fold" : 0.98819999999999997,
      "shove" : 0.0025000000000000001
    },
    "A3o" : {
      "fold" : 0.99990000000000001
    },
    "A3s" : {
      "call" : 0.27650000000000002,
      "fold" : 0.71589999999999998,
      "raise25x" : 0.0076
    },
    "A4o" : {
      "fold" : 0.99570000000000003,
      "raise25x" : 0.0043
    },
    "A4s" : {
      "call" : 0.048800000000000003,
      "fold" : 0.90410000000000001,
      "raise25x" : 0.029899999999999999,
      "shove" : 0.0172
    },
    "A5o" : {
      "call" : 0.0030000000000000001,
      "fold" : 0.99560000000000004,
      "shove" : 0.0012999999999999999
    },
    "A5s" : {
      "call" : 0.0022000000000000001,
      "fold" : 0.99460000000000004,
      "raise25x" : 0.0016000000000000001,
      "shove" : 0.0016000000000000001
    },
    "A6o" : {
      "fold" : 0.99929999999999997
    },
    "A6s" : {
      "call" : 0.049599999999999998,
      "fold" : 0.93959999999999999,
      "raise25x" : 0.0077000000000000002,
      "shove" : 0.0030000000000000001
    },
    "A7o" : {
      "call" : 0.0061000000000000004,
      "fold" : 0.99129999999999996,
      "raise25x" : 0.0022000000000000001
    },
    "A7s" : {
      "call" : 0.0011000000000000001,
      "fold" : 0.99399999999999999,
      "shove" : 0.0044999999999999997
    },
    "A8o" : {
      "call" : 0.0044999999999999997,
      "fold" : 0.98650000000000004,
      "raise25x" : 0.0079000000000000008,
      "shove" : 0.0011000000000000001
    },
    "A8s" : {
      "call" : 0.26629999999999998,
      "fold" : 0.48039999999999999,
      "raise25x" : 0.25169999999999998,
      "shove" : 0.0016000000000000001
    },
    "A9o" : {
      "call" : 0.063700000000000007,
      "fold" : 0.93189999999999995,
      "raise25x" : 0.0020999999999999999,
      "shove" : 0.0023
    },
    "A9s" : {
      "call" : 0.045600000000000002,
      "fold" : 0.93520000000000003,
      "raise25x" : 0.013599999999999999,
      "shove" : 0.0057000000000000002
    },
    "AA" : {
      "raise25x" : 0.96919999999999995,
      "shove" : 0.029899999999999999
    },
    "AJo" : {
      "call" : 0.69259999999999999,
      "fold" : 0.051400000000000001,
      "raise25x" : 0.23669999999999999,
      "shove" : 0.019400000000000001
    },
    "AJs" : {
      "call" : 0.73199999999999998,
      "raise25x" : 0.0053,
      "shove" : 0.2626
    },
    "AKo" : {
      "call" : 0.014200000000000001,
      "raise25x" : 0.95569999999999999,
      "shove" : 0.030099999999999998
    },
    "AKs" : {
      "call" : 0.37490000000000001,
      "raise25x" : 0.041000000000000002,
      "shove" : 0.58409999999999995
    },
    "AQo" : {
      "call" : 0.97550000000000003,
      "raise25x" : 0.0115,
      "shove" : 0.012999999999999999
    },
    "AQs" : {
      "call" : 0.82850000000000001,
      "raise25x" : 0.13500000000000001,
      "shove" : 0.036400000000000002
    },
    "ATo" : {
      "call" : 0.11650000000000001,
      "fold" : 0.88049999999999995,
      "raise25x" : 0.0011000000000000001,
      "shove" : 0.0019
    },
    "ATs" : {
      "call" : 0.93220000000000003,
      "raise25x" : 0.036299999999999999,
      "shove" : 0.031399999999999997
    },
    "J2o" : {
      "fold" : 1
    },
    "J2s" : {
      "fold" : 0.99950000000000006
    },
    "J3o" : {
      "fold" : 1
    },
    "J3s" : {
      "call" : 0.0041000000000000003,