{
  "format" : "NLHE_MTT_9MAX",
  "hands" : {
    "33" : {
      "shove" : 1
    },
    "44" : {
      "call" : 0.75009999999999999,
      "shove" : 0.24990000000000001
    },
    "54s" : {
      "call" : 1
    },
    "55" : {
      "call" : 0.39500000000000002,
      "shove" : 0.60499999999999998
    },
    "65s" : {
      "call" : 1
    },
    "66" : {
      "call" : 0.12989999999999999,
      "shove" : 0.87009999999999998
    },
    "76s" : {
      "call" : 1
    },
    "77" : {
      "call" : 0.4199,
      "shove" : 0.58009999999999995
    },
    "87s" : {
      "call" : 0.46000000000000002,
      "fold" : 0.54000000000000004
    },
    "88" : {
      "call" : 1
    },
    "98s" : {
      "call" : 1
    },
    "99" : {
      "call" : 0.65510000000000002,
      "shove" : 0.34489999999999998
    },
    "A2s" : {
      "call" : 0.76500000000000001,
      "shove" : 0.23499999999999999
    },
    "A3s" : {
      "call" : 0.75009999999999999,
      "shove" : 0.24990000000000001
    },
    "A4s" : {
      "shove" : 1
    },
    "A5s" : {
      "call" : 0.23499999999999999,
      "shove" : 0.76500000000000001
    },
    "A6s" : {
      "call" : 1
    },
    "A7s" : {
      "call" : 1
    },
    "A8o" : {
      "call" : 0.22500000000000001,
      "fold" : 0.77500000000000002
    },
    "A8s" : {
      "call" : 1
    },
    "A9o" : {
      "call" : 1
    },
    "A9s" : {
      "call" : 1
    },
    "AA" : {
      "call" : 1
    },
    "AJo" : {
      "call" : 0.069800000000000001,
      "shove" : 0.93020000000000003
    },
    "AJs" : {
      "call" : 1
    },
    "AKo" : {
      "shove" : 1
    },
    "AKs" : {
      "shove" : 1
    },
    "AQo" : {
      "shove" : 1
    },
    "AQs" : {
      "shove" : 1
    },
    "ATo" : {
      "call" : 0.68999999999999995,
      "shove" : 0.31
    },
    "ATs" : {
      "call" : 1
    },
    "J9s" : {
      "call" : 1
    },
    "JJ" : {
      "shove" : 1
    },
    "JTs" : {
      "call" : 1
    },
    "K4s" : {
      "call" : 0.83499999999999996,
      "fold" : 0.16500000000000001
    },
    "K5s" : {
      "call" : 0.13980000000000001,
      "fold" : 0.86019999999999996
    },
    "K6s" : {
      "call" : 1
    },
    "K7s" : {
      "call" : 1
    },
    "K8s" : {
      "call" : 1
    },
    "K9s" : {
      "call" : 1
    },
    "KJo" : {
      "call" : 1
    },
    "KJs" : {
      "call" : 1
    },
    "KK" : {
      "call" : 1
    },
    "KQo" : {
      "call" : 0.38,
      "shove" : 0.62
    },
    "KQs" : {
      "shove" : 1
    },
    "KTo" : {
      "call" : 0.40000000000000002,
      "fold" : 0.59999999999999998
    },
    "KTs" : {
      "call" : 1
    },
    "Q6s" : {
      "call" : 0.054900000000000004,
      "fold" : 0.94510000000000005
    },
    "Q8s" : {
      "call" : 1
    },
    "Q9s" : {
      "call" : 1
    },
    "QJo" : {
      "call" : 1
    },
    "QJs" : {
      "call" : 0.62,
      "shove" : 0.38
    },
    "QQ" : {
      "call" : 0.12989999999999999,
      "shove" : 0.87009999999999998
    },
    "QTo" : {
      "call" : 0.31,
      "fold" : 0.68999999999999995
    },
    "QTs" : {
      "call" : 1
    },
    "T8s" : {
      "call" : 1
    },
    "T9s" : {
      "call" : 1
    },
    "TT" : {
      "shove" : 1
    }
  },
  "id" : "mtt_9max_35bb_btn_vs3bet",
  "source" : {
    "description" : "Adapted from RangeConverter 8-max baseline.",
    "publisher" : {
      "accessedDate" : "2026-06-01",
      "name" : "RangeConverter",
      "product" : "Free Poker Charts — 8 max 1bb ante MTT GTO Ranges",
      "treeParams" : "2.5x open, 3.5x 3bet IP, 4.5x 3bet OOP, 2.3x 4bet IP, 2.75x 4bet OOP, SB vs BB 3.2bb",
      "url" : "https:\/\/rangeconverter.com\/free-poker-charts"
    },
    "solver" : {
      "assumptions" : "Frequencies rounded to nearest 25% per source. ChipEV (non-ICM). 1bb (12.5%) big-blind ante. Copied verbatim from 8-max BTN (same effective seat in 9-max)."
    },
    "type" : "published"
  },
  "spot" : {
    "anteType" : "bigBlindAnte",
    "facingAction" : "vs3Bet",
    "position" : "BTN",
    "stackDepthBB" : 35
  }
}