{
  "format" : "NLHE_MTT_9MAX",
  "hands" : {
    "22" : {
      "call" : 1
    },
    "32s" : {
      "call" : 1
    },
    "33" : {
      "call" : 1
    },
    "42s" : {
      "call" : 1
    },
    "43s" : {
      "call" : 1
    },
    "44" : {
      "call" : 1
    },
    "52s" : {
      "call" : 1
    },
    "53o" : {
      "call" : 0.61209999999999998,
      "fold" : 0.38790000000000002
    },
    "53s" : {
      "call" : 1
    },
    "54o" : {
      "call" : 1
    },
    "54s" : {
      "call" : 0.67610000000000003,
      "raise25x" : 0.32390000000000002
    },
    "55" : {
      "call" : 1
    },
    "62s" : {
      "call" : 1
    },
    "63s" : {
      "call" : 1
    },
    "64o" : {
      "call" : 0.31,
      "fold" : 0.68999999999999995
    },
    "64s" : {
      "call" : 1
    },
    "65o" : {
      "call" : 1
    },
    "65s" : {
      "call" : 0.60209999999999997,
      "raise25x" : 0.39789999999999998
    },
    "66" : {
      "call" : 1
    },
    "72s" : {
      "call" : 1
    },
    "73s" : {
      "call" : 1
    },
    "74s" : {
      "call" : 1
    },
    "75o" : {
      "call" : 0.34799999999999998,
      "fold" : 0.65200000000000002
    },
    "75s" : {
      "call" : 1
    },
    "76o" : {
      "call" : 1
    },
    "76s" : {
      "call" : 0.51800000000000002,
      "raise25x" : 0.48199999999999998
    },
    "77" : {
      "call" : 1
    },
    "82s" : {
      "call" : 1
    },
    "83s" : {
      "call" : 1
    },
    "84s" : {
      "call" : 1
    },
    "85s" : {
      "call" : 1
    },
    "86o" : {
      "call" : 0.59399999999999997,
      "fold" : 0.40600000000000003
    },
    "86s" : {
      "call" : 0.98999999999999999,
      "raise25x" : 0.01
    },
    "87o" : {
      "call" : 1
    },
    "87s" : {
      "call" : 0.50800000000000001,
      "raise25x" : 0.49199999999999999
    },
    "88" : {
      "call" : 0.95199999999999996,
      "raise25x" : 0.048000000000000001
    },
    "92s" : {
      "call" : 1
    },
    "93s" : {
      "call" : 1
    },
    "94s" : {
      "call" : 1
    },
    "95s" : {
      "call" : 1
    },
    "96s" : {
      "call" : 1
    },
    "97o" : {
      "call" : 0.97219999999999995,
      "fold" : 0.027800000000000002
    },
    "97s" : {
      "call" : 1
    },
    "98o" : {
      "call" : 1
    },
    "98s" : {
      "call" : 0.71599999999999997,
      "raise25x" : 0.28399999999999997
    },
    "99" : {
      "call" : 0.69399999999999995,
      "raise25x" : 0.30599999999999999
    },
    "A2o" : {
      "call" : 0.62390000000000001,
      "fold" : 0.37609999999999999
    },
    "A2s" : {
      "call" : 1
    },
    "A3o" : {
      "call" : 1
    },
    "A3s" : {
      "call" : 1
    },
    "A4o" : {
      "call" : 1
    },
    "A4s" : {
      "call" : 0.75209999999999999,
      "raise25x" : 0.24790000000000001
    },
    "A5o" : {
      "call" : 0.97399999999999998,
      "raise25x" : 0.026000000000000002
    },
    "A5s" : {
      "call" : 0.26800000000000002,
      "raise25x" : 0.73199999999999998
    },
    "A6o" : {
      "call" : 1
    },
    "A6s" : {
      "call" : 0.64410000000000001,
      "raise25x" : 0.35589999999999999
    },
    "A7o" : {
      "call" : 1
    },
    "A7s" : {
      "call" : 0.53790000000000004,
      "raise25x" : 0.46210000000000001
    },
    "A8o" : {
      "call" : 1
    },
    "A8s" : {
      "call" : 0.41199999999999998,
      "raise25x" : 0.58799999999999997
    },
    "A9o" : {
      "call" : 0.93410000000000004,
      "raise25x" : 0.0659
    },
    "A9s" : {
      "call" : 0.35399999999999998,
      "raise25x" : 0.64600000000000002
    },
    "AA" : {
      "raise25x" : 1
    },
    "AJo" : {
      "call" : 0.7661,
      "raise25x" : 0.2339
    },
    "AJs" : {
      "call" : 1
    },
    "AKo" : {
      "raise25x" : 1
    },
    "AKs" : {
      "raise25x" : 1
    },
    "AQo" : {
      "call" : 0.188,
      "raise25x" : 0.81200000000000006
    },
    "AQs" : {
      "call" : 0.98209999999999997,
      "raise25x" : 0.017899999999999999
    },
    "ATo" : {
      "call" : 0.72409999999999997,
      "raise25x" : 0.27589999999999998
    },
    "ATs" : {
      "call" : 1
    },
    "J2s" : {
      "call" : 1
    },
    "J3s" : {
      "call" : 1
    },
    "J4s" : {
      "call" : 1
    },
    "J5s" : {
      "call" : 1
    },
    "J6s" : {
      "call" : 1
    },
    "J7s" : {
      "call" : 1
    },
    "J8o" : {
      "call" : 0.40000000000000002,
      "fold" : 0.59999999999999998
    },
    "J8s" : {
      "call" : 0.96609999999999996,
      "raise25x" : 0.0339
    },
    "J9o" : {
      "call" : 1
    },
    "J9s" : {
      "call" : 0.52000000000000002,
      "raise25x" : 0.47999999999999998
    },
    "JJ" : {
      "call" : 0.0218,
      "raise25x" : 0.97819999999999996
    },
    "JTo" : {
      "call" : 1
    },
    "JTs" : {
      "call" : 0.099900000000000003,
      "raise25x" : 0.90010000000000001
    },
    "K2s" : {
      "call" : 1
    },
    "K3s" : {
      "call" : 1
    },
    "K4s" : {
      "call" : 1
    },
    "K5o" : {
      "call" : 0.112,
      "fold" : 0.88800000000000001
    },
    "K5s" : {
      "call" : 1
    },
    "K6o" : {
      "call" : 1
    },
    "K6s" : {
      "call" : 0.70809999999999995,
      "raise25x" : 0.29189999999999999
    },
    "K7o" : {
      "call" : 0.98399999999999999,
      "fold" : 0.016
    },
    "K7s" : {
      "call" : 0.94199999999999995,
      "raise25x" : 0.057999999999999996
    },
    "K8o" : {
      "call" : 1
    },
    "K8s" : {
      "call" : 1
    },
    "K9o" : {
      "call" : 1
    },
    "K9s" : {
      "call" : 0.077900000000000011,
      "raise25x" : 0.92210000000000003
    },
    "KJo" : {
      "call" : 0.84809999999999997,
      "raise25x" : 0.15190000000000001
    },
    "KJs" : {
      "call" : 0.72199999999999998,
      "raise25x" : 0.27800000000000002
    },
    "KK" : {
      "raise25x" : 1
    },
    "KQo" : {
      "call" : 0.80410000000000004,
      "raise25x" : 0.19589999999999999
    },
    "KQs" : {
      "call" : 0.98009999999999997,
      "raise25x" : 0.019899999999999998
    },
    "KTo" : {
      "call" : 0.98999999999999999,
      "raise25x" : 0.01
    },
    "KTs" : {
      "call" : 0.051899999999999988,
      "raise25x" : 0.94810000000000005
    },
    "Q2s" : {
      "call" : 1
    },
    "Q3s" : {
      "call" : 1
    },
    "Q4s" : {
      "call" : 1
    },
    "Q5s" : {
      "call" : 1
    },
    "Q6s" : {
      "call" : 1
    },
    "Q7s" : {
      "call" : 1
    },
    "Q8o" : {
      "call" : 1
    },
    "Q8s" : {
      "call" : 1
    },
    "Q9o" : {
      "call" : 1
    },
    "Q9s" : {
      "call" : 0.93210000000000004,
      "raise25x" : 0.067900000000000002
    },
    "QJo" : {
      "call" : 1
    },
    "QJs" : {
      "call" : 0.72409999999999997,
      "raise25x" : 0.27589999999999998
    },
    "QQ" : {
      "raise25x" : 1
    },
    "QTo" : {
      "call" : 1
    },
    "QTs" : {
      "call" : 0.53400000000000003,
      "raise25x" : 0.46600000000000003
    },
    "T2s" : {
      "call" : 1
    },
    "T3s" : {
      "call" : 1
    },
    "T4s" : {
      "call" : 1
    },
    "T5s" : {
      "call" : 1
    },
    "T6s" : {
      "call" : 1
    },
    "T7s" : {
      "call" : 1
    },
    "T8o" : {
      "call" : 1
    },
    "T8s" : {
      "call" : 0.68210000000000004,
      "raise25x" : 0.31790000000000002
    },
    "T9o" : {
      "call" : 1
    },
    "T9s" : {
      "call" : 0.36399999999999999,
      "raise25x" : 0.63600000000000001
    },
    "TT" : {
      "call" : 0.16600000000000001,
      "raise25x" : 0.83399999999999996
    }
  },
  "id" : "mtt_9max_60bb_bb_vsopen_vs_lj",
  "source" : {
    "description" : "Adapted from RangeConverter 8-max baseline.",
    "publisher" : {
      "accessedDate" : "2026-06-01",
      "name" : "RangeConverter",
      "product" : "Free Poker Charts — 8 max 1bb ante MTT GTO Ranges",
      "treeParams" : "2.5x open, 3.5x 3bet IP, 4.5x 3bet OOP, 2.3x 4bet IP, 2.75x 4bet OOP, SB vs BB 3.2bb",