{
  "format" : "NLHE_MTT_8MAX",
  "hands" : {
    "22" : {
      "call" : 0.98660000000000003,
      "fold" : 0.011599999999999999,
      "raise25x" : 0.0011999999999999999
    },
    "33" : {
      "call" : 0.9909,
      "fold" : 0.0023,
      "shove" : 0.0067000000000000002
    },
    "42s" : {
      "call" : 0.84130000000000005,
      "fold" : 0.15809999999999999
    },
    "43s" : {
      "call" : 0.87980000000000003,
      "fold" : 0.1188,
      "raise25x" : 0.0011999999999999999
    },
    "44" : {
      "call" : 0.99770000000000003,
      "fold" : 0.002
    },
    "52s" : {
      "call" : 0.74890000000000001,
      "fold" : 0.249,
      "shove" : 0.0019
    },
    "53s" : {
      "call" : 0.98829999999999996,
      "fold" : 0.011599999999999999
    },
    "54s" : {
      "call" : 0.64329999999999998,
      "fold" : 0.35659999999999997
    },
    "55" : {
      "call" : 0.99099999999999999,
      "fold" : 0.0038,
      "raise25x" : 0.0018,
      "shove" : 0.0033999999999999998
    },
    "62s" : {
      "call" : 0.36430000000000001,
      "fold" : 0.63570000000000004
    },
    "63s" : {
      "call" : 0.96460000000000001,
      "fold" : 0.0344
    },
    "64o" : {
      "call" : 0.38390000000000002,
      "fold" : 0.61599999999999999
    },
    "64s" : {
      "call" : 0.8589,
      "fold" : 0.1404
    },
    "65s" : {
      "call" : 0.72460000000000002,
      "fold" : 0.27529999999999999
    },
    "66" : {
      "call" : 0.98750000000000004,
      "fold" : 0.0054999999999999997,
      "raise25x" : 0.0063
    },
    "72s" : {
      "call" : 0.67479999999999996,
      "fold" : 0.3251
    },
    "73o" : {
      "call" : 0.13,
      "fold" : 0.87
    },
    "73s" : {
      "call" : 0.46839999999999998,
      "fold" : 0.4209,
      "raise25x" : 0.0067000000000000002,
      "shove" : 0.104
    },
    "74o" : {
      "call" : 0.64890000000000003,
      "fold" : 0.35110000000000002
    },
    "75o" : {
      "call" : 0.80449999999999999,
      "fold" : 0.19539999999999999
    },
    "75s" : {
      "call" : 0.81889999999999996,
      "fold" : 0.1009,
      "shove" : 0.080199999999999994
    },
    "76o" : {
      "call" : 0.32969999999999999,
      "fold" : 0.67020000000000002
    },
    "76s" : {
      "call" : 0.99770000000000003,
      "fold" : 0.0023
    },
    "77" : {
      "call" : 0.98770000000000002,
      "fold" : 0.0076,
      "raise25x" : 0.0016999999999999999,
      "shove" : 0.0028999999999999998
    },
    "84o" : {
      "call" : 0.031,
      "fold" : 0.96850000000000003
    },
    "85s" : {
      "call" : 0.98109999999999997,
      "fold" : 0.0177,
      "shove" : 0.0011000000000000001
    },
    "86o" : {
      "call" : 0.4748,
      "fold" : 0.52429999999999999
    },
    "86s" : {
      "call" : 0.85160000000000002,
      "fold" : 0.14810000000000001
    },
    "87o" : {
      "call" : 0.98809999999999998,
      "fold" : 0.011900000000000001
    },
    "87s" : {
      "call" : 0.98750000000000004,
      "fold" : 0.0118
    },
    "88" : {
      "call" : 0.97719999999999996,
      "fold" : 0.0118,
      "raise25x" : 0.0057999999999999996,
      "shove" : 0.0051000000000000004
    },
    "92o" : {
      "call" : 0.0035999999999999999,
      "fold" : 0.99639999999999995
    },
    "92s" : {
      "call" : 0.36130000000000001,
      "fold" : 0.63749999999999996
    },
    "93s" : {
      "call" : 0.80689999999999995,
      "fold" : 0.192
    },
    "94o" : {
      "call" : 0.1794,
      "fold" : 0.82050000000000001
    },
    "94s" : {
      "call" : 0.68759999999999999,
      "fold" : 0.30680000000000002,
      "raise25x" : 0.0030000000000000001,
      "shove" : 0.0025999999999999999
    },
    "95o" : {
      "call" : 0.15359999999999999,
      "fold" : 0.84640000000000004
    },
    "95s" : {
      "call" : 0.85150000000000003,
      "fold" : 0.1384,
      "shove" : 0.0097999999999999997
    },
    "96s" : {
      "call" : 0.98640000000000005,
      "fold" : 0.012699999999999999
    },
    "97s" : {
      "call" : 0.75849999999999995,
      "fold" : 0.022200000000000001,
      "shove" : 0.21920000000000001
    },
    "98s" : {
      "call" : 0.71660000000000001,
      "fold" : 0.022499999999999999,
      "shove" : 0.26090000000000002
    },
    "99" : {
      "call" : 0.92469999999999997,
      "raise25x" : 0.0533,
      "shove" : 0.022100000000000002
    },
    "A2o" : {
      "call" : 0.99719999999999998,
      "fold" : 0.002
    },
    "A2s" : {
      "call" : 0.99829999999999997,
      "fold" : 0.0016000000000000001
    },
    "A3o" : {
      "call" : 0.99760000000000004,
      "fold" : 0.0023
    },
    "A3s" : {
      "call" : 0.98699999999999999,
      "fold" : 0.0095999999999999992,
      "shove" : 0.0033
    },
    "A4o" : {
      "call" : 0.99750000000000005,
      "fold" : 0.0019
    },
    "A4s" : {
      "call" : 0.60429999999999995,
      "fold" : 0.0074999999999999997,
      "shove" : 0.38800000000000001
    },
    "A5o" : {
      "call" : 0.99529999999999996,
      "fold" : 0.0035999999999999999
    },
    "A5s" : {
      "call" : 0.99150000000000005,
      "fold" : 0.0077999999999999996
    },
    "A6o" : {
      "call" : 0.99970000000000003
    },
    "A6s" : {
      "call" : 0.64410000000000001,
      "fold" : 0.0030999999999999999,
      "shove" : 0.35239999999999999
    },
    "A7o" : {
      "call" : 0.99950000000000006
    },
    "A7s" : {
      "call" : 0.89039999999999997,
      "fold" : 0.039300000000000002,
      "raise25x" : 0.0094000000000000004,
      "shove" : 0.060900000000000003
    },
    "A8o" : {
      "call" : 0.99650000000000005,
      "shove" : 0.0032000000000000002
    },
    "A8s" : {
      "call" : 0.99319999999999997,
      "fold" : 0.0041000000000000003,
      "shove" : 0.0023
    },
    "A9o" : {
      "call" : 0.99160000000000004,
      "fold" : 0.0025000000000000001,
      "shove" : 0.0051000000000000004
    },
    "A9s" : {
      "call" : 0.96870000000000001,
      "fold" : 0.019199999999999998,
      "raise25x" : 0.0041000000000000003,
      "shove" : 0.0080000000000000002
    },
    "AA" : {
      "raise25x" : 0.0263,
      "shove" : 0.97370000000000001
    },
    "AJo" : {
      "call" : 0.99270000000000003,
      "fold" : 0.0035000000000000001,
      "raise25x" : 0.0022000000000000001,
      "shove" : 0.0015
    },
    "AJs" : {
      "call" : 0.84230000000000005,
      "fold" : 0.010699999999999999,
      "raise25x" : 0.13639999999999999,
      "shove" : 0.010699999999999999
    },
    "AKo" : {
      "raise25x" : 0.15659999999999999,
      "shove" : 0.84330000000000005
    },
    "AKs" : {
      "raise25x" : 0.372,
      "shove" : 0.628
    },
    "AQo" : {
      "call" : 0.9667,
      "raise25x" : 0.023099999999999999,
      "shove" : 0.010200000000000001
    },
    "AQs" : {
      "call" : 0.7137,
      "fold" : 0.0016000000000000001,
      "raise25x" : 0.19900000000000001,
      "shove" : 0.085800000000000001
    },
    "ATo" : {
      "call" : 0.99050000000000005,
      "fold" : 0.0035000000000000001,
      "raise25x" : 0.0018,
      "shove" : 0.0041999999999999997
    },
    "ATs" : {
      "call" : 0.89710000000000001,
      "fold" : 0.012800000000000001,
      "raise25x" : 0.084599999999999995,
      "shove" : 0.0054999999999999997
    },
    "J2o" : {
      "call" : 0.29880000000000001,
      "fold" : 0.70109999999999995
    },
    "J2s" : {
      "call" : 0.98340000000000005,
      "fold" : 0.016500000000000001
    },
    "J3o" : {
      "call" : 0.38790000000000002,
      "fold" : 0.61160000000000003
    },
    "J3s" : {
      "call" : 0.73329999999999995,
      "fold" : 0.26540000000000002
    },
    "J4o" : {
      "call" : 0.96809999999999996,
      "fold" : 0.031800000000000002
    },
    "J4s" : {
      "call" : 0.97640000000000005,
      "fold" : 0.0235
    },
    "J5s" : {
      "call" : 0.99870000000000003,
      "fold" : 0.0011999999999999999
    },
    "J6o" : {
      "call" : 0.50060000000000004,
      "fold" : 0.49940000000000001
    },