{
  "format" : "NLHE_MTT_9MAX",
  "hands" : {
    "22" : {
      "call" : 1
    },
    "33" : {
      "call" : 1
    },
    "44" : {
      "call" : 1
    },
    "53s" : {
      "call" : 0.14999999999999999,
      "fold" : 0.84999999999999998
    },
    "54s" : {
      "call" : 0.71409999999999996,
      "raise25x" : 0.28589999999999999
    },
    "55" : {
      "call" : 1
    },
    "65s" : {
      "call" : 0.84209999999999996,
      "raise25x" : 0.15790000000000001
    },
    "66" : {
      "call" : 1
    },
    "76s" : {
      "call" : 0.82399999999999995,
      "raise25x" : 0.17599999999999999
    },
    "77" : {
      "call" : 0.97609999999999997,
      "raise25x" : 0.023899999999999998
    },
    "86s" : {
      "call" : 0.24179999999999999,
      "fold" : 0.75819999999999999
    },
    "87s" : {
      "call" : 0.69810000000000005,
      "raise25x" : 0.3019
    },
    "88" : {
      "call" : 0.84209999999999996,
      "raise25x" : 0.15790000000000001
    },
    "97s" : {
      "call" : 0.087900000000000006,
      "fold" : 0.91210000000000002
    },
    "98s" : {
      "call" : 0.83609999999999995,
      "raise25x" : 0.16389999999999999
    },
    "99" : {
      "call" : 0.7661,
      "raise25x" : 0.2339
    },
    "A2s" : {
      "call" : 0.53220000000000001,
      "fold" : 0.25990000000000002,
      "raise25x" : 0.2079
    },
    "A3s" : {
      "call" : 0.83609999999999995,
      "raise25x" : 0.16389999999999999
    },
    "A4s" : {
      "call" : 0.77000000000000002,
      "raise25x" : 0.23000000000000001
    },
    "A5s" : {
      "call" : 0.59999999999999998,
      "raise25x" : 0.40000000000000002
    },
    "A6s" : {
      "call" : 0.54600000000000004,
      "raise25x" : 0.45400000000000001
    },
    "A7s" : {
      "call" : 0.98819999999999997,
      "raise25x" : 0.0118
    },
    "A8s" : {
      "call" : 0.68810000000000004,
      "raise25x" : 0.31190000000000001
    },
    "A9s" : {
      "call" : 0.84419999999999995,
      "raise25x" : 0.15579999999999999
    },
    "AA" : {
      "raise25x" : 1
    },
    "AJo" : {
      "call" : 0.71409999999999996,
      "raise25x" : 0.28589999999999999
    },
    "AJs" : {
      "call" : 0.97399999999999998,
      "raise25x" : 0.026000000000000002
    },
    "AKo" : {
      "call" : 0.43590000000000001,
      "raise25x" : 0.56410000000000005
    },
    "AKs" : {
      "raise25x" : 1
    },
    "AQo" : {
      "call" : 0.8841,
      "raise25x" : 0.1159
    },
    "AQs" : {
      "call" : 0.63990000000000002,
      "raise25x" : 0.36009999999999998
    },
    "ATo" : {
      "call" : 0.11990000000000001,
      "fold" : 0.46610000000000001,
      "raise25x" : 0.41399999999999998
    },
    "ATs" : {
      "call" : 0.49409999999999998,
      "raise25x" : 0.50590000000000002
    },
    "J8s" : {
      "call" : 0.085999999999999993,
      "fold" : 0.91400000000000003
    },
    "J9s" : {
      "call" : 0.75819999999999999,
      "raise25x" : 0.24179999999999999
    },
    "JJ" : {
      "call" : 0.62,
      "raise25x" : 0.38
    },
    "JTs" : {
      "call" : 1
    },
    "K5s" : {
      "call" : 0.16389999999999999,
      "fold" : 0.83609999999999995
    },
    "K6s" : {
      "call" : 0.66810000000000003,
      "fold" : 0.055899999999999991,
      "raise25x" : 0.27600000000000002
    },
    "K7s" : {
      "call" : 0.41289999999999999,
      "fold" : 0.48299999999999998,
      "raise25x" : 0.1041
    },
    "K8s" : {
      "call" : 0.79410000000000003,
      "raise25x" : 0.2059
    },
    "K9s" : {
      "call" : 0.3659,
      "raise25x" : 0.6341
    },
    "KJo" : {
      "call" : 0.25,
      "fold" : 0.56610000000000005,
      "raise25x" : 0.18390000000000001
    },
    "KJs" : {
      "call" : 0.78600000000000003,
      "raise25x" : 0.214
    },
    "KK" : {
      "raise25x" : 1
    },
    "KQo" : {
      "call" : 0.6079,
      "raise25x" : 0.3921
    },
    "KQs" : {
      "call" : 1
    },
    "KTs" : {
      "call" : 0.84999999999999998,
      "raise25x" : 0.14999999999999999
    },
    "Q9s" : {
      "call" : 0.97819999999999996,
      "raise25x" : 0.0218
    },
    "QJs" : {
      "call" : 0.68210000000000004,
      "raise25x" : 0.31790000000000002
    },
    "QQ" : {
      "call" : 0.40000000000000002,
      "raise25x" : 0.59999999999999998
    },
    "QTs" : {
      "call" : 1
    },
    "T8s" : {
      "call" : 0.98819999999999997,
      "raise25x" : 0.0118
    },
    "T9s" : {
      "call" : 0.86199999999999999,
      "raise25x" : 0.13800000000000001
    },
    "TT" : {
      "call" : 0.65410000000000001,
      "raise25x" : 0.34589999999999999
    }
  },
  "id" : "mtt_9max_70bb_btn_vsopen_vs_utg1",
  "source" : {
    "description" : "Adapted from RangeConverter 8-max baseline.",
    "publisher" : {
      "accessedDate" : "2026-06-01",
      "name" : "RangeConverter",
      "product" : "Free Poker Charts — 8 max 1bb ante MTT GTO Ranges",
      "treeParams" : "2.5x open, 3.5x 3bet IP, 4.5x 3bet OOP, 2.3x 4bet IP, 2.75x 4bet OOP, SB vs BB 3.2bb",
      "url" : "https:\/\/rangeconverter.com\/free-poker-charts"
    },
    "solver" : {
      "assumptions" : "Frequencies rounded to nearest 25% per source. ChipEV (non-ICM). 1bb (12.5%) big-blind ante. Copied verbatim from 8-max BTN (same effective seat in 9-max)."
    },
    "type" : "published"
  },
  "spot" : {
    "anteType" : "bigBlindAnte",
    "facingAction" : "vsOpen",
    "opponentPosition" : "UTG1",
    "position" : "BTN",
    "stackDepthBB" : 70
  }
}