{
  "format" : "NLHE_MTT_9MAX",
  "hands" : {
    "22" : {
      "call" : 0.025899999999999999,
      "fold" : 0.97409999999999997
    },
    "33" : {
      "call" : 0.25390000000000001,
      "fold" : 0.74609999999999999
    },
    "44" : {
      "call" : 0.44800000000000001,
      "fold" : 0.55200000000000005
    },
    "54s" : {
      "call" : 1
    },
    "55" : {
      "call" : 0.53210000000000002,
      "fold" : 0.46789999999999998
    },
    "65s" : {
      "call" : 1
    },
    "66" : {
      "call" : 1
    },
    "76s" : {
      "call" : 1
    },
    "77" : {
      "call" : 1
    },
    "87s" : {
      "call" : 0.83399999999999996,
      "fold" : 0.16600000000000001
    },
    "88" : {
      "call" : 1
    },
    "98s" : {
      "call" : 0.72409999999999997,
      "fold" : 0.27589999999999998
    },
    "99" : {
      "call" : 1
    },
    "A2s" : {
      "call" : 0.18190000000000001,
      "raise25x" : 0.81810000000000005
    },
    "A3s" : {
      "call" : 1
    },
    "A4s" : {
      "call" : 1
    },
    "A5s" : {
      "call" : 1
    },
    "A6s" : {
      "call" : 1
    },
    "A7s" : {
      "call" : 1
    },
    "A8s" : {
      "call" : 1
    },
    "A9s" : {
      "call" : 1
    },
    "AA" : {
      "raise25x" : 1
    },
    "AJo" : {
      "call" : 0.50109999999999999,
      "fold" : 0.1676,
      "raise25x" : 0.33129999999999998
    },
    "AJs" : {
      "call" : 1
    },
    "AKo" : {
      "call" : 0.2581,
      "raise25x" : 0.7419
    },
    "AKs" : {
      "call" : 1
    },
    "AQo" : {
      "call" : 0.88800000000000001,
      "raise25x" : 0.112
    },
    "AQs" : {
      "call" : 1
    },
    "ATo" : {
      "fold" : 0.76000000000000001,
      "raise25x" : 0.23999999999999999
    },
    "ATs" : {
      "call" : 1
    },
    "J8s" : {
      "call" : 0.74009999999999998,
      "fold" : 0.25990000000000002
    },
    "J9s" : {
      "call" : 1
    },
    "JJ" : {
      "call" : 0.92600000000000005,
      "raise25x" : 0.073999999999999996
    },
    "JTs" : {
      "call" : 1
    },
    "K5s" : {
      "fold" : 0.71199999999999997,
      "raise25x" : 0.28799999999999998
    },
    "K6s" : {
      "call" : 0.66200000000000003,
      "raise25x" : 0.33800000000000002
    },
    "K7s" : {
      "call" : 0.26989999999999997,
      "fold" : 0.30399999999999999,
      "raise25x" : 0.42609999999999998
    },
    "K8s" : {
      "call" : 0.39600000000000002,
      "fold" : 0.60399999999999998
    },
    "K9s" : {
      "call" : 1
    },
    "KJo" : {
      "call" : 0.47210000000000002,
      "fold" : 0.52790000000000004
    },
    "KJs" : {
      "call" : 1
    },
    "KK" : {
      "raise25x" : 1
    },
    "KQo" : {
      "call" : 0.81010000000000004,
      "raise25x" : 0.18990000000000001
    },
    "KQs" : {
      "call" : 1
    },
    "KTo" : {
      "fold" : 0.94199999999999995,
      "raise25x" : 0.057999999999999996
    },
    "KTs" : {
      "call" : 1
    },
    "Q9s" : {
      "call" : 1
    },
    "QJs" : {
      "call" : 1
    },
    "QQ" : {
      "call" : 0.65800000000000003,
      "raise25x" : 0.34200000000000003
    },
    "QTs" : {
      "call" : 1
    },
    "T8s" : {
      "call" : 1
    },
    "T9s" : {
      "call" : 1
    },
    "TT" : {
      "call" : 1
    }
  },
  "id" : "mtt_9max_100bb_co_vs3bet_vs_bb",
  "source" : {
    "description" : "Adapted from RangeConverter 8-max baseline.",
    "publisher" : {
      "accessedDate" : "2026-06-01",
      "name" : "RangeConverter",
      "product" : "Free Poker Charts — 8 max 1bb ante MTT GTO Ranges",
      "treeParams" : "2.5x open, 3.5x 3bet IP, 4.5x 3bet OOP, 2.3x 4bet IP, 2.75x 4bet OOP, SB vs BB 3.2bb",
      "url" : "https:\/\/rangeconverter.com\/free-poker-charts"
    },
    "solver" : {
      "assumptions" : "Frequencies rounded to nearest 25% per source. ChipEV (non-ICM). 1bb (12.5%) big-blind ante. Copied verbatim from 8-max CO (same effective seat in 9-max)."
    },
    "type" : "published"
  },
  "spot" : {
    "anteType" : "bigBlindAnte",
    "facingAction" : "vs3Bet",
    "opponentPosition" : "BB",
    "position" : "CO",
    "stackDepthBB" : 100
  }
}