{
  "format" : "NLHE_MTT_8MAX",
  "hands" : {
    "22" : {
      "call" : 0.56989999999999996,
      "shove" : 0.43009999999999998
    },
    "32s" : {
      "call" : 1
    },
    "33" : {
      "call" : 0.87509999999999999,
      "shove" : 0.1249
    },
    "42s" : {
      "call" : 1
    },
    "43s" : {
      "call" : 1
    },
    "44" : {
      "call" : 0.78500000000000003,
      "shove" : 0.215
    },
    "52s" : {
      "call" : 1
    },
    "53s" : {
      "call" : 1
    },
    "54o" : {
      "call" : 1
    },
    "54s" : {
      "call" : 1
    },
    "55" : {
      "call" : 0.34489999999999998,
      "shove" : 0.65510000000000002
    },
    "62s" : {
      "call" : 1
    },
    "63s" : {
      "call" : 1
    },
    "64s" : {
      "call" : 1
    },
    "65o" : {
      "call" : 1
    },
    "65s" : {
      "call" : 1
    },
    "66" : {
      "call" : 0.63009999999999999,
      "raise3x" : 0.16,
      "shove" : 0.2099
    },
    "73s" : {
      "call" : 1
    },
    "74s" : {
      "call" : 1
    },
    "75s" : {
      "call" : 1
    },
    "76o" : {
      "call" : 1
    },
    "76s" : {
      "call" : 1
    },
    "77" : {
      "call" : 0.88009999999999999,
      "raise3x" : 0.11990000000000001
    },
    "82s" : {
      "call" : 1
    },
    "83s" : {
      "call" : 1
    },
    "84s" : {
      "call" : 1
    },
    "85s" : {
      "call" : 1
    },
    "86o" : {
      "call" : 0.68999999999999995,
      "fold" : 0.089999999999999997,
      "raise3x" : 0.22
    },
    "86s" : {
      "call" : 1
    },
    "87o" : {
      "call" : 0.91000000000000003,
      "raise3x" : 0.089999999999999997
    },
    "87s" : {
      "call" : 1
    },
    "88" : {
      "call" : 1
    },
    "92s" : {
      "call" : 0.68510000000000004,
      "raise3x" : 0.31490000000000001
    },
    "93s" : {
      "call" : 0.83499999999999996,
      "raise3x" : 0.16500000000000001
    },
    "94s" : {
      "call" : 0.97009999999999996,
      "raise3x" : 0.029899999999999999
    },
    "95s" : {
      "call" : 1
    },
    "96o" : {
      "fold" : 0.96509999999999996,
      "raise3x" : 0.0349
    },
    "96s" : {
      "call" : 1
    },
    "97o" : {
      "call" : 0.74009999999999998,
      "raise3x" : 0.25990000000000002
    },
    "97s" : {
      "call" : 1
    },
    "98o" : {
      "call" : 0.96509999999999996,
      "raise3x" : 0.0349
    },
    "98s" : {
      "call" : 1
    },
    "99" : {
      "call" : 0.82509999999999994,
      "raise3x" : 0.1749
    },
    "A2o" : {
      "call" : 0.17580000000000001,
      "raise3x" : 0.1658,
      "shove" : 0.65839999999999999
    },
    "A2s" : {
      "call" : 1
    },
    "A3o" : {
      "call" : 0.60999999999999999,
      "raise3x" : 0.23499999999999999,
      "shove" : 0.155
    },
    "A3s" : {
      "call" : 1
    },
    "A4o" : {
      "call" : 0.8901,
      "raise3x" : 0.1099
    },
    "A4s" : {
      "call" : 1
    },
    "A5o" : {
      "call" : 1
    },
    "A5s" : {
      "call" : 1
    },
    "A6o" : {
      "call" : 0.86519999999999997,
      "raise3x" : 0.1348
    },
    "A6s" : {
      "call" : 1
    },
    "A7o" : {
      "call" : 1
    },
    "A7s" : {
      "call" : 1
    },
    "A8o" : {
      "call" : 0.92500000000000004,
      "raise3x" : 0.074999999999999997
    },
    "A8s" : {
      "call" : 1
    },
    "A9o" : {
      "call" : 0.61499999999999999,
      "raise3x" : 0.38500000000000001
    },
    "A9s" : {
      "call" : 1
    },
    "AA" : {
      "call" : 0.054899999999999997,
      "raise3x" : 0.94510000000000005
    },
    "AJo" : {
      "call" : 0.10489999999999999,
      "raise3x" : 0.34499999999999997,
      "shove" : 0.55010000000000003
    },
    "AJs" : {
      "call" : 0.92000000000000004,
      "raise3x" : 0.080000000000000002
    },
    "AKo" : {
      "raise3x" : 1
    },
    "AKs" : {
      "raise3x" : 1
    },
    "AQo" : {
      "call" : 0.080000000000000002,
      "raise3x" : 0.26989999999999997,
      "shove" : 0.65010000000000001
    },
    "AQs" : {
      "call" : 0.1099,
      "raise3x" : 0.8901
    },
    "ATo" : {
      "call" : 0.78520000000000001,
      "raise3x" : 0.18990000000000001,
      "shove" : 0.024899999999999999
    },
    "ATs" : {
      "call" : 1
    },
    "J2s" : {
      "call" : 1
    },
    "J3s" : {
      "call" : 1
    },
    "J4s" : {
      "call" : 1
    },
    "J5o" : {
      "fold" : 0.75009999999999999,
      "raise3x" : 0.24990000000000001
    },
    "J5s" : {
      "call" : 1
    },
    "J6s" : {
      "call" : 1
    },
    "J7o" : {
      "call" : 0.69499999999999995,
      "raise3x" : 0.30499999999999999
    },
    "J7s" : {
      "call" : 1
    },
    "J8o" : {
      "call" : 0.67010000000000003,
      "raise3x" : 0.32990000000000003
    },
    "J8s" : {
      "call" : 1
    },
    "J9o" : {
      "call" : 0.98009999999999997,
      "raise3x" : 0.019900000000000001
    },
    "J9s" : {
      "call" : 1
    },
    "JJ" : {
      "raise3x" : 1
    },
    "JTo" : {
      "call" : 1
    },
    "JTs" : {
      "call" : 1
    },
    "K2o" : {
      "call" : 0.27360000000000001,
      "fold" : 0.43790000000000001,
      "raise3x" : 0.28849999999999998
    },
    "K2s" : {
      "call" : 1
    },
    "K3o" : {
      "call" : 0.58509999999999995,
      "raise3x" : 0.41489999999999999
    },
    "K3s" : {
      "call" : 1
    },
    "K4o" : {
      "call" : 0.66010000000000002,
      "raise3x" : 0.33989999999999998
    },
    "K4s" : {
      "call" : 1
    },
    "K5o" : {
      "call" : 0.87009999999999998,
      "raise3x" : 0.12989999999999999
    },
    "K5s" : {
      "call" : 1
    },
    "K6o" : {
      "call" : 0.93020000000000003,
      "shove" : 0.069800000000000001
    },
    "K6s" : {
      "call" : 1
    },
    "K7o" : {
      "call" : 1
    },
    "K7s" : {
      "call" : 1
    },
    "K8o" : {
      "call" : 0.97009999999999996,
      "raise3x" : 0.029899999999999999
    },
    "K8s" : {
      "call" : 1
    },
    "K9o" : {
      "call" : 0.98499999999999999,
      "raise3x" : 0.014999999999999999
    },
    "K9s" : {
      "call" : 1
    },
    "KJo" : {
      "call" : 1
    },
    "KJs" : {
      "call" : 1
    },
    "KK" : {
      "raise3x" : 1
    },
    "KQo" : {
      "call" : 1
    },
    "KQs" : {
      "call" : 1
    },
    "KTo" : {
      "call" : 1
    },
    "KTs" : {
      "call" : 1
    },
    "Q2s" : {
      "call" : 1
    },
    "Q3s" : {
      "call" : 1
    },
    "Q4o" : {
      "call" : 0.43230000000000002,
      "fold" : 0.3115,
      "raise3x" : 0.25619999999999998
    },
    "Q4s" : {
      "call" : 1
    },
    "Q5o" : {
      "call" : 0.63490000000000002,
      "raise3x" : 0.36509999999999998
    },
    "Q5s" : {
      "call" : 1
    },
    "Q6o" : {
      "call" : 0.84499999999999997,
      "raise3x" : 0.155
    },
    "Q6s" : {
      "call" : 1
    },
    "Q7o" : {
      "call" : 1
    },
    "Q7s" : {
      "call" : 1
    },
    "Q8o" : {
      "call" : 0.92000000000000004,
      "raise3x" : 0.080000000000000002
    },
    "Q8s" : {
      "call" : 1
    },
    "Q9o" : {
      "call" : 1
    },
    "Q9s" : {
      "call" : 1
    },
    "QJo" : {
      "call" : 1
    },
    "QJs" : {
      "call" : 1
    },
    "QQ" : {
      "raise3x" : 1
    },
    "QTo" : {
      "call" : 1
    },
    "QTs" : {
      "call" : 1
    },
    "T2s" : {
      "call" : 1
    },
    "T3s" : {
      "call" : 1
    },
    "T4s" : {
      "call" : 1
    },
    "T5s" : {
      "call" : 1
    },
    "T6o" : {
      "call" : 0.12989999999999999,
      "fold" : 0.47010000000000002,
      "raise3x" : 0.40000000000000002
    },
    "T6s" : {
      "call" : 1
    },
    "T7o" : {
      "call" : 0.74009999999999998,
      "raise3x" : 0.25990000000000002
    },
    "T7s" : {
      "call" : 1
    },
    "T8o" : {
      "call" : 0.84999999999999998,
      "raise3x" : 0.14999999999999999
    },
    "T8s" : {
      "call" : 1
    },
    "T9o" : {
      "call" : 1
    },
    "T9s" : {
      "call" : 1
    },