{
  "format" : "NLHE_MTT_8MAX",
  "hands" : {
    "22" : {
      "call" : 1
    },
    "33" : {
      "call" : 1
    },
    "44" : {
      "call" : 1
    },
    "54s" : {
      "call" : 0.97219999999999995,
      "raise3x" : 0.027799999999999998
    },
    "55" : {
      "call" : 1
    },
    "65s" : {
      "call" : 0.65800000000000003,
      "raise3x" : 0.34200000000000003
    },
    "66" : {
      "call" : 1
    },
    "76s" : {
      "call" : 0.47389999999999999,
      "raise3x" : 0.52610000000000001
    },
    "77" : {
      "call" : 1
    },
    "86s" : {
      "call" : 0.2959,
      "fold" : 0.70409999999999995
    },
    "87s" : {
      "call" : 0.52000000000000002,
      "raise3x" : 0.47999999999999998
    },
    "88" : {
      "call" : 0.80620000000000003,
      "raise3x" : 0.1938
    },
    "97s" : {
      "call" : 0.68610000000000004,
      "fold" : 0.31390000000000001
    },
    "98s" : {
      "call" : 0.91400000000000003,
      "raise3x" : 0.085999999999999993
    },
    "99" : {
      "call" : 0.61399999999999999,
      "raise3x" : 0.38600000000000001
    },
    "A2s" : {
      "call" : 1
    },
    "A3s" : {
      "call" : 1
    },
    "A4s" : {
      "call" : 1
    },
    "A5s" : {
      "call" : 0.44190000000000002,
      "raise3x" : 0.55810000000000004
    },
    "A6s" : {
      "call" : 0.97819999999999996,
      "raise3x" : 0.0218
    },
    "A7s" : {
      "call" : 0.92000000000000004,
      "raise3x" : 0.080000000000000002
    },
    "A8s" : {
      "call" : 0.69999999999999996,
      "raise3x" : 0.29999999999999999
    },
    "A9s" : {
      "call" : 0.071900000000000006,
      "raise3x" : 0.92810000000000004
    },
    "AA" : {
      "raise3x" : 1
    },
    "AJo" : {
      "call" : 1
    },
    "AJs" : {
      "raise3x" : 1
    },
    "AKo" : {
      "call" : 0.042000000000000003,
      "raise3x" : 0.95799999999999996
    },
    "AKs" : {
      "raise3x" : 1
    },
    "AQo" : {
      "call" : 0.1938,
      "raise3x" : 0.80620000000000003
    },
    "AQs" : {
      "raise3x" : 1
    },
    "ATo" : {
      "call" : 0.99419999999999997,
      "raise3x" : 0.0057999999999999996
    },
    "ATs" : {
      "raise3x" : 1
    },
    "J8s" : {
      "call" : 0.55000000000000004,
      "fold" : 0.45000000000000001
    },
    "J9s" : {
      "call" : 0.68610000000000004,
      "raise3x" : 0.31390000000000001
    },
    "JJ" : {
      "raise3x" : 1
    },
    "JTo" : {
      "call" : 0.12989999999999999,
      "fold" : 0.87009999999999998
    },
    "JTs" : {
      "call" : 0.24990000000000001,
      "raise3x" : 0.75009999999999999
    },
    "K5s" : {
      "call" : 0.93410000000000004,
      "fold" : 0.0659
    },
    "K6s" : {
      "call" : 0.68400000000000005,
      "raise3x" : 0.316
    },
    "K7s" : {
      "call" : 1
    },
    "K8s" : {
      "call" : 1
    },
    "K9s" : {
      "call" : 0.57410000000000005,
      "raise3x" : 0.4259
    },
    "KJo" : {
      "call" : 0.91210000000000002,
      "raise3x" : 0.087900000000000006
    },
    "KJs" : {
      "raise3x" : 1
    },
    "KK" : {
      "raise3x" : 1
    },
    "KQo" : {
      "call" : 0.92210000000000003,
      "raise3x" : 0.077899999999999997
    },
    "KQs" : {
      "raise3x" : 1
    },
    "KTo" : {
      "call" : 0.5161,
      "fold" : 0.4839
    },
    "KTs" : {
      "raise3x" : 1
    },
    "Q8s" : {
      "call" : 1
    },
    "Q9s" : {
      "call" : 1
    },
    "QJo" : {
      "call" : 0.67610000000000003,
      "fold" : 0.32390000000000002
    },
    "QJs" : {
      "raise3x" : 1
    },
    "QQ" : {
      "raise3x" : 1
    },
    "QTo" : {
      "call" : 0.17000000000000001,
      "fold" : 0.82999999999999996
    },
    "QTs" : {
      "call" : 0.48199999999999998,
      "raise3x" : 0.51800000000000002
    },
    "T8s" : {
      "call" : 0.92810000000000004,
      "raise3x" : 0.071900000000000006
    },
    "T9s" : {
      "call" : 0.49590000000000001,
      "raise3x" : 0.50409999999999999
    },
    "TT" : {
      "call" : 0.24790000000000001,
      "raise3x" : 0.75209999999999999
    }
  },
  "id" : "mtt_8max_70bb_sb_vsopen_vs_lj",
  "source" : {
    "description" : "RangeConverter free PDF — 8-max 70bb 1bb ante (12.5%).",
    "publisher" : {
      "accessedDate" : "2026-06-01",
      "name" : "RangeConverter",
      "product" : "Free Poker Charts — 8 max 1bb ante MTT GTO Ranges",
      "treeParams" : "poker.academy CE-Symmetric Regular @ 70bb (GTO ChipEV, 1bb ante)",
      "url" : "https:\/\/rangeconverter.com\/free-poker-charts"
    },
    "solver" : {
      "assumptions" : "Frequencies rounded to nearest 25% per source. ChipEV (non-ICM). 1bb (12.5%) big-blind ante."
    },
    "type" : "published"
  },
  "spot" : {
    "anteType" : "bigBlindAnte",
    "facingAction" : "vsOpen",
    "opponentPosition" : "LJ",
    "position" : "SB",
    "stackDepthBB" : 70
  }
}