{
  "format" : "NLHE_MTT_8MAX",
  "hands" : {
    "22" : {
      "fold" : 1
    },
    "32o" : {
      "fold" : 1
    },
    "32s" : {
      "fold" : 1
    },
    "33" : {
      "call" : 0.0044999999999999997,
      "fold" : 0.99160000000000004,
      "shove" : 0.0038999999999999998
    },
    "42o" : {
      "fold" : 1
    },
    "42s" : {
      "call" : 0.0014,
      "fold" : 0.99850000000000005
    },
    "43o" : {
      "fold" : 1
    },
    "43s" : {
      "fold" : 0.99829999999999997
    },
    "44" : {
      "call" : 0.058500000000000003,
      "fold" : 0.93730000000000002,
      "shove" : 0.0041999999999999997
    },
    "52o" : {
      "fold" : 1
    },
    "52s" : {
      "fold" : 0.99960000000000004
    },
    "53o" : {
      "fold" : 1
    },
    "53s" : {
      "fold" : 1
    },
    "54o" : {
      "fold" : 0.99970000000000003
    },
    "54s" : {
      "fold" : 0.99750000000000005,
      "shove" : 0.0023
    },
    "55" : {
      "call" : 0.015699999999999999,
      "fold" : 0.9738,
      "shove" : 0.010500000000000001
    },
    "62o" : {
      "fold" : 0.99990000000000001
    },
    "62s" : {
      "fold" : 0.99980000000000002
    },
    "63o" : {
      "fold" : 0.99990000000000001
    },
    "63s" : {
      "fold" : 0.996,
      "shove" : 0.0038999999999999998
    },
    "64o" : {
      "fold" : 0.99970000000000003
    },
    "64s" : {
      "call" : 0.0077999999999999996,
      "fold" : 0.99139999999999995
    },
    "65o" : {
      "fold" : 0.99990000000000001
    },
    "65s" : {
      "call" : 0.015900000000000001,
      "fold" : 0.96499999999999997,
      "shove" : 0.019199999999999998
    },
    "66" : {
      "call" : 0.33350000000000002,
      "fold" : 0.65600000000000003,
      "shove" : 0.010500000000000001
    },
    "72o" : {
      "fold" : 1
    },
    "72s" : {
      "fold" : 0.99970000000000003
    },
    "73o" : {
      "fold" : 0.99990000000000001
    },
    "73s" : {
      "fold" : 0.99970000000000003
    },
    "74o" : {
      "fold" : 1
    },
    "74s" : {
      "fold" : 0.99919999999999998
    },
    "75o" : {
      "fold" : 0.99990000000000001
    },
    "75s" : {
      "fold" : 0.99970000000000003
    },
    "76o" : {
      "fold" : 1
    },
    "76s" : {
      "fold" : 0.99990000000000001
    },
    "77" : {
      "call" : 0.76800000000000002,
      "fold" : 0.2213,
      "shove" : 0.010699999999999999
    },
    "82o" : {
      "fold" : 1
    },
    "82s" : {
      "fold" : 0.99960000000000004
    },
    "83o" : {
      "fold" : 1
    },
    "83s" : {
      "fold" : 1
    },
    "84o" : {
      "fold" : 0.99990000000000001
    },
    "84s" : {
      "fold" : 0.99860000000000004
    },
    "85o" : {
      "fold" : 1
    },
    "85s" : {
      "fold" : 0.99980000000000002
    },
    "86o" : {
      "fold" : 0.99990000000000001
    },
    "86s" : {
      "call" : 0.1925,
      "fold" : 0.80730000000000002
    },
    "87o" : {
      "fold" : 0.99980000000000002
    },
    "87s" : {
      "fold" : 0.99950000000000006
    },
    "88" : {
      "call" : 0.92779999999999996,
      "fold" : 0.033099999999999997,
      "shove" : 0.039100000000000003
    },
    "92o" : {
      "fold" : 1
    },
    "92s" : {
      "fold" : 1
    },
    "93o" : {
      "fold" : 1
    },
    "93s" : {
      "call" : 0.0030999999999999999,
      "fold" : 0.99629999999999996
    },
    "94o" : {
      "fold" : 1
    },
    "94s" : {
      "call" : 0.0037000000000000002,
      "fold" : 0.99609999999999999
    },
    "95o" : {
      "fold" : 0.99990000000000001
    },
    "95s" : {
      "call" : 0.0086999999999999994,
      "fold" : 0.99060000000000004
    },
    "96o" : {
      "fold" : 0.99990000000000001
    },
    "96s" : {
      "fold" : 0.99729999999999996,
      "shove" : 0.0020999999999999999
    },
    "97o" : {
      "fold" : 0.99960000000000004
    },
    "97s" : {
      "fold" : 0.99919999999999998
    },
    "98o" : {
      "fold" : 0.99990000000000001
    },
    "98s" : {
      "fold" : 0.996,
      "shove" : 0.0032000000000000002
    },
    "99" : {
      "call" : 0.58250000000000002,
      "shove" : 0.41720000000000002
    },
    "A2o" : {
      "call" : 0.0014,
      "fold" : 0.99839999999999995
    },
    "A2s" : {
      "call" : 0.0095999999999999992,
      "fold" : 0.98819999999999997,
      "shove" : 0.0023
    },
    "A3o" : {
      "call" : 0.0022000000000000001,
      "fold" : 0.99760000000000004
    },
    "A3s" : {
      "call" : 0.16669999999999999,
      "fold" : 0.7722,
      "shove" : 0.060999999999999999
    },
    "A4o" : {
      "fold" : 0.99980000000000002
    },
    "A4s" : {
      "call" : 0.068500000000000005,
      "fold" : 0.61450000000000005,
      "shove" : 0.317
    },
    "A5o" : {
      "call" : 0.0045999999999999999,
      "fold" : 0.99270000000000003,
      "shove" : 0.0027000000000000001
    },
    "A5s" : {
      "call" : 0.029600000000000001,
      "fold" : 0.77180000000000004,
      "shove" : 0.1986
    },
    "A6o" : {
      "call" : 0.0030999999999999999,
      "fold" : 0.99329999999999996,
      "shove" : 0.0035999999999999999
    },
    "A6s" : {
      "call" : 0.033300000000000003,
      "fold" : 0.94979999999999998,
      "shove" : 0.016899999999999998
    },
    "A7o" : {
      "fold" : 0.99109999999999998,
      "shove" : 0.0082000000000000007
    },
    "A7s" : {
      "fold" : 0.997,
      "shove" : 0.0027000000000000001
    },
    "A8o" : {
      "fold" : 0.99880000000000002
    },
    "A8s" : {
      "call" : 0.061800000000000001,
      "fold" : 0.84970000000000001,
      "shove" : 0.088499999999999995
    },
    "A9o" : {
      "call" : 0.0054000000000000003,
      "fold" : 0.99170000000000003,
      "shove" : 0.0028999999999999998
    },
    "A9s" : {
      "call" : 0.37319999999999998,
      "fold" : 0.54949999999999999,
      "shove" : 0.077299999999999994
    },
    "AA" : {
      "call" : 0.53659999999999997,
      "shove" : 0.46339999999999998
    },
    "AJo" : {
      "call" : 0.96109999999999995,
      "fold" : 0.0044000000000000003,
      "shove" : 0.034599999999999999
    },
    "AJs" : {
      "call" : 0.9103,
      "shove" : 0.089700000000000002
    },
    "AKo" : {
      "call" : 0.33560000000000001,
      "shove" : 0.66439999999999999
    },
    "AKs" : {
      "call" : 0.38569999999999999,
      "shove" : 0.61429999999999996
    },
    "AQo" : {
      "shove" : 1
    },
    "AQs" : {
      "call" : 0.29759999999999998,
      "shove" : 0.70220000000000005
    },
    "ATo" : {
      "call" : 0.057099999999999998,
      "fold" : 0.91349999999999998,
      "shove" : 0.029399999999999999
    },
    "ATs" : {
      "call" : 0.1009,
      "fold" : 0.072499999999999995,
      "shove" : 0.8266
    },
    "J2o" : {
      "fold" : 1
    },
    "J2s" : {
      "fold" : 0.99909999999999999
    },
    "J3o" : {
      "fold" : 0.99990000000000001
    },
    "J3s" : {
      "fold" : 0.99990000000000001
    },
    "J4o" : {
      "fold" : 0.99990000000000001
    },
    "J4s" : {
      "call" : 0.0058999999999999999,
      "fold" : 0.99390000000000001
    },
    "J5o" : {
      "fold" : 1
    },
    "J5s" : {
      "fold" : 0.99960000000000004
    },
    "J6o" : {
      "fold" : 1
    },
    "J6s" : {
      "fold" : 0.99990000000000001
    },
    "J7o" : {
      "call" : 0.002,
      "fold" : 0.998
    },
    "J7s" : {
      "call" : 0.020500000000000001,
      "fold" : 0.97940000000000005
    },
    "J8o" : {
      "fold" : 0.99990000000000001
    },
    "J8s" : {
      "fold" : 0.97270000000000001,
      "shove" : 0.027099999999999999
    },
    "J9o" : {
      "fold" : 0.99970000000000003
    },
    "J9s" : {
      "fold" : 0.93420000000000003,
      "shove" : 0.065699999999999995
    },
    "JJ" : {
      "call" : 0.021700000000000001,
      "shove" : 0.97829999999999995
    },
    "JTo" : {
      "call" : 0.0022000000000000001,
      "fold" : 0.99619999999999997,
      "shove" : 0.0015
    },
    "JTs" : {
      "call" : 0.082299999999999998,