{
  "format" : "NLHE_MTT_8MAX",
  "hands" : {
    "33" : {
      "call" : 0.039899999999999998,
      "fold" : 0.96009999999999995
    },
    "44" : {
      "call" : 0.315,
      "fold" : 0.68500000000000005
    },
    "55" : {
      "call" : 1
    },
    "66" : {
      "call" : 1
    },
    "77" : {
      "call" : 0.82509999999999994,
      "raise3x" : 0.1749
    },
    "88" : {
      "call" : 0.72509999999999997,
      "raise3x" : 0.27489999999999998
    },
    "98s" : {
      "call" : 0.58009999999999995,
      "fold" : 0.39000000000000001,
      "raise3x" : 0.029899999999999999
    },
    "99" : {
      "call" : 0.33989999999999998,
      "raise3x" : 0.66010000000000002
    },
    "A4s" : {
      "call" : 0.96009999999999995,
      "raise3x" : 0.039899999999999998
    },
    "A5s" : {
      "call" : 0.58509999999999995,
      "raise3x" : 0.41489999999999999
    },
    "A6s" : {
      "call" : 0.26989999999999997,
      "raise3x" : 0.73009999999999997
    },
    "A7s" : {
      "call" : 0.55989999999999995,
      "raise3x" : 0.44009999999999999
    },
    "A8s" : {
      "call" : 0.53500000000000003,
      "raise3x" : 0.46500000000000002
    },
    "A9o" : {
      "fold" : 0.77500000000000002,
      "raise3x" : 0.22500000000000001
    },
    "A9s" : {
      "call" : 1
    },
    "AA" : {
      "call" : 0.315,
      "raise3x" : 0.68500000000000005
    },
    "AJo" : {
      "call" : 0.375,
      "raise3x" : 0.625
    },
    "AJs" : {
      "call" : 1
    },
    "AKo" : {
      "raise3x" : 1
    },
    "AKs" : {
      "raise3x" : 1
    },
    "AQo" : {
      "call" : 0.82420000000000004,
      "raise3x" : 0.17580000000000001
    },
    "AQs" : {
      "raise3x" : 1
    },
    "ATo" : {
      "call" : 0.32500000000000001,
      "raise3x" : 0.67500000000000004
    },
    "ATs" : {
      "call" : 1
    },
    "J9s" : {
      "call" : 0.495,
      "fold" : 0.30009999999999998,
      "raise3x" : 0.2049
    },
    "JJ" : {
      "call" : 0.1799,
      "raise3x" : 0.82010000000000005
    },
    "JTs" : {
      "call" : 1
    },
    "K8s" : {
      "fold" : 0.36509999999999998,
      "raise3x" : 0.63490000000000002
    },
    "K9s" : {
      "call" : 0.245,
      "raise3x" : 0.755
    },
    "KJo" : {
      "call" : 0.50270000000000004,
      "fold" : 0.20880000000000001,
      "raise3x" : 0.28849999999999998
    },
    "KJs" : {
      "call" : 1
    },
    "KK" : {
      "raise3x" : 1
    },
    "KQo" : {
      "call" : 0.60499999999999998,
      "raise3x" : 0.39500000000000002
    },
    "KQs" : {
      "call" : 0.95509999999999995,
      "raise3x" : 0.044900000000000002
    },
    "KTs" : {
      "call" : 1
    },
    "Q8s" : {
      "fold" : 0.96009999999999995,
      "raise3x" : 0.039899999999999998
    },
    "Q9s" : {
      "raise3x" : 1
    },
    "QJo" : {
      "fold" : 0.82999999999999996,
      "raise3x" : 0.17000000000000001
    },
    "QJs" : {
      "call" : 1
    },
    "QQ" : {
      "call" : 0.0499,
      "raise3x" : 0.95009999999999994
    },
    "QTs" : {
      "call" : 0.97009999999999996,
      "raise3x" : 0.029899999999999999
    },
    "T8s" : {
      "call" : 0.054899999999999997,
      "fold" : 0.94510000000000005
    },
    "T9s" : {
      "call" : 0.74509999999999998,
      "raise3x" : 0.25490000000000002
    },
    "TT" : {
      "call" : 0.10489999999999999,
      "raise3x" : 0.89510000000000001
    }
  },
  "id" : "mtt_8max_30bb_co_vsopen_vs_hj",
  "source" : {
    "description" : "RangeConverter free PDF — 8-max 30bb 1bb ante (12.5%).",
    "publisher" : {
      "accessedDate" : "2026-06-01",
      "name" : "RangeConverter",
      "product" : "Free Poker Charts — 8 max 1bb ante MTT GTO Ranges",
      "treeParams" : "poker.academy CE-Symmetric Regular @ 30bb (GTO ChipEV, 1bb ante)",
      "url" : "https:\/\/rangeconverter.com\/free-poker-charts"
    },
    "solver" : {
      "assumptions" : "Frequencies rounded to nearest 25% per source. ChipEV (non-ICM). 1bb (12.5%) big-blind ante."
    },
    "type" : "published"
  },
  "spot" : {
    "anteType" : "bigBlindAnte",
    "facingAction" : "vsOpen",
    "opponentPosition" : "HJ",
    "position" : "CO",
    "stackDepthBB" : 30
  }
}