{
  "format" : "NLHE_MTT_8MAX",
  "hands" : {
    "66" : {
      "call" : 0.089999999999999997,
      "fold" : 0.91000000000000003
    },
    "77" : {
      "call" : 0.11990000000000001,
      "fold" : 0.88009999999999999
    },
    "88" : {
      "call" : 0.30149999999999999,
      "fold" : 0.51770000000000005,
      "raise3x" : 0.18079999999999999
    },
    "99" : {
      "call" : 0.28999999999999998,
      "raise3x" : 0.70999999999999996
    },
    "A9s" : {
      "call" : 0.044900000000000002,
      "raise3x" : 0.95509999999999995
    },
    "AA" : {
      "call" : 0.069800000000000001,
      "raise3x" : 0.93020000000000003
    },
    "AJo" : {
      "fold" : 0.84499999999999997,
      "raise3x" : 0.155
    },
    "AJs" : {
      "call" : 0.85499999999999998,
      "raise3x" : 0.14499999999999999
    },
    "AKo" : {
      "call" : 0.064799999999999996,
      "raise3x" : 0.76019999999999999,
      "shove" : 0.17499999999999999
    },
    "AKs" : {
      "raise3x" : 1
    },
    "AQo" : {
      "call" : 0.19989999999999999,
      "raise3x" : 0.80010000000000003
    },
    "AQs" : {
      "call" : 0.72509999999999997,
      "raise3x" : 0.27489999999999998
    },
    "ATs" : {
      "call" : 0.1749,
      "raise3x" : 0.82509999999999994
    },
    "JJ" : {
      "call" : 0.080399999999999999,
      "raise3x" : 0.80910000000000004,
      "shove" : 0.1105
    },
    "JTs" : {
      "call" : 0.19989999999999999,
      "fold" : 0.80010000000000003
    },
    "KJs" : {
      "call" : 0.080000000000000002,
      "raise3x" : 0.92000000000000004
    },
    "KK" : {
      "call" : 0.024899999999999999,
      "raise3x" : 0.97509999999999997
    },
    "KQo" : {
      "fold" : 0.89510000000000001,
      "raise3x" : 0.10489999999999999
    },
    "KQs" : {
      "call" : 0.77000000000000002,
      "shove" : 0.23000000000000001
    },
    "KTs" : {
      "call" : 0.23499999999999999,
      "raise3x" : 0.76500000000000001
    },
    "QJs" : {
      "call" : 0.054899999999999997,
      "fold" : 0.47010000000000002,
      "raise3x" : 0.47499999999999998
    },
    "QQ" : {
      "call" : 0.069800000000000001,
      "raise3x" : 0.93020000000000003
    },
    "QTs" : {
      "call" : 0.17000000000000001,
      "fold" : 0.82999999999999996
    },
    "TT" : {
      "call" : 0.28489999999999999,
      "raise3x" : 0.6351,
      "shove" : 0.080000000000000002
    }
  },
  "id" : "mtt_8max_25bb_utg1_vsopen",
  "source" : {
    "description" : "RangeConverter free PDF — 8-max 25bb 1bb ante (12.5%).",
    "publisher" : {
      "accessedDate" : "2026-06-01",
      "name" : "RangeConverter",
      "product" : "Free Poker Charts — 8 max 1bb ante MTT GTO Ranges",
      "treeParams" : "poker.academy CE-Symmetric Regular @ 25bb (GTO ChipEV, 1bb ante)",
      "url" : "https:\/\/rangeconverter.com\/free-poker-charts"
    },
    "solver" : {
      "assumptions" : "Frequencies rounded to nearest 25% per source. ChipEV (non-ICM). 1bb (12.5%) big-blind ante."
    },
    "type" : "published"
  },
  "spot" : {
    "anteType" : "bigBlindAnte",
    "facingAction" : "vsOpen",
    "position" : "UTG1",
    "stackDepthBB" : 25
  }
}