{
  "format" : "NLHE_MTT_9MAX",
  "hands" : {
    "22" : {
      "fold" : 1
    },
    "32o" : {
      "fold" : 1
    },
    "32s" : {
      "fold" : 1
    },
    "33" : {
      "fold" : 0.99960000000000004
    },
    "42o" : {
      "fold" : 1
    },
    "42s" : {
      "fold" : 1
    },
    "43o" : {
      "fold" : 1
    },
    "43s" : {
      "fold" : 1
    },
    "44" : {
      "fold" : 0.98199999999999998,
      "raise25x" : 0.017999999999999999
    },
    "52o" : {
      "fold" : 1
    },
    "52s" : {
      "fold" : 1
    },
    "53o" : {
      "fold" : 1
    },
    "53s" : {
      "fold" : 1
    },
    "54o" : {
      "fold" : 1
    },
    "54s" : {
      "fold" : 1
    },
    "55" : {
      "fold" : 0.074499999999999997,
      "raise25x" : 0.92549999999999999
    },
    "62o" : {
      "fold" : 1
    },
    "62s" : {
      "fold" : 1
    },
    "63o" : {
      "fold" : 1
    },
    "63s" : {
      "fold" : 0.99970000000000003
    },
    "64o" : {
      "fold" : 1
    },
    "64s" : {
      "fold" : 1
    },
    "65o" : {
      "fold" : 1
    },
    "65s" : {
      "fold" : 1
    },
    "66" : {
      "fold" : 0.19900000000000001,
      "raise25x" : 0.80100000000000005
    },
    "72o" : {
      "fold" : 1
    },
    "72s" : {
      "fold" : 1
    },
    "73o" : {
      "fold" : 1
    },
    "73s" : {
      "fold" : 1
    },
    "74o" : {
      "fold" : 1
    },
    "74s" : {
      "fold" : 1
    },
    "75o" : {
      "fold" : 1
    },
    "75s" : {
      "fold" : 0.99990000000000001
    },
    "76o" : {
      "fold" : 1
    },
    "76s" : {
      "fold" : 1
    },
    "77" : {
      "fold" : 0.030599999999999999,
      "raise25x" : 0.96940000000000004
    },
    "82o" : {
      "fold" : 1
    },
    "82s" : {
      "fold" : 1
    },
    "83o" : {
      "fold" : 1
    },
    "83s" : {
      "fold" : 1
    },
    "84o" : {
      "fold" : 1
    },
    "84s" : {
      "fold" : 1
    },
    "85o" : {
      "fold" : 1
    },
    "85s" : {
      "fold" : 1
    },
    "86o" : {
      "fold" : 0.99990000000000001
    },
    "86s" : {
      "fold" : 0.99929999999999997
    },
    "87o" : {
      "fold" : 1
    },
    "87s" : {
      "fold" : 1
    },
    "88" : {
      "raise25x" : 1
    },
    "92o" : {
      "fold" : 1
    },
    "92s" : {
      "fold" : 0.99990000000000001
    },
    "93o" : {
      "fold" : 1
    },
    "93s" : {
      "fold" : 1
    },
    "94o" : {
      "fold" : 1
    },
    "94s" : {
      "fold" : 1
    },
    "95o" : {
      "fold" : 1
    },
    "95s" : {
      "fold" : 1
    },
    "96o" : {
      "fold" : 1
    },
    "96s" : {
      "fold" : 1
    },
    "97o" : {
      "fold" : 1
    },
    "97s" : {
      "fold" : 1
    },
    "98o" : {
      "fold" : 1
    },
    "98s" : {
      "fold" : 0.99870000000000003,
      "raise25x" : 0.0013000000000000002
    },
    "99" : {
      "raise25x" : 1
    },
    "A2o" : {
      "fold" : 0.99980000000000002
    },
    "A2s" : {
      "fold" : 0.89649999999999996,
      "raise25x" : 0.10349999999999999
    },
    "A3o" : {
      "fold" : 0.99960000000000004
    },
    "A3s" : {
      "fold" : 0.96950000000000003,
      "raise25x" : 0.030499999999999999
    },
    "A4o" : {
      "fold" : 0.997,
      "raise25x" : 0.0030000000000000001
    },
    "A4s" : {
      "fold" : 0.78080000000000005,
      "raise25x" : 0.21920000000000001
    },
    "A5o" : {
      "fold" : 0.85360000000000003,
      "raise25x" : 0.1464
    },
    "A5s" : {
      "fold" : 0.25990000000000002,
      "raise25x" : 0.74009999999999998
    },
    "A6o" : {
      "fold" : 0.99970000000000003
    },
    "A6s" : {
      "fold" : 0.089200000000000002,
      "raise25x" : 0.91080000000000005
    },
    "A7o" : {
      "fold" : 0.75760000000000005,
      "raise25x" : 0.2424
    },
    "A7s" : {
      "fold" : 0.1376,
      "raise25x" : 0.86240000000000006
    },
    "A8o" : {
      "fold" : 0.19109999999999999,
      "raise25x" : 0.80889999999999995
    },
    "A8s" : {
      "fold" : 0.55600000000000005,
      "raise25x" : 0.44400000000000001
    },
    "A9o" : {
      "fold" : 0.2051,
      "raise25x" : 0.79490000000000005
    },
    "A9s" : {
      "raise25x" : 0.99990000000000001
    },
    "AA" : {
      "raise25x" : 1
    },
    "AJo" : {
      "raise25x" : 1
    },
    "AJs" : {
      "raise25x" : 1
    },
    "AKo" : {
      "raise25x" : 1
    },
    "AKs" : {
      "raise25x" : 1
    },
    "AQo" : {
      "raise25x" : 1
    },
    "AQs" : {
      "raise25x" : 1
    },
    "ATo" : {
      "raise25x" : 1
    },
    "ATs" : {
      "raise25x" : 0.99990000000000001
    },
    "J2o" : {
      "fold" : 1
    },
    "J2s" : {
      "fold" : 1
    },
    "J3o" : {
      "fold" : 1
    },
    "J3s" : {
      "fold" : 0.99990000000000001
    },
    "J4o" : {
      "fold" : 1
    },
    "J4s" : {
      "fold" : 1
    },
    "J5o" : {
      "fold" : 1
    },
    "J5s" : {
      "fold" : 1
    },
    "J6o" : {
      "fold" : 1
    },
    "J6s" : {
      "fold" : 0.99960000000000004
    },
    "J7o" : {
      "fold" : 1
    },
    "J7s" : {
      "fold" : 0.99990000000000001
    },
    "J8o" : {
      "fold" : 1
    },
    "J8s" : {
      "fold" : 0.999
    },
    "J9o" : {
      "fold" : 0.99980000000000002
    },
    "J9s" : {
      "fold" : 0.99919999999999998
    },
    "JJ" : {
      "raise25x" : 1
    },
    "JTo" : {
      "fold" : 0.999
    },
    "JTs" : {
      "fold" : 0.1749,
      "raise25x" : 0.82509999999999994
    },
    "K2o" : {
      "fold" : 1
    },
    "K2s" : {
      "fold" : 1
    },
    "K3o" : {
      "fold" : 1
    },
    "K3s" : {
      "fold" : 0.99980000000000002
    },
    "K4o" : {
      "fold" : 1
    },
    "K4s" : {
      "fold" : 0.99950000000000006
    },
    "K5o" : {
      "fold" : 1
    },
    "K5s" : {
      "fold" : 0.99370000000000003,
      "raise25x" : 0.0063
    },
    "K6o" : {
      "fold" : 1
    },
    "K6s" : {
      "fold" : 0.91849999999999998,
      "raise25x" : 0.081500000000000003
    },
    "K7o" : {
      "fold" : 0.99960000000000004
    },
    "K7s" : {
      "fold" : 0.86680000000000001,
      "raise25x" : 0.13320000000000001
    },
    "K8o" : {
      "fold" : 0.99919999999999998
    },
    "K8s" : {
      "fold" : 0.99960000000000004
    },
    "K9o" : {
      "fold" : 0.99670000000000003,
      "raise25x" : 0.0033
    },
    "K9s" : {
      "fold" : 0.26319999999999999,
      "raise25x" : 0.73680000000000001
    },
    "KJo" : {
      "fold" : 0.33650000000000002,
      "raise25x" : 0.66349999999999998
    },
    "KJs" : {
      "fold" : 0.03139999999999999,
      "raise25x" : 0.96860000000000002
    },
    "KK" : {
      "raise25x" : 1
    },
    "KQo" : {
      "raise25x" : 1
    },
    "KQs" : {
      "fold" : 0.079200000000000007,
      "raise25x" : 0.92079999999999995
    },
    "KTo" : {
      "fold" : 0.54490000000000005,
      "raise25x" : 0.4551
    },
    "KTs" : {
      "fold" : 0.041399999999999999,
      "raise25x" : 0.95860000000000001
    },
    "Q2o" : {
      "fold" : 1
    },
    "Q2s" : {
      "fold" : 1
    },
    "Q3o" : {
      "fold" : 1
    },
    "Q3s" : {
      "fold" : 0.99890000000000001,
      "raise25x" : 0.0011000000000000001
    },
    "Q4o" : {
      "fold" : 1
    },
    "Q4s" : {
      "fold" : 0.99990000000000001
    },
    "Q5o" : {
      "fold" : 1
    },
    "Q5s" : {
      "fold" : 0.99770000000000003,
      "raise25x" : 0.0023
    },
    "Q6o" : {
      "fold" : 1
    },
    "Q6s" : {
      "fold" : 0.99990000000000001
    },
    "Q7o" : {
      "fold" : 1
    },
    "Q7s" : {
      "fold" : 0.99939999999999996
    },
    "Q8o" : {
      "fold" : 0.99980000000000002
    },
    "Q8s" : {
      "fold" : 0.99980000000000002
    },
    "Q9o" : {
      "fold" : 0.99980000000000002
    },
    "Q9s" : {
      "fold" : 0.73399999999999999,
      "raise25x" : 0.26600000000000001
    },
    "QJo" : {
      "fold" : 0.99580000000000002,
      "raise25x" : 0.0042000000000000006
    },