{
  "format" : "NLHE_MTT_8MAX",
  "hands" : {
    "44" : {
      "call" : 0.86070000000000002,
      "fold" : 0.13930000000000001
    },
    "55" : {
      "call" : 0.46999999999999997,
      "fold" : 0.53000000000000003
    },
    "66" : {
      "call" : 0.60209999999999997,
      "fold" : 0.39789999999999998
    },
    "76s" : {
      "call" : 1
    },
    "77" : {
      "call" : 0.73799999999999999,
      "fold" : 0.26200000000000001
    },
    "87s" : {
      "call" : 1
    },
    "88" : {
      "call" : 1
    },
    "99" : {
      "call" : 1
    },
    "A3s" : {
      "call" : 0.29999999999999999,
      "fold" : 0.69999999999999996
    },
    "A4s" : {
      "call" : 0.98399999999999999,
      "shove" : 0.016
    },
    "A5s" : {
      "call" : 0.52790000000000004,
      "shove" : 0.47210000000000002
    },
    "A7s" : {
      "call" : 0.27989999999999998,
      "fold" : 0.72009999999999996
    },
    "A8s" : {
      "call" : 0.55200000000000005,
      "fold" : 0.44800000000000001
    },
    "A9s" : {
      "call" : 0.49590000000000001,
      "fold" : 0.50409999999999999
    },
    "AA" : {
      "call" : 1
    },
    "AJo" : {
      "call" : 0.0057999999999999996,
      "fold" : 0.99419999999999997
    },
    "AJs" : {
      "call" : 1
    },
    "AKo" : {
      "shove" : 1
    },
    "AKs" : {
      "call" : 0.62209999999999999,
      "shove" : 0.37790000000000001
    },
    "AQo" : {
      "call" : 1
    },
    "AQs" : {
      "call" : 1
    },
    "ATs" : {
      "call" : 1
    },
    "JJ" : {
      "call" : 0.67210000000000003,
      "shove" : 0.32790000000000002
    },
    "JTs" : {
      "call" : 1
    },
    "K6s" : {
      "call" : 1
    },
    "K9s" : {
      "call" : 0.2258,
      "fold" : 0.7742
    },
    "KJs" : {
      "call" : 1
    },
    "KK" : {
      "call" : 0.56799999999999995,
      "shove" : 0.432
    },
    "KQo" : {
      "call" : 0.27200000000000002,
      "fold" : 0.72799999999999998
    },
    "KQs" : {
      "call" : 1
    },
    "KTs" : {
      "call" : 1
    },
    "QJs" : {
      "call" : 1
    },
    "QQ" : {
      "call" : 0.045900000000000003,
      "shove" : 0.95409999999999995
    },
    "QTs" : {
      "call" : 0.68610000000000004,
      "fold" : 0.31390000000000001
    },
    "T9s" : {
      "call" : 0.54600000000000004,
      "fold" : 0.45400000000000001
    },
    "TT" : {
      "call" : 1
    }
  },
  "id" : "mtt_8max_50bb_utg1_vs3bet_vs_sb",
  "source" : {
    "description" : "RangeConverter free PDF — 8-max 50bb 1bb ante (12.5%).",
    "publisher" : {
      "accessedDate" : "2026-06-01",
      "name" : "RangeConverter",
      "product" : "Free Poker Charts — 8 max 1bb ante MTT GTO Ranges",
      "treeParams" : "poker.academy CE-Symmetric Regular @ 50bb (GTO ChipEV, 1bb ante)",
      "url" : "https:\/\/rangeconverter.com\/free-poker-charts"
    },
    "solver" : {
      "assumptions" : "Frequencies rounded to nearest 25% per source. ChipEV (non-ICM). 1bb (12.5%) big-blind ante."
    },
    "type" : "published"
  },
  "spot" : {
    "anteType" : "bigBlindAnte",
    "facingAction" : "vs3Bet",
    "opponentPosition" : "SB",
    "position" : "UTG1",
    "stackDepthBB" : 50
  }
}