{
  "format" : "NLHE_MTT_9MAX",
  "hands" : {
    "22" : {
      "call" : 1
    },
    "33" : {
      "call" : 1
    },
    "44" : {
      "call" : 1
    },
    "55" : {
      "call" : 1
    },
    "66" : {
      "call" : 0.83999999999999997,
      "fold" : 0.16
    },
    "77" : {
      "call" : 0.65590000000000004,
      "fold" : 0.34410000000000002
    },
    "88" : {
      "call" : 0.68400000000000005,
      "fold" : 0.316
    },
    "99" : {
      "call" : 0.85599999999999998,
      "fold" : 0.096000000000000002,
      "raise25x" : 0.048000000000000001
    },
    "A4s" : {
      "call" : 0.46210000000000001,
      "raise25x" : 0.53790000000000004
    },
    "A5s" : {
      "call" : 0.68999999999999995,
      "raise25x" : 0.31
    },
    "A6s" : {
      "fold" : 0.85599999999999998,
      "raise25x" : 0.14399999999999999
    },
    "A7s" : {
      "call" : 0.077700000000000005,
      "fold" : 0.79449999999999998,
      "raise25x" : 0.1278
    },
    "A8s" : {
      "call" : 0.23400000000000001,
      "fold" : 0.67810000000000004,
      "raise25x" : 0.087900000000000006
    },
    "A9s" : {
      "call" : 0.52800000000000002,
      "fold" : 0.27600000000000002,
      "raise25x" : 0.19600000000000001
    },
    "AA" : {
      "raise25x" : 1
    },
    "AJs" : {
      "call" : 1
    },
    "AKo" : {
      "call" : 0.67210000000000003,
      "raise25x" : 0.32790000000000002
    },
    "AKs" : {
      "raise25x" : 1
    },
    "AQo" : {
      "call" : 0.21590000000000001,
      "fold" : 0.41999999999999998,
      "raise25x" : 0.36409999999999998
    },
    "AQs" : {
      "call" : 1
    },
    "ATs" : {
      "call" : 1
    },
    "JJ" : {
      "call" : 0.72599999999999998,
      "raise25x" : 0.27400000000000002
    },
    "JTs" : {
      "call" : 0.32390000000000002,
      "fold" : 0.67610000000000003
    },
    "KJs" : {
      "call" : 0.52400000000000002,
      "raise25x" : 0.47599999999999998
    },
    "KK" : {
      "raise25x" : 1
    },
    "KQs" : {
      "call" : 1
    },
    "KTs" : {
      "call" : 0.26390000000000002,
      "raise25x" : 0.73609999999999998
    },
    "QJs" : {
      "call" : 0.63200000000000001,
      "fold" : 0.36799999999999999
    },
    "QQ" : {
      "call" : 0.78810000000000002,
      "raise25x" : 0.21190000000000001
    },
    "QTs" : {
      "call" : 0.54600000000000004,
      "fold" : 0.45400000000000001
    },
    "T9s" : {
      "call" : 0.53210000000000002,
      "fold" : 0.46789999999999998
    },
    "TT" : {
      "call" : 0.92210000000000003,
      "raise25x" : 0.077900000000000011
    }
  },
  "id" : "mtt_9max_100bb_utg_vs3bet_vs_btn",
  "source" : {
    "description" : "Adapted from RangeConverter 8-max baseline.",
    "publisher" : {
      "accessedDate" : "2026-06-01",
      "name" : "RangeConverter",
      "product" : "Free Poker Charts — 8 max 1bb ante MTT GTO Ranges",
      "treeParams" : "2.5x open, 3.5x 3bet IP, 4.5x 3bet OOP, 2.3x 4bet IP, 2.75x 4bet OOP, SB vs BB 3.2bb",
      "url" : "https:\/\/rangeconverter.com\/free-poker-charts"
    },
    "solver" : {
      "assumptions" : "Frequencies rounded to nearest 25% per source. ChipEV (non-ICM). 1bb (12.5%) big-blind ante. Adapted from 8-max UTG; weakest combos (54s, 65s, 76s, 87s, 98s, A2s, A3s, JTo, K7s, K8s, T9o) demoted to fold to reach the 9-max UTG VPIP band."
    },
    "type" : "published"
  },
  "spot" : {
    "anteType" : "bigBlindAnte",
    "facingAction" : "vs3Bet",
    "opponentPosition" : "BTN",
    "position" : "UTG",
    "stackDepthBB" : 100
  }
}