{
  "format" : "NLHE_MTT_9MAX",
  "hands" : {
    "22" : {
      "shove" : 1
    },
    "32s" : {
      "call" : 1
    },
    "33" : {
      "raise25x" : 0.044900000000000002,
      "shove" : 0.95509999999999995
    },
    "42s" : {
      "call" : 1
    },
    "43o" : {
      "call" : 1
    },
    "43s" : {
      "call" : 1
    },
    "44" : {
      "raise25x" : 0.25990000000000002,
      "shove" : 0.74009999999999998
    },
    "52s" : {
      "call" : 1
    },
    "53o" : {
      "call" : 1
    },
    "53s" : {
      "call" : 1
    },
    "54o" : {
      "call" : 1
    },
    "54s" : {
      "call" : 1
    },
    "55" : {
      "raise25x" : 0.054900000000000004,
      "shove" : 0.94510000000000005
    },
    "62s" : {
      "call" : 1
    },
    "63o" : {
      "call" : 0.34989999999999999,
      "fold" : 0.65010000000000001
    },
    "63s" : {
      "call" : 1
    },
    "64o" : {
      "call" : 1
    },
    "64s" : {
      "call" : 1
    },
    "65o" : {
      "call" : 1
    },
    "65s" : {
      "call" : 1
    },
    "66" : {
      "shove" : 1
    },
    "72s" : {
      "call" : 1
    },
    "73s" : {
      "call" : 1
    },
    "74o" : {
      "call" : 0.85499999999999998,
      "fold" : 0.14499999999999999
    },
    "74s" : {
      "call" : 1
    },
    "75o" : {
      "call" : 1
    },
    "75s" : {
      "call" : 1
    },
    "76o" : {
      "call" : 1
    },
    "76s" : {
      "call" : 1
    },
    "77" : {
      "shove" : 1
    },
    "82s" : {
      "call" : 1
    },
    "83s" : {
      "call" : 1
    },
    "84s" : {
      "call" : 1
    },
    "85o" : {
      "call" : 1
    },
    "85s" : {
      "call" : 1
    },
    "86o" : {
      "call" : 1
    },
    "86s" : {
      "call" : 1
    },
    "87o" : {
      "call" : 1
    },
    "87s" : {
      "call" : 1
    },
    "88" : {
      "shove" : 1
    },
    "92s" : {
      "call" : 1
    },
    "93s" : {
      "call" : 1
    },
    "94s" : {
      "call" : 1
    },
    "95s" : {
      "call" : 1
    },
    "96o" : {
      "call" : 1
    },
    "96s" : {
      "call" : 1
    },
    "97o" : {
      "call" : 1
    },
    "97s" : {
      "call" : 1
    },
    "98o" : {
      "call" : 1
    },
    "98s" : {
      "call" : 1
    },
    "99" : {
      "shove" : 1
    },
    "A2o" : {
      "call" : 0.95009999999999994,
      "raise25x" : 0.0499
    },
    "A2s" : {
      "call" : 1
    },
    "A3o" : {
      "call" : 0.96509999999999996,
      "raise25x" : 0.0349
    },
    "A3s" : {
      "call" : 1
    },
    "A4o" : {
      "call" : 0.94510000000000005,
      "raise25x" : 0.054900000000000004
    },
    "A4s" : {
      "call" : 1
    },
    "A5o" : {
      "call" : 0.7117,
      "raise25x" : 0.054600000000000003,
      "shove" : 0.23369999999999999
    },
    "A5s" : {
      "shove" : 1
    },
    "A6o" : {
      "call" : 0.8851,
      "raise25x" : 0.1149
    },
    "A6s" : {
      "call" : 1
    },
    "A7o" : {
      "call" : 0.625,
      "raise25x" : 0.080000000000000002,
      "shove" : 0.29499999999999998
    },
    "A7s" : {
      "call" : 0.77000000000000002,
      "shove" : 0.23000000000000001
    },
    "A8o" : {
      "call" : 0.95509999999999995,
      "raise25x" : 0.044900000000000002
    },
    "A8s" : {
      "call" : 1
    },
    "A9o" : {
      "call" : 0.8851,
      "raise25x" : 0.1149
    },
    "A9s" : {
      "call" : 1
    },
    "AA" : {
      "raise25x" : 1
    },
    "AJo" : {
      "shove" : 1
    },
    "AJs" : {
      "raise25x" : 0.56989999999999996,
      "shove" : 0.43009999999999998
    },
    "AKo" : {
      "shove" : 1
    },
    "AKs" : {
      "raise25x" : 0.38,
      "shove" : 0.62
    },
    "AQo" : {
      "shove" : 1
    },
    "AQs" : {
      "raise25x" : 0.27989999999999998,
      "shove" : 0.72009999999999996
    },
    "ATo" : {
      "call" : 1
    },
    "ATs" : {
      "call" : 1
    },
    "J2s" : {
      "call" : 1
    },
    "J3s" : {
      "call" : 1
    },
    "J4s" : {
      "call" : 1
    },
    "J5o" : {
      "call" : 0.81010000000000004,
      "fold" : 0.16500000000000001,
      "raise25x" : 0.024899999999999999
    },
    "J5s" : {
      "call" : 1
    },
    "J6o" : {
      "call" : 1
    },
    "J6s" : {
      "call" : 1
    },
    "J7o" : {
      "call" : 0.92500000000000004,
      "raise25x" : 0.074999999999999997
    },
    "J7s" : {
      "call" : 1
    },
    "J8o" : {
      "call" : 0.97509999999999997,
      "raise25x" : 0.024899999999999999
    },
    "J8s" : {
      "call" : 1
    },
    "J9o" : {
      "call" : 1
    },
    "J9s" : {
      "call" : 0.94020000000000004,
      "raise25x" : 0.059799999999999999
    },
    "JJ" : {
      "raise25x" : 0.0499,
      "shove" : 0.95009999999999994
    },
    "JTo" : {
      "call" : 1
    },
    "JTs" : {
      "raise25x" : 0.43009999999999998,
      "shove" : 0.56989999999999996
    },
    "K2o" : {
      "call" : 0.98999999999999999,
      "raise25x" : 0.01
    },
    "K2s" : {
      "call" : 1
    },
    "K3o" : {
      "call" : 0.98999999999999999,
      "raise25x" : 0.01
    },
    "K3s" : {
      "call" : 1
    },
    "K4o" : {
      "call" : 0.94020000000000004,
      "raise25x" : 0.059799999999999999
    },
    "K4s" : {
      "call" : 1
    },
    "K5o" : {
      "call" : 0.95009999999999994,
      "raise25x" : 0.0499
    },
    "K5s" : {
      "call" : 1
    },
    "K6o" : {
      "call" : 1
    },
    "K6s" : {
      "call" : 1
    },
    "K7o" : {
      "call" : 1
    },
    "K7s" : {
      "call" : 1
    },
    "K8o" : {
      "call" : 1
    },
    "K8s" : {
      "call" : 1
    },
    "K9o" : {
      "call" : 0.96509999999999996,
      "raise25x" : 0.0349
    },
    "K9s" : {
      "call" : 0.69999999999999996,
      "shove" : 0.29999999999999999
    },
    "KJo" : {
      "call" : 1
    },
    "KJs" : {
      "call" : 1
    },
    "KK" : {
      "raise25x" : 0.77000000000000002,
      "shove" : 0.23000000000000001
    },
    "KQo" : {
      "call" : 0.19489999999999999,
      "shove" : 0.80510000000000004
    },
    "KQs" : {
      "call" : 1
    },
    "KTo" : {
      "call" : 1
    },
    "KTs" : {
      "call" : 1
    },
    "Q2o" : {
      "call" : 1
    },
    "Q2s" : {
      "call" : 1
    },
    "Q3o" : {
      "call" : 0.96509999999999996,
      "raise25x" : 0.0349
    },
    "Q3s" : {
      "call" : 1
    },
    "Q4o" : {
      "call" : 0.94020000000000004,
      "raise25x" : 0.059799999999999999
    },
    "Q4s" : {
      "call" : 1
    },
    "Q5o" : {
      "call" : 0.93520000000000003,
      "raise25x" : 0.064799999999999996
    },
    "Q5s" : {
      "call" : 1
    },
    "Q6o" : {
      "call" : 0.98009999999999997,
      "raise25x" : 0.019899999999999998
    },
    "Q6s" : {
      "call" : 1
    },
    "Q7o" : {
      "call" : 1
    },
    "Q7s" : {
      "call" : 1
    },
    "Q8o" : {
      "call" : 0.97009999999999996,
      "raise25x" : 0.029899999999999999
    },
    "Q8s" : {
      "call" : 1
    },
    "Q9o" : {
      "call" : 1
    },
    "Q9s" : {
      "call" : 0.10489999999999999,
      "shove" : 0.89510000000000001
    },
    "QJo" : {
      "call" : 1
    },
    "QJs" : {
      "call" : 1
    },
    "QQ" : {
      "raise25x" : 0.11990000000000001,
      "shove" : 0.88009999999999999
    },
    "QTo" : {
      "call" : 1
    },
    "QTs" : {
      "call" : 0.47260000000000002,
      "raise25x" : 0.099499999999999991,
      "shove" : 0.4279
    },
    "T2s" : {
      "call" : 1
    },
    "T3s" : {
      "call" : 1
    },
    "T4s" : {
      "call" : 1
    },
    "T5s" : {
      "call" : 1
    },
    "T6o" : {
      "call" : 0.97509999999999997,
      "raise25x" : 0.024899999999999999
    },
    "T6s" : {
      "call" : 1
    },
    "T7o" : {
      "call" : 0.96509999999999996,
      "raise25x" : 0.0349
    },
    "T7s" : {
      "call" : 1
    },
    "T8o" : {
      "call" : 1
    },
    "T8s" : {
      "call" : 1
    },
    "T9o" : {
      "call" : 1
    },
    "T9s" : {
      "call" : 0.70499999999999996,