{
  "format" : "NLHE_MTT_9MAX",
  "hands" : {
    "22" : {
      "call" : 1
    },
    "32s" : {
      "call" : 0.0059000000000000007,
      "fold" : 0.99409999999999998
    },
    "33" : {
      "call" : 0.22539999999999999,
      "shove" : 0.77459999999999996
    },
    "42s" : {
      "call" : 1
    },
    "43s" : {
      "call" : 1
    },
    "44" : {
      "shove" : 1
    },
    "52s" : {
      "call" : 1
    },
    "53s" : {
      "call" : 1
    },
    "54s" : {
      "call" : 1
    },
    "55" : {
      "shove" : 1
    },
    "63s" : {
      "call" : 1
    },
    "64s" : {
      "call" : 1
    },
    "65o" : {
      "call" : 0.16,
      "fold" : 0.83999999999999997
    },
    "65s" : {
      "call" : 1
    },
    "66" : {
      "shove" : 1
    },
    "73s" : {
      "call" : 0.81010000000000004,
      "fold" : 0.18990000000000001
    },
    "74s" : {
      "call" : 1
    },
    "75s" : {
      "call" : 1
    },
    "76o" : {
      "call" : 0.11990000000000001,
      "fold" : 0.88009999999999999
    },
    "76s" : {
      "call" : 1
    },
    "77" : {
      "shove" : 1
    },
    "84s" : {
      "call" : 0.96409999999999996,
      "fold" : 0.035900000000000001
    },
    "85s" : {
      "call" : 1
    },
    "86s" : {
      "call" : 1
    },
    "87s" : {
      "call" : 1
    },
    "88" : {
      "shove" : 1
    },
    "96s" : {
      "call" : 1
    },
    "97s" : {
      "call" : 1
    },
    "98s" : {
      "call" : 1
    },
    "99" : {
      "shove" : 1
    },
    "A2o" : {
      "call" : 0.2555,
      "shove" : 0.74450000000000005
    },
    "A2s" : {
      "shove" : 1
    },
    "A3o" : {
      "shove" : 1
    },
    "A3s" : {
      "shove" : 1
    },
    "A4o" : {
      "shove" : 1
    },
    "A4s" : {
      "shove" : 1
    },
    "A5o" : {
      "call" : 0.84999999999999998,
      "shove" : 0.14999999999999999
    },
    "A5s" : {
      "shove" : 1
    },
    "A6o" : {
      "call" : 0.2954,
      "shove" : 0.7046
    },
    "A6s" : {
      "shove" : 1
    },
    "A7o" : {
      "call" : 0.40989999999999999,
      "shove" : 0.59009999999999996
    },
    "A7s" : {
      "shove" : 1
    },
    "A8o" : {
      "shove" : 1
    },
    "A8s" : {
      "shove" : 1
    },
    "A9o" : {
      "shove" : 1
    },
    "A9s" : {
      "shove" : 1
    },
    "AA" : {
      "call" : 0.66469999999999996,
      "shove" : 0.33529999999999999
    },
    "AJo" : {
      "shove" : 1
    },
    "AJs" : {
      "shove" : 1
    },
    "AKo" : {
      "shove" : 1
    },
    "AKs" : {
      "shove" : 1
    },
    "AQo" : {
      "shove" : 1
    },
    "AQs" : {
      "shove" : 1
    },
    "ATo" : {
      "shove" : 1
    },
    "ATs" : {
      "shove" : 1
    },
    "J2s" : {
      "call" : 1
    },
    "J3s" : {
      "call" : 1
    },
    "J4s" : {
      "call" : 1
    },
    "J5s" : {
      "call" : 1
    },
    "J6s" : {
      "call" : 1
    },
    "J7s" : {
      "call" : 1
    },
    "J8s" : {
      "call" : 1
    },
    "J9o" : {
      "call" : 0.2054,
      "fold" : 0.79459999999999997
    },
    "J9s" : {
      "call" : 1
    },
    "JJ" : {
      "shove" : 1
    },
    "JTo" : {
      "call" : 1
    },
    "JTs" : {
      "call" : 1
    },
    "K2s" : {
      "call" : 1
    },
    "K3s" : {
      "call" : 1
    },
    "K4s" : {
      "call" : 1
    },
    "K5s" : {
      "call" : 1
    },
    "K6s" : {
      "call" : 1
    },
    "K7s" : {
      "call" : 1
    },
    "K8s" : {
      "call" : 1
    },
    "K9o" : {
      "call" : 0.78459999999999996,
      "fold" : 0.21540000000000001
    },
    "K9s" : {
      "call" : 1
    },
    "KJo" : {
      "call" : 0.58499999999999996,
      "shove" : 0.41499999999999998
    },
    "KJs" : {
      "shove" : 1
    },
    "KK" : {
      "shove" : 1
    },
    "KQo" : {
      "call" : 1
    },
    "KQs" : {
      "call" : 0.1658,
      "shove" : 0.83420000000000005
    },
    "KTo" : {
      "call" : 0.96409999999999996,
      "shove" : 0.035900000000000001
    },
    "KTs" : {
      "call" : 0.026000000000000002,
      "shove" : 0.97399999999999998
    },
    "Q2s" : {
      "call" : 1
    },
    "Q3s" : {
      "call" : 1
    },
    "Q4s" : {
      "call" : 1
    },
    "Q5s" : {
      "call" : 1
    },
    "Q6s" : {
      "call" : 1
    },
    "Q7s" : {
      "call" : 1
    },
    "Q8s" : {
      "call" : 1
    },
    "Q9s" : {
      "call" : 1
    },
    "QJo" : {
      "call" : 0.016,
      "shove" : 0.98399999999999999
    },
    "QJs" : {
      "shove" : 1
    },
    "QQ" : {
      "shove" : 1
    },
    "QTo" : {
      "call" : 1
    },
    "QTs" : {
      "call" : 1
    },
    "T3s" : {
      "call" : 1
    },
    "T4s" : {
      "call" : 1
    },
    "T5s" : {
      "call" : 1
    },
    "T6s" : {
      "call" : 1
    },
    "T7s" : {
      "call" : 1
    },
    "T8s" : {
      "call" : 1
    },
    "T9o" : {
      "call" : 0.78459999999999996,
      "fold" : 0.21540000000000001
    },
    "T9s" : {
      "call" : 1
    },
    "TT" : {
      "shove" : 1
    }
  },
  "id" : "mtt_9max_10bb_bb_vsopen_vs_co",
  "source" : {
    "description" : "Adapted from RangeConverter 8-max baseline.",
    "publisher" : {
      "accessedDate" : "2026-06-01",
      "name" : "RangeConverter",
      "product" : "Free Poker Charts — 8 max 1bb ante MTT GTO Ranges",
      "treeParams" : "2.5x open, 3.5x 3bet IP, 4.5x 3bet OOP, 2.3x 4bet IP, 2.75x 4bet OOP, SB vs BB 3.2bb",
      "url" : "https:\/\/rangeconverter.com\/free-poker-charts"
    },
    "solver" : {
      "assumptions" : "Frequencies rounded to nearest 25% per source. ChipEV (non-ICM). 1bb (12.5%) big-blind ante. Copied verbatim from 8-max BB (same effective seat in 9-max)."
    },
    "type" : "published"
  },
  "spot" : {
    "anteType" : "bigBlindAnte",
    "facingAction" : "vsOpen",
    "opponentPosition" : "CO",
    "position" : "BB",
    "stackDepthBB" : 10
  }
}