{
  "format" : "NLHE_MTT_8MAX",
  "hands" : {
    "22" : {
      "call" : 1
    },
    "33" : {
      "call" : 1
    },
    "44" : {
      "call" : 1
    },
    "54s" : {
      "call" : 1
    },
    "55" : {
      "call" : 1
    },
    "65s" : {
      "call" : 1
    },
    "66" : {
      "call" : 1
    },
    "76s" : {
      "call" : 1
    },
    "77" : {
      "call" : 1
    },
    "87s" : {
      "call" : 1
    },
    "88" : {
      "call" : 1
    },
    "98s" : {
      "call" : 1
    },
    "99" : {
      "call" : 1
    },
    "A2s" : {
      "call" : 0.13020000000000001,
      "fold" : 0.86980000000000002
    },
    "A3s" : {
      "call" : 0.85809999999999997,
      "raise3x" : 0.1419
    },
    "A4s" : {
      "call" : 0.87009999999999998,
      "raise3x" : 0.12989999999999999
    },
    "A5s" : {
      "call" : 0.7742,
      "raise3x" : 0.2258
    },
    "A6s" : {
      "call" : 0.81769999999999998,
      "raise3x" : 0.18229999999999999
    },
    "A7s" : {
      "call" : 0.75770000000000004,
      "raise3x" : 0.24229999999999999
    },
    "A8s" : {
      "call" : 0.86809999999999998,
      "raise3x" : 0.13189999999999999
    },
    "A9s" : {
      "call" : 0.94620000000000004,
      "raise3x" : 0.053800000000000001
    },
    "AA" : {
      "raise3x" : 1
    },
    "AJo" : {
      "call" : 0.2419,
      "fold" : 0.54410000000000003,
      "raise3x" : 0.214
    },
    "AJs" : {
      "call" : 1
    },
    "AKo" : {
      "call" : 0.058099999999999999,
      "raise3x" : 0.29859999999999998,
      "shove" : 0.64329999999999998
    },
    "AKs" : {
      "raise3x" : 1
    },
    "AQo" : {
      "call" : 0.63600000000000001,
      "raise3x" : 0.36399999999999999
    },
    "AQs" : {
      "call" : 1
    },
    "ATs" : {
      "call" : 1
    },
    "J9s" : {
      "call" : 0.95799999999999996,
      "fold" : 0.042000000000000003
    },
    "JJ" : {
      "call" : 0.70409999999999995,
      "raise3x" : 0.2959
    },
    "JTs" : {
      "call" : 1
    },
    "K5s" : {
      "call" : 1
    },
    "K6s" : {
      "call" : 1
    },
    "K7s" : {
      "call" : 0.76800000000000002,
      "fold" : 0.23200000000000001
    },
    "K9s" : {
      "call" : 0.76160000000000005,
      "raise3x" : 0.2384
    },
    "KJs" : {
      "call" : 1
    },
    "KK" : {
      "raise3x" : 0.90820000000000001,
      "shove" : 0.091800000000000007
    },
    "KQo" : {
      "call" : 0.50800000000000001,
      "fold" : 0.3921,
      "raise3x" : 0.099900000000000003
    },
    "KQs" : {
      "call" : 1
    },
    "KTs" : {
      "call" : 0.4461,
      "raise3x" : 0.55389999999999995
    },
    "Q9s" : {
      "call" : 0.66400000000000003,
      "fold" : 0.33600000000000002
    },
    "QJs" : {
      "call" : 1
    },
    "QQ" : {
      "call" : 0.23599999999999999,
      "raise3x" : 0.34410000000000002,
      "shove" : 0.4199
    },
    "QTs" : {
      "call" : 1
    },
    "T8s" : {
      "call" : 0.37609999999999999,
      "fold" : 0.62390000000000001
    },
    "T9s" : {
      "call" : 1
    },
    "TT" : {
      "call" : 0.68999999999999995,
      "raise3x" : 0.31
    }
  },
  "id" : "mtt_8max_60bb_utg1_vs3bet_vs_btn",
  "source" : {
    "description" : "RangeConverter free PDF — 8-max 60bb 1bb ante (12.5%).",
    "publisher" : {
      "accessedDate" : "2026-06-01",
      "name" : "RangeConverter",
      "product" : "Free Poker Charts — 8 max 1bb ante MTT GTO Ranges",
      "treeParams" : "poker.academy CE-Symmetric Regular @ 60bb (GTO ChipEV, 1bb ante)",
      "url" : "https:\/\/rangeconverter.com\/free-poker-charts"
    },
    "solver" : {
      "assumptions" : "Frequencies rounded to nearest 25% per source. ChipEV (non-ICM). 1bb (12.5%) big-blind ante."
    },
    "type" : "published"
  },
  "spot" : {
    "anteType" : "bigBlindAnte",
    "facingAction" : "vs3Bet",
    "opponentPosition" : "BTN",
    "position" : "UTG1",
    "stackDepthBB" : 60
  }
}