{
  "format" : "NLHE_MTT_8MAX",
  "hands" : {
    "22" : {
      "call" : 1
    },
    "33" : {
      "call" : 1
    },
    "44" : {
      "call" : 1
    },
    "54s" : {
      "call" : 0.9002,
      "fold" : 0.091899999999999996,
      "raise3x" : 0.0079000000000000008
    },
    "55" : {
      "call" : 1
    },
    "65s" : {
      "call" : 0.81420000000000003,
      "fold" : 0.023900000000000001,
      "raise3x" : 0.16189999999999999
    },
    "66" : {
      "call" : 0.97819999999999996,
      "raise3x" : 0.0218
    },
    "76s" : {
      "call" : 0.438,
      "raise3x" : 0.56200000000000006
    },
    "77" : {
      "call" : 0.74609999999999999,
      "raise3x" : 0.25390000000000001
    },
    "86s" : {
      "call" : 0.79410000000000003,
      "fold" : 0.2059
    },
    "87s" : {
      "call" : 0.58009999999999995,
      "raise3x" : 0.4199
    },
    "88" : {
      "call" : 0.44400000000000001,
      "raise3x" : 0.55600000000000005
    },
    "97s" : {
      "call" : 0.86409999999999998,
      "fold" : 0.064000000000000001,
      "raise3x" : 0.071900000000000006
    },
    "98s" : {
      "call" : 0.40600000000000003,
      "raise3x" : 0.59399999999999997
    },
    "99" : {
      "call" : 0.58799999999999997,
      "raise3x" : 0.41199999999999998
    },
    "A2s" : {
      "call" : 1
    },
    "A3s" : {
      "call" : 1
    },
    "A4s" : {
      "call" : 0.59999999999999998,
      "raise3x" : 0.40000000000000002
    },
    "A5s" : {
      "call" : 0.214,
      "raise3x" : 0.78600000000000003
    },
    "A6s" : {
      "call" : 0.52190000000000003,
      "raise3x" : 0.47810000000000002
    },
    "A7s" : {
      "call" : 0.50409999999999999,
      "raise3x" : 0.49590000000000001
    },
    "A8o" : {
      "call" : 0.085999999999999993,
      "fold" : 0.91400000000000003
    },
    "A8s" : {
      "call" : 0.3659,
      "raise3x" : 0.6341
    },
    "A9o" : {
      "call" : 1
    },
    "A9s" : {
      "call" : 0.22789999999999999,
      "raise3x" : 0.77210000000000001
    },
    "AA" : {
      "raise3x" : 1
    },
    "AJo" : {
      "call" : 0.0079000000000000008,
      "raise3x" : 0.99209999999999998
    },
    "AJs" : {
      "call" : 0.66200000000000003,
      "raise3x" : 0.33800000000000002
    },
    "AKo" : {
      "raise3x" : 1
    },
    "AKs" : {
      "raise3x" : 1
    },
    "AQo" : {
      "call" : 0.58799999999999997,
      "raise3x" : 0.41199999999999998
    },
    "AQs" : {
      "raise3x" : 1
    },
    "ATo" : {
      "call" : 0.46400000000000002,
      "raise3x" : 0.53600000000000003
    },
    "ATs" : {
      "call" : 0.16789999999999999,
      "raise3x" : 0.83209999999999995
    },
    "J8s" : {
      "call" : 0.69140000000000001,
      "raise3x" : 0.30859999999999999
    },
    "J9s" : {
      "call" : 0.57799999999999996,
      "raise3x" : 0.42199999999999999
    },
    "JJ" : {
      "raise3x" : 1
    },
    "JTo" : {
      "call" : 0.68999999999999995,
      "fold" : 0.31
    },
    "JTs" : {
      "call" : 0.01,
      "raise3x" : 0.98999999999999999
    },
    "K3s" : {
      "call" : 0.68000000000000005,
      "fold" : 0.32000000000000001
    },
    "K4s" : {
      "call" : 1
    },
    "K5s" : {
      "call" : 1
    },
    "K6s" : {
      "call" : 0.72599999999999998,
      "raise3x" : 0.27400000000000002
    },
    "K7s" : {
      "call" : 0.97819999999999996,
      "raise3x" : 0.0218
    },
    "K8s" : {
      "call" : 0.61809999999999998,
      "raise3x" : 0.38190000000000002
    },
    "K9s" : {
      "call" : 0.50800000000000001,
      "raise3x" : 0.49199999999999999
    },
    "KJo" : {
      "call" : 0.49199999999999999,
      "raise3x" : 0.50800000000000001
    },
    "KJs" : {
      "call" : 0.064000000000000001,
      "raise3x" : 0.93600000000000005
    },
    "KK" : {
      "raise3x" : 1
    },
    "KQo" : {
      "call" : 0.016,
      "raise3x" : 0.98399999999999999
    },
    "KQs" : {
      "call" : 0.3659,
      "raise3x" : 0.6341
    },
    "KTo" : {
      "call" : 0.72799999999999998,
      "raise3x" : 0.27200000000000002
    },
    "KTs" : {
      "call" : 0.19589999999999999,
      "raise3x" : 0.80410000000000004
    },
    "Q6s" : {
      "call" : 0.25600000000000001,
      "fold" : 0.74399999999999999
    },
    "Q7s" : {
      "call" : 0.0079000000000000008,
      "fold" : 0.99209999999999998
    },
    "Q8s" : {
      "call" : 0.98999999999999999,
      "raise3x" : 0.01
    },
    "Q9s" : {
      "call" : 0.53600000000000003,
      "raise3x" : 0.46400000000000002
    },
    "QJo" : {
      "call" : 0.89380000000000004,
      "raise3x" : 0.1062
    },
    "QJs" : {
      "call" : 0.192,
      "raise3x" : 0.80800000000000005
    },
    "QQ" : {
      "raise3x" : 1
    },
    "QTo" : {
      "call" : 0.79600000000000004,
      "fold" : 0.20399999999999999
    },
    "QTs" : {
      "call" : 0.10199999999999999,
      "raise3x" : 0.89800000000000002
    },
    "T7s" : {
      "call" : 0.085999999999999993,
      "fold" : 0.91400000000000003
    },
    "T8s" : {
      "call" : 0.5,
      "raise3x" : 0.5
    },
    "T9s" : {
      "call" : 0.3019,
      "raise3x" : 0.69810000000000005
    },
    "TT" : {
      "raise3x" : 1
    }
  },
  "id" : "mtt_8max_60bb_sb_vsopen_vs_co",
  "source" : {
    "description" : "RangeConverter free PDF — 8-max 60bb 1bb ante (12.5%).",
    "publisher" : {
      "accessedDate" : "2026-06-01",
      "name" : "RangeConverter",
      "product" : "Free Poker Charts — 8 max 1bb ante MTT GTO Ranges",
      "treeParams" : "poker.academy CE-Symmetric Regular @ 60bb (GTO ChipEV, 1bb ante)",
      "url" : "https:\/\/rangeconverter.com\/free-poker-charts"
    },
    "solver" : {
      "assumptions" : "Frequencies rounded to nearest 25% per source. ChipEV (non-ICM). 1bb (12.5%) big-blind ante."
    },
    "type" : "published"
  },
  "spot" : {
    "anteType" : "bigBlindAnte",
    "facingAction" : "vsOpen",
    "opponentPosition" : "CO",
    "position" : "SB",
    "stackDepthBB" : 60
  }
}