{
  "format" : "NLHE_MTT_8MAX",
  "hands" : {
    "22" : {
      "call" : 1
    },
    "32s" : {
      "call" : 0.76600000000000001,
      "raise3x" : 0.23400000000000001
    },
    "33" : {
      "call" : 1
    },
    "42s" : {
      "call" : 1
    },
    "43s" : {
      "call" : 1
    },
    "44" : {
      "call" : 1
    },
    "52s" : {
      "call" : 1
    },
    "53o" : {
      "call" : 0.94199999999999995,
      "fold" : 0.058000000000000003
    },
    "53s" : {
      "call" : 0.62,
      "raise3x" : 0.38
    },
    "54o" : {
      "call" : 0.81799999999999995,
      "raise3x" : 0.182
    },
    "54s" : {
      "call" : 0.67400000000000004,
      "raise3x" : 0.32600000000000001
    },
    "55" : {
      "call" : 1
    },
    "62s" : {
      "call" : 1
    },
    "63s" : {
      "call" : 1
    },
    "64s" : {
      "call" : 1
    },
    "65o" : {
      "call" : 1
    },
    "65s" : {
      "call" : 0.432,
      "raise3x" : 0.56799999999999995
    },
    "66" : {
      "call" : 0.77600000000000002,
      "raise3x" : 0.224
    },
    "72s" : {
      "call" : 1
    },
    "73s" : {
      "call" : 1
    },
    "74s" : {
      "call" : 1
    },
    "75o" : {
      "call" : 0.28399999999999997,
      "fold" : 0.71599999999999997
    },
    "75s" : {
      "call" : 1
    },
    "76o" : {
      "call" : 1
    },
    "76s" : {
      "call" : 0.22789999999999999,
      "raise3x" : 0.77210000000000001
    },
    "77" : {
      "call" : 0.80200000000000005,
      "raise3x" : 0.19800000000000001
    },
    "82s" : {
      "call" : 1
    },
    "83s" : {
      "call" : 1
    },
    "84s" : {
      "call" : 1
    },
    "85s" : {
      "call" : 0.67210000000000003,
      "raise3x" : 0.32790000000000002
    },
    "86o" : {
      "call" : 0.70999999999999996,
      "raise3x" : 0.28999999999999998
    },
    "86s" : {
      "call" : 1
    },
    "87o" : {
      "call" : 0.97219999999999995,
      "raise3x" : 0.027799999999999998
    },
    "87s" : {
      "call" : 0.35199999999999998,
      "raise3x" : 0.64800000000000002
    },
    "88" : {
      "call" : 0.68610000000000004,
      "raise3x" : 0.31390000000000001
    },
    "92s" : {
      "call" : 0.76400000000000001,
      "raise3x" : 0.23599999999999999
    },
    "93s" : {
      "call" : 1
    },
    "94s" : {
      "call" : 1
    },
    "95s" : {
      "call" : 1
    },
    "96o" : {
      "call" : 0.67400000000000004,
      "raise3x" : 0.32600000000000001
    },
    "96s" : {
      "call" : 1
    },
    "97o" : {
      "call" : 0.85809999999999997,
      "raise3x" : 0.1419
    },
    "97s" : {
      "call" : 1
    },
    "98o" : {
      "call" : 1
    },
    "98s" : {
      "call" : 0.54810000000000003,
      "raise3x" : 0.45190000000000002
    },
    "99" : {
      "call" : 0.54600000000000004,
      "raise3x" : 0.45400000000000001
    },
    "A2o" : {
      "call" : 0.67210000000000003,
      "raise3x" : 0.32790000000000002
    },
    "A2s" : {
      "call" : 1
    },
    "A3o" : {
      "call" : 0.77210000000000001,
      "raise3x" : 0.22789999999999999
    },
    "A3s" : {
      "call" : 0.98009999999999997,
      "raise3x" : 0.019900000000000001
    },
    "A4o" : {
      "call" : 1
    },
    "A4s" : {
      "call" : 0.35199999999999998,
      "raise3x" : 0.64800000000000002
    },
    "A5o" : {
      "call" : 1
    },
    "A5s" : {
      "call" : 0.246,
      "raise3x" : 0.754
    },
    "A6o" : {
      "call" : 1
    },
    "A6s" : {
      "call" : 1
    },
    "A7o" : {
      "call" : 1
    },
    "A7s" : {
      "call" : 1
    },
    "A8o" : {
      "call" : 0.95199999999999996,
      "raise3x" : 0.048000000000000001
    },
    "A8s" : {
      "call" : 0.83609999999999995,
      "raise3x" : 0.16389999999999999
    },
    "A9o" : {
      "call" : 0.61809999999999998,
      "raise3x" : 0.38190000000000002
    },
    "A9s" : {
      "call" : 0.48599999999999999,
      "raise3x" : 0.51400000000000001
    },
    "AA" : {
      "raise3x" : 1
    },
    "AJo" : {
      "call" : 1
    },
    "AJs" : {
      "raise3x" : 1
    },
    "AKo" : {
      "raise3x" : 1
    },
    "AKs" : {
      "raise3x" : 1
    },
    "AQo" : {
      "call" : 0.21190000000000001,
      "raise3x" : 0.78810000000000002
    },
    "AQs" : {
      "raise3x" : 1
    },
    "ATo" : {
      "call" : 0.748,
      "raise3x" : 0.252
    },
    "ATs" : {
      "raise3x" : 1
    },
    "J2s" : {
      "call" : 1
    },
    "J3s" : {
      "call" : 1
    },
    "J4o" : {
      "call" : 0.2979,
      "fold" : 0.70209999999999995
    },
    "J4s" : {
      "call" : 0.96220000000000006,
      "raise3x" : 0.0378
    },
    "J5o" : {
      "call" : 0.55810000000000004,
      "raise3x" : 0.44190000000000002
    },
    "J5s" : {
      "call" : 1
    },
    "J6o" : {
      "call" : 0.11799999999999999,
      "fold" : 0.88200000000000001
    },
    "J6s" : {
      "call" : 1
    },
    "J7o" : {
      "call" : 0.66800000000000004,
      "raise3x" : 0.33200000000000002
    },
    "J7s" : {
      "call" : 1
    },
    "J8o" : {
      "call" : 0.51800000000000002,
      "raise3x" : 0.48199999999999998
    },
    "J8s" : {
      "call" : 1
    },
    "J9o" : {
      "call" : 0.80620000000000003,
      "raise3x" : 0.1938
    },
    "J9s" : {
      "call" : 1
    },
    "JJ" : {
      "raise3x" : 1
    },
    "JTo" : {
      "call" : 1
    },
    "JTs" : {
      "call" : 0.51800000000000002,
      "raise3x" : 0.48199999999999998
    },
    "K2o" : {
      "call" : 1
    },
    "K2s" : {
      "call" : 1
    },
    "K3o" : {
      "call" : 0.83999999999999997,
      "raise3x" : 0.16
    },
    "K3s" : {
      "call" : 1
    },
    "K4o" : {
      "call" : 0.42799999999999999,
      "raise3x" : 0.57199999999999995
    },
    "K4s" : {
      "call" : 1
    },
    "K5o" : {
      "call" : 0.82010000000000005,
      "raise3x" : 0.1799
    },
    "K5s" : {
      "call" : 1
    },
    "K6o" : {
      "call" : 0.82609999999999995,
      "raise3x" : 0.1739
    },
    "K6s" : {
      "call" : 0.83809999999999996,
      "raise3x" : 0.16189999999999999
    },
    "K7o" : {
      "call" : 1
    },
    "K7s" : {
      "call" : 1
    },
    "K8o" : {
      "call" : 0.78600000000000003,
      "raise3x" : 0.214
    },
    "K8s" : {
      "call" : 1
    },
    "K9o" : {
      "call" : 0.70809999999999995,
      "raise3x" : 0.29189999999999999
    },
    "K9s" : {
      "call" : 1
    },
    "KJo" : {
      "call" : 0.94020000000000004,
      "raise3x" : 0.059799999999999999
    },
    "KJs" : {
      "raise3x" : 1
    },
    "KK" : {
      "raise3x" : 1
    },
    "KQo" : {
      "call" : 0.77000000000000002,
      "raise3x" : 0.23000000000000001
    },
    "KQs" : {
      "raise3x" : 1
    },
    "KTo" : {
      "call" : 1
    },
    "KTs" : {
      "raise3x" : 1
    },
    "Q2s" : {
      "call" : 1
    },
    "Q3o" : {
      "call" : 0.055899999999999998,
      "fold" : 0.94410000000000005
    },
    "Q3s" : {
      "call" : 1
    },
    "Q4o" : {
      "call" : 1
    },
    "Q4s" : {
      "call" : 1
    },
    "Q5o" : {
      "call" : 0.68610000000000004,
      "raise3x" : 0.31390000000000001
    },
    "Q5s" : {
      "call" : 0.62809999999999999,
      "raise3x" : 0.37190000000000001
    },
    "Q6o" : {
      "call" : 0.67610000000000003,
      "raise3x" : 0.32390000000000002
    },
    "Q6s" : {
      "call" : 1
    },
    "Q7o" : {
      "call" : 1
    },
    "Q7s" : {
      "call" : 1
    },
    "Q8o" : {
      "call" : 1
    },
    "Q8s" : {
      "call" : 1
    },
    "Q9o" : {
      "call" : 1
    },
    "Q9s" : {
      "call" : 1
    },
    "QJo" : {
      "call" : 0.87009999999999998,
      "raise3x" : 0.12989999999999999
    },
    "QJs" : {
      "call" : 0.40389999999999998,
      "raise3x" : 0.59609999999999996
    },
    "QQ" : {
      "raise3x" : 1
    },
    "QTo" : {
      "call" : 1
    },
    "QTs" : {
      "call" : 0.69210000000000005,
      "raise3x" : 0.30790000000000001
    },
    "T2s" : {
      "call" : 1
    },