{
  "format" : "NLHE_MTT_8MAX",
  "hands" : {
    "22" : {
      "call" : 1
    },
    "33" : {
      "call" : 1
    },
    "44" : {
      "call" : 1
    },
    "54s" : {
      "call" : 0.84419999999999995,
      "raise3x" : 0.15579999999999999
    },
    "55" : {
      "call" : 1
    },
    "65s" : {
      "call" : 0.93210000000000004,
      "raise3x" : 0.067900000000000002
    },
    "66" : {
      "call" : 1
    },
    "76s" : {
      "call" : 0.66400000000000003,
      "raise3x" : 0.33600000000000002
    },
    "77" : {
      "call" : 1
    },
    "87s" : {
      "call" : 0.65200000000000002,
      "raise3x" : 0.34799999999999998
    },
    "88" : {
      "call" : 1
    },
    "97s" : {
      "call" : 0.32600000000000001,
      "fold" : 0.67400000000000004
    },
    "98s" : {
      "call" : 0.80800000000000005,
      "raise3x" : 0.192
    },
    "99" : {
      "call" : 0.91810000000000003,
      "raise3x" : 0.081900000000000001
    },
    "A2s" : {
      "call" : 1
    },
    "A3s" : {
      "call" : 1
    },
    "A4s" : {
      "call" : 0.69999999999999996,
      "raise3x" : 0.29999999999999999
    },
    "A5s" : {
      "call" : 0.70999999999999996,
      "raise3x" : 0.28999999999999998
    },
    "A6s" : {
      "call" : 0.72599999999999998,
      "raise3x" : 0.27400000000000002
    },
    "A7s" : {
      "call" : 0.79600000000000004,
      "raise3x" : 0.20399999999999999
    },
    "A8s" : {
      "call" : 0.91210000000000002,
      "raise3x" : 0.087900000000000006
    },
    "A9s" : {
      "call" : 0.7621,
      "raise3x" : 0.2379
    },
    "AA" : {
      "raise3x" : 1
    },
    "AJo" : {
      "call" : 0.98399999999999999,
      "raise3x" : 0.016
    },
    "AJs" : {
      "call" : 0.077899999999999997,
      "raise3x" : 0.92210000000000003
    },
    "AKo" : {
      "raise3x" : 1
    },
    "AKs" : {
      "raise3x" : 1
    },
    "AQo" : {
      "call" : 0.059799999999999999,
      "raise3x" : 0.94020000000000004
    },
    "AQs" : {
      "call" : 1
    },
    "ATo" : {
      "call" : 0.82399999999999995,
      "raise3x" : 0.17599999999999999
    },
    "ATs" : {
      "call" : 0.032000000000000001,
      "raise3x" : 0.96799999999999997
    },
    "J8s" : {
      "call" : 0.29999999999999999,
      "fold" : 0.69999999999999996
    },
    "J9s" : {
      "call" : 0.55200000000000005,
      "raise3x" : 0.44800000000000001
    },
    "JJ" : {
      "raise3x" : 1
    },
    "JTs" : {
      "call" : 0.77600000000000002,
      "raise3x" : 0.224
    },
    "K5s" : {
      "call" : 0.1419,
      "fold" : 0.85809999999999997
    },
    "K6s" : {
      "call" : 0.84809999999999997,
      "fold" : 0.025999999999999999,
      "raise3x" : 0.12590000000000001
    },
    "K7s" : {
      "call" : 0.64200000000000002,
      "fold" : 0.35799999999999998
    },
    "K8s" : {
      "call" : 1
    },
    "K9s" : {
      "call" : 0.85809999999999997,
      "raise3x" : 0.1419
    },
    "KJo" : {
      "call" : 0.61809999999999998,
      "raise3x" : 0.38190000000000002
    },
    "KJs" : {
      "raise3x" : 1
    },
    "KK" : {
      "raise3x" : 1
    },
    "KQo" : {
      "call" : 1
    },
    "KQs" : {
      "call" : 0.29999999999999999,
      "raise3x" : 0.69999999999999996
    },
    "KTo" : {
      "call" : 0.23999999999999999,
      "fold" : 0.76000000000000001
    },
    "KTs" : {
      "call" : 0.32990000000000003,
      "raise3x" : 0.67010000000000003
    },
    "Q8s" : {
      "call" : 0.24990000000000001,
      "fold" : 0.75009999999999999
    },
    "Q9s" : {
      "call" : 1
    },
    "QJo" : {
      "call" : 0.438,
      "fold" : 0.56200000000000006
    },
    "QJs" : {
      "call" : 0.013899999999999999,
      "raise3x" : 0.98609999999999998
    },
    "QQ" : {
      "raise3x" : 1
    },
    "QTs" : {
      "call" : 1
    },
    "T8s" : {
      "call" : 0.97219999999999995,
      "raise3x" : 0.027799999999999998
    },
    "T9s" : {
      "call" : 0.59799999999999998,
      "raise3x" : 0.40200000000000002
    },
    "TT" : {
      "call" : 0.38600000000000001,
      "raise3x" : 0.61399999999999999
    }
  },
  "id" : "mtt_8max_50bb_sb_vsopen_vs_utg1",
  "source" : {
    "description" : "RangeConverter free PDF — 8-max 50bb 1bb ante (12.5%).",
    "publisher" : {
      "accessedDate" : "2026-06-01",
      "name" : "RangeConverter",
      "product" : "Free Poker Charts — 8 max 1bb ante MTT GTO Ranges",
      "treeParams" : "poker.academy CE-Symmetric Regular @ 50bb (GTO ChipEV, 1bb ante)",
      "url" : "https:\/\/rangeconverter.com\/free-poker-charts"
    },
    "solver" : {
      "assumptions" : "Frequencies rounded to nearest 25% per source. ChipEV (non-ICM). 1bb (12.5%) big-blind ante."
    },
    "type" : "published"
  },
  "spot" : {
    "anteType" : "bigBlindAnte",
    "facingAction" : "vsOpen",
    "opponentPosition" : "UTG1",
    "position" : "SB",
    "stackDepthBB" : 50
  }
}