{
  "format" : "NLHE_MTT_8MAX",
  "hands" : {
    "22" : {
      "call" : 0.1449,
      "fold" : 0.85509999999999997
    },
    "33" : {
      "call" : 0.23000000000000001,
      "fold" : 0.77000000000000002
    },
    "44" : {
      "call" : 0.47999999999999998,
      "fold" : 0.52000000000000002
    },
    "55" : {
      "call" : 0.75880000000000003,
      "fold" : 0.2412
    },
    "66" : {
      "call" : 1
    },
    "76s" : {
      "call" : 0.014999999999999999,
      "fold" : 0.98499999999999999
    },
    "77" : {
      "call" : 0.78000000000000003,
      "raise3x" : 0.22
    },
    "87s" : {
      "call" : 0.024899999999999999,
      "fold" : 0.97509999999999997
    },
    "88" : {
      "call" : 0.69999999999999996,
      "raise3x" : 0.29999999999999999
    },
    "98s" : {
      "call" : 0.61499999999999999,
      "fold" : 0.38500000000000001
    },
    "99" : {
      "call" : 0.55989999999999995,
      "raise3x" : 0.44009999999999999
    },
    "A4s" : {
      "call" : 0.40489999999999998,
      "fold" : 0.59509999999999996
    },
    "A5s" : {
      "call" : 0.63990000000000002,
      "raise3x" : 0.36009999999999998
    },
    "A6s" : {
      "fold" : 0.5151,
      "raise3x" : 0.4849
    },
    "A7s" : {
      "call" : 0.5,
      "raise3x" : 0.5
    },
    "A8s" : {
      "call" : 0.60999999999999999,
      "raise3x" : 0.39000000000000001
    },
    "A9s" : {
      "call" : 0.76000000000000001,
      "raise3x" : 0.23999999999999999
    },
    "AA" : {
      "call" : 0.095000000000000001,
      "raise3x" : 0.90500000000000003
    },
    "AJo" : {
      "call" : 0.46000000000000002,
      "raise3x" : 0.54000000000000004
    },
    "AJs" : {
      "call" : 1
    },
    "AKo" : {
      "raise3x" : 1
    },
    "AKs" : {
      "call" : 0.14999999999999999,
      "raise3x" : 0.84999999999999998
    },
    "AQo" : {
      "call" : 0.61499999999999999,
      "raise3x" : 0.38500000000000001
    },
    "AQs" : {
      "call" : 0.59009999999999996,
      "raise3x" : 0.40989999999999999
    },
    "ATo" : {
      "call" : 0.17000000000000001,
      "raise3x" : 0.82999999999999996
    },
    "ATs" : {
      "call" : 1
    },
    "J9s" : {
      "call" : 0.18990000000000001,
      "fold" : 0.74529999999999996,
      "raise3x" : 0.064799999999999996
    },
    "JJ" : {
      "call" : 0.089999999999999997,
      "raise3x" : 0.91000000000000003
    },
    "JTs" : {
      "call" : 0.63490000000000002,
      "raise3x" : 0.36509999999999998
    },
    "K9s" : {
      "call" : 0.0349,
      "raise3x" : 0.96509999999999996
    },
    "KJo" : {
      "call" : 0.074999999999999997,
      "fold" : 0.62,
      "raise3x" : 0.30499999999999999
    },
    "KJs" : {
      "call" : 1
    },
    "KK" : {
      "raise3x" : 1
    },
    "KQo" : {
      "call" : 0.52500000000000002,
      "raise3x" : 0.47499999999999998
    },
    "KQs" : {
      "call" : 1
    },
    "KTs" : {
      "call" : 1
    },
    "Q9s" : {
      "call" : 0.1799,
      "raise3x" : 0.82010000000000005
    },
    "QJs" : {
      "call" : 0.97009999999999996,
      "raise3x" : 0.029899999999999999
    },
    "QQ" : {
      "raise3x" : 1
    },
    "QTs" : {
      "call" : 0.68999999999999995,
      "raise3x" : 0.31
    },
    "T8s" : {
      "call" : 0.01,
      "fold" : 0.73009999999999997,
      "raise3x" : 0.25990000000000002
    },
    "T9s" : {
      "call" : 0.69999999999999996,
      "raise3x" : 0.29999999999999999
    },
    "TT" : {
      "call" : 0.26989999999999997,
      "raise3x" : 0.73009999999999997
    }
  },
  "id" : "mtt_8max_35bb_co_vsopen_vs_lj",
  "source" : {
    "description" : "RangeConverter free PDF — 8-max 35bb 1bb ante (12.5%).",
    "publisher" : {
      "accessedDate" : "2026-06-01",
      "name" : "RangeConverter",
      "product" : "Free Poker Charts — 8 max 1bb ante MTT GTO Ranges",
      "treeParams" : "poker.academy CE-Symmetric Regular @ 35bb (GTO ChipEV, 1bb ante)",
      "url" : "https:\/\/rangeconverter.com\/free-poker-charts"
    },
    "solver" : {
      "assumptions" : "Frequencies rounded to nearest 25% per source. ChipEV (non-ICM). 1bb (12.5%) big-blind ante."
    },
    "type" : "published"
  },
  "spot" : {
    "anteType" : "bigBlindAnte",
    "facingAction" : "vsOpen",
    "opponentPosition" : "LJ",
    "position" : "CO",
    "stackDepthBB" : 35
  }
}