{
  "format" : "NLHE_MTT_9MAX",
  "hands" : {
    "22" : {
      "call" : 1
    },
    "33" : {
      "call" : 0.65510000000000002,
      "shove" : 0.34489999999999998
    },
    "44" : {
      "call" : 0.28489999999999999,
      "shove" : 0.71509999999999996
    },
    "54s" : {
      "call" : 1
    },
    "55" : {
      "call" : 0.44009999999999999,
      "shove" : 0.55989999999999995
    },
    "65s" : {
      "call" : 1
    },
    "66" : {
      "call" : 1
    },
    "76s" : {
      "call" : 1
    },
    "77" : {
      "shove" : 1
    },
    "86s" : {
      "call" : 0.1749,
      "fold" : 0.82509999999999994
    },
    "87s" : {
      "call" : 1
    },
    "88" : {
      "shove" : 1
    },
    "97s" : {
      "call" : 0.245,
      "fold" : 0.755
    },
    "98s" : {
      "call" : 1
    },
    "99" : {
      "shove" : 1
    },
    "A2s" : {
      "call" : 0.21490000000000001,
      "fold" : 0.78510000000000002
    },
    "A3s" : {
      "call" : 1
    },
    "A4s" : {
      "call" : 1
    },
    "A5s" : {
      "call" : 0.82010000000000005,
      "shove" : 0.1799
    },
    "A6s" : {
      "call" : 1
    },
    "A7s" : {
      "call" : 1
    },
    "A8s" : {
      "call" : 1
    },
    "A9s" : {
      "call" : 1
    },
    "AA" : {
      "call" : 0.83999999999999997,
      "shove" : 0.16
    },
    "AJo" : {
      "call" : 0.029899999999999999,
      "shove" : 0.97009999999999996
    },
    "AJs" : {
      "call" : 0.49490000000000001,
      "shove" : 0.50509999999999999
    },
    "AKo" : {
      "shove" : 1
    },
    "AKs" : {
      "shove" : 1
    },
    "AQo" : {
      "shove" : 1
    },
    "AQs" : {
      "shove" : 1
    },
    "ATo" : {
      "call" : 1
    },
    "ATs" : {
      "call" : 1
    },
    "J8s" : {
      "call" : 1
    },
    "J9s" : {
      "call" : 1
    },
    "JJ" : {
      "shove" : 1
    },
    "JTs" : {
      "call" : 0.68500000000000005,
      "shove" : 0.315
    },
    "K6s" : {
      "call" : 1
    },
    "K7s" : {
      "call" : 0.44500000000000001,
      "fold" : 0.55500000000000005
    },
    "K8s" : {
      "call" : 1
    },
    "K9s" : {
      "call" : 1
    },
    "KJo" : {
      "call" : 1
    },
    "KJs" : {
      "shove" : 1
    },
    "KK" : {
      "shove" : 1
    },
    "KQo" : {
      "call" : 1
    },
    "KQs" : {
      "shove" : 1
    },
    "KTs" : {
      "call" : 0.1799,
      "shove" : 0.82010000000000005
    },
    "Q8s" : {
      "call" : 0.78500000000000003,
      "fold" : 0.215
    },
    "Q9s" : {
      "call" : 1
    },
    "QJo" : {
      "call" : 0.44009999999999999,
      "fold" : 0.55989999999999995
    },
    "QJs" : {
      "call" : 0.5,
      "shove" : 0.5
    },
    "QQ" : {
      "shove" : 1
    },
    "QTs" : {
      "call" : 1
    },
    "T8s" : {
      "call" : 1
    },
    "T9s" : {
      "call" : 1
    },
    "TT" : {
      "shove" : 1
    }
  },
  "id" : "mtt_9max_15bb_sb_vsopen_vs_utg",
  "source" : {
    "description" : "Adapted from RangeConverter 8-max baseline.",
    "publisher" : {
      "accessedDate" : "2026-06-01",
      "name" : "RangeConverter",
      "product" : "Free Poker Charts — 8 max 1bb ante MTT GTO Ranges",
      "treeParams" : "2.5x open, 3.5x 3bet IP, 4.5x 3bet OOP, 2.3x 4bet IP, 2.75x 4bet OOP, SB vs BB 3.2bb",
      "url" : "https:\/\/rangeconverter.com\/free-poker-charts"
    },
    "solver" : {
      "assumptions" : "Frequencies rounded to nearest 25% per source. ChipEV (non-ICM). 1bb (12.5%) big-blind ante. Copied verbatim from 8-max SB (same effective seat in 9-max)."
    },
    "type" : "published"
  },
  "spot" : {
    "anteType" : "bigBlindAnte",
    "facingAction" : "vsOpen",
    "opponentPosition" : "UTG",
    "position" : "SB",
    "stackDepthBB" : 15
  }
}