{
  "format" : "NLHE_MTT_8MAX",
  "hands" : {
    "22" : {
      "call" : 1
    },
    "33" : {
      "call" : 1
    },
    "44" : {
      "call" : 1
    },
    "54s" : {
      "call" : 0.78559999999999997,
      "raise3x" : 0.21440000000000001
    },
    "55" : {
      "call" : 0.94199999999999995,
      "raise3x" : 0.058000000000000003
    },
    "65s" : {
      "call" : 0.93999999999999995,
      "raise3x" : 0.059999999999999998
    },
    "66" : {
      "call" : 0.79410000000000003,
      "raise3x" : 0.2059
    },
    "75s" : {
      "call" : 0.013899999999999999,
      "fold" : 0.98609999999999998
    },
    "76s" : {
      "call" : 0.81010000000000004,
      "raise3x" : 0.18990000000000001
    },
    "77" : {
      "call" : 0.67210000000000003,
      "raise3x" : 0.32790000000000002
    },
    "86s" : {
      "call" : 0.91810000000000003,
      "fold" : 0.081900000000000001
    },
    "87s" : {
      "call" : 0.85599999999999998,
      "raise3x" : 0.14399999999999999
    },
    "88" : {
      "call" : 0.65410000000000001,
      "raise3x" : 0.34589999999999999
    },
    "97s" : {
      "call" : 0.52400000000000002,
      "raise3x" : 0.47599999999999998
    },
    "98s" : {
      "call" : 0.61209999999999998,
      "raise3x" : 0.38790000000000002
    },
    "99" : {
      "call" : 0.67210000000000003,
      "raise3x" : 0.32790000000000002
    },
    "A2s" : {
      "call" : 0.96999999999999997,
      "raise3x" : 0.029999999999999999
    },
    "A3s" : {
      "call" : 0.77210000000000001,
      "raise3x" : 0.22789999999999999
    },
    "A4s" : {
      "call" : 0.5101,
      "raise3x" : 0.4899
    },
    "A5s" : {
      "call" : 0.38190000000000002,
      "raise3x" : 0.61809999999999998
    },
    "A6s" : {
      "call" : 0.25390000000000001,
      "raise3x" : 0.74609999999999999
    },
    "A7s" : {
      "call" : 0.60999999999999999,
      "raise3x" : 0.39000000000000001
    },
    "A8o" : {
      "fold" : 0.59009999999999996,
      "raise3x" : 0.40989999999999999
    },
    "A8s" : {
      "call" : 0.67400000000000004,
      "raise3x" : 0.32600000000000001
    },
    "A9o" : {
      "call" : 0.55810000000000004,
      "raise3x" : 0.44190000000000002
    },
    "A9s" : {
      "call" : 0.97399999999999998,
      "raise3x" : 0.025999999999999999
    },
    "AA" : {
      "raise3x" : 1
    },
    "AJo" : {
      "call" : 0.51190000000000002,
      "raise3x" : 0.48809999999999998
    },
    "AJs" : {
      "call" : 0.54600000000000004,
      "raise3x" : 0.45400000000000001
    },
    "AKo" : {
      "raise3x" : 1
    },
    "AKs" : {
      "raise3x" : 1
    },
    "AQo" : {
      "call" : 0.84209999999999996,
      "raise3x" : 0.15790000000000001
    },
    "AQs" : {
      "call" : 0.0079000000000000008,
      "raise3x" : 0.99209999999999998
    },
    "ATo" : {
      "call" : 0.54810000000000003,
      "raise3x" : 0.45190000000000002
    },
    "ATs" : {
      "call" : 0.35399999999999998,
      "raise3x" : 0.64600000000000002
    },
    "J8s" : {
      "call" : 0.62390000000000001,
      "raise3x" : 0.37609999999999999
    },
    "J9s" : {
      "call" : 0.59189999999999998,
      "raise3x" : 0.40810000000000002
    },
    "JJ" : {
      "call" : 0.0499,
      "raise3x" : 0.95009999999999994
    },
    "JTo" : {
      "call" : 0.5091,
      "fold" : 0.091600000000000001,
      "raise3x" : 0.39929999999999999
    },
    "JTs" : {
      "call" : 0.8841,
      "raise3x" : 0.1159
    },
    "K3s" : {
      "call" : 0.62,
      "fold" : 0.38
    },
    "K4s" : {
      "call" : 0.96399999999999997,
      "raise3x" : 0.035999999999999997
    },
    "K5s" : {
      "call" : 0.54390000000000005,
      "raise3x" : 0.45610000000000001
    },
    "K6s" : {
      "call" : 0.58399999999999996,
      "raise3x" : 0.41599999999999998
    },
    "K7s" : {
      "call" : 0.54600000000000004,
      "raise3x" : 0.45400000000000001
    },
    "K8s" : {
      "call" : 0.24179999999999999,
      "raise3x" : 0.75819999999999999
    },
    "K9s" : {
      "call" : 0.95799999999999996,
      "raise3x" : 0.042000000000000003
    },
    "KJo" : {
      "call" : 0.58399999999999996,
      "raise3x" : 0.41599999999999998
    },
    "KJs" : {
      "call" : 0.3019,
      "raise3x" : 0.69810000000000005
    },
    "KK" : {
      "raise3x" : 1
    },
    "KQo" : {
      "call" : 0.54000000000000004,
      "raise3x" : 0.46000000000000002
    },
    "KQs" : {
      "call" : 0.69599999999999995,
      "raise3x" : 0.30399999999999999
    },
    "KTo" : {
      "call" : 0.58609999999999995,
      "raise3x" : 0.41389999999999999
    },
    "KTs" : {
      "call" : 0.49199999999999999,
      "raise3x" : 0.50800000000000001
    },
    "Q6s" : {
      "call" : 0.35199999999999998,
      "fold" : 0.64800000000000002
    },
    "Q7s" : {
      "call" : 0.0057999999999999996,
      "fold" : 0.99419999999999997
    },
    "Q8s" : {
      "call" : 0.498,
      "raise3x" : 0.502
    },
    "Q9s" : {
      "call" : 0.33389999999999997,
      "raise3x" : 0.66610000000000003
    },
    "QJo" : {
      "call" : 0.52400000000000002,
      "raise3x" : 0.47599999999999998
    },
    "QJs" : {
      "call" : 1
    },
    "QQ" : {
      "raise3x" : 1
    },
    "QTo" : {
      "call" : 0.56610000000000005,
      "fold" : 0.017899999999999999,
      "raise3x" : 0.41599999999999998
    },
    "QTs" : {
      "call" : 0.84419999999999995,
      "raise3x" : 0.15579999999999999
    },
    "T7s" : {
      "call" : 0.46800000000000003,
      "fold" : 0.0339,
      "raise3x" : 0.49809999999999999
    },
    "T8s" : {
      "call" : 0.66800000000000004,
      "raise3x" : 0.33200000000000002
    },
    "T9s" : {
      "call" : 0.53790000000000004,
      "raise3x" : 0.46210000000000001
    },
    "TT" : {
      "call" : 0.35399999999999998,
      "raise3x" : 0.64600000000000002
    }
  },
  "id" : "mtt_8max_60bb_btn_vsopen",
  "source" : {
    "description" : "RangeConverter free PDF — 8-max 60bb 1bb ante (12.5%).",
    "publisher" : {
      "accessedDate" : "2026-06-01",
      "name" : "RangeConverter",
      "product" : "Free Poker Charts — 8 max 1bb ante MTT GTO Ranges",
      "treeParams" : "poker.academy CE-Symmetric Regular @ 60bb (GTO ChipEV, 1bb ante)",
      "url" : "https:\/\/rangeconverter.com\/free-poker-charts"
    },
    "solver" : {
      "assumptions" : "Frequencies rounded to nearest 25% per source. ChipEV (non-ICM). 1bb (12.5%) big-blind ante."
    },
    "type" : "published"
  },
  "spot" : {
    "anteType" : "bigBlindAnte",
    "facingAction" : "vsOpen",
    "position" : "BTN",
    "stackDepthBB" : 60
  }
}