{
  "format" : "NLHE_MTT_8MAX",
  "hands" : {
    "22" : {
      "call" : 0.66810000000000003,
      "fold" : 0.33189999999999997
    },
    "33" : {
      "call" : 0.70599999999999996,
      "fold" : 0.29399999999999998
    },
    "44" : {
      "call" : 1
    },
    "55" : {
      "call" : 0.7621,
      "raise3x" : 0.2379
    },
    "66" : {
      "call" : 0.88800000000000001,
      "raise3x" : 0.112
    },
    "76s" : {
      "call" : 0.043799999999999999,
      "fold" : 0.95620000000000005
    },
    "77" : {
      "call" : 0.74399999999999999,
      "raise3x" : 0.25600000000000001
    },
    "87s" : {
      "call" : 0.067900000000000002,
      "fold" : 0.93210000000000004
    },
    "88" : {
      "call" : 0.59999999999999998,
      "raise3x" : 0.40000000000000002
    },
    "98s" : {
      "call" : 0.73560000000000003,
      "fold" : 0.26440000000000002
    },
    "99" : {
      "call" : 0.73009999999999997,
      "raise3x" : 0.26989999999999997
    },
    "A3s" : {
      "call" : 0.67010000000000003,
      "raise3x" : 0.32990000000000003
    },
    "A4s" : {
      "call" : 0.53210000000000002,
      "raise3x" : 0.46789999999999998
    },
    "A5s" : {
      "call" : 0.40000000000000002,
      "raise3x" : 0.59999999999999998
    },
    "A6s" : {
      "call" : 0.071900000000000006,
      "raise3x" : 0.92810000000000004
    },
    "A7s" : {
      "call" : 0.4839,
      "raise3x" : 0.5161
    },
    "A8s" : {
      "call" : 0.2258,
      "raise3x" : 0.7742
    },
    "A9s" : {
      "call" : 0.64410000000000001,
      "raise3x" : 0.35589999999999999
    },
    "AA" : {
      "raise3x" : 1
    },
    "AJo" : {
      "call" : 0.192,
      "raise3x" : 0.80800000000000005
    },
    "AJs" : {
      "call" : 1
    },
    "AKo" : {
      "raise3x" : 1
    },
    "AKs" : {
      "raise3x" : 1
    },
    "AQo" : {
      "call" : 0.72409999999999997,
      "raise3x" : 0.27589999999999998
    },
    "AQs" : {
      "call" : 0.67210000000000003,
      "raise3x" : 0.32790000000000002
    },
    "ATo" : {
      "call" : 0.30599999999999999,
      "raise3x" : 0.69399999999999995
    },
    "ATs" : {
      "call" : 1
    },
    "J9s" : {
      "call" : 0.40989999999999999,
      "raise3x" : 0.59009999999999996
    },
    "JJ" : {
      "raise3x" : 1
    },
    "JTs" : {
      "call" : 0.57410000000000005,
      "raise3x" : 0.4259
    },
    "K6s" : {
      "fold" : 0.75819999999999999,
      "raise3x" : 0.24179999999999999
    },
    "K7s" : {
      "call" : 0.045900000000000003,
      "fold" : 0.95409999999999995
    },
    "K8s" : {
      "call" : 0.24179999999999999,
      "raise3x" : 0.75819999999999999
    },
    "K9s" : {
      "call" : 0.20399999999999999,
      "raise3x" : 0.79600000000000004
    },
    "KJo" : {
      "call" : 0.54000000000000004,
      "raise3x" : 0.46000000000000002
    },
    "KJs" : {
      "call" : 1
    },
    "KK" : {
      "raise3x" : 1
    },
    "KQo" : {
      "call" : 0.42199999999999999,
      "raise3x" : 0.57799999999999996
    },
    "KQs" : {
      "call" : 1
    },
    "KTo" : {
      "fold" : 0.52000000000000002,
      "raise3x" : 0.47999999999999998
    },
    "KTs" : {
      "call" : 1
    },
    "Q9s" : {
      "call" : 0.067900000000000002,
      "raise3x" : 0.93210000000000004
    },
    "QJo" : {
      "fold" : 0.94020000000000004,
      "raise3x" : 0.059799999999999999
    },
    "QJs" : {
      "call" : 1
    },
    "QQ" : {
      "raise3x" : 1
    },
    "QTs" : {
      "call" : 0.81799999999999995,
      "raise3x" : 0.182
    },
    "T8s" : {
      "call" : 0.188,
      "fold" : 0.099900000000000003,
      "raise3x" : 0.71209999999999996
    },
    "T9s" : {
      "call" : 0.69810000000000005,
      "raise3x" : 0.3019
    },
    "TT" : {
      "call" : 0.42799999999999999,
      "raise3x" : 0.57199999999999995
    }
  },
  "id" : "mtt_8max_50bb_co_vsopen_vs_hj",
  "source" : {
    "description" : "RangeConverter free PDF — 8-max 50bb 1bb ante (12.5%).",
    "publisher" : {
      "accessedDate" : "2026-06-01",
      "name" : "RangeConverter",
      "product" : "Free Poker Charts — 8 max 1bb ante MTT GTO Ranges",
      "treeParams" : "poker.academy CE-Symmetric Regular @ 50bb (GTO ChipEV, 1bb ante)",
      "url" : "https:\/\/rangeconverter.com\/free-poker-charts"
    },
    "solver" : {
      "assumptions" : "Frequencies rounded to nearest 25% per source. ChipEV (non-ICM). 1bb (12.5%) big-blind ante."
    },
    "type" : "published"
  },
  "spot" : {
    "anteType" : "bigBlindAnte",
    "facingAction" : "vsOpen",
    "opponentPosition" : "HJ",
    "position" : "CO",
    "stackDepthBB" : 50
  }
}