{
  "format" : "NLHE_MTT_8MAX",
  "hands" : {
    "22" : {
      "call" : 0.999
    },
    "32o" : {
      "call" : 0.99990000000000001
    },
    "32s" : {
      "call" : 0.99770000000000003,
      "fold" : 0.0023
    },
    "33" : {
      "call" : 0.99970000000000003
    },
    "42o" : {
      "call" : 0.99980000000000002
    },
    "42s" : {
      "call" : 0.99729999999999996,
      "shove" : 0.0016999999999999999
    },
    "43o" : {
      "call" : 0.99829999999999997,
      "fold" : 0.0016999999999999999
    },
    "43s" : {
      "call" : 0.99750000000000005,
      "fold" : 0.0025000000000000001
    },
    "44" : {
      "call" : 0.99990000000000001
    },
    "52o" : {
      "call" : 0.99960000000000004
    },
    "52s" : {
      "call" : 0.99719999999999998,
      "fold" : 0.0028
    },
    "53o" : {
      "call" : 0.99990000000000001
    },
    "53s" : {
      "call" : 0.9486,
      "shove" : 0.0511
    },
    "54o" : {
      "call" : 1
    },
    "54s" : {
      "call" : 0.99970000000000003
    },
    "55" : {
      "call" : 0.99960000000000004
    },
    "62o" : {
      "call" : 0.99839999999999995,
      "fold" : 0.0016000000000000001
    },
    "62s" : {
      "call" : 0.99870000000000003,
      "fold" : 0.0012999999999999999
    },
    "63o" : {
      "call" : 0.99970000000000003
    },
    "63s" : {
      "call" : 0.99619999999999997,
      "fold" : 0.0035999999999999999
    },
    "64o" : {
      "call" : 0.99980000000000002
    },
    "64s" : {
      "call" : 0.99519999999999997,
      "fold" : 0.0020999999999999999,
      "shove" : 0.0027000000000000001
    },
    "65o" : {
      "call" : 0.99990000000000001
    },
    "65s" : {
      "call" : 0.99839999999999995,
      "shove" : 0.0015
    },
    "66" : {
      "call" : 0.99339999999999995,
      "shove" : 0.0064999999999999997
    },
    "72o" : {
      "call" : 0.99829999999999997,
      "fold" : 0.0016999999999999999
    },
    "72s" : {
      "call" : 0.99970000000000003
    },
    "73o" : {
      "call" : 0.99850000000000005,
      "fold" : 0.0015
    },
    "73s" : {
      "call" : 0.99870000000000003,
      "fold" : 0.0011999999999999999
    },
    "74o" : {
      "call" : 0.99870000000000003,
      "fold" : 0.0012999999999999999
    },
    "74s" : {
      "call" : 0.99939999999999996
    },
    "75o" : {
      "call" : 0.99980000000000002
    },
    "75s" : {
      "call" : 0.99950000000000006
    },
    "76o" : {
      "call" : 0.99980000000000002
    },
    "76s" : {
      "call" : 0.99919999999999998
    },
    "77" : {
      "call" : 0.999
    },
    "82o" : {
      "call" : 0.99970000000000003
    },
    "82s" : {
      "call" : 0.97150000000000003,
      "shove" : 0.027900000000000001
    },
    "83o" : {
      "call" : 0.99990000000000001
    },
    "83s" : {
      "call" : 0.99980000000000002
    },
    "84o" : {
      "call" : 0.99980000000000002
    },
    "84s" : {
      "call" : 0.96409999999999996,
      "fold" : 0.0012999999999999999,
      "shove" : 0.034599999999999999
    },
    "85o" : {
      "call" : 1
    },
    "85s" : {
      "call" : 0.99990000000000001
    },
    "86o" : {
      "call" : 0.99970000000000003
    },
    "86s" : {
      "call" : 0.99890000000000001,
      "fold" : 0.0011000000000000001
    },
    "87o" : {
      "call" : 0.99980000000000002
    },
    "87s" : {
      "call" : 0.97470000000000001,
      "shove" : 0.0246
    },
    "88" : {
      "call" : 0.99880000000000002
    },
    "92o" : {
      "call" : 0.99990000000000001
    },
    "92s" : {
      "call" : 0.99939999999999996
    },
    "93o" : {
      "call" : 0.99980000000000002
    },
    "93s" : {
      "call" : 0.997,
      "shove" : 0.0028
    },
    "94o" : {
      "call" : 0.99729999999999996,
      "fold" : 0.0027000000000000001
    },
    "94s" : {
      "call" : 0.99980000000000002
    },
    "95o" : {
      "call" : 0.99990000000000001
    },
    "95s" : {
      "call" : 0.99809999999999999,
      "fold" : 0.0014
    },
    "96o" : {
      "call" : 0.99990000000000001
    },
    "96s" : {
      "call" : 0.99670000000000003,
      "shove" : 0.0023
    },
    "97o" : {
      "call" : 0.99990000000000001
    },
    "97s" : {
      "call" : 0.99960000000000004
    },
    "98o" : {
      "call" : 0.99990000000000001
    },
    "98s" : {
      "call" : 0.80430000000000001,
      "shove" : 0.1956
    },
    "99" : {
      "call" : 0.87680000000000002,
      "shove" : 0.123
    },
    "A2o" : {
      "call" : 0.99980000000000002
    },
    "A2s" : {
      "call" : 0.5948,
      "shove" : 0.40510000000000002
    },
    "A3o" : {
      "call" : 1
    },
    "A3s" : {
      "call" : 0.66449999999999998,
      "shove" : 0.33500000000000002
    },
    "A4o" : {
      "call" : 0.99970000000000003
    },
    "A4s" : {
      "call" : 0.62909999999999999,
      "shove" : 0.37040000000000001
    },
    "A5o" : {
      "call" : 1
    },
    "A5s" : {
      "call" : 0.27860000000000001,
      "shove" : 0.7208
    },
    "A6o" : {
      "call" : 0.99960000000000004
    },
    "A6s" : {
      "call" : 0.99450000000000005,
      "shove" : 0.0051000000000000004
    },
    "A7o" : {
      "call" : 0.99990000000000001
    },
    "A7s" : {
      "call" : 0.93179999999999996,
      "shove" : 0.067900000000000002
    },
    "A8o" : {
      "call" : 0.99980000000000002
    },
    "A8s" : {
      "call" : 0.8619,
      "shove" : 0.1376
    },
    "A9o" : {
      "call" : 0.99970000000000003
    },
    "A9s" : {
      "call" : 0.77759999999999996,
      "shove" : 0.22140000000000001
    },
    "AA" : {
      "shove" : 1
    },
    "AJo" : {
      "call" : 0.96330000000000005,
      "shove" : 0.036700000000000003
    },
    "AJs" : {
      "call" : 0.91410000000000002,
      "shove" : 0.085699999999999998
    },
    "AKo" : {
      "shove" : 1
    },
    "AKs" : {
      "shove" : 0.99990000000000001
    },
    "AQo" : {
      "call" : 0.75470000000000004,
      "shove" : 0.24529999999999999
    },
    "AQs" : {
      "call" : 0.40460000000000002,
      "shove" : 0.59540000000000004
    },
    "ATo" : {
      "call" : 0.99419999999999997,
      "shove" : 0.0057999999999999996
    },
    "ATs" : {
      "call" : 0.35420000000000001,
      "shove" : 0.64480000000000004
    },
    "J2o" : {
      "call" : 0.99880000000000002,
      "fold" : 0.0011999999999999999
    },
    "J2s" : {
      "call" : 0.99129999999999996,
      "shove" : 0.0080999999999999996
    },
    "J3o" : {
      "call" : 0.99980000000000002
    },
    "J3s" : {
      "call" : 0.99850000000000005,
      "fold" : 0.0015
    },
    "J4o" : {
      "call" : 0.99929999999999997
    },
    "J4s" : {
      "call" : 0.99919999999999998
    },
    "J5o" : {
      "call" : 0.99970000000000003
    },
    "J5s" : {
      "call" : 0.99880000000000002
    },
    "J6o" : {
      "call" : 0.99970000000000003
    },
    "J6s" : {
      "call" : 0.99850000000000005,
      "fold" : 0.0011000000000000001
    },
    "J7o" : {
      "call" : 1
    },
    "J7s" : {
      "call" : 0.99480000000000002,
      "fold" : 0.0051000000000000004
    },
    "J8o" : {
      "call" : 0.99980000000000002
    },
    "J8s" : {
      "call" : 0.99990000000000001
    },
    "J9o" : {
      "call" : 0.99919999999999998
    },
    "J9s" : {
      "call" : 0.99950000000000006
    },
    "JJ" : {
      "shove" : 1
    },
    "JTo" : {
      "call" : 0.99990000000000001
    },
    "JTs" : {
      "call" : 0.27860000000000001,
      "shove" : 0.7208
    },
    "K2o" : {
      "call" : 0.99990000000000001
    },
    "K2s" : {
      "call" : 0.99719999999999998,
      "shove" : 0.0027000000000000001
    },
    "K3o" : {
      "call" : 1
    },
    "K3s" : {
      "call" : 0.99990000000000001
    },
    "K4o" : {
      "call" : 0.99980000000000002
    },
    "K4s" : {
      "call" : 0.89419999999999999,
      "shove" : 0.1051
    },
    "K5o" : {
      "call" : 0.99990000000000001
    },
    "K5s" : {
      "call" : 0.91139999999999999,
      "shove" : 0.088599999999999998
    },