{
  "format" : "NLHE_MTT_8MAX",
  "hands" : {
    "54s" : {
      "call" : 1
    },
    "55" : {
      "call" : 0.59509999999999996,
      "shove" : 0.40489999999999998
    },
    "65s" : {
      "call" : 1
    },
    "66" : {
      "call" : 1
    },
    "76s" : {
      "call" : 1
    },
    "77" : {
      "call" : 1
    },
    "87s" : {
      "call" : 1
    },
    "88" : {
      "call" : 0.98999999999999999,
      "shove" : 0.01
    },
    "98s" : {
      "call" : 0.72009999999999996,
      "fold" : 0.27989999999999998
    },
    "99" : {
      "call" : 0.91000000000000003,
      "shove" : 0.089999999999999997
    },
    "A3s" : {
      "call" : 0.54500000000000004,
      "shove" : 0.45500000000000002
    },
    "A4s" : {
      "call" : 0.25990000000000002,
      "shove" : 0.74009999999999998
    },
    "A5s" : {
      "call" : 0.095000000000000001,
      "shove" : 0.90500000000000003
    },
    "A6s" : {
      "call" : 0.22500000000000001,
      "fold" : 0.77500000000000002
    },
    "A7s" : {
      "call" : 0.31,
      "fold" : 0.68999999999999995
    },
    "A8s" : {
      "call" : 1
    },
    "A9s" : {
      "call" : 1
    },
    "AA" : {
      "call" : 0.63490000000000002,
      "shove" : 0.36509999999999998
    },
    "AJo" : {
      "call" : 0.69999999999999996,
      "fold" : 0.29999999999999999
    },
    "AJs" : {
      "call" : 1
    },
    "AKo" : {
      "shove" : 1
    },
    "AKs" : {
      "shove" : 1
    },
    "AQo" : {
      "call" : 0.86519999999999997,
      "shove" : 0.1348
    },
    "AQs" : {
      "call" : 1
    },
    "ATs" : {
      "call" : 1
    },
    "JJ" : {
      "shove" : 1
    },
    "JTs" : {
      "call" : 1
    },
    "K6s" : {
      "call" : 0.98429999999999995,
      "fold" : 0.015699999999999999
    },
    "K9s" : {
      "call" : 1
    },
    "KJs" : {
      "call" : 1
    },
    "KK" : {
      "shove" : 1
    },
    "KQo" : {
      "call" : 0.70999999999999996,
      "fold" : 0.28999999999999998
    },
    "KQs" : {
      "call" : 1
    },
    "KTs" : {
      "call" : 1
    },
    "Q9s" : {
      "call" : 0.88009999999999999,
      "fold" : 0.11990000000000001
    },
    "QJs" : {
      "call" : 1
    },
    "QQ" : {
      "shove" : 1
    },
    "QTs" : {
      "call" : 1
    },
    "T8s" : {
      "call" : 0.18990000000000001,
      "fold" : 0.81010000000000004
    },
    "T9s" : {
      "call" : 1
    },
    "TT" : {
      "call" : 0.024899999999999999,
      "shove" : 0.97509999999999997
    }
  },
  "id" : "mtt_8max_35bb_utg1_vs3bet_vs_btn",
  "source" : {
    "description" : "RangeConverter free PDF — 8-max 35bb 1bb ante (12.5%).",
    "publisher" : {
      "accessedDate" : "2026-06-01",
      "name" : "RangeConverter",
      "product" : "Free Poker Charts — 8 max 1bb ante MTT GTO Ranges",
      "treeParams" : "poker.academy CE-Symmetric Regular @ 35bb (GTO ChipEV, 1bb ante)",
      "url" : "https:\/\/rangeconverter.com\/free-poker-charts"
    },
    "solver" : {
      "assumptions" : "Frequencies rounded to nearest 25% per source. ChipEV (non-ICM). 1bb (12.5%) big-blind ante."
    },
    "type" : "published"
  },
  "spot" : {
    "anteType" : "bigBlindAnte",
    "facingAction" : "vs3Bet",
    "opponentPosition" : "BTN",
    "position" : "UTG1",
    "stackDepthBB" : 35
  }
}