{
  "format" : "NLHE_MTT_9MAX",
  "hands" : {
    "22" : {
      "call" : 0.5,
      "fold" : 0.5
    },
    "33" : {
      "call" : 0.46999999999999997,
      "fold" : 0.53000000000000003
    },
    "44" : {
      "call" : 0.625,
      "fold" : 0.375
    },
    "54s" : {
      "call" : 0.25359999999999999,
      "fold" : 0.63190000000000002,
      "raise25x" : 0.1145
    },
    "55" : {
      "call" : 0.63490000000000002,
      "fold" : 0.36509999999999998
    },
    "65s" : {
      "call" : 0.080000000000000002,
      "fold" : 0.92000000000000004
    },
    "66" : {
      "call" : 1
    },
    "76s" : {
      "call" : 0.36009999999999998,
      "fold" : 0.63990000000000002
    },
    "77" : {
      "call" : 0.88009999999999999,
      "raise25x" : 0.11990000000000001
    },
    "87s" : {
      "call" : 0.1099,
      "fold" : 0.8901
    },
    "88" : {
      "call" : 0.79510000000000003,
      "raise25x" : 0.2049
    },
    "98s" : {
      "call" : 0.375,
      "fold" : 0.625
    },
    "99" : {
      "call" : 0.86019999999999996,
      "raise25x" : 0.13980000000000001
    },
    "A4s" : {
      "call" : 0.089499999999999996,
      "fold" : 0.64190000000000003,
      "raise25x" : 0.26860000000000001
    },
    "A5s" : {
      "call" : 0.87009999999999998,
      "raise25x" : 0.12989999999999999
    },
    "A6s" : {
      "fold" : 0.97009999999999996,
      "raise25x" : 0.029899999999999999
    },
    "A8s" : {
      "call" : 0.40489999999999998,
      "raise25x" : 0.59509999999999996
    },
    "A9s" : {
      "call" : 0.77000000000000002,
      "raise25x" : 0.23000000000000001
    },
    "AA" : {
      "call" : 0.059799999999999999,
      "raise25x" : 0.94020000000000004
    },
    "AJo" : {
      "call" : 0.4249,
      "raise25x" : 0.57509999999999994
    },
    "AJs" : {
      "call" : 1
    },
    "AKo" : {
      "call" : 0.26490000000000002,
      "raise25x" : 0.73509999999999998
    },
    "AKs" : {
      "raise25x" : 1
    },
    "AQo" : {
      "call" : 0.67010000000000003,
      "raise25x" : 0.32990000000000003
    },
    "AQs" : {
      "call" : 1
    },
    "ATo" : {
      "fold" : 0.68000000000000005,
      "raise25x" : 0.32000000000000001
    },
    "ATs" : {
      "call" : 1
    },
    "J9s" : {
      "fold" : 0.79910000000000003,
      "raise25x" : 0.2009
    },
    "JJ" : {
      "call" : 0.32000000000000001,
      "raise25x" : 0.68000000000000005
    },
    "JTs" : {
      "call" : 0.85499999999999998,
      "raise25x" : 0.14499999999999999
    },
    "K9s" : {
      "call" : 0.32000000000000001,
      "raise25x" : 0.68000000000000005
    },
    "KJo" : {
      "fold" : 0.92500000000000004,
      "raise25x" : 0.074999999999999997
    },
    "KJs" : {
      "call" : 0.82999999999999996,
      "raise25x" : 0.17000000000000001
    },
    "KK" : {
      "raise25x" : 1
    },
    "KQo" : {
      "call" : 0.57509999999999994,
      "raise25x" : 0.4249
    },
    "KQs" : {
      "call" : 1
    },
    "KTs" : {
      "call" : 0.58509999999999995,
      "raise25x" : 0.41489999999999999
    },
    "QJs" : {
      "call" : 0.86019999999999996,
      "raise25x" : 0.13980000000000001
    },
    "QQ" : {
      "call" : 0.14999999999999999,
      "raise25x" : 0.84999999999999998
    },
    "QTs" : {
      "call" : 1
    },
    "T8s" : {
      "call" : 0.089999999999999997,
      "fold" : 0.91000000000000003
    },
    "T9s" : {
      "call" : 0.84499999999999997,
      "raise25x" : 0.155
    },
    "TT" : {
      "call" : 0.55000000000000004,
      "raise25x" : 0.45000000000000001
    }
  },
  "id" : "mtt_9max_35bb_co_vsopen_vs_utg",
  "source" : {
    "description" : "Adapted from RangeConverter 8-max baseline.",
    "publisher" : {
      "accessedDate" : "2026-06-01",
      "name" : "RangeConverter",
      "product" : "Free Poker Charts — 8 max 1bb ante MTT GTO Ranges",
      "treeParams" : "2.5x open, 3.5x 3bet IP, 4.5x 3bet OOP, 2.3x 4bet IP, 2.75x 4bet OOP, SB vs BB 3.2bb",
      "url" : "https:\/\/rangeconverter.com\/free-poker-charts"
    },
    "solver" : {
      "assumptions" : "Frequencies rounded to nearest 25% per source. ChipEV (non-ICM). 1bb (12.5%) big-blind ante. Copied verbatim from 8-max CO (same effective seat in 9-max)."
    },
    "type" : "published"
  },
  "spot" : {
    "anteType" : "bigBlindAnte",
    "facingAction" : "vsOpen",
    "opponentPosition" : "UTG",
    "position" : "CO",
    "stackDepthBB" : 35
  }
}