{
  "format" : "NLHE_MTT_8MAX",
  "hands" : {
    "22" : {
      "call" : 1
    },
    "32s" : {
      "call" : 1
    },
    "33" : {
      "call" : 1
    },
    "42s" : {
      "call" : 1
    },
    "43s" : {
      "call" : 1
    },
    "44" : {
      "call" : 1
    },
    "52s" : {
      "call" : 1
    },
    "53s" : {
      "call" : 1
    },
    "54o" : {
      "call" : 1
    },
    "54s" : {
      "call" : 0.45500000000000002,
      "raise3x" : 0.54500000000000004
    },
    "55" : {
      "call" : 1
    },
    "62s" : {
      "call" : 1
    },
    "63s" : {
      "call" : 1
    },
    "64s" : {
      "call" : 1
    },
    "65o" : {
      "call" : 1
    },
    "65s" : {
      "call" : 0.55500000000000005,
      "raise3x" : 0.44500000000000001
    },
    "66" : {
      "call" : 1
    },
    "73s" : {
      "call" : 1
    },
    "74s" : {
      "call" : 1
    },
    "75s" : {
      "call" : 1
    },
    "76o" : {
      "call" : 1
    },
    "76s" : {
      "call" : 0.46500000000000002,
      "raise3x" : 0.53500000000000003
    },
    "77" : {
      "call" : 1
    },
    "84s" : {
      "call" : 1
    },
    "85s" : {
      "call" : 1
    },
    "86o" : {
      "call" : 0.16,
      "fold" : 0.83999999999999997
    },
    "86s" : {
      "call" : 1
    },
    "87o" : {
      "call" : 0.89510000000000001,
      "fold" : 0.10489999999999999
    },
    "87s" : {
      "call" : 0.52500000000000002,
      "raise3x" : 0.47499999999999998
    },
    "88" : {
      "call" : 1
    },
    "92s" : {
      "call" : 0.77010000000000001,
      "fold" : 0.22989999999999999
    },
    "93s" : {
      "call" : 0.78500000000000003,
      "fold" : 0.215
    },
    "94s" : {
      "call" : 0.71509999999999996,
      "fold" : 0.28489999999999999
    },
    "95s" : {
      "call" : 1
    },
    "96s" : {
      "call" : 1
    },
    "97s" : {
      "call" : 1
    },
    "98o" : {
      "call" : 0.80510000000000004,
      "fold" : 0.19489999999999999
    },
    "98s" : {
      "call" : 0.93520000000000003,
      "raise3x" : 0.064799999999999996
    },
    "99" : {
      "call" : 1
    },
    "A2s" : {
      "call" : 1
    },
    "A3s" : {
      "call" : 0.97509999999999997,
      "raise3x" : 0.024899999999999999
    },
    "A4o" : {
      "call" : 0.13980000000000001,
      "fold" : 0.86019999999999996
    },
    "A4s" : {
      "call" : 0.59509999999999996,
      "raise3x" : 0.40489999999999998
    },
    "A5o" : {
      "call" : 1
    },
    "A5s" : {
      "call" : 0.40489999999999998,
      "raise3x" : 0.59509999999999996
    },
    "A6s" : {
      "call" : 1
    },
    "A7s" : {
      "call" : 1
    },
    "A8o" : {
      "call" : 1
    },
    "A8s" : {
      "call" : 1
    },
    "A9o" : {
      "call" : 1
    },
    "A9s" : {
      "call" : 1
    },
    "AA" : {
      "raise3x" : 1
    },
    "AJo" : {
      "call" : 0.97509999999999997,
      "raise3x" : 0.024899999999999999
    },
    "AJs" : {
      "call" : 0.59999999999999998,
      "raise3x" : 0.40000000000000002
    },
    "AKo" : {
      "call" : 0.29999999999999999,
      "raise3x" : 0.69999999999999996
    },
    "AKs" : {
      "raise3x" : 1
    },
    "AQo" : {
      "call" : 1
    },
    "AQs" : {
      "call" : 0.46999999999999997,
      "raise3x" : 0.53000000000000003
    },
    "ATo" : {
      "call" : 0.87009999999999998,
      "raise3x" : 0.12989999999999999
    },
    "ATs" : {
      "call" : 0.2049,
      "raise3x" : 0.79510000000000003
    },
    "J2s" : {
      "call" : 1
    },
    "J3s" : {
      "call" : 1
    },
    "J4s" : {
      "call" : 1
    },
    "J5s" : {
      "call" : 1
    },
    "J6s" : {
      "call" : 1
    },
    "J7s" : {
      "call" : 1
    },
    "J8s" : {
      "call" : 1
    },
    "J9o" : {
      "call" : 0.67010000000000003,
      "fold" : 0.32990000000000003
    },
    "J9s" : {
      "call" : 0.79510000000000003,
      "raise3x" : 0.2049
    },
    "JJ" : {
      "call" : 0.59009999999999996,
      "raise3x" : 0.40989999999999999
    },
    "JTo" : {
      "call" : 1
    },
    "JTs" : {
      "call" : 0.71509999999999996,
      "raise3x" : 0.28489999999999999
    },
    "K2s" : {
      "call" : 1
    },
    "K3s" : {
      "call" : 1
    },
    "K4s" : {
      "call" : 1
    },
    "K5s" : {
      "call" : 1
    },
    "K6o" : {
      "call" : 0.13980000000000001,
      "fold" : 0.86019999999999996
    },
    "K6s" : {
      "call" : 1
    },
    "K7s" : {
      "call" : 1
    },
    "K8o" : {
      "call" : 0.5101,
      "fold" : 0.4899
    },
    "K8s" : {
      "call" : 1
    },
    "K9o" : {
      "call" : 1
    },
    "K9s" : {
      "call" : 1
    },
    "KJo" : {
      "call" : 1
    },
    "KJs" : {
      "call" : 0.2049,
      "raise3x" : 0.79510000000000003
    },
    "KK" : {
      "raise3x" : 1
    },
    "KQo" : {
      "call" : 0.98009999999999997,
      "raise3x" : 0.019900000000000001
    },
    "KQs" : {
      "raise3x" : 1
    },
    "KTo" : {
      "call" : 1
    },
    "KTs" : {
      "call" : 0.82509999999999994,
      "raise3x" : 0.1749
    },
    "Q2s" : {
      "call" : 1
    },
    "Q3s" : {
      "call" : 1
    },
    "Q4s" : {
      "call" : 1
    },
    "Q5s" : {
      "call" : 1
    },
    "Q6s" : {
      "call" : 1
    },
    "Q7s" : {
      "call" : 1
    },
    "Q8s" : {
      "call" : 1
    },
    "Q9o" : {
      "call" : 0.68000000000000005,
      "fold" : 0.32000000000000001
    },
    "Q9s" : {
      "call" : 0.92000000000000004,
      "raise3x" : 0.080000000000000002
    },
    "QJo" : {
      "call" : 1
    },
    "QJs" : {
      "call" : 0.28999999999999998,
      "raise3x" : 0.70999999999999996
    },
    "QQ" : {
      "raise3x" : 1
    },
    "QTo" : {
      "call" : 1
    },
    "QTs" : {
      "call" : 0.61499999999999999,
      "raise3x" : 0.38500000000000001
    },
    "T2s" : {
      "call" : 1
    },
    "T3s" : {
      "call" : 1
    },
    "T4s" : {
      "call" : 1
    },
    "T5s" : {
      "call" : 1
    },
    "T6s" : {
      "call" : 1
    },
    "T7s" : {
      "call" : 1
    },
    "T8o" : {
      "call" : 0.69999999999999996,
      "fold" : 0.29999999999999999
    },
    "T8s" : {
      "call" : 0.79020000000000001,
      "raise3x" : 0.20979999999999999
    },
    "T9o" : {
      "call" : 1
    },
    "T9s" : {
      "call" : 0.43509999999999999,
      "raise3x" : 0.56489999999999996
    },
    "TT" : {
      "call" : 0.93020000000000003,
      "raise3x" : 0.069800000000000001
    }
  },
  "id" : "mtt_8max_80bb_bb_vsopen_vs_utg",
  "source" : {
    "description" : "RangeConverter free PDF — 8-max 80bb 1bb ante (12.5%).",
    "publisher" : {
      "accessedDate" : "2026-06-01",
      "name" : "RangeConverter",
      "product" : "Free Poker Charts — 8 max 1bb ante MTT GTO Ranges",
      "treeParams" : "poker.academy CE-Symmetric Regular @ 80bb (GTO ChipEV, 1bb ante)",
      "url" : "https:\/\/rangeconverter.com\/free-poker-charts"
    },
    "solver" : {
      "assumptions" : "Frequencies rounded to nearest 25% per source. ChipEV (non-ICM). 1bb (12.5%) big-blind ante."
    },
    "type" : "published"
  },
  "spot" : {
    "anteType" : "bigBlindAnte",
    "facingAction" : "vsOpen",
    "opponentPosition" : "UTG",
    "position" : "BB",
    "stackDepthBB" : 80
  }
}