{
  "format" : "NLHE_MTT_8MAX",
  "hands" : {
    "22" : {
      "call" : 1
    },
    "33" : {
      "call" : 1
    },
    "44" : {
      "call" : 1
    },
    "54s" : {
      "call" : 0.64800000000000002,
      "raise3x" : 0.35199999999999998
    },
    "55" : {
      "call" : 1
    },
    "65s" : {
      "call" : 0.85809999999999997,
      "raise3x" : 0.1419
    },
    "66" : {
      "call" : 1
    },
    "76s" : {
      "call" : 0.82210000000000005,
      "raise3x" : 0.1779
    },
    "77" : {
      "call" : 1
    },
    "87s" : {
      "call" : 0.72009999999999996,
      "raise3x" : 0.27989999999999998
    },
    "88" : {
      "call" : 0.77810000000000001,
      "raise3x" : 0.22189999999999999
    },
    "97s" : {
      "call" : 0.29189999999999999,
      "fold" : 0.70809999999999995
    },
    "98s" : {
      "call" : 0.86019999999999996,
      "raise3x" : 0.13980000000000001
    },
    "99" : {
      "call" : 0.64200000000000002,
      "raise3x" : 0.35799999999999998
    },
    "A2s" : {
      "call" : 0.90410000000000001,
      "raise3x" : 0.095899999999999999
    },
    "A3s" : {
      "call" : 1
    },
    "A4s" : {
      "call" : 0.81200000000000006,
      "raise3x" : 0.188
    },
    "A5s" : {
      "call" : 0.7419,
      "raise3x" : 0.2581
    },
    "A6s" : {
      "call" : 0.70999999999999996,
      "raise3x" : 0.28999999999999998
    },
    "A7s" : {
      "call" : 0.62809999999999999,
      "raise3x" : 0.37190000000000001
    },
    "A8s" : {
      "call" : 0.5,
      "raise3x" : 0.5
    },
    "A9s" : {
      "call" : 0.316,
      "raise3x" : 0.68400000000000005
    },
    "AA" : {
      "raise3x" : 1
    },
    "AJo" : {
      "call" : 0.65800000000000003,
      "raise3x" : 0.34200000000000003
    },
    "AJs" : {
      "call" : 1
    },
    "AKo" : {
      "call" : 0.077899999999999997,
      "raise3x" : 0.92210000000000003
    },
    "AKs" : {
      "raise3x" : 1
    },
    "AQo" : {
      "call" : 0.41389999999999999,
      "raise3x" : 0.58609999999999995
    },
    "AQs" : {
      "call" : 1
    },
    "ATo" : {
      "call" : 0.35399999999999998,
      "raise3x" : 0.64600000000000002
    },
    "ATs" : {
      "call" : 1
    },
    "J8s" : {
      "call" : 0.0499,
      "fold" : 0.73209999999999997,
      "raise3x" : 0.218
    },
    "J9s" : {
      "call" : 0.56799999999999995,
      "raise3x" : 0.432
    },
    "JJ" : {
      "call" : 0.49409999999999998,
      "raise3x" : 0.50590000000000002
    },
    "JTs" : {
      "call" : 0.82399999999999995,
      "raise3x" : 0.17599999999999999
    },
    "K6s" : {
      "call" : 0.27989999999999998,
      "fold" : 0.49419999999999997,
      "raise3x" : 0.22589999999999999
    },
    "K7s" : {
      "call" : 0.37409999999999999,
      "fold" : 0.52200000000000002,
      "raise3x" : 0.10390000000000001
    },
    "K8s" : {
      "call" : 0.59609999999999996,
      "raise3x" : 0.40389999999999998
    },
    "K9s" : {
      "call" : 0.2339,
      "raise3x" : 0.7661
    },
    "KJo" : {
      "call" : 0.51400000000000001,
      "raise3x" : 0.48599999999999999
    },
    "KJs" : {
      "call" : 1
    },
    "KK" : {
      "raise3x" : 1
    },
    "KQo" : {
      "call" : 0.83399999999999996,
      "raise3x" : 0.16600000000000001
    },
    "KQs" : {
      "call" : 1
    },
    "KTo" : {
      "call" : 0.069800000000000001,
      "fold" : 0.72219999999999995,
      "raise3x" : 0.20799999999999999
    },
    "KTs" : {
      "call" : 0.68999999999999995,
      "raise3x" : 0.31
    },
    "Q9s" : {
      "call" : 1
    },
    "QJo" : {
      "call" : 0.016,
      "fold" : 0.77459999999999996,
      "raise3x" : 0.2094
    },
    "QJs" : {
      "call" : 1
    },
    "QQ" : {
      "raise3x" : 1
    },
    "QTs" : {
      "call" : 1
    },
    "T8s" : {
      "call" : 0.82399999999999995,
      "raise3x" : 0.17599999999999999
    },
    "T9s" : {
      "call" : 1
    },
    "TT" : {
      "call" : 0.40200000000000002,
      "raise3x" : 0.59799999999999998
    }
  },
  "id" : "mtt_8max_50bb_btn_vsopen_vs_utg1",
  "source" : {
    "description" : "RangeConverter free PDF — 8-max 50bb 1bb ante (12.5%).",
    "publisher" : {
      "accessedDate" : "2026-06-01",
      "name" : "RangeConverter",
      "product" : "Free Poker Charts — 8 max 1bb ante MTT GTO Ranges",
      "treeParams" : "poker.academy CE-Symmetric Regular @ 50bb (GTO ChipEV, 1bb ante)",
      "url" : "https:\/\/rangeconverter.com\/free-poker-charts"
    },
    "solver" : {
      "assumptions" : "Frequencies rounded to nearest 25% per source. ChipEV (non-ICM). 1bb (12.5%) big-blind ante."
    },
    "type" : "published"
  },
  "spot" : {
    "anteType" : "bigBlindAnte",
    "facingAction" : "vsOpen",
    "opponentPosition" : "UTG1",
    "position" : "BTN",
    "stackDepthBB" : 50
  }
}