{
  "format" : "NLHE_MTT_9MAX",
  "hands" : {
    "22" : {
      "call" : 0.78490000000000004,
      "shove" : 0.21410000000000001
    },
    "32o" : {
      "call" : 0.99939999999999996
    },
    "32s" : {
      "call" : 0.999
    },
    "33" : {
      "call" : 0.99860000000000004
    },
    "42o" : {
      "call" : 0.99939999999999996
    },
    "42s" : {
      "call" : 0.99970000000000003
    },
    "43o" : {
      "call" : 0.99990000000000001
    },
    "43s" : {
      "call" : 0.99850000000000005,
      "fold" : 0.0015
    },
    "44" : {
      "call" : 0.99960000000000004
    },
    "52o" : {
      "call" : 0.99990000000000001
    },
    "52s" : {
      "call" : 0.99950000000000006
    },
    "53o" : {
      "call" : 1
    },
    "53s" : {
      "call" : 0.99980000000000002
    },
    "54o" : {
      "call" : 0.99980000000000002
    },
    "54s" : {
      "call" : 0.99670000000000003,
      "shove" : 0.0032000000000000002
    },
    "55" : {
      "call" : 0.99990000000000001
    },
    "62o" : {
      "call" : 1
    },
    "62s" : {
      "call" : 0.999
    },
    "63o" : {
      "call" : 1
    },
    "63s" : {
      "call" : 0.99880000000000002,
      "fold" : 0.0011000000000000001
    },
    "64o" : {
      "call" : 0.99929999999999997
    },
    "64s" : {
      "call" : 0.99960000000000004
    },
    "65o" : {
      "call" : 0.99909999999999999
    },
    "65s" : {
      "call" : 0.61429999999999996,
      "shove" : 0.38519999999999999
    },
    "66" : {
      "call" : 0.99099999999999999,
      "shove" : 0.0089999999999999993
    },
    "72o" : {
      "call" : 0.99970000000000003
    },
    "72s" : {
      "call" : 0.97450000000000003,
      "fold" : 0.025500000000000002
    },
    "73o" : {
      "call" : 1
    },
    "73s" : {
      "call" : 0.99980000000000002
    },
    "74o" : {
      "call" : 0.99990000000000001
    },
    "74s" : {
      "call" : 0.96530000000000005,
      "shove" : 0.034500000000000017
    },
    "75o" : {
      "call" : 1
    },
    "75s" : {
      "call" : 0.9607,
      "fold" : 0.0012000000000000001,
      "shove" : 0.038100000000000002
    },
    "76o" : {
      "call" : 0.99990000000000001
    },
    "76s" : {
      "call" : 0.99880000000000002,
      "fold" : 0.0011000000000000001
    },
    "77" : {
      "call" : 0.46450000000000002,
      "shove" : 0.53549999999999998
    },
    "82o" : {
      "call" : 0.99639999999999995,
      "fold" : 0.0035999999999999999
    },
    "82s" : {
      "call" : 0.99990000000000001
    },
    "83o" : {
      "call" : 0.99870000000000003,
      "fold" : 0.0013000000000000002
    },
    "83s" : {
      "call" : 0.99939999999999996
    },
    "84o" : {
      "call" : 0.99990000000000001
    },
    "84s" : {
      "call" : 0.99929999999999997
    },
    "85o" : {
      "call" : 1
    },
    "85s" : {
      "call" : 0.9788,
      "fold" : 0.0015,
      "shove" : 0.019700000000000002
    },
    "86o" : {
      "call" : 0.99980000000000002
    },
    "86s" : {
      "call" : 0.96040000000000003,
      "shove" : 0.039299999999999995
    },
    "87o" : {
      "call" : 0.99990000000000001
    },
    "87s" : {
      "call" : 0.99990000000000001
    },
    "88" : {
      "call" : 0.99470000000000003,
      "shove" : 0.0050000000000000001
    },
    "92o" : {
      "call" : 0.99990000000000001
    },
    "92s" : {
      "call" : 0.99929999999999997
    },
    "93o" : {
      "call" : 1
    },
    "93s" : {
      "call" : 0.99729999999999996,
      "fold" : 0.0018
    },
    "94o" : {
      "call" : 0.99990000000000001
    },
    "94s" : {
      "call" : 0.99950000000000006
    },
    "95o" : {
      "call" : 1
    },
    "95s" : {
      "call" : 0.99960000000000004
    },
    "96o" : {
      "call" : 0.99990000000000001
    },
    "96s" : {
      "call" : 0.99909999999999999
    },
    "97o" : {
      "call" : 1
    },
    "97s" : {
      "call" : 0.81220000000000003,
      "shove" : 0.18779999999999999
    },
    "98o" : {
      "call" : 0.99990000000000001
    },
    "98s" : {
      "call" : 0.99629999999999996,
      "shove" : 0.0028999999999999998
    },
    "99" : {
      "call" : 0.97950000000000004,
      "shove" : 0.020300000000000002
    },
    "A2o" : {
      "call" : 0.99990000000000001
    },
    "A2s" : {
      "call" : 0.78659999999999997,
      "fold" : 0.0011000000000000001,
      "shove" : 0.21240000000000001
    },
    "A3o" : {
      "call" : 1
    },
    "A3s" : {
      "call" : 0.99919999999999998
    },
    "A4o" : {
      "call" : 0.99970000000000003
    },
    "A4s" : {
      "call" : 0.2286,
      "shove" : 0.77139999999999997
    },
    "A5o" : {
      "call" : 0.99990000000000001
    },
    "A5s" : {
      "call" : 0.99950000000000006
    },
    "A6o" : {
      "call" : 0.99929999999999997
    },
    "A6s" : {
      "call" : 0.99990000000000001
    },
    "A7o" : {
      "call" : 0.99990000000000001
    },
    "A7s" : {
      "call" : 0.61739999999999995,
      "shove" : 0.38200000000000001
    },
    "A8o" : {
      "call" : 1
    },
    "A8s" : {
      "call" : 0.99939999999999996
    },
    "A9o" : {
      "call" : 0.99960000000000004
    },
    "A9s" : {
      "call" : 0.99750000000000005,
      "shove" : 0.0024000000000000002
    },
    "AA" : {
      "shove" : 1
    },
    "AJo" : {
      "call" : 0.97799999999999998,
      "shove" : 0.022000000000000002
    },
    "AJs" : {
      "call" : 0.90680000000000005,
      "shove" : 0.093200000000000005
    },
    "AKo" : {
      "shove" : 1
    },
    "AKs" : {
      "shove" : 0.99990000000000001
    },
    "AQo" : {
      "call" : 0.98699999999999999,
      "shove" : 0.013000000000000001
    },
    "AQs" : {
      "call" : 0.88160000000000005,
      "shove" : 0.11840000000000001
    },
    "ATo" : {
      "call" : 0.99980000000000002
    },
    "ATs" : {
      "call" : 0.99280000000000002,
      "shove" : 0.0071999999999999998
    },
    "J2o" : {
      "call" : 0.99950000000000006
    },
    "J2s" : {
      "call" : 0.99639999999999995,
      "fold" : 0.0011000000000000001,
      "shove" : 0.0025000000000000001
    },
    "J3o" : {
      "call" : 0.99990000000000001
    },
    "J3s" : {
      "call" : 0.99039999999999995,
      "shove" : 0.0094000000000000004
    },
    "J4o" : {
      "call" : 0.99990000000000001
    },
    "J4s" : {
      "call" : 0.99939999999999996
    },
    "J5o" : {
      "call" : 0.99990000000000001
    },
    "J5s" : {
      "call" : 0.99950000000000006
    },
    "J6o" : {
      "call" : 1
    },
    "J6s" : {
      "call" : 0.99919999999999998
    },
    "J7o" : {
      "call" : 0.99990000000000001
    },
    "J7s" : {
      "call" : 0.99950000000000006
    },
    "J8o" : {
      "call" : 0.99980000000000002
    },
    "J8s" : {
      "call" : 0.88280000000000003,
      "shove" : 0.11700000000000001
    },
    "J9o" : {
      "call" : 0.99990000000000001
    },
    "J9s" : {
      "call" : 0.99939999999999996
    },
    "JJ" : {
      "call" : 0.079500000000000001,
      "shove" : 0.92049999999999998
    },
    "JTo" : {
      "call" : 1
    },
    "JTs" : {
      "call" : 0.73950000000000005,
      "shove" : 0.26019999999999999
    },
    "K2o" : {
      "call" : 1
    },
    "K2s" : {
      "call" : 0.99690000000000001,
      "shove" : 0.0024000000000000002
    },
    "K3o" : {
      "call" : 0.99990000000000001
    },
    "K3s" : {
      "call" : 0.88190000000000002,
      "shove" : 0.11799999999999999
    },
    "K4o" : {
      "call" : 0.99980000000000002
    },
    "K4s" : {
      "call" : 0.99690000000000001,
      "fold" : 0.0030000000000000001
    },
    "K5o" : {
      "call" : 0.99970000000000003
    },
    "K5s" : {
      "call" : 0.85040000000000004,
      "shove" : 0.14899999999999999
    },
    "K6o" : {
      "call" : 0.99990000000000001
    },
    "K6s" : {
      "call" : 0.99950000000000006
    },
    "K7o" : {
      "call" : 0.99970000000000003
    },
    "K7s" : {
      "call" : 0.99690000000000001,
      "fold" : 0.0023
    },