{
  "format" : "NLHE_MTT_9MAX",
  "hands" : {
    "22" : {
      "call" : 0.85609999999999997,
      "fold" : 0.1439
    },
    "33" : {
      "call" : 0.82609999999999995,
      "fold" : 0.1739
    },
    "44" : {
      "call" : 1
    },
    "55" : {
      "call" : 0.89610000000000001,
      "raise25x" : 0.10390000000000001
    },
    "66" : {
      "call" : 0.98009999999999997,
      "raise25x" : 0.019899999999999998
    },
    "76s" : {
      "call" : 0.039899999999999998,
      "fold" : 0.96009999999999995
    },
    "77" : {
      "call" : 0.75209999999999999,
      "raise25x" : 0.24790000000000001
    },
    "87s" : {
      "call" : 0.13800000000000001,
      "fold" : 0.86199999999999999
    },
    "88" : {
      "call" : 0.62,
      "raise25x" : 0.38
    },
    "98s" : {
      "call" : 0.74629999999999996,
      "fold" : 0.24790000000000001,
      "raise25x" : 0.0057999999999999996
    },
    "99" : {
      "call" : 0.58009999999999995,
      "raise25x" : 0.4199
    },
    "A3s" : {
      "call" : 0.4829,
      "fold" : 0.34339999999999998,
      "raise25x" : 0.17369999999999999
    },
    "A4s" : {
      "call" : 0.79410000000000003,
      "raise25x" : 0.2059
    },
    "A5s" : {
      "call" : 0.59799999999999998,
      "raise25x" : 0.40200000000000002
    },
    "A6s" : {
      "call" : 0.25990000000000002,
      "raise25x" : 0.74009999999999998
    },
    "A7s" : {
      "call" : 0.64600000000000002,
      "raise25x" : 0.35399999999999998
    },
    "A8s" : {
      "call" : 0.38400000000000001,
      "raise25x" : 0.61599999999999999
    },
    "A9s" : {
      "call" : 0.35199999999999998,
      "raise25x" : 0.64800000000000002
    },
    "AA" : {
      "raise25x" : 1
    },
    "AJo" : {
      "call" : 0.46400000000000002,
      "raise25x" : 0.53600000000000003
    },
    "AJs" : {
      "call" : 1
    },
    "AKo" : {
      "call" : 0.013900000000000001,
      "raise25x" : 0.98609999999999998
    },
    "AKs" : {
      "raise25x" : 1
    },
    "AQo" : {
      "call" : 0.47599999999999998,
      "raise25x" : 0.52400000000000002
    },
    "AQs" : {
      "call" : 1
    },
    "ATo" : {
      "call" : 0.2959,
      "raise25x" : 0.70409999999999995
    },
    "ATs" : {
      "call" : 1
    },
    "J9s" : {
      "call" : 0.26590000000000003,
      "raise25x" : 0.73409999999999997
    },
    "JJ" : {
      "call" : 0.218,
      "raise25x" : 0.78200000000000003
    },
    "JTs" : {
      "call" : 0.53790000000000004,
      "raise25x" : 0.46210000000000001
    },
    "K8s" : {
      "call" : 0.24790000000000001,
      "fold" : 0.027800000000000002,
      "raise25x" : 0.72430000000000005
    },
    "K9s" : {
      "raise25x" : 1
    },
    "KJo" : {
      "call" : 0.4259,
      "raise25x" : 0.57410000000000005
    },
    "KJs" : {
      "call" : 1
    },
    "KK" : {
      "raise25x" : 1
    },
    "KQo" : {
      "call" : 0.6079,
      "raise25x" : 0.3921
    },
    "KQs" : {
      "call" : 1
    },
    "KTs" : {
      "call" : 0.84809999999999997,
      "raise25x" : 0.15190000000000001
    },
    "Q9s" : {
      "call" : 0.53400000000000003,
      "fold" : 0.27800000000000002,
      "raise25x" : 0.188
    },
    "QJs" : {
      "call" : 0.94020000000000004,
      "raise25x" : 0.059799999999999999
    },
    "QQ" : {
      "raise25x" : 1
    },
    "QTs" : {
      "call" : 0.748,
      "raise25x" : 0.252
    },
    "T8s" : {
      "call" : 0.13589999999999999,
      "fold" : 0.55810000000000004,
      "raise25x" : 0.30599999999999999
    },
    "T9s" : {
      "call" : 0.78410000000000002,
      "raise25x" : 0.21590000000000001
    },
    "TT" : {
      "call" : 0.58199999999999996,
      "raise25x" : 0.41799999999999998
    }
  },
  "id" : "mtt_9max_50bb_co_vsopen_vs_lj",
  "source" : {
    "description" : "Adapted from RangeConverter 8-max baseline.",
    "publisher" : {
      "accessedDate" : "2026-06-01",
      "name" : "RangeConverter",
      "product" : "Free Poker Charts — 8 max 1bb ante MTT GTO Ranges",
      "treeParams" : "2.5x open, 3.5x 3bet IP, 4.5x 3bet OOP, 2.3x 4bet IP, 2.75x 4bet OOP, SB vs BB 3.2bb",
      "url" : "https:\/\/rangeconverter.com\/free-poker-charts"
    },
    "solver" : {
      "assumptions" : "Frequencies rounded to nearest 25% per source. ChipEV (non-ICM). 1bb (12.5%) big-blind ante. Copied verbatim from 8-max CO (same effective seat in 9-max)."
    },
    "type" : "published"
  },
  "spot" : {
    "anteType" : "bigBlindAnte",
    "facingAction" : "vsOpen",
    "opponentPosition" : "LJ",
    "position" : "CO",
    "stackDepthBB" : 50
  }
}