{
  "format" : "NLHE_MTT_9MAX",
  "hands" : {
    "22" : {
      "call" : 1
    },
    "33" : {
      "call" : 1
    },
    "44" : {
      "call" : 1
    },
    "54s" : {
      "call" : 1
    },
    "55" : {
      "call" : 0.94569999999999999,
      "fold" : 0.054299999999999994
    },
    "65s" : {
      "call" : 1
    },
    "66" : {
      "call" : 0.92000000000000004,
      "fold" : 0.080000000000000002
    },
    "76s" : {
      "call" : 0.86050000000000004,
      "raise25x" : 0.13950000000000001
    },
    "77" : {
      "call" : 0.6784,
      "fold" : 0.3216
    },
    "87s" : {
      "call" : 1
    },
    "88" : {
      "call" : 0.7651,
      "fold" : 0.185,
      "raise25x" : 0.0499
    },
    "98s" : {
      "call" : 0.65949999999999998,
      "fold" : 0.34050000000000002
    },
    "99" : {
      "call" : 0.90500000000000003,
      "raise25x" : 0.095000000000000001
    },
    "A3s" : {
      "fold" : 0.95079999999999998,
      "raise25x" : 0.049200000000000001
    },
    "A4s" : {
      "call" : 0.73009999999999997,
      "raise25x" : 0.26989999999999997
    },
    "A5s" : {
      "call" : 0.625,
      "raise25x" : 0.375
    },
    "A8s" : {
      "call" : 0.069800000000000001,
      "fold" : 0.84519999999999995,
      "raise25x" : 0.084999999999999992
    },
    "A9s" : {
      "call" : 0.53500000000000003,
      "fold" : 0.46500000000000002
    },
    "AA" : {
      "raise25x" : 1
    },
    "AJs" : {
      "call" : 0.67010000000000003,
      "raise25x" : 0.32990000000000003
    },
    "AKo" : {
      "call" : 0.23999999999999999,
      "raise25x" : 0.12989999999999999,
      "shove" : 0.63009999999999999
    },
    "AKs" : {
      "raise25x" : 1
    },
    "AQo" : {
      "call" : 0.38500000000000001,
      "fold" : 0.23999999999999999,
      "raise25x" : 0.375
    },
    "AQs" : {
      "call" : 1
    },
    "ATs" : {
      "call" : 0.83499999999999996,
      "raise25x" : 0.16500000000000001
    },
    "JJ" : {
      "call" : 0.59999999999999998,
      "raise25x" : 0.40000000000000002
    },
    "JTs" : {
      "call" : 1
    },
    "K9s" : {
      "fold" : 0.89510000000000001,
      "raise25x" : 0.10489999999999999
    },
    "KJs" : {
      "call" : 0.66010000000000002,
      "raise25x" : 0.33989999999999998
    },
    "KK" : {
      "raise25x" : 0.4899,
      "shove" : 0.5101
    },
    "KQs" : {
      "call" : 0.73509999999999998,
      "raise25x" : 0.26490000000000002
    },
    "KTs" : {
      "call" : 0.76000000000000001,
      "raise25x" : 0.23999999999999999
    },
    "QJs" : {
      "call" : 0.90010000000000001,
      "fold" : 0.099900000000000003
    },
    "QQ" : {
      "call" : 0.48499999999999999,
      "raise25x" : 0.48509999999999998,
      "shove" : 0.029899999999999999
    },
    "QTs" : {
      "call" : 0.54000000000000004,
      "fold" : 0.46000000000000002
    },
    "T8s" : {
      "call" : 0.015099999999999999,
      "fold" : 0.9849
    },
    "T9s" : {
      "call" : 0.95009999999999994,
      "fold" : 0.0499
    },
    "TT" : {
      "call" : 0.92000000000000004,
      "raise25x" : 0.080000000000000002
    }
  },
  "id" : "mtt_9max_80bb_utg1_vs3bet_vs_hj",
  "source" : {
    "description" : "Adapted from RangeConverter 8-max baseline.",
    "publisher" : {
      "accessedDate" : "2026-06-01",
      "name" : "RangeConverter",
      "product" : "Free Poker Charts — 8 max 1bb ante MTT GTO Ranges",
      "treeParams" : "2.5x open, 3.5x 3bet IP, 4.5x 3bet OOP, 2.3x 4bet IP, 2.75x 4bet OOP, SB vs BB 3.2bb",
      "url" : "https:\/\/rangeconverter.com\/free-poker-charts"
    },
    "solver" : {
      "assumptions" : "Frequencies rounded to nearest 25% per source. ChipEV (non-ICM). 1bb (12.5%) big-blind ante. Adapted from 8-max UTG (9-max UTG+1 plays the same role as 8-max UTG)."
    },
    "type" : "published"
  },
  "spot" : {
    "anteType" : "bigBlindAnte",
    "facingAction" : "vs3Bet",
    "opponentPosition" : "HJ",
    "position" : "UTG1",
    "stackDepthBB" : 80
  }
}