{
  "format" : "NLHE_MTT_9MAX",
  "hands" : {
    "22" : {
      "call" : 0.1898,
      "fold" : 0.81020000000000003
    },
    "33" : {
      "call" : 0.34989999999999999,
      "fold" : 0.65010000000000001
    },
    "44" : {
      "call" : 0.87009999999999998,
      "shove" : 0.12989999999999999
    },
    "55" : {
      "call" : 1
    },
    "66" : {
      "call" : 0.84999999999999998,
      "raise25x" : 0.14999999999999999
    },
    "76s" : {
      "call" : 0.11990000000000001,
      "fold" : 0.88009999999999999
    },
    "77" : {
      "call" : 0.83999999999999997,
      "raise25x" : 0.16
    },
    "87s" : {
      "call" : 0.40989999999999999,
      "fold" : 0.59009999999999996
    },
    "88" : {
      "call" : 0.14499999999999999,
      "raise25x" : 0.074999999999999997,
      "shove" : 0.78000000000000003
    },
    "98s" : {
      "call" : 0.56510000000000005,
      "fold" : 0.27989999999999998,
      "raise25x" : 0.155
    },
    "99" : {
      "raise25x" : 0.095000000000000001,
      "shove" : 0.90500000000000003
    },
    "A3s" : {
      "call" : 0.38500000000000001,
      "raise25x" : 0.36509999999999998,
      "shove" : 0.24990000000000001
    },
    "A4s" : {
      "shove" : 1
    },
    "A5s" : {
      "call" : 0.90010000000000001,
      "shove" : 0.099900000000000003
    },
    "A6s" : {
      "call" : 0.55989999999999995,
      "raise25x" : 0.44009999999999999
    },
    "A7s" : {
      "call" : 0.55000000000000004,
      "raise25x" : 0.45000000000000001
    },
    "A8s" : {
      "call" : 0.73509999999999998,
      "raise25x" : 0.26490000000000002
    },
    "A9o" : {
      "fold" : 0.98999999999999999,
      "raise25x" : 0.01
    },
    "A9s" : {
      "call" : 0.74009999999999998,
      "raise25x" : 0.25990000000000002
    },
    "AA" : {
      "call" : 0.31,
      "raise25x" : 0.68999999999999995
    },
    "AJo" : {
      "call" : 0.56789999999999996,
      "raise25x" : 0.17080000000000001,
      "shove" : 0.26129999999999998
    },
    "AJs" : {
      "call" : 1
    },
    "AKo" : {
      "raise25x" : 0.0349,
      "shove" : 0.96509999999999996
    },
    "AKs" : {
      "raise25x" : 1
    },
    "AQo" : {
      "shove" : 1
    },
    "AQs" : {
      "call" : 0.054900000000000004,
      "raise25x" : 0.94510000000000005
    },
    "ATo" : {
      "call" : 0.47499999999999998,
      "raise25x" : 0.52500000000000002
    },
    "ATs" : {
      "call" : 1
    },
    "J9s" : {
      "call" : 0.83509999999999995,
      "fold" : 0.16489999999999999
    },
    "JJ" : {
      "call" : 0.18490000000000001,
      "raise25x" : 0.65010000000000001,
      "shove" : 0.16500000000000001
    },
    "JTs" : {
      "call" : 0.18990000000000001,
      "shove" : 0.81010000000000004
    },
    "K8s" : {
      "call" : 0.10489999999999999,
      "fold" : 0.72509999999999997,
      "raise25x" : 0.17000000000000001
    },
    "K9s" : {
      "call" : 0.46999999999999997,
      "raise25x" : 0.53000000000000003
    },
    "KJo" : {
      "call" : 0.81510000000000005,
      "raise25x" : 0.18490000000000001
    },
    "KJs" : {
      "shove" : 1
    },
    "KK" : {
      "call" : 0.13980000000000001,
      "raise25x" : 0.86019999999999996
    },
    "KQo" : {
      "call" : 0.85499999999999998,
      "raise25x" : 0.14499999999999999
    },
    "KQs" : {
      "call" : 0.78500000000000003,
      "shove" : 0.215
    },
    "KTs" : {
      "call" : 0.56989999999999996,
      "shove" : 0.43009999999999998
    },
    "Q8s" : {
      "fold" : 0.84999999999999998,
      "raise25x" : 0.14999999999999999
    },
    "Q9s" : {
      "call" : 0.35489999999999999,
      "raise25x" : 0.64510000000000001
    },
    "QJo" : {
      "fold" : 0.91500000000000004,
      "raise25x" : 0.084999999999999992
    },
    "QJs" : {
      "call" : 0.70499999999999996,
      "shove" : 0.29499999999999998
    },
    "QQ" : {
      "call" : 0.26989999999999997,
      "raise25x" : 0.73009999999999997
    },
    "QTs" : {
      "call" : 1
    },
    "T8s" : {
      "call" : 0.23619999999999999,
      "fold" : 0.76380000000000003
    },
    "T9s" : {
      "call" : 1
    },
    "TT" : {
      "shove" : 1
    }
  },
  "id" : "mtt_9max_25bb_btn_vsopen_vs_lj",
  "source" : {
    "description" : "Adapted from RangeConverter 8-max baseline.",
    "publisher" : {
      "accessedDate" : "2026-06-01",
      "name" : "RangeConverter",
      "product" : "Free Poker Charts — 8 max 1bb ante MTT GTO Ranges",
      "treeParams" : "2.5x open, 3.5x 3bet IP, 4.5x 3bet OOP, 2.3x 4bet IP, 2.75x 4bet OOP, SB vs BB 3.2bb",
      "url" : "https:\/\/rangeconverter.com\/free-poker-charts"
    },
    "solver" : {
      "assumptions" : "Frequencies rounded to nearest 25% per source. ChipEV (non-ICM). 1bb (12.5%) big-blind ante. Copied verbatim from 8-max BTN (same effective seat in 9-max)."
    },
    "type" : "published"
  },
  "spot" : {
    "anteType" : "bigBlindAnte",
    "facingAction" : "vsOpen",
    "opponentPosition" : "LJ",
    "position" : "BTN",
    "stackDepthBB" : 25
  }
}