{
  "format" : "NLHE_MTT_8MAX",
  "hands" : {
    "22" : {
      "call" : 0.98080000000000001,
      "fold" : 0.018599999999999998
    },
    "44" : {
      "call" : 0.43149999999999999,
      "fold" : 0.0877,
      "shove" : 0.48070000000000002
    },
    "55" : {
      "call" : 0.94130000000000003,
      "fold" : 0.035900000000000001,
      "shove" : 0.022800000000000001
    },
    "66" : {
      "call" : 0.98299999999999998,
      "fold" : 0.0045999999999999999,
      "shove" : 0.0124
    },
    "76s" : {
      "call" : 0.87570000000000003,
      "fold" : 0.1009,
      "shove" : 0.023400000000000001
    },
    "77" : {
      "call" : 0.99560000000000004,
      "fold" : 0.0028999999999999998,
      "shove" : 0.0015
    },
    "86s" : {
      "call" : 0.83950000000000002,
      "fold" : 0.15359999999999999,
      "shove" : 0.0068999999999999999
    },
    "87s" : {
      "call" : 0.57830000000000004,
      "fold" : 0.40600000000000003,
      "shove" : 0.015699999999999999
    },
    "88" : {
      "call" : 0.96850000000000003,
      "shove" : 0.030700000000000002
    },
    "96s" : {
      "call" : 0.78190000000000004,
      "fold" : 0.21479999999999999,
      "shove" : 0.0033
    },
    "97s" : {
      "call" : 0.26419999999999999,
      "fold" : 0.73340000000000005,
      "shove" : 0.0023999999999999998
    },
    "99" : {
      "call" : 0.99650000000000005,
      "fold" : 0.0011999999999999999,
      "shove" : 0.0023
    },
    "A2o" : {
      "call" : 0.92059999999999997,
      "fold" : 0.075499999999999998,
      "shove" : 0.0040000000000000001
    },
    "A2s" : {
      "call" : 0.41970000000000002,
      "fold" : 0.38779999999999998,
      "shove" : 0.1925
    },
    "A3o" : {
      "call" : 0.71999999999999997,
      "fold" : 0.27539999999999998,
      "shove" : 0.0044999999999999997
    },
    "A3s" : {
      "call" : 0.50249999999999995,
      "fold" : 0.48309999999999997,
      "shove" : 0.0143
    },
    "A4o" : {
      "call" : 0.95679999999999998,
      "fold" : 0.039399999999999998,
      "shove" : 0.0038
    },
    "A4s" : {
      "call" : 0.47520000000000001,
      "fold" : 0.19989999999999999,
      "shove" : 0.32490000000000002
    },
    "A5o" : {
      "call" : 0.61270000000000002,
      "fold" : 0.38590000000000002,
      "shove" : 0.0012999999999999999
    },
    "A5s" : {
      "call" : 0.36149999999999999,
      "fold" : 0.12740000000000001,
      "shove" : 0.5111
    },
    "A6o" : {
      "call" : 0.73750000000000004,
      "fold" : 0.25700000000000001,
      "shove" : 0.0054999999999999997
    },
    "A6s" : {
      "call" : 0.68340000000000001,
      "fold" : 0.23469999999999999,
      "shove" : 0.081900000000000001
    },
    "A7o" : {
      "call" : 0.31030000000000002,
      "fold" : 0.68959999999999999
    },
    "A7s" : {
      "call" : 0.86480000000000001,
      "fold" : 0.067500000000000004,
      "shove" : 0.067699999999999996
    },
    "A8o" : {
      "call" : 0.99819999999999998,
      "shove" : 0.0012999999999999999
    },
    "A8s" : {
      "call" : 0.79869999999999997,
      "fold" : 0.086400000000000005,
      "shove" : 0.1149
    },
    "A9o" : {
      "call" : 0.98540000000000005,
      "fold" : 0.0124,
      "shove" : 0.0022000000000000001
    },
    "A9s" : {
      "call" : 0.98740000000000006,
      "fold" : 0.0083000000000000001,
      "shove" : 0.0044000000000000003
    },
    "AA" : "jam",
    "AJo" : {
      "call" : 0.99629999999999996,
      "shove" : 0.0037000000000000002
    },
    "AJs" : {
      "call" : 0.73340000000000005,
      "fold" : 0.0298,
      "shove" : 0.23669999999999999
    },
    "AKo" : {
      "call" : 0.54869999999999997,
      "shove" : 0.45079999999999998
    },
    "AKs" : {
      "call" : 0.46429999999999999,
      "fold" : 0.0068999999999999999,
      "shove" : 0.52880000000000005
    },
    "AQo" : {
      "call" : 0.97489999999999999,
      "shove" : 0.025100000000000001
    },
    "AQs" : {
      "call" : 0.94330000000000003,
      "fold" : 0.0207,
      "shove" : 0.035999999999999997
    },
    "ATo" : {
      "call" : 0.98560000000000003,
      "fold" : 0.0055999999999999999,
      "shove" : 0.0088000000000000005
    },
    "ATs" : {
      "call" : 0.99680000000000002,
      "fold" : 0.0028
    },
    "J5s" : {
      "call" : 0.40810000000000002,
      "fold" : 0.5877,
      "shove" : 0.0041999999999999997
    },
    "J6s" : {
      "call" : 0.46820000000000001,
      "fold" : 0.28570000000000001,
      "shove" : 0.24610000000000001
    },
    "J7s" : {
      "call" : 0.38200000000000001,
      "fold" : 0.61380000000000001,
      "shove" : 0.0041999999999999997
    },
    "J8s" : {
      "call" : 0.90259999999999996,
      "fold" : 0.096299999999999997,
      "shove" : 0.0011000000000000001
    },
    "J9o" : {
      "call" : 0.91659999999999997,
      "fold" : 0.082400000000000001
    },
    "J9s" : {
      "call" : 0.67059999999999997,
      "fold" : 0.1133,
      "shove" : 0.21609999999999999
    },
    "JJ" : {
      "call" : 0.92200000000000004,
      "shove" : 0.077100000000000002
    },
    "JTo" : {
      "call" : 0.98929999999999996,
      "fold" : 0.0088000000000000005,
      "shove" : 0.0019
    },
    "JTs" : {
      "call" : 0.98580000000000001,
      "fold" : 0.0080999999999999996,
      "shove" : 0.0061999999999999998
    },
    "K2o" : {
      "call" : 0.64710000000000001,
      "fold" : 0.35020000000000001,
      "shove" : 0.0028
    },
    "K2s" : {
      "call" : 0.87819999999999998,
      "fold" : 0.1203,
      "shove" : 0.0015
    },
    "K4s" : {
      "call" : 0.90349999999999997,
      "fold" : 0.092200000000000004,
      "shove" : 0.0043
    },
    "K5s" : {
      "call" : 0.77549999999999997,
      "fold" : 0.22339999999999999,
      "shove" : 0.0011000000000000001
    },
    "K6o" : {
      "call" : 0.81020000000000003,
      "fold" : 0.18970000000000001
    },
    "K6s" : {
      "call" : 0.84019999999999995,
      "fold" : 0.13039999999999999,
      "shove" : 0.029399999999999999
    },
    "K7s" : {
      "call" : 0.51300000000000001,
      "fold" : 0.48509999999999998,
      "shove" : 0.0019
    },
    "K8o" : {
      "call" : 0.95709999999999995,
      "fold" : 0.042599999999999999
    },
    "K8s" : {
      "call" : 0.75509999999999999,
      "fold" : 0.24340000000000001,
      "shove" : 0.0014
    },
    "K9o" : {
      "call" : 0.98019999999999996,
      "fold" : 0.014200000000000001,
      "shove" : 0.0055999999999999999
    },
    "K9s" : {
      "call" : 0.95189999999999997,
      "fold" : 0.0309,
      "shove" : 0.0172
    },
    "KJo" : {
      "call" : 0.99670000000000003,
      "fold" : 0.0028
    },
    "KJs" : {
      "call" : 0.98729999999999996,
      "fold" : 0.0041000000000000003,
      "shove" : 0.0086
    },
    "KK" : "jam",
    "KQo" : {
      "call" : 0.99870000000000003
    },
    "KQs" : {
      "call" : 0.98080000000000001,
      "fold" : 0.015900000000000001,
      "shove" : 0.0033
    },
    "KTo" : {
      "call" : 0.99719999999999998,
      "fold" : 0.0023999999999999998
    },
    "KTs" : {
      "call" : 0.52439999999999998,
      "fold" : 0.12520000000000001,
      "shove" : 0.35039999999999999
    },
    "Q2s" : {
      "call" : 0.95669999999999999,
      "fold" : 0.039800000000000002,
      "shove" : 0.0035000000000000001
    },
    "Q3s" : {
      "call" : 0.51639999999999997,
      "fold" : 0.32400000000000001,
      "shove" : 0.15959999999999999
    },
    "Q4s" : {
      "call" : 0.92030000000000001,
      "fold" : 0.073599999999999999,
      "shove" : 0.0061000000000000004
    },
    "Q6s" : {
      "call" : 0.54949999999999999,
      "fold" : 0.42830000000000001,
      "shove" : 0.022200000000000001
    },
    "Q7o" : {
      "call" : 0.34960000000000002,
      "fold" : 0.64670000000000005,
      "shove" : 0.0037000000000000002
    },
    "Q7s" : {
      "call" : 0.76219999999999999,
      "fold" : 0.23580000000000001,
      "shove" : 0.0019
    },