{
  "format" : "NLHE_MTT_9MAX",
  "hands" : {
    "42s" : {
      "call" : 0.065000000000000002,
      "fold" : 0.93500000000000005
    },
    "44" : {
      "call" : 0.0206,
      "fold" : 0.97940000000000005
    },
    "55" : {
      "call" : 0.023300000000000001,
      "fold" : 0.97670000000000001
    },
    "62s" : {
      "call" : 0.027999999999999997,
      "fold" : 0.97199999999999998
    },
    "66" : {
      "call" : 0.23860000000000001,
      "fold" : 0.76139999999999997
    },
    "75s" : {
      "call" : 0.0028,
      "fold" : 0.99719999999999998
    },
    "77" : {
      "call" : 0.2422,
      "fold" : 0.75780000000000003
    },
    "86s" : {
      "call" : 0.0030000000000000001,
      "fold" : 0.997
    },
    "88" : {
      "call" : 0.45379999999999998,
      "fold" : 0.54620000000000002
    },
    "96s" : {
      "call" : 0.069500000000000034,
      "fold" : 0.93049999999999999
    },
    "97s" : {
      "call" : 0.0070999999999999995,
      "fold" : 0.9929
    },
    "99" : {
      "call" : 0.54449999999999998,
      "fold" : 0.45550000000000002
    },
    "A2o" : {
      "call" : 0.010200000000000001,
      "fold" : 0.98980000000000001
    },
    "A3o" : {
      "call" : 0.0051000000000000004,
      "fold" : 0.99490000000000001
    },
    "A4s" : {
      "call" : 0.18099999999999999,
      "fold" : 0.81899999999999995
    },
    "A5s" : {
      "call" : 0.18759999999999999,
      "fold" : 0.81240000000000001
    },
    "A6o" : {
      "fold" : 0.99970000000000003
    },
    "A6s" : {
      "call" : 0.13619999999999999,
      "fold" : 0.86380000000000001
    },
    "A7o" : {
      "call" : 0.0016000000000000001,
      "fold" : 0.99839999999999995
    },
    "A7s" : {
      "call" : 0.0114,
      "fold" : 0.98860000000000003
    },
    "A8o" : {
      "call" : 0.077399999999999997,
      "fold" : 0.92259999999999998
    },
    "A8s" : {
      "call" : 0.0066,
      "fold" : 0.99339999999999995
    },
    "A9o" : {
      "call" : 0.016199999999999999,
      "fold" : 0.98380000000000001
    },
    "A9s" : {
      "call" : 0.054200000000000005,
      "fold" : 0.94579999999999997
    },
    "AA" : {
      "call" : 1
    },
    "AJo" : {
      "call" : 0.33139999999999997,
      "fold" : 0.66859999999999997
    },
    "AJs" : {
      "call" : 0.20569999999999999,
      "fold" : 0.79430000000000001
    },
    "AKo" : {
      "call" : 0.99929999999999997
    },
    "AKs" : {
      "call" : 0.99780000000000002,
      "fold" : 0.0022000000000000001
    },
    "AQo" : {
      "call" : 0.33760000000000001,
      "fold" : 0.66239999999999999
    },
    "AQs" : {
      "call" : 0.1013,
      "fold" : 0.89870000000000005
    },
    "ATo" : {
      "call" : 0.12659999999999999,
      "fold" : 0.87339999999999995
    },
    "ATs" : {
      "call" : 0.14369999999999999,
      "fold" : 0.85629999999999995
    },
    "J3s" : {
      "call" : 0.0038,
      "fold" : 0.99619999999999997
    },
    "J4s" : {
      "call" : 0.0141,
      "fold" : 0.9859
    },
    "J7s" : {
      "call" : 0.0132,
      "fold" : 0.98680000000000001
    },
    "J8s" : {
      "fold" : 1
    },
    "J9s" : {
      "call" : 0.1474,
      "fold" : 0.85260000000000002
    },
    "JJ" : {
      "call" : 1
    },
    "JTs" : {
      "call" : 0.0012000000000000001,
      "fold" : 0.99880000000000002
    },
    "K2s" : {
      "call" : 0.026700000000000002,
      "fold" : 0.97330000000000005
    },
    "K4s" : {
      "call" : 0.0126,
      "fold" : 0.98740000000000006
    },
    "K5s" : {
      "call" : 0.0281,
      "fold" : 0.97189999999999999
    },
    "K6s" : {
      "call" : 0.0146,
      "fold" : 0.98540000000000005
    },
    "K8o" : {
      "call" : 0.0134,
      "fold" : 0.98660000000000003
    },
    "K9o" : {
      "call" : 0.0101,
      "fold" : 0.9899
    },
    "K9s" : {
      "call" : 0.1017,
      "fold" : 0.89829999999999999
    },
    "KJo" : {
      "call" : 0.041200000000000001,
      "fold" : 0.95879999999999999
    },
    "KJs" : {
      "call" : 0.045600000000000009,
      "fold" : 0.95440000000000003
    },
    "KK" : {
      "call" : 1
    },
    "KQo" : {
      "call" : 0.002,
      "fold" : 0.998
    },
    "KQs" : {
      "call" : 0.3846,
      "fold" : 0.61539999999999995
    },
    "KTo" : {
      "call" : 0.0040000000000000001,
      "fold" : 0.996
    },
    "KTs" : {
      "call" : 0.058399999999999994,
      "fold" : 0.94159999999999999
    },
    "Q2s" : {
      "call" : 0.018800000000000001,
      "fold" : 0.98119999999999996
    },
    "Q4s" : {
      "call" : 0.0080999999999999996,
      "fold" : 0.9919
    },
    "Q5s" : {
      "call" : 0.053000000000000005,
      "fold" : 0.94699999999999995
    },
    "Q6s" : {
      "call" : 0.0154,
      "fold" : 0.98460000000000003
    },
    "Q7s" : {
      "call" : 0.0038,
      "fold" : 0.99619999999999997
    },
    "Q8s" : {
      "call" : 0.024300000000000002,
      "fold" : 0.97570000000000001
    },
    "Q9o" : {
      "call" : 0.0178,
      "fold" : 0.98219999999999996
    },
    "Q9s" : {
      "call" : 0.015299999999999999,
      "fold" : 0.98470000000000002
    },
    "QJo" : {
      "call" : 0.0016000000000000001,
      "fold" : 0.99839999999999995
    },
    "QJs" : {
      "call" : 0.65739999999999998,
      "fold" : 0.34260000000000002
    },
    "QQ" : {
      "call" : 1
    },
    "QTo" : {
      "call" : 0.0101,
      "fold" : 0.9899
    },
    "QTs" : {
      "call" : 0.039799999999999995,
      "fold" : 0.96020000000000005
    },
    "T7s" : {
      "call" : 0.20549999999999999,
      "fold" : 0.79449999999999998
    },
    "T8s" : {
      "call" : 0.0086999999999999994,
      "fold" : 0.99129999999999996
    },
    "T9s" : {
      "fold" : 0.99960000000000004
    },
    "TT" : {
      "call" : 0.99739999999999995,
      "fold" : 0.0026000000000000003
    }
  },
  "id" : "mtt_9max_40bb_utg_vs3betjam",
  "source" : {
    "description" : "Adapted from RangeConverter 8-max baseline.",
    "publisher" : {
      "accessedDate" : "2026-05-25",
      "name" : "RangeConverter",
      "product" : "Free Poker Charts — 8 max 1bb ante MTT GTO Ranges",
      "treeParams" : "2.5x open, 3.5x 3bet IP, 4.5x 3bet OOP, 2.3x 4bet IP, 2.75x 4bet OOP, SB vs BB 3.2bb",
      "url" : "https:\/\/rangeconverter.com\/free-poker-charts"
    },
    "solver" : {
      "assumptions" : "Frequencies rounded to nearest 25% per source. ChipEV (non-ICM). 1bb (12.5%) big-blind ante. Adapted from 8-max UTG; weakest combos (54s, 65s, 76s, 87s, 98s, A2s, A3s, JTo, K7s, K8s, T9o) demoted to fold to reach the 9-max UTG VPIP band."
    },
    "type" : "published"
  },
  "spot" : {
    "anteType" : "bigBlindAnte",
    "facingAction" : "vs3BetJam",
    "position" : "UTG",
    "stackDepthBB" : 40
  }
}