{
  "format" : "NLHE_MTT_9MAX",
  "hands" : {
    "22" : {
      "call" : 1
    },
    "33" : {
      "call" : 1
    },
    "44" : {
      "call" : 1
    },
    "54s" : {
      "call" : 1
    },
    "55" : {
      "call" : 1
    },
    "65s" : {
      "call" : 1
    },
    "66" : {
      "call" : 1
    },
    "76s" : {
      "call" : 1
    },
    "77" : {
      "call" : 0.91000000000000003,
      "raise25x" : 0.089999999999999997
    },
    "86s" : {
      "call" : 1
    },
    "87s" : {
      "call" : 1
    },
    "88" : {
      "call" : 0.91500000000000004,
      "raise25x" : 0.084999999999999992
    },
    "97s" : {
      "call" : 0.16500000000000001,
      "fold" : 0.83499999999999996
    },
    "98s" : {
      "call" : 1
    },
    "99" : {
      "call" : 0.83499999999999996,
      "raise25x" : 0.16500000000000001
    },
    "A3s" : {
      "call" : 0.87009999999999998,
      "raise25x" : 0.12989999999999999
    },
    "A4s" : {
      "call" : 0.63,
      "raise25x" : 0.37
    },
    "A5s" : {
      "call" : 0.81510000000000005,
      "raise25x" : 0.18490000000000001
    },
    "A6s" : {
      "call" : 0.84999999999999998,
      "raise25x" : 0.14999999999999999
    },
    "A7s" : {
      "call" : 0.755,
      "raise25x" : 0.245
    },
    "A8s" : {
      "call" : 0.77000000000000002,
      "raise25x" : 0.23000000000000001
    },
    "A9s" : {
      "call" : 0.90500000000000003,
      "raise25x" : 0.095000000000000001
    },
    "AA" : {
      "raise25x" : 1
    },
    "AJo" : {
      "call" : 0.57509999999999994,
      "fold" : 0.039899999999999998,
      "raise25x" : 0.38500000000000001
    },
    "AJs" : {
      "call" : 1
    },
    "AKo" : {
      "raise25x" : 0.22500000000000001,
      "shove" : 0.77500000000000002
    },
    "AKs" : {
      "raise25x" : 1
    },
    "AQo" : {
      "call" : 0.56989999999999996,
      "raise25x" : 0.43009999999999998
    },
    "AQs" : {
      "call" : 1
    },
    "ATo" : {
      "fold" : 0.85499999999999998,
      "raise25x" : 0.14499999999999999
    },
    "ATs" : {
      "call" : 1
    },
    "J9s" : {
      "call" : 0.95009999999999994,
      "raise25x" : 0.0499
    },
    "JJ" : {
      "call" : 0.10000000000000001,
      "raise25x" : 0.35489999999999999,
      "shove" : 0.54510000000000003
    },
    "JTs" : {
      "call" : 1
    },
    "K5s" : {
      "call" : 0.35489999999999999,
      "fold" : 0.64510000000000001
    },
    "K6s" : {
      "call" : 0.93020000000000003,
      "raise25x" : 0.069800000000000001
    },
    "K7s" : {
      "call" : 0.1099,
      "fold" : 0.8901
    },
    "K8s" : {
      "call" : 1
    },
    "K9s" : {
      "call" : 0.82509999999999994,
      "raise25x" : 0.1749
    },
    "KJo" : {
      "fold" : 0.92500000000000004,
      "raise25x" : 0.074999999999999997
    },
    "KJs" : {
      "call" : 0.47999999999999998,
      "raise25x" : 0.52000000000000002
    },
    "KK" : {
      "raise25x" : 1
    },
    "KQo" : {
      "call" : 0.78000000000000003,
      "raise25x" : 0.22
    },
    "KQs" : {
      "call" : 1
    },
    "KTs" : {
      "call" : 0.62,
      "raise25x" : 0.38
    },
    "Q9s" : {
      "call" : 1
    },
    "QJs" : {
      "call" : 0.80010000000000003,
      "raise25x" : 0.19989999999999999
    },
    "QQ" : {
      "raise25x" : 1
    },
    "QTs" : {
      "call" : 1
    },
    "T8s" : {
      "call" : 1
    },
    "T9s" : {
      "call" : 1
    },
    "TT" : {
      "call" : 0.5151,
      "raise25x" : 0.4849
    }
  },
  "id" : "mtt_9max_80bb_hj_vs3bet",
  "source" : {
    "description" : "Adapted from RangeConverter 8-max baseline.",
    "publisher" : {
      "accessedDate" : "2026-06-01",
      "name" : "RangeConverter",
      "product" : "Free Poker Charts — 8 max 1bb ante MTT GTO Ranges",
      "treeParams" : "2.5x open, 3.5x 3bet IP, 4.5x 3bet OOP, 2.3x 4bet IP, 2.75x 4bet OOP, SB vs BB 3.2bb",
      "url" : "https:\/\/rangeconverter.com\/free-poker-charts"
    },
    "solver" : {
      "assumptions" : "Frequencies rounded to nearest 25% per source. ChipEV (non-ICM). 1bb (12.5%) big-blind ante. Copied verbatim from 8-max HJ (same effective seat in 9-max)."
    },
    "type" : "published"
  },
  "spot" : {
    "anteType" : "bigBlindAnte",
    "facingAction" : "vs3Bet",
    "position" : "HJ",
    "stackDepthBB" : 80
  }
}