{
  "format" : "NLHE_MTT_8MAX",
  "hands" : {
    "22" : {
      "call" : 1
    },
    "33" : {
      "call" : 1
    },
    "44" : {
      "call" : 1
    },
    "54s" : {
      "call" : 1
    },
    "55" : {
      "call" : 0.58399999999999996,
      "fold" : 0.41599999999999998
    },
    "65s" : {
      "call" : 1
    },
    "66" : {
      "call" : 0.85209999999999997,
      "fold" : 0.1479
    },
    "76s" : {
      "call" : 1
    },
    "77" : {
      "call" : 0.75209999999999999,
      "fold" : 0.24790000000000001
    },
    "87s" : {
      "call" : 1
    },
    "88" : {
      "call" : 0.75,
      "fold" : 0.224,
      "raise3x" : 0.025999999999999999
    },
    "99" : {
      "call" : 0.95409999999999995,
      "raise3x" : 0.045900000000000003
    },
    "A4s" : {
      "call" : 0.33200000000000002,
      "fold" : 0.2979,
      "raise3x" : 0.37009999999999998
    },
    "A5s" : {
      "call" : 0.55000000000000004,
      "raise3x" : 0.45000000000000001
    },
    "A6s" : {
      "call" : 0.1159,
      "fold" : 0.8841
    },
    "A7s" : {
      "fold" : 0.79200000000000004,
      "raise3x" : 0.20799999999999999
    },
    "A8s" : {
      "call" : 0.22800000000000001,
      "fold" : 0.68010000000000004,
      "raise3x" : 0.091899999999999996
    },
    "A9s" : {
      "call" : 0.75819999999999999,
      "fold" : 0.24179999999999999
    },
    "AA" : {
      "raise3x" : 1
    },
    "AJs" : {
      "call" : 1
    },
    "AKo" : {
      "call" : 0.55989999999999995,
      "raise3x" : 0.44009999999999999
    },
    "AKs" : {
      "raise3x" : 1
    },
    "AQo" : {
      "call" : 0.32790000000000002,
      "fold" : 0.154,
      "raise3x" : 0.5181
    },
    "AQs" : {
      "call" : 1
    },
    "ATs" : {
      "call" : 0.70999999999999996,
      "raise3x" : 0.28999999999999998
    },
    "JJ" : {
      "call" : 0.60399999999999998,
      "raise3x" : 0.39600000000000002
    },
    "JTs" : {
      "call" : 0.65010000000000001,
      "fold" : 0.34989999999999999
    },
    "K6s" : {
      "fold" : 0.56630000000000003,
      "raise3x" : 0.43369999999999997
    },
    "K9s" : {
      "fold" : 0.74399999999999999,
      "raise3x" : 0.25600000000000001
    },
    "KJs" : {
      "call" : 0.28189999999999998,
      "raise3x" : 0.71809999999999996
    },
    "KK" : {
      "raise3x" : 1
    },
    "KQs" : {
      "call" : 1
    },
    "KTs" : {
      "call" : 0.35589999999999999,
      "raise3x" : 0.64410000000000001
    },
    "QJs" : {
      "call" : 0.70609999999999995,
      "fold" : 0.2419,
      "raise3x" : 0.051999999999999998
    },
    "QQ" : {
      "call" : 0.59609999999999996,
      "raise3x" : 0.40389999999999998
    },
    "QTs" : {
      "call" : 0.78200000000000003,
      "fold" : 0.218
    },
    "T9s" : {
      "call" : 0.53210000000000002,
      "fold" : 0.46789999999999998
    },
    "TT" : {
      "call" : 0.81200000000000006,
      "raise3x" : 0.188
    }
  },
  "id" : "mtt_8max_100bb_utg1_vs3bet_vs_co",
  "source" : {
    "description" : "RangeConverter free PDF — 8-max 100bb 1bb ante (12.5%).",
    "publisher" : {
      "accessedDate" : "2026-06-01",
      "name" : "RangeConverter",
      "product" : "Free Poker Charts — 8 max 1bb ante MTT GTO Ranges",
      "treeParams" : "poker.academy CE-Symmetric Regular @ 100bb (GTO ChipEV, 1bb ante)",
      "url" : "https:\/\/rangeconverter.com\/free-poker-charts"
    },
    "solver" : {
      "assumptions" : "Frequencies rounded to nearest 25% per source. ChipEV (non-ICM). 1bb (12.5%) big-blind ante."
    },
    "type" : "published"
  },
  "spot" : {
    "anteType" : "bigBlindAnte",
    "facingAction" : "vs3Bet",
    "opponentPosition" : "CO",
    "position" : "UTG1",
    "stackDepthBB" : 100
  }
}