{
  "format" : "NLHE_MTT_8MAX",
  "hands" : {
    "22" : {
      "call" : 1
    },
    "32s" : {
      "call" : 1
    },
    "33" : {
      "call" : 1
    },
    "42s" : {
      "call" : 1
    },
    "43s" : {
      "call" : 1
    },
    "44" : {
      "call" : 1
    },
    "52s" : {
      "call" : 1
    },
    "53o" : {
      "call" : 0.95009999999999994,
      "fold" : 0.0499
    },
    "53s" : {
      "call" : 1
    },
    "54o" : {
      "call" : 1
    },
    "54s" : {
      "call" : 0.69210000000000005,
      "raise3x" : 0.30790000000000001
    },
    "55" : {
      "call" : 1
    },
    "62s" : {
      "call" : 1
    },
    "63s" : {
      "call" : 1
    },
    "64o" : {
      "call" : 0.32390000000000002,
      "fold" : 0.67610000000000003
    },
    "64s" : {
      "call" : 1
    },
    "65o" : {
      "call" : 1
    },
    "65s" : {
      "call" : 0.53790000000000004,
      "raise3x" : 0.46210000000000001
    },
    "66" : {
      "call" : 1
    },
    "72s" : {
      "call" : 1
    },
    "73s" : {
      "call" : 1
    },
    "74s" : {
      "call" : 1
    },
    "75o" : {
      "call" : 0.86599999999999999,
      "fold" : 0.13400000000000001
    },
    "75s" : {
      "call" : 1
    },
    "76o" : {
      "call" : 1
    },
    "76s" : {
      "call" : 0.46789999999999998,
      "raise3x" : 0.53210000000000002
    },
    "77" : {
      "call" : 1
    },
    "82s" : {
      "call" : 1
    },
    "83s" : {
      "call" : 1
    },
    "84s" : {
      "call" : 1
    },
    "85s" : {
      "call" : 1
    },
    "86o" : {
      "call" : 0.99419999999999997,
      "fold" : 0.0057999999999999996
    },
    "86s" : {
      "call" : 0.82799999999999996,
      "raise3x" : 0.17199999999999999
    },
    "87o" : {
      "call" : 1
    },
    "87s" : {
      "call" : 0.62209999999999999,
      "raise3x" : 0.37790000000000001
    },
    "88" : {
      "call" : 0.8901,
      "raise3x" : 0.1099
    },
    "92s" : {
      "call" : 1
    },
    "93s" : {
      "call" : 1
    },
    "94s" : {
      "call" : 1
    },
    "95s" : {
      "call" : 1
    },
    "96s" : {
      "call" : 1
    },
    "97o" : {
      "call" : 1
    },
    "97s" : {
      "call" : 0.95620000000000005,
      "raise3x" : 0.043799999999999999
    },
    "98o" : {
      "call" : 1
    },
    "98s" : {
      "call" : 0.69599999999999995,
      "raise3x" : 0.30399999999999999
    },
    "99" : {
      "call" : 0.44009999999999999,
      "raise3x" : 0.55989999999999995
    },
    "A2o" : {
      "call" : 1
    },
    "A2s" : {
      "call" : 1
    },
    "A3o" : {
      "call" : 0.96799999999999997,
      "shove" : 0.032000000000000001
    },
    "A3s" : {
      "call" : 1
    },
    "A4o" : {
      "call" : 1
    },
    "A4s" : {
      "call" : 0.67400000000000004,
      "raise3x" : 0.32600000000000001
    },
    "A5o" : {
      "call" : 0.80800000000000005,
      "raise3x" : 0.192
    },
    "A5s" : {
      "call" : 0.47999999999999998,
      "raise3x" : 0.52000000000000002
    },
    "A6o" : {
      "call" : 1
    },
    "A6s" : {
      "call" : 0.50590000000000002,
      "raise3x" : 0.49409999999999998
    },
    "A7o" : {
      "call" : 1
    },
    "A7s" : {
      "call" : 0.27400000000000002,
      "raise3x" : 0.72599999999999998
    },
    "A8o" : {
      "call" : 0.94020000000000004,
      "raise3x" : 0.059799999999999999
    },
    "A8s" : {
      "call" : 0.53790000000000004,
      "raise3x" : 0.46210000000000001
    },
    "A9o" : {
      "call" : 0.73409999999999997,
      "raise3x" : 0.26590000000000003
    },
    "A9s" : {
      "call" : 0.95799999999999996,
      "raise3x" : 0.042000000000000003
    },
    "AA" : {
      "raise3x" : 1
    },
    "AJo" : {
      "call" : 0.64800000000000002,
      "raise3x" : 0.35199999999999998
    },
    "AJs" : {
      "call" : 1
    },
    "AKo" : {
      "raise3x" : 1
    },
    "AKs" : {
      "raise3x" : 1
    },
    "AQo" : {
      "call" : 0.246,
      "raise3x" : 0.754
    },
    "AQs" : {
      "call" : 0.3019,
      "raise3x" : 0.69810000000000005
    },
    "ATo" : {
      "call" : 0.93020000000000003,
      "raise3x" : 0.069800000000000001
    },
    "ATs" : {
      "call" : 1
    },
    "J2s" : {
      "call" : 1
    },
    "J3s" : {
      "call" : 1
    },
    "J4s" : {
      "call" : 1
    },
    "J5s" : {
      "call" : 1
    },
    "J6s" : {
      "call" : 1
    },
    "J7s" : {
      "call" : 1
    },
    "J8o" : {
      "call" : 1
    },
    "J8s" : {
      "call" : 0.47999999999999998,
      "raise3x" : 0.52000000000000002
    },
    "J9o" : {
      "call" : 1
    },
    "J9s" : {
      "call" : 0.46400000000000002,
      "raise3x" : 0.53600000000000003
    },
    "JJ" : {
      "raise3x" : 1
    },
    "JTo" : {
      "call" : 0.98609999999999998,
      "raise3x" : 0.013899999999999999
    },
    "JTs" : {
      "call" : 0.017899999999999999,
      "raise3x" : 0.98209999999999997
    },
    "K2s" : {
      "call" : 1
    },
    "K3s" : {
      "call" : 1
    },
    "K4o" : {
      "call" : 0.67400000000000004,
      "fold" : 0.32600000000000001
    },
    "K4s" : {
      "call" : 1
    },
    "K5o" : {
      "call" : 1
    },
    "K5s" : {
      "call" : 0.84599999999999997,
      "raise3x" : 0.154
    },
    "K6o" : {
      "call" : 1
    },
    "K6s" : {
      "call" : 0.87619999999999998,
      "raise3x" : 0.12379999999999999
    },
    "K7o" : {
      "call" : 1
    },
    "K7s" : {
      "call" : 1
    },
    "K8o" : {
      "call" : 1
    },
    "K8s" : {
      "call" : 0.83999999999999997,
      "raise3x" : 0.16
    },
    "K9o" : {
      "call" : 1
    },
    "K9s" : {
      "call" : 0.032000000000000001,
      "raise3x" : 0.96799999999999997
    },
    "KJo" : {
      "call" : 0.78200000000000003,
      "raise3x" : 0.218
    },
    "KJs" : {
      "call" : 1
    },
    "KK" : {
      "raise3x" : 1
    },
    "KQo" : {
      "call" : 0.68000000000000005,
      "raise3x" : 0.32000000000000001
    },
    "KQs" : {
      "call" : 0.79200000000000004,
      "raise3x" : 0.20799999999999999
    },
    "KTo" : {
      "call" : 0.81610000000000005,
      "raise3x" : 0.18390000000000001
    },
    "KTs" : {
      "call" : 0.74399999999999999,
      "raise3x" : 0.25600000000000001
    },
    "Q2s" : {
      "call" : 1
    },
    "Q3s" : {
      "call" : 1
    },
    "Q4s" : {
      "call" : 1
    },
    "Q5o" : {
      "call" : 0.0218,
      "fold" : 0.97819999999999996
    },
    "Q5s" : {
      "call" : 1
    },
    "Q6o" : {
      "call" : 0.90610000000000002,
      "fold" : 0.093899999999999997
    },
    "Q6s" : {
      "call" : 1
    },
    "Q7o" : {
      "call" : 0.3619,
      "fold" : 0.6381
    },
    "Q7s" : {
      "call" : 1
    },
    "Q8o" : {
      "call" : 1
    },
    "Q8s" : {
      "call" : 0.97219999999999995,
      "raise3x" : 0.027799999999999998
    },
    "Q9o" : {
      "call" : 1
    },
    "Q9s" : {
      "call" : 0.70809999999999995,
      "raise3x" : 0.29189999999999999
    },
    "QJo" : {
      "call" : 1
    },
    "QJs" : {
      "call" : 1
    },
    "QQ" : {
      "raise3x" : 1
    },
    "QTo" : {
      "call" : 1
    },
    "QTs" : {
      "call" : 0.71199999999999997,
      "raise3x" : 0.28799999999999998
    },
    "T2s" : {
      "call" : 1
    },
    "T3s" : {
      "call" : 1
    },
    "T4s" : {
      "call" : 1
    },
    "T5s" : {
      "call" : 1
    },
    "T6s" : {
      "call" : 1
    },
    "T7s" : {
      "call" : 1
    },
    "T8o" : {
      "call" : 1
    },
    "T8s" : {
      "call" : 0.62809999999999999,
      "raise3x" : 0.37190000000000001
    },
    "T9o" : {
      "call" : 1
    },
    "T9s" : {
      "call" : 0.029899999999999999,
      "raise3x" : 0.97009999999999996
    },
    "TT" : {
      "raise3x" : 1
    }
  },
  "id" : "mtt_8max_60bb_bb_vsopen_vs_hj",
  "source" : {
    "description" : "RangeConverter free PDF — 8-max 60bb 1bb ante (12.5%).",
    "publisher" : {
      "accessedDate" : "2026-06-01",
      "name" : "RangeConverter",