{
  "format" : "NLHE_MTT_8MAX",
  "hands" : {
    "44" : {
      "call" : 0.054899999999999997,
      "fold" : 0.94510000000000005
    },
    "55" : {
      "call" : 0.155,
      "fold" : 0.84499999999999997
    },
    "66" : {
      "call" : 0.34989999999999999,
      "fold" : 0.65010000000000001
    },
    "77" : {
      "call" : 0.57010000000000005,
      "fold" : 0.40500000000000003,
      "raise3x" : 0.024899999999999999
    },
    "88" : {
      "call" : 0.62,
      "raise3x" : 0.38
    },
    "99" : {
      "call" : 0.61499999999999999,
      "raise3x" : 0.38500000000000001
    },
    "A5s" : {
      "call" : 0.19989999999999999,
      "fold" : 0.80010000000000003
    },
    "A8s" : {
      "call" : 0.039699999999999999,
      "fold" : 0.56230000000000002,
      "raise3x" : 0.39800000000000002
    },
    "A9s" : {
      "call" : 0.33489999999999998,
      "raise3x" : 0.66510000000000002
    },
    "AA" : {
      "call" : 0.089999999999999997,
      "raise3x" : 0.91000000000000003
    },
    "AJo" : {
      "call" : 0.1249,
      "fold" : 0.26000000000000001,
      "raise3x" : 0.61509999999999998
    },
    "AJs" : {
      "call" : 1
    },
    "AKo" : {
      "raise3x" : 0.25490000000000002,
      "shove" : 0.74509999999999998
    },
    "AKs" : {
      "raise3x" : 1
    },
    "AQo" : {
      "call" : 0.41210000000000002,
      "raise3x" : 0.47239999999999999,
      "shove" : 0.11550000000000001
    },
    "AQs" : {
      "call" : 1
    },
    "ATo" : {
      "fold" : 0.87009999999999998,
      "raise3x" : 0.12989999999999999
    },
    "ATs" : {
      "call" : 0.4849,
      "raise3x" : 0.5151
    },
    "JJ" : {
      "call" : 0.13489999999999999,
      "raise3x" : 0.42499999999999999,
      "shove" : 0.44009999999999999
    },
    "JTs" : {
      "call" : 0.67010000000000003,
      "raise3x" : 0.32990000000000003
    },
    "KJs" : {
      "call" : 0.8851,
      "raise3x" : 0.1149
    },
    "KK" : {
      "call" : 0.019900000000000001,
      "raise3x" : 0.98009999999999997
    },
    "KQo" : {
      "call" : 0.34989999999999999,
      "fold" : 0.30509999999999998,
      "raise3x" : 0.34499999999999997
    },
    "KQs" : {
      "call" : 0.43509999999999999,
      "shove" : 0.56489999999999996
    },
    "KTs" : {
      "call" : 0.28489999999999999,
      "raise3x" : 0.71509999999999996
    },
    "QJs" : {
      "shove" : 1
    },
    "QQ" : {
      "call" : 0.11990000000000001,
      "raise3x" : 0.88009999999999999
    },
    "QTs" : {
      "call" : 0.78000000000000003,
      "raise3x" : 0.22
    },
    "T9s" : {
      "call" : 0.1658,
      "fold" : 0.83420000000000005
    },
    "TT" : {
      "call" : 0.2009,
      "raise3x" : 0.2462,
      "shove" : 0.55289999999999995
    }
  },
  "id" : "mtt_8max_25bb_hj_vsopen_vs_utg",
  "source" : {
    "description" : "RangeConverter free PDF — 8-max 25bb 1bb ante (12.5%).",
    "publisher" : {
      "accessedDate" : "2026-06-01",
      "name" : "RangeConverter",
      "product" : "Free Poker Charts — 8 max 1bb ante MTT GTO Ranges",
      "treeParams" : "poker.academy CE-Symmetric Regular @ 25bb (GTO ChipEV, 1bb ante)",
      "url" : "https:\/\/rangeconverter.com\/free-poker-charts"
    },
    "solver" : {
      "assumptions" : "Frequencies rounded to nearest 25% per source. ChipEV (non-ICM). 1bb (12.5%) big-blind ante."
    },
    "type" : "published"
  },
  "spot" : {
    "anteType" : "bigBlindAnte",
    "facingAction" : "vsOpen",
    "opponentPosition" : "UTG",
    "position" : "HJ",
    "stackDepthBB" : 25
  }
}