{
  "format" : "NLHE_MTT_8MAX",
  "hands" : {
    "22" : {
      "call" : 0.95599999999999996,
      "fold" : 0.0407,
      "shove" : 0.0033999999999999998
    },
    "33" : {
      "call" : 0.94969999999999999,
      "fold" : 0.0121,
      "shove" : 0.038199999999999998
    },
    "44" : {
      "call" : 0.7944,
      "fold" : 0.033099999999999997,
      "shove" : 0.17249999999999999
    },
    "55" : {
      "call" : 0.35659999999999997,
      "fold" : 0.0067999999999999996,
      "shove" : 0.63660000000000005
    },
    "66" : {
      "call" : 0.99309999999999998,
      "fold" : 0.0066
    },
    "76s" : {
      "call" : 0.80210000000000004,
      "fold" : 0.19600000000000001,
      "shove" : 0.002
    },
    "77" : {
      "call" : 0.70979999999999999,
      "fold" : 0.0149,
      "shove" : 0.27529999999999999
    },
    "82s" : {
      "call" : 0.24610000000000001,
      "fold" : 0.75319999999999998
    },
    "86s" : {
      "call" : 0.89159999999999995,
      "fold" : 0.067299999999999999,
      "shove" : 0.041099999999999998
    },
    "87s" : {
      "call" : 0.62360000000000004,
      "fold" : 0.31240000000000001,
      "shove" : 0.064100000000000004
    },
    "88" : {
      "call" : 0.99809999999999999,
      "fold" : 0.0011999999999999999
    },
    "95s" : {
      "call" : 0.52290000000000003,
      "fold" : 0.38990000000000002,
      "shove" : 0.0872
    },
    "96s" : {
      "call" : 0.63490000000000002,
      "fold" : 0.1522,
      "shove" : 0.21279999999999999
    },
    "97s" : {
      "call" : 0.93200000000000005,
      "fold" : 0.021399999999999999,
      "shove" : 0.046600000000000003
    },
    "98s" : {
      "call" : 0.67430000000000001,
      "fold" : 0.32300000000000001,
      "shove" : 0.0027000000000000001
    },
    "99" : {
      "call" : 0.98760000000000003,
      "fold" : 0.0058999999999999999,
      "shove" : 0.0064999999999999997
    },
    "A2o" : {
      "call" : 0.999
    },
    "A2s" : {
      "call" : 0.50609999999999999,
      "fold" : 0.039800000000000002,
      "shove" : 0.4541
    },
    "A3o" : {
      "call" : 0.97150000000000003,
      "fold" : 0.025100000000000001,
      "shove" : 0.0033999999999999998
    },
    "A3s" : {
      "call" : 0.73950000000000005,
      "fold" : 0.081199999999999994,
      "shove" : 0.17929999999999999
    },
    "A4o" : {
      "call" : 0.9929,
      "fold" : 0.0058999999999999999,
      "shove" : 0.0011999999999999999
    },
    "A4s" : {
      "call" : 0.73299999999999998,
      "fold" : 0.0023,
      "shove" : 0.26469999999999999
    },
    "A5o" : {
      "call" : 0.98609999999999998,
      "fold" : 0.011299999999999999,
      "shove" : 0.0025999999999999999
    },
    "A5s" : {
      "call" : 0.99219999999999997,
      "shove" : 0.0077999999999999996
    },
    "A6s" : {
      "call" : 0.87439999999999996,
      "fold" : 0.1142,
      "shove" : 0.0114
    },
    "A7o" : {
      "call" : 0.99570000000000003,
      "fold" : 0.0033999999999999998
    },
    "A7s" : {
      "call" : 0.97270000000000001,
      "fold" : 0.0025000000000000001,
      "shove" : 0.024799999999999999
    },
    "A8o" : {
      "call" : 0.9506,
      "fold" : 0.049000000000000002
    },
    "A8s" : {
      "call" : 0.89100000000000001,
      "fold" : 0.0057999999999999996,
      "shove" : 0.1032
    },
    "A9o" : {
      "call" : 0.99080000000000001,
      "fold" : 0.0037000000000000002,
      "shove" : 0.0054999999999999997
    },
    "A9s" : {
      "call" : 0.87770000000000004,
      "fold" : 0.0023,
      "shove" : 0.11990000000000001
    },
    "AA" : "shove",
    "AJo" : "call",
    "AJs" : {
      "call" : 0.96040000000000003,
      "shove" : 0.039399999999999998
    },
    "AKo" : {
      "call" : 0.5958,
      "shove" : 0.40410000000000001
    },
    "AKs" : {
      "call" : 0.46989999999999998,
      "shove" : 0.53000000000000003
    },
    "AQo" : {
      "call" : 0.99760000000000004,
      "shove" : 0.0023999999999999998
    },
    "AQs" : {
      "call" : 0.97699999999999998,
      "fold" : 0.0086999999999999994,
      "shove" : 0.014200000000000001
    },
    "ATo" : {
      "call" : 0.99680000000000002,
      "shove" : 0.0032000000000000002
    },
    "ATs" : {
      "call" : 0.93959999999999999,
      "fold" : 0.0117,
      "shove" : 0.048800000000000003
    },
    "J2s" : {
      "call" : 0.81699999999999995,
      "fold" : 0.1802,
      "shove" : 0.0028
    },
    "J6s" : {
      "call" : 0.90859999999999996,
      "fold" : 0.083500000000000005,
      "shove" : 0.0077999999999999996
    },
    "J8o" : {
      "call" : 0.99239999999999995,
      "fold" : 0.0073000000000000001
    },
    "J8s" : {
      "call" : 0.94869999999999999,
      "fold" : 0.047500000000000001,
      "shove" : 0.0038
    },
    "J9o" : {
      "call" : 0.99629999999999996,
      "fold" : 0.0030999999999999999
    },
    "J9s" : {
      "call" : 0.83250000000000002,
      "fold" : 0.1051,
      "shove" : 0.062399999999999997
    },
    "JJ" : {
      "call" : 0.9425,
      "shove" : 0.0574
    },
    "JTo" : "call",
    "JTs" : {
      "call" : 0.94989999999999997,
      "fold" : 0.014800000000000001,
      "shove" : 0.035299999999999998
    },
    "K2s" : {
      "call" : 0.54879999999999995,
      "fold" : 0.44450000000000001,
      "shove" : 0.0067000000000000002
    },
    "K3s" : {
      "call" : 0.4955,
      "fold" : 0.50019999999999998,
      "shove" : 0.0043
    },
    "K4s" : {
      "call" : 0.79059999999999997,
      "fold" : 0.2029,
      "shove" : 0.0064999999999999997
    },
    "K6o" : {
      "call" : 0.54769999999999996,
      "fold" : 0.45079999999999998,
      "shove" : 0.0014
    },
    "K6s" : {
      "call" : 0.7208,
      "fold" : 0.26919999999999999,
      "shove" : 0.01
    },
    "K7o" : {
      "call" : 0.8216,
      "fold" : 0.17610000000000001,
      "shove" : 0.0022000000000000001
    },
    "K7s" : {
      "call" : 0.93220000000000003,
      "fold" : 0.066900000000000001
    },
    "K8o" : {
      "call" : 0.99050000000000005,
      "fold" : 0.0068999999999999999,
      "shove" : 0.0025999999999999999
    },
    "K8s" : {
      "call" : 0.1875,
      "fold" : 0.0068999999999999999,
      "shove" : 0.80559999999999998
    },
    "K9o" : {
      "call" : 0.91520000000000001,
      "fold" : 0.084500000000000006
    },
    "K9s" : {
      "call" : 0.87050000000000005,
      "fold" : 0.12889999999999999
    },
    "KJo" : {
      "call" : 0.99619999999999997,
      "fold" : 0.0028999999999999998
    },
    "KJs" : {
      "call" : 0.99739999999999995,
      "shove" : 0.0023
    },
    "KK" : {
      "call" : 0.13469999999999999,
      "shove" : 0.8649
    },
    "KQo" : {
      "call" : 0.995,
      "shove" : 0.0041000000000000003
    },
    "KQs" : {
      "call" : 0.98799999999999999,
      "fold" : 0.0114
    },
    "KTo" : "call",
    "KTs" : {
      "call" : 0.99350000000000005,
      "fold" : 0.0041000000000000003,
      "shove" : 0.0023999999999999998
    },
    "Q3o" : {
      "call" : 0.17019999999999999,
      "fold" : 0.82950000000000002
    },
    "Q3s" : {
      "call" : 0.37090000000000001,
      "fold" : 0.074499999999999997,
      "shove" : 0.55459999999999998
    },
    "Q4s" : {
      "call" : 0.97729999999999995,
      "fold" : 0.015599999999999999,
      "shove" : 0.0071000000000000004
    },
    "Q6s" : {
      "call" : 0.93500000000000005,
      "fold" : 0.062300000000000001,
      "shove" : 0.0027000000000000001
    },
    "Q7s" : {
      "call" : 0.98519999999999996,
      "fold" : 0.013100000000000001,
      "shove" : 0.0016000000000000001
    },
    "Q8s" : {
      "call" : 0.78259999999999996,
      "fold" : 0.11459999999999999,
      "shove" : 0.1028
    },
    "Q9o" : {
      "call" : 0.99850000000000005,
      "fold" : 0.0014
    },
    "Q9s" : {
      "call" : 0.87609999999999999,
      "fold" : 0.056599999999999998,
      "shove" : 0.067299999999999999
    },
    "QJo" : {
      "call" : 0.99619999999999997,
      "fold" : 0.0020999999999999999,