{
  "format" : "NLHE_MTT_9MAX",
  "hands" : {
    "33" : {
      "call" : 0.3417,
      "fold" : 0.52280000000000004,
      "shove" : 0.13550000000000001
    },
    "44" : {
      "call" : 0.46999999999999997,
      "shove" : 0.53000000000000003
    },
    "55" : {
      "call" : 0.34499999999999997,
      "raise25x" : 0.069800000000000001,
      "shove" : 0.58520000000000005
    },
    "66" : {
      "call" : 0.60819999999999996,
      "raise25x" : 0.1105,
      "shove" : 0.28129999999999999
    },
    "76s" : {
      "call" : 0.11990000000000001,
      "fold" : 0.88009999999999999
    },
    "77" : {
      "call" : 0.014999999999999999,
      "shove" : 0.98499999999999999
    },
    "87s" : {
      "call" : 0.43509999999999999,
      "fold" : 0.56489999999999996
    },
    "88" : {
      "raise25x" : 0.095000000000000001,
      "shove" : 0.90500000000000003
    },
    "98s" : {
      "call" : 0.095000000000000001,
      "fold" : 0.90500000000000003
    },
    "99" : {
      "raise25x" : 0.0349,
      "shove" : 0.96509999999999996
    },
    "A2s" : {
      "call" : 0.030100000000000005,
      "fold" : 0.48249999999999998,
      "raise25x" : 0.4874
    },
    "A3s" : {
      "call" : 0.3901,
      "raise25x" : 0.27489999999999998,
      "shove" : 0.33500000000000002
    },
    "A4s" : {
      "call" : 0.69350000000000001,
      "shove" : 0.30649999999999999
    },
    "A5s" : {
      "call" : 0.76500000000000001,
      "shove" : 0.23499999999999999
    },
    "A6s" : {
      "call" : 0.61499999999999999,
      "raise25x" : 0.38500000000000001
    },
    "A7s" : {
      "call" : 0.74009999999999998,
      "raise25x" : 0.25990000000000002
    },
    "A8o" : {
      "fold" : 0.96009999999999995,
      "raise25x" : 0.039899999999999998
    },
    "A8s" : {
      "call" : 0.86019999999999996,
      "raise25x" : 0.13980000000000001
    },
    "A9o" : {
      "fold" : 0.54269999999999996,
      "raise25x" : 0.45729999999999998
    },
    "A9s" : {
      "call" : 1
    },
    "AA" : {
      "call" : 0.43509999999999999,
      "raise25x" : 0.56489999999999996
    },
    "AJo" : {
      "shove" : 1
    },
    "AJs" : {
      "call" : 0.5,
      "raise25x" : 0.5
    },
    "AKo" : {
      "shove" : 1
    },
    "AKs" : {
      "raise25x" : 1
    },
    "AQo" : {
      "shove" : 1
    },
    "AQs" : {
      "raise25x" : 0.56989999999999996,
      "shove" : 0.43009999999999998
    },
    "ATo" : {
      "call" : 0.81510000000000005,
      "raise25x" : 0.18490000000000001
    },
    "ATs" : {
      "call" : 0.73509999999999998,
      "raise25x" : 0.26490000000000002
    },
    "J9s" : {
      "call" : 1
    },
    "JJ" : {
      "call" : 0.215,
      "raise25x" : 0.78500000000000003
    },
    "JTs" : {
      "shove" : 1
    },
    "K7s" : {
      "fold" : 0.89510000000000001,
      "raise25x" : 0.10489999999999999
    },
    "K8s" : {
      "call" : 0.5151,
      "raise25x" : 0.4849
    },
    "K9s" : {
      "call" : 1
    },
    "KJo" : {
      "call" : 0.67500000000000004,
      "raise25x" : 0.32500000000000001
    },
    "KJs" : {
      "call" : 0.44500000000000001,
      "shove" : 0.55500000000000005
    },
    "KK" : {
      "call" : 0.375,
      "raise25x" : 0.625
    },
    "KQo" : {
      "call" : 0.44500000000000001,
      "shove" : 0.55500000000000005
    },
    "KQs" : {
      "call" : 0.069800000000000001,
      "shove" : 0.93020000000000003
    },
    "KTo" : {
      "call" : 0.30009999999999998,
      "fold" : 0.56499999999999995,
      "raise25x" : 0.13489999999999999
    },
    "KTs" : {
      "call" : 0.0349,
      "shove" : 0.96509999999999996
    },
    "Q8s" : {
      "fold" : 0.72009999999999996,
      "raise25x" : 0.27989999999999998
    },
    "Q9s" : {
      "call" : 0.92000000000000004,
      "raise25x" : 0.080000000000000002
    },
    "QJo" : {
      "call" : 0.64510000000000001,
      "raise25x" : 0.35489999999999999
    },
    "QJs" : {
      "shove" : 1
    },
    "QQ" : {
      "call" : 0.25490000000000002,
      "raise25x" : 0.74509999999999998
    },
    "QTs" : {
      "call" : 0.79510000000000003,
      "shove" : 0.2049
    },
    "T8s" : {
      "call" : 0.67500000000000004,
      "fold" : 0.23499999999999999,
      "raise25x" : 0.089999999999999997
    },
    "T9s" : {
      "call" : 1
    },
    "TT" : {
      "raise25x" : 0.044900000000000002,
      "shove" : 0.95509999999999995
    }
  },
  "id" : "mtt_9max_25bb_btn_vsopen_vs_co",
  "source" : {
    "description" : "Adapted from RangeConverter 8-max baseline.",
    "publisher" : {
      "accessedDate" : "2026-06-01",
      "name" : "RangeConverter",
      "product" : "Free Poker Charts — 8 max 1bb ante MTT GTO Ranges",
      "treeParams" : "2.5x open, 3.5x 3bet IP, 4.5x 3bet OOP, 2.3x 4bet IP, 2.75x 4bet OOP, SB vs BB 3.2bb",
      "url" : "https:\/\/rangeconverter.com\/free-poker-charts"
    },
    "solver" : {
      "assumptions" : "Frequencies rounded to nearest 25% per source. ChipEV (non-ICM). 1bb (12.5%) big-blind ante. Copied verbatim from 8-max BTN (same effective seat in 9-max)."
    },
    "type" : "published"
  },
  "spot" : {
    "anteType" : "bigBlindAnte",
    "facingAction" : "vsOpen",
    "opponentPosition" : "CO",
    "position" : "BTN",
    "stackDepthBB" : 25
  }
}