{
  "format" : "NLHE_MTT_9MAX",
  "hands" : {
    "33" : {
      "call" : 0.59050000000000002,
      "fold" : 0.24279999999999999,
      "shove" : 0.1666
    },
    "43s" : {
      "call" : 0.073700000000000002,
      "fold" : 0.92630000000000001
    },
    "44" : {
      "call" : 0.98839999999999995,
      "fold" : 0.0086999999999999994,
      "shove" : 0.0028999999999999998
    },
    "54s" : {
      "call" : 0.82120000000000004,
      "fold" : 0.17810000000000001
    },
    "55" : {
      "call" : 0.83750000000000002,
      "fold" : 0.087099999999999983,
      "shove" : 0.075400000000000009
    },
    "64s" : {
      "call" : 0.026600000000000002,
      "fold" : 0.97140000000000004,
      "shove" : 0.002
    },
    "66" : {
      "call" : 0.89939999999999998,
      "fold" : 0.029999999999999999,
      "shove" : 0.070599999999999996
    },
    "75s" : {
      "call" : 0.73850000000000005,
      "fold" : 0.23319999999999999,
      "shove" : 0.028199999999999996
    },
    "76s" : {
      "call" : 0.30130000000000001,
      "fold" : 0.16120000000000001,
      "shove" : 0.53759999999999997
    },
    "77" : {
      "call" : 0.93969999999999998,
      "fold" : 0.041700000000000001,
      "shove" : 0.018599999999999998
    },
    "86s" : {
      "call" : 0.81979999999999997,
      "fold" : 0.17380000000000001,
      "shove" : 0.0064000000000000003
    },
    "88" : {
      "call" : 0.98250000000000004,
      "fold" : 0.0063,
      "shove" : 0.0112
    },
    "97s" : {
      "call" : 0.73870000000000002,
      "fold" : 0.15160000000000001,
      "shove" : 0.1096
    },
    "98s" : {
      "call" : 0.67689999999999995,
      "fold" : 0.021899999999999999,
      "shove" : 0.30130000000000001
    },
    "99" : {
      "call" : 0.9728,
      "shove" : 0.027199999999999995
    },
    "A2o" : {
      "call" : 0.99739999999999995,
      "shove" : 0.0016999999999999997
    },
    "A2s" : {
      "call" : 0.71630000000000005,
      "fold" : 0.28160000000000002,
      "shove" : 0.0021000000000000003
    },
    "A3o" : {
      "call" : 0.97189999999999999,
      "fold" : 0.02,
      "shove" : 0.0080999999999999996
    },
    "A3s" : {
      "call" : 0.72409999999999997,
      "fold" : 0.13819999999999999,
      "shove" : 0.1376
    },
    "A4o" : {
      "call" : 0.96360000000000001,
      "fold" : 0.014,
      "shove" : 0.0224
    },
    "A4s" : {
      "call" : 0.33300000000000002,
      "fold" : 0.08320000000000001,
      "shove" : 0.58379999999999999
    },
    "A5o" : {
      "call" : 0.98160000000000003,
      "fold" : 0.012500000000000001,
      "shove" : 0.0059000000000000007
    },
    "A5s" : {
      "call" : 0.54869999999999997,
      "fold" : 0.050000000000000003,
      "shove" : 0.4012
    },
    "A6o" : {
      "call" : 0.98419999999999996,
      "fold" : 0.014799999999999999
    },
    "A6s" : {
      "call" : 0.82440000000000002,
      "fold" : 0.074999999999999997,
      "shove" : 0.10050000000000001
    },
    "A7o" : {
      "call" : 0.99890000000000001
    },
    "A7s" : {
      "call" : 0.95489999999999997,
      "fold" : 0.042200000000000001,
      "shove" : 0.0028999999999999998
    },
    "A8o" : {
      "call" : 0.99360000000000004,
      "fold" : 0.0055999999999999991
    },
    "A8s" : {
      "call" : 0.97789999999999999,
      "fold" : 0.0094000000000000004,
      "shove" : 0.012699999999999999
    },
    "A9o" : {
      "call" : 0.98970000000000002,
      "fold" : 0.0052000000000000006,
      "shove" : 0.0050000000000000001
    },
    "A9s" : {
      "call" : 0.9597,
      "fold" : 0.0043,
      "shove" : 0.03599999999999999
    },
    "AA" : {
      "shove" : 1
    },
    "AJo" : {
      "call" : 0.99460000000000004,
      "shove" : 0.0044000000000000003
    },
    "AJs" : {
      "call" : 0.98819999999999997,
      "fold" : 0.01,
      "shove" : 0.0018
    },
    "AKo" : {
      "call" : 0.84279999999999999,
      "shove" : 0.15720000000000001
    },
    "AKs" : {
      "call" : 0.93149999999999999,
      "shove" : 0.06770000000000001
    },
    "AQo" : {
      "call" : 0.98450000000000004,
      "shove" : 0.0155
    },
    "AQs" : {
      "call" : 0.95799999999999996,
      "fold" : 0.0086999999999999994,
      "shove" : 0.03330000000000001
    },
    "ATo" : {
      "call" : 0.99519999999999997,
      "fold" : 0.0016999999999999997,
      "shove" : 0.0030999999999999999
    },
    "ATs" : {
      "call" : 0.94330000000000003,
      "fold" : 0.0327,
      "shove" : 0.024
    },
    "J3s" : {
      "call" : 0.91400000000000003,
      "fold" : 0.08249999999999999,
      "shove" : 0.0034999999999999996
    },
    "J4s" : {
      "call" : 0.81499999999999995,
      "fold" : 0.17130000000000001,
      "shove" : 0.013599999999999998
    },
    "J5s" : {
      "call" : 0.68779999999999997,
      "fold" : 0.30809999999999998,
      "shove" : 0.0040999999999999995
    },
    "J6s" : {
      "call" : 0.5877,
      "fold" : 0.40079999999999999,
      "shove" : 0.0115
    },
    "J7s" : {
      "call" : 0.85160000000000002,
      "fold" : 0.079799999999999996,
      "shove" : 0.068599999999999967
    },
    "J8o" : {
      "call" : 0.96830000000000005,
      "fold" : 0.03160000000000001
    },
    "J8s" : {
      "call" : 0.93379999999999996,
      "fold" : 0.06020000000000001,
      "shove" : 0.0060000000000000001
    },
    "J9o" : {
      "call" : 0.99239999999999995,
      "fold" : 0.0073999999999999995
    },
    "J9s" : {
      "call" : 0.63970000000000005,
      "fold" : 0.3594
    },
    "JJ" : {
      "call" : 0.86890000000000001,
      "shove" : 0.13100000000000001
    },
    "JTo" : {
      "call" : 0.96999999999999997,
      "fold" : 0.029999999999999999
    },
    "JTs" : {
      "call" : 0.94620000000000004,
      "fold" : 0.050900000000000001,
      "shove" : 0.0028999999999999998
    },
    "K3s" : {
      "call" : 0.46129999999999999,
      "fold" : 0.50249999999999995,
      "shove" : 0.036199999999999996
    },
    "K4s" : {
      "call" : 0.94710000000000005,
      "fold" : 0.047899999999999998,
      "shove" : 0.0050000000000000001
    },
    "K5s" : {
      "call" : 0.75990000000000002,
      "fold" : 0.21590000000000001,
      "shove" : 0.024199999999999999
    },
    "K6s" : {
      "call" : 0.28199999999999997,
      "fold" : 0.70879999999999999,
      "shove" : 0.0091999999999999998
    },
    "K7o" : {
      "call" : 0.99780000000000002,
      "fold" : 0.0021000000000000003
    },
    "K7s" : {
      "call" : 0.8619,
      "fold" : 0.13689999999999999,
      "shove" : 0.0013000000000000002
    },
    "K8o" : {
      "call" : 0.41620000000000001,
      "fold" : 0.56830000000000003,
      "shove" : 0.0155
    },
    "K8s" : {
      "call" : 0.62729999999999997,
      "fold" : 0.3695,
      "shove" : 0.0032000000000000002
    },
    "K9o" : {
      "call" : 0.90359999999999996,
      "fold" : 0.093099999999999988,
      "shove" : 0.0032000000000000002
    },
    "K9s" : {
      "call" : 0.87270000000000003,
      "fold" : 0.1205,
      "shove" : 0.0067999999999999988
    },
    "KJo" : {
      "call" : 0.9526,
      "fold" : 0.045099999999999994,
      "shove" : 0.0023
    },
    "KJs" : {
      "call" : 0.96540000000000004,
      "fold" : 0.027100000000000003,
      "shove" : 0.0076
    },
    "KK" : {
      "call" : 0.50939999999999996,
      "shove" : 0.49030000000000001
    },
    "KQo" : {
      "call" : 0.99529999999999996,
      "fold" : 0.0023,
      "shove" : 0.0023
    },
    "KQs" : {
      "call" : 0.99990000000000001
    },
    "KTo" : {
      "call" : 0.98360000000000003,
      "fold" : 0.014799999999999999,
      "shove" : 0.0015
    },
    "KTs" : {
      "call" : 0.9637,
      "fold" : 0.035100000000000006,
      "shove" : 0.0013000000000000002
    },
    "Q3s" : {
      "call" : 0.85599999999999998,
      "fold" : 0.1268,
      "shove" : 0.017299999999999999
    },
    "Q4s" : {
      "call" : 0.93459999999999999,
      "fold" : 0.0465,
      "shove" : 0.018800000000000001
    },