{
  "format" : "NLHE_MTT_9MAX",
  "hands" : {
    "22" : {
      "call" : 0.50239999999999996,
      "fold" : 0.019599999999999999,
      "shove" : 0.47799999999999998
    },
    "33" : {
      "call" : 0.79359999999999997,
      "fold" : 0.0038,
      "shove" : 0.2026
    },
    "43s" : {
      "call" : 0.63470000000000004,
      "fold" : 0.34749999999999998,
      "shove" : 0.0178
    },
    "44" : {
      "call" : 0.9405,
      "fold" : 0.025000000000000001,
      "shove" : 0.034500000000000017
    },
    "55" : {
      "call" : 0.31790000000000002,
      "fold" : 0.012500000000000001,
      "shove" : 0.66949999999999998
    },
    "62s" : {
      "call" : 0.0281,
      "fold" : 0.97009999999999996,
      "shove" : 0.0018
    },
    "66" : {
      "call" : 0.6714,
      "fold" : 0.0033999999999999994,
      "shove" : 0.32519999999999999
    },
    "73s" : {
      "call" : 0.1938,
      "fold" : 0.80420000000000003,
      "shove" : 0.002
    },
    "77" : {
      "call" : 0.86050000000000004,
      "fold" : 0.0060000000000000001,
      "shove" : 0.13350000000000001
    },
    "82s" : {
      "call" : 0.024,
      "fold" : 0.97599999999999998
    },
    "85s" : {
      "call" : 0.90269999999999995,
      "fold" : 0.096699999999999994
    },
    "86s" : {
      "call" : 0.60099999999999998,
      "fold" : 0.069400000000000003,
      "shove" : 0.3296
    },
    "87s" : {
      "call" : 0.72330000000000005,
      "fold" : 0.21379999999999999,
      "shove" : 0.062899999999999998
    },
    "88" : {
      "call" : 0.98399999999999999,
      "shove" : 0.016
    },
    "96s" : {
      "call" : 0.44369999999999998,
      "fold" : 0.1666,
      "shove" : 0.38979999999999998
    },
    "97s" : {
      "call" : 0.81979999999999997,
      "fold" : 0.17369999999999999,
      "shove" : 0.0065000000000000006
    },
    "98o" : {
      "call" : 0.99339999999999995,
      "fold" : 0.0064000000000000003
    },
    "98s" : {
      "call" : 0.4007,
      "fold" : 0.57850000000000001,
      "shove" : 0.020800000000000003
    },
    "99" : {
      "call" : 0.28760000000000002,
      "fold" : 0.01,
      "shove" : 0.70250000000000001
    },
    "A2o" : {
      "call" : 0.080199999999999994,
      "fold" : 0.91839999999999999,
      "shove" : 0.0014
    },
    "A2s" : {
      "call" : 0.86709999999999998,
      "fold" : 0.13089999999999999,
      "shove" : 0.002
    },
    "A3o" : {
      "call" : 0.29809999999999998,
      "fold" : 0.69679999999999997,
      "shove" : 0.0051000000000000004
    },
    "A3s" : {
      "call" : 0.46760000000000002,
      "fold" : 0.48320000000000002,
      "shove" : 0.049299999999999997
    },
    "A4o" : {
      "call" : 0.71330000000000005,
      "fold" : 0.28610000000000002
    },
    "A4s" : {
      "call" : 0.59740000000000004,
      "fold" : 0.38600000000000001,
      "shove" : 0.0166
    },
    "A5o" : {
      "call" : 0.80330000000000001,
      "fold" : 0.193,
      "shove" : 0.0036999999999999997
    },
    "A5s" : {
      "call" : 0.4819,
      "fold" : 0.51570000000000005,
      "shove" : 0.0023
    },
    "A6o" : {
      "call" : 0.69289999999999996,
      "fold" : 0.30520000000000003,
      "shove" : 0.0019
    },
    "A6s" : {
      "call" : 0.9738,
      "fold" : 0.025899999999999999
    },
    "A7o" : {
      "call" : 0.68159999999999998,
      "fold" : 0.31790000000000002
    },
    "A7s" : {
      "call" : 0.73740000000000006,
      "fold" : 0.1157,
      "shove" : 0.1469
    },
    "A8o" : {
      "call" : 0.74809999999999999,
      "fold" : 0.2515
    },
    "A8s" : {
      "call" : 0.8105,
      "fold" : 0.0109,
      "shove" : 0.1787
    },
    "A9o" : {
      "call" : 0.99560000000000004,
      "shove" : 0.0044000000000000003
    },
    "A9s" : {
      "call" : 0.95530000000000004,
      "fold" : 0.028300000000000002,
      "shove" : 0.016399999999999998
    },
    "AA" : "shove",
    "AJo" : {
      "call" : 0.98370000000000002,
      "shove" : 0.016300000000000002
    },
    "AJs" : {
      "call" : 0.9698,
      "fold" : 0.0025000000000000001,
      "shove" : 0.0276
    },
    "AKo" : "shove",
    "AKs" : {
      "call" : 0.026800000000000001,
      "shove" : 0.97270000000000001
    },
    "AQo" : {
      "call" : 0.1741,
      "shove" : 0.82579999999999998
    },
    "AQs" : {
      "call" : 0.73119999999999996,
      "fold" : 0.0077999999999999996,
      "shove" : 0.26090000000000002
    },
    "ATo" : {
      "call" : 0.92279999999999995,
      "shove" : 0.077099999999999988
    },
    "ATs" : {
      "call" : 0.97140000000000004,
      "fold" : 0.011000000000000001,
      "shove" : 0.017600000000000001
    },
    "J2s" : {
      "call" : 0.25940000000000002,
      "fold" : 0.66149999999999998,
      "shove" : 0.07909999999999999
    },
    "J3s" : {
      "call" : 0.26540000000000002,
      "fold" : 0.71619999999999995,
      "shove" : 0.018499999999999999
    },
    "J4s" : {
      "call" : 0.34000000000000002,
      "fold" : 0.43640000000000001,
      "shove" : 0.22359999999999999
    },
    "J5s" : {
      "call" : 0.59950000000000003,
      "fold" : 0.24829999999999999,
      "shove" : 0.1522
    },
    "J6o" : {
      "call" : 0.040800000000000003,
      "fold" : 0.95889999999999997
    },
    "J6s" : {
      "call" : 0.38159999999999999,
      "fold" : 0.61350000000000005,
      "shove" : 0.0048999999999999998
    },
    "J7o" : {
      "call" : 0.026700000000000002,
      "fold" : 0.97319999999999995
    },
    "J7s" : {
      "call" : 0.92910000000000004,
      "fold" : 0.017500000000000009,
      "shove" : 0.053400000000000003
    },
    "J8o" : {
      "call" : 0.28710000000000002,
      "fold" : 0.71240000000000003
    },
    "J8s" : {
      "call" : 0.57240000000000002,
      "fold" : 0.28910000000000002,
      "shove" : 0.13850000000000001
    },
    "J9o" : {
      "call" : 0.060600000000000008,
      "fold" : 0.93930000000000002
    },
    "J9s" : {
      "call" : 0.57189999999999996,
      "fold" : 0.0034999999999999996,
      "shove" : 0.42459999999999998
    },
    "JJ" : {
      "call" : 0.0018,
      "shove" : 0.99790000000000001
    },
    "JTo" : {
      "call" : 0.81499999999999995,
      "fold" : 0.18410000000000001
    },
    "JTs" : {
      "call" : 0.74209999999999998,
      "fold" : 0.24399999999999999,
      "shove" : 0.013900000000000001
    },
    "K2s" : {
      "call" : 0.54259999999999997,
      "fold" : 0.44940000000000002,
      "shove" : 0.0080000000000000002
    },
    "K3o" : {
      "call" : 0.51519999999999999,
      "fold" : 0.48459999999999998
    },
    "K3s" : {
      "call" : 0.25040000000000001,
      "fold" : 0.5645,
      "shove" : 0.18509999999999999
    },
    "K4o" : {
      "call" : 0.021100000000000001,
      "fold" : 0.97799999999999998
    },
    "K4s" : {
      "call" : 0.043200000000000002,
      "fold" : 0.95640000000000003
    },
    "K5o" : {
      "call" : 0.0040999999999999995,
      "fold" : 0.99570000000000003
    },
    "K5s" : {
      "call" : 0.49370000000000003,
      "fold" : 0.37459999999999999,
      "shove" : 0.13170000000000001
    },
    "K6o" : {
      "call" : 0.3705,
      "fold" : 0.629
    },
    "K6s" : {
      "call" : 0.92379999999999995,
      "fold" : 0.061800000000000001,
      "shove" : 0.0144
    },
    "K7o" : {
      "call" : 0.33169999999999999,
      "fold" : 0.66820000000000002
    },
    "K7s" : {
      "call" : 0.86480000000000001,
      "fold" : 0.065699999999999981,
      "shove" : 0.069500000000000034
    },
    "K8o" : {
      "call" : 0.47070000000000001,
      "fold" : 0.52929999999999999
    },
    "K8s" : {
      "call" : 0.45590000000000003,
      "fold" : 0.20880000000000001,
      "shove" : 0.3352
    },
    "K9o" : {
      "call" : 0.91969999999999996,
      "fold" : 0.079899999999999999
    },
    "K9s" : {
      "call" : 0.73399999999999999,
      "fold" : 0.24110000000000001,
      "shove" : 0.024899999999999999
    },
    "KJo" : {
      "call" : 0.79039999999999999,