{
  "format" : "NLHE_MTT_8MAX",
  "hands" : {
    "44" : {
      "call" : 0.1249,
      "fold" : 0.87509999999999999
    },
    "55" : {
      "call" : 0.30499999999999999,
      "fold" : 0.69499999999999995
    },
    "66" : {
      "call" : 0.66010000000000002,
      "fold" : 0.33989999999999998
    },
    "77" : {
      "call" : 0.75009999999999999,
      "raise3x" : 0.24990000000000001
    },
    "88" : {
      "call" : 0.66510000000000002,
      "raise3x" : 0.33489999999999998
    },
    "98s" : {
      "call" : 0.059799999999999999,
      "fold" : 0.94020000000000004
    },
    "99" : {
      "call" : 0.50509999999999999,
      "raise3x" : 0.49490000000000001
    },
    "A5s" : {
      "call" : 0.60999999999999999,
      "raise3x" : 0.39000000000000001
    },
    "A6s" : {
      "fold" : 0.755,
      "raise3x" : 0.245
    },
    "A8s" : {
      "call" : 0.32000000000000001,
      "raise3x" : 0.68000000000000005
    },
    "A9s" : {
      "call" : 0.55500000000000005,
      "raise3x" : 0.44500000000000001
    },
    "AA" : {
      "call" : 0.17000000000000001,
      "raise3x" : 0.82999999999999996
    },
    "AJo" : {
      "call" : 0.27989999999999998,
      "raise3x" : 0.72009999999999996
    },
    "AJs" : {
      "call" : 1
    },
    "AKo" : {
      "raise3x" : 1
    },
    "AKs" : {
      "call" : 0.23999999999999999,
      "raise3x" : 0.76000000000000001
    },
    "AQo" : {
      "call" : 0.52500000000000002,
      "raise3x" : 0.47499999999999998
    },
    "AQs" : {
      "call" : 0.8851,
      "raise3x" : 0.1149
    },
    "ATo" : {
      "fold" : 0.375,
      "raise3x" : 0.625
    },
    "ATs" : {
      "call" : 1
    },
    "JJ" : {
      "call" : 0.064799999999999996,
      "raise3x" : 0.93520000000000003
    },
    "JTs" : {
      "call" : 0.46000000000000002,
      "raise3x" : 0.54000000000000004
    },
    "K9s" : {
      "raise3x" : 1
    },
    "KJo" : {
      "fold" : 0.97009999999999996,
      "raise3x" : 0.029899999999999999
    },
    "KJs" : {
      "call" : 1
    },
    "KK" : {
      "call" : 0.0349,
      "raise3x" : 0.96509999999999996
    },
    "KQo" : {
      "call" : 0.315,
      "raise3x" : 0.68500000000000005
    },
    "KQs" : {
      "call" : 1
    },
    "KTs" : {
      "call" : 0.59509999999999996,
      "raise3x" : 0.40489999999999998
    },
    "QJs" : {
      "call" : 0.68000000000000005,
      "raise3x" : 0.32000000000000001
    },
    "QQ" : {
      "raise3x" : 1
    },
    "QTs" : {
      "call" : 0.72509999999999997,
      "raise3x" : 0.27489999999999998
    },
    "T9s" : {
      "call" : 0.63490000000000002,
      "raise3x" : 0.36509999999999998
    },
    "TT" : {
      "call" : 0.32000000000000001,
      "raise3x" : 0.68000000000000005
    }
  },
  "id" : "mtt_8max_35bb_hj_vsopen",
  "source" : {
    "description" : "RangeConverter free PDF — 8-max 35bb 1bb ante (12.5%).",
    "publisher" : {
      "accessedDate" : "2026-06-01",
      "name" : "RangeConverter",
      "product" : "Free Poker Charts — 8 max 1bb ante MTT GTO Ranges",
      "treeParams" : "poker.academy CE-Symmetric Regular @ 35bb (GTO ChipEV, 1bb ante)",
      "url" : "https:\/\/rangeconverter.com\/free-poker-charts"
    },
    "solver" : {
      "assumptions" : "Frequencies rounded to nearest 25% per source. ChipEV (non-ICM). 1bb (12.5%) big-blind ante."
    },
    "type" : "published"
  },
  "spot" : {
    "anteType" : "bigBlindAnte",
    "facingAction" : "vsOpen",
    "position" : "HJ",
    "stackDepthBB" : 35
  }
}