{
  "format" : "NLHE_MTT_9MAX",
  "hands" : {
    "22" : {
      "call" : 1
    },
    "33" : {
      "call" : 1
    },
    "44" : {
      "call" : 1
    },
    "54s" : {
      "call" : 0.95009999999999994,
      "fold" : 0.026000000000000002,
      "raise25x" : 0.023899999999999998
    },
    "55" : {
      "call" : 1
    },
    "65s" : {
      "call" : 0.67630000000000001,
      "fold" : 0.027800000000000002,
      "raise25x" : 0.2959
    },
    "66" : {
      "call" : 0.99209999999999998,
      "raise25x" : 0.0079000000000000008
    },
    "76s" : {
      "call" : 0.49590000000000001,
      "raise25x" : 0.50409999999999999
    },
    "77" : {
      "call" : 0.84419999999999995,
      "raise25x" : 0.15579999999999999
    },
    "86s" : {
      "call" : 0.25390000000000001,
      "fold" : 0.74609999999999999
    },
    "87s" : {
      "call" : 0.64529999999999998,
      "raise25x" : 0.35470000000000002
    },
    "88" : {
      "call" : 0.56799999999999995,
      "raise25x" : 0.432
    },
    "97s" : {
      "call" : 0.71199999999999997,
      "fold" : 0.28799999999999998
    },
    "98s" : {
      "call" : 0.81399999999999995,
      "raise25x" : 0.186
    },
    "99" : {
      "call" : 0.2379,
      "raise25x" : 0.7621
    },
    "A2s" : {
      "call" : 1
    },
    "A3s" : {
      "call" : 1
    },
    "A4s" : {
      "call" : 0.98999999999999999,
      "raise25x" : 0.01
    },
    "A5s" : {
      "call" : 0.41799999999999998,
      "raise25x" : 0.58199999999999996
    },
    "A6s" : {
      "call" : 0.86809999999999998,
      "raise25x" : 0.13189999999999999
    },
    "A7s" : {
      "call" : 0.84809999999999997,
      "raise25x" : 0.15190000000000001
    },
    "A8s" : {
      "call" : 0.4461,
      "raise25x" : 0.55389999999999995
    },
    "A9s" : {
      "call" : 0.24990000000000001,
      "raise25x" : 0.75009999999999999
    },
    "AA" : {
      "raise25x" : 1
    },
    "AJo" : {
      "call" : 0.68210000000000004,
      "raise25x" : 0.31790000000000002
    },
    "AJs" : {
      "raise25x" : 1
    },
    "AKo" : {
      "call" : 0.0118,
      "raise25x" : 0.98819999999999997
    },
    "AKs" : {
      "raise25x" : 1
    },
    "AQo" : {
      "call" : 0.1938,
      "raise25x" : 0.80620000000000003
    },
    "AQs" : {
      "call" : 0.0057999999999999996,
      "raise25x" : 0.99419999999999997
    },
    "ATo" : {
      "call" : 0.98809999999999998,
      "raise25x" : 0.011899999999999999
    },
    "ATs" : {
      "raise25x" : 1
    },
    "J8s" : {
      "call" : 0.19589999999999999,
      "fold" : 0.80410000000000004
    },
    "J9s" : {
      "call" : 0.7419,
      "raise25x" : 0.2581
    },
    "JJ" : {
      "raise25x" : 0.95620000000000005,
      "shove" : 0.043799999999999999
    },
    "JTs" : {
      "call" : 0.24790000000000001,
      "raise25x" : 0.75209999999999999
    },
    "K5s" : {
      "call" : 0.46600000000000003,
      "fold" : 0.53400000000000003
    },
    "K6s" : {
      "call" : 0.626,
      "fold" : 0.374
    },
    "K7s" : {
      "call" : 0.58009999999999995,
      "fold" : 0.4199
    },
    "K8s" : {
      "call" : 1
    },
    "K9s" : {
      "call" : 0.54210000000000003,
      "raise25x" : 0.45789999999999997
    },
    "KJo" : {
      "call" : 0.78600000000000003,
      "fold" : 0.214
    },
    "KJs" : {
      "raise25x" : 1
    },
    "KK" : {
      "raise25x" : 1
    },
    "KQo" : {
      "call" : 0.74399999999999999,
      "raise25x" : 0.25600000000000001
    },
    "KQs" : {
      "raise25x" : 1
    },
    "KTo" : {
      "call" : 0.218,
      "fold" : 0.78200000000000003
    },
    "KTs" : {
      "call" : 0.013900000000000001,
      "raise25x" : 0.98609999999999998
    },
    "Q8s" : {
      "call" : 0.57199999999999995,
      "fold" : 0.42799999999999999
    },
    "Q9s" : {
      "call" : 1
    },
    "QJo" : {
      "call" : 0.25390000000000001,
      "fold" : 0.74609999999999999
    },
    "QJs" : {
      "call" : 0.56799999999999995,
      "raise25x" : 0.432
    },
    "QQ" : {
      "raise25x" : 1
    },
    "QTo" : {
      "call" : 0.1139,
      "fold" : 0.8861
    },
    "QTs" : {
      "call" : 0.46600000000000003,
      "raise25x" : 0.53400000000000003
    },
    "T8s" : {
      "call" : 0.85960000000000003,
      "raise25x" : 0.1404
    },
    "T9s" : {
      "call" : 0.45789999999999997,
      "raise25x" : 0.54210000000000003
    },
    "TT" : {
      "call" : 0.18990000000000001,
      "raise25x" : 0.81010000000000004
    }
  },
  "id" : "mtt_9max_60bb_sb_vsopen_vs_lj",
  "source" : {
    "description" : "Adapted from RangeConverter 8-max baseline.",
    "publisher" : {
      "accessedDate" : "2026-06-01",
      "name" : "RangeConverter",
      "product" : "Free Poker Charts — 8 max 1bb ante MTT GTO Ranges",
      "treeParams" : "2.5x open, 3.5x 3bet IP, 4.5x 3bet OOP, 2.3x 4bet IP, 2.75x 4bet OOP, SB vs BB 3.2bb",
      "url" : "https:\/\/rangeconverter.com\/free-poker-charts"
    },
    "solver" : {
      "assumptions" : "Frequencies rounded to nearest 25% per source. ChipEV (non-ICM). 1bb (12.5%) big-blind ante. Copied verbatim from 8-max SB (same effective seat in 9-max)."
    },
    "type" : "published"
  },
  "spot" : {
    "anteType" : "bigBlindAnte",
    "facingAction" : "vsOpen",
    "opponentPosition" : "LJ",
    "position" : "SB",
    "stackDepthBB" : 60
  }
}