{
  "format" : "NLHE_MTT_8MAX",
  "hands" : {
    "22" : {
      "call" : 1
    },
    "33" : {
      "call" : 1
    },
    "44" : {
      "call" : 1
    },
    "54s" : {
      "call" : 1
    },
    "55" : {
      "call" : 0.71599999999999997,
      "fold" : 0.28399999999999997
    },
    "65s" : {
      "call" : 1
    },
    "66" : {
      "call" : 1
    },
    "76s" : {
      "call" : 1
    },
    "77" : {
      "call" : 0.92600000000000005,
      "fold" : 0.073999999999999996
    },
    "87s" : {
      "call" : 0.66100000000000003,
      "fold" : 0.33900000000000002
    },
    "88" : {
      "call" : 0.93410000000000004,
      "raise3x" : 0.0659
    },
    "99" : {
      "call" : 0.95199999999999996,
      "raise3x" : 0.048000000000000001
    },
    "A4s" : {
      "call" : 0.2455,
      "fold" : 0.26150000000000001,
      "raise3x" : 0.49299999999999999
    },
    "A5s" : {
      "call" : 0.57589999999999997,
      "raise3x" : 0.42409999999999998
    },
    "A6s" : {
      "call" : 0.19389999999999999,
      "fold" : 0.79010000000000002,
      "raise3x" : 0.016
    },
    "A7s" : {
      "fold" : 0.86019999999999996,
      "raise3x" : 0.13980000000000001
    },
    "A8s" : {
      "call" : 0.252,
      "fold" : 0.56410000000000005,
      "raise3x" : 0.18390000000000001
    },
    "A9s" : {
      "call" : 0.93020000000000003,
      "raise3x" : 0.069800000000000001
    },
    "AA" : {
      "raise3x" : 1
    },
    "AJo" : {
      "fold" : 0.92810000000000004,
      "raise3x" : 0.071900000000000006
    },
    "AJs" : {
      "call" : 1
    },
    "AKo" : {
      "call" : 0.3659,
      "raise3x" : 0.6341
    },
    "AKs" : {
      "raise3x" : 1
    },
    "AQo" : {
      "call" : 0.41799999999999998,
      "raise3x" : 0.58199999999999996
    },
    "AQs" : {
      "call" : 1
    },
    "ATs" : {
      "call" : 0.88800000000000001,
      "raise3x" : 0.112
    },
    "JJ" : {
      "call" : 0.6341,
      "raise3x" : 0.3659
    },
    "JTs" : {
      "call" : 0.84209999999999996,
      "raise3x" : 0.15790000000000001
    },
    "K6s" : {
      "call" : 0.13200000000000001,
      "fold" : 0.72209999999999996,
      "raise3x" : 0.1459
    },
    "K9s" : {
      "call" : 0.48599999999999999,
      "fold" : 0.23599999999999999,
      "raise3x" : 0.27800000000000002
    },
    "KJs" : {
      "call" : 0.58009999999999995,
      "raise3x" : 0.4199
    },
    "KK" : {
      "raise3x" : 1
    },
    "KQo" : {
      "call" : 0.080000000000000002,
      "fold" : 0.82809999999999995,
      "raise3x" : 0.091899999999999996
    },
    "KQs" : {
      "call" : 1
    },
    "KTs" : {
      "call" : 0.24390000000000001,
      "raise3x" : 0.75609999999999999
    },
    "QJs" : {
      "call" : 0.80200000000000005,
      "raise3x" : 0.19800000000000001
    },
    "QQ" : {
      "call" : 0.20200000000000001,
      "raise3x" : 0.79800000000000004
    },
    "QTs" : {
      "call" : 0.99209999999999998,
      "raise3x" : 0.0079000000000000008
    },
    "T9s" : {
      "call" : 0.55810000000000004,
      "fold" : 0.44190000000000002
    },
    "TT" : {
      "call" : 0.68000000000000005,
      "raise3x" : 0.32000000000000001
    }
  },
  "id" : "mtt_8max_100bb_lj_vs3bet_vs_co",
  "source" : {
    "description" : "RangeConverter free PDF — 8-max 100bb 1bb ante (12.5%).",
    "publisher" : {
      "accessedDate" : "2026-06-01",
      "name" : "RangeConverter",
      "product" : "Free Poker Charts — 8 max 1bb ante MTT GTO Ranges",
      "treeParams" : "poker.academy CE-Symmetric Regular @ 100bb (GTO ChipEV, 1bb ante)",
      "url" : "https:\/\/rangeconverter.com\/free-poker-charts"
    },
    "solver" : {
      "assumptions" : "Frequencies rounded to nearest 25% per source. ChipEV (non-ICM). 1bb (12.5%) big-blind ante."
    },
    "type" : "published"
  },
  "spot" : {
    "anteType" : "bigBlindAnte",
    "facingAction" : "vs3Bet",
    "opponentPosition" : "CO",
    "position" : "LJ",
    "stackDepthBB" : 100
  }
}