{
  "format" : "NLHE_MTT_9MAX",
  "hands" : {
    "44" : {
      "call" : 0.059799999999999999,
      "fold" : 0.94020000000000004
    },
    "55" : {
      "call" : 0.27989999999999998,
      "fold" : 0.72009999999999996
    },
    "66" : {
      "call" : 0.39500000000000002,
      "fold" : 0.60499999999999998
    },
    "77" : {
      "call" : 0.82509999999999994,
      "raise25x" : 0.1749
    },
    "88" : {
      "call" : 0.78000000000000003,
      "raise25x" : 0.22
    },
    "99" : {
      "call" : 0.099900000000000003,
      "shove" : 0.90010000000000001
    },
    "A5s" : {
      "call" : 0.12989999999999999,
      "fold" : 0.74519999999999997,
      "shove" : 0.1249
    },
    "A8s" : {
      "call" : 0.34000000000000002,
      "fold" : 0.39500000000000002,
      "raise25x" : 0.26500000000000001
    },
    "A9s" : {
      "call" : 0.55989999999999995,
      "raise25x" : 0.44009999999999999
    },
    "AA" : {
      "call" : 0.43509999999999999,
      "raise25x" : 0.56489999999999996
    },
    "AJo" : {
      "call" : 0.65510000000000002,
      "raise25x" : 0.34489999999999998
    },
    "AJs" : {
      "call" : 0.97009999999999996,
      "raise25x" : 0.029899999999999999
    },
    "AKo" : {
      "shove" : 1
    },
    "AKs" : {
      "raise25x" : 0.375,
      "shove" : 0.625
    },
    "AQo" : {
      "shove" : 1
    },
    "AQs" : {
      "call" : 0.46500000000000002,
      "raise25x" : 0.53500000000000003
    },
    "ATo" : {
      "fold" : 0.91000000000000003,
      "raise25x" : 0.089999999999999997
    },
    "ATs" : {
      "call" : 0.78500000000000003,
      "raise25x" : 0.215
    },
    "JJ" : {
      "raise25x" : 0.099900000000000003,
      "shove" : 0.90010000000000001
    },
    "JTs" : {
      "call" : 0.85499999999999998,
      "fold" : 0.14499999999999999
    },
    "K9s" : {
      "call" : 0.22500000000000001,
      "fold" : 0.77500000000000002
    },
    "KJs" : {
      "shove" : 1
    },
    "KK" : {
      "call" : 0.22500000000000001,
      "raise25x" : 0.77500000000000002
    },
    "KQo" : {
      "call" : 0.81510000000000005,
      "raise25x" : 0.18490000000000001
    },
    "KQs" : {
      "call" : 0.059799999999999999,
      "shove" : 0.94020000000000004
    },
    "KTs" : {
      "call" : 0.78000000000000003,
      "raise25x" : 0.22
    },
    "QJs" : {
      "call" : 0.12989999999999999,
      "shove" : 0.87009999999999998
    },
    "QQ" : {
      "call" : 0.26490000000000002,
      "raise25x" : 0.5151,
      "shove" : 0.22
    },
    "QTs" : {
      "call" : 1
    },
    "T9s" : {
      "call" : 0.155,
      "fold" : 0.84499999999999997
    },
    "TT" : {
      "raise25x" : 0.084999999999999992,
      "shove" : 0.91500000000000004
    }
  },
  "id" : "mtt_9max_20bb_co_vsopen_vs_utg1",
  "source" : {
    "description" : "Adapted from RangeConverter 8-max baseline.",
    "publisher" : {
      "accessedDate" : "2026-06-01",
      "name" : "RangeConverter",
      "product" : "Free Poker Charts — 8 max 1bb ante MTT GTO Ranges",
      "treeParams" : "2.5x open, 3.5x 3bet IP, 4.5x 3bet OOP, 2.3x 4bet IP, 2.75x 4bet OOP, SB vs BB 3.2bb",
      "url" : "https:\/\/rangeconverter.com\/free-poker-charts"
    },
    "solver" : {
      "assumptions" : "Frequencies rounded to nearest 25% per source. ChipEV (non-ICM). 1bb (12.5%) big-blind ante. Copied verbatim from 8-max CO (same effective seat in 9-max)."
    },
    "type" : "published"
  },
  "spot" : {
    "anteType" : "bigBlindAnte",
    "facingAction" : "vsOpen",
    "opponentPosition" : "UTG1",
    "position" : "CO",
    "stackDepthBB" : 20
  }
}