{
  "format" : "NLHE_MTT_8MAX",
  "hands" : {
    "22" : {
      "call" : 1
    },
    "33" : {
      "call" : 1
    },
    "44" : {
      "call" : 1
    },
    "54s" : {
      "call" : 1
    },
    "55" : {
      "call" : 1
    },
    "65s" : {
      "call" : 1
    },
    "66" : {
      "call" : 1
    },
    "76s" : {
      "call" : 1
    },
    "77" : {
      "call" : 0.92500000000000004,
      "raise3x" : 0.074999999999999997
    },
    "86s" : {
      "call" : 1
    },
    "87s" : {
      "call" : 1
    },
    "88" : {
      "call" : 0.93020000000000003,
      "raise3x" : 0.069800000000000001
    },
    "97s" : {
      "call" : 0.68000000000000005,
      "fold" : 0.32000000000000001
    },
    "98s" : {
      "call" : 1
    },
    "99" : {
      "call" : 0.74009999999999998,
      "raise3x" : 0.25990000000000002
    },
    "A2s" : {
      "call" : 0.67500000000000004,
      "raise3x" : 0.32500000000000001
    },
    "A3s" : {
      "call" : 0.95009999999999994,
      "raise3x" : 0.0499
    },
    "A4s" : {
      "call" : 0.80510000000000004,
      "raise3x" : 0.19489999999999999
    },
    "A5s" : {
      "call" : 0.86519999999999997,
      "raise3x" : 0.1348
    },
    "A6s" : {
      "call" : 0.93020000000000003,
      "raise3x" : 0.069800000000000001
    },
    "A7s" : {
      "call" : 0.78000000000000003,
      "raise3x" : 0.22
    },
    "A8s" : {
      "call" : 0.91000000000000003,
      "raise3x" : 0.089999999999999997
    },
    "A9s" : {
      "call" : 0.79020000000000001,
      "raise3x" : 0.20979999999999999
    },
    "AA" : {
      "raise3x" : 1
    },
    "AJo" : {
      "call" : 0.66010000000000002,
      "raise3x" : 0.33989999999999998
    },
    "AJs" : {
      "call" : 1
    },
    "AKo" : {
      "raise3x" : 0.34489999999999998,
      "shove" : 0.65510000000000002
    },
    "AKs" : {
      "raise3x" : 1
    },
    "AQo" : {
      "call" : 0.46500000000000002,
      "raise3x" : 0.53500000000000003
    },
    "AQs" : {
      "call" : 1
    },
    "ATo" : {
      "fold" : 0.74009999999999998,
      "raise3x" : 0.25990000000000002
    },
    "ATs" : {
      "call" : 1
    },
    "J9s" : {
      "call" : 0.85499999999999998,
      "raise3x" : 0.14499999999999999
    },
    "JJ" : {
      "call" : 0.080000000000000002,
      "raise3x" : 0.46999999999999997,
      "shove" : 0.45000000000000001
    },
    "JTs" : {
      "call" : 0.95009999999999994,
      "raise3x" : 0.0499
    },
    "K5s" : {
      "call" : 0.085000000000000006,
      "fold" : 0.85509999999999997,
      "raise3x" : 0.059900000000000002
    },
    "K6s" : {
      "call" : 0.95009999999999994,
      "raise3x" : 0.0499
    },
    "K7s" : {
      "call" : 0.055100000000000003,
      "fold" : 0.88980000000000004,
      "raise3x" : 0.055100000000000003
    },
    "K8s" : {
      "call" : 1
    },
    "K9s" : {
      "call" : 0.74509999999999998,
      "raise3x" : 0.25490000000000002
    },
    "KJo" : {
      "call" : 0.155,
      "fold" : 0.62,
      "raise3x" : 0.22500000000000001
    },
    "KJs" : {
      "call" : 1
    },
    "KK" : {
      "raise3x" : 1
    },
    "KQo" : {
      "call" : 0.81510000000000005,
      "raise3x" : 0.18490000000000001
    },
    "KQs" : {
      "call" : 1
    },
    "KTs" : {
      "call" : 0.67500000000000004,
      "raise3x" : 0.32500000000000001
    },
    "Q8s" : {
      "call" : 0.45500000000000002,
      "fold" : 0.54500000000000004
    },
    "Q9s" : {
      "call" : 1
    },
    "QJs" : {
      "call" : 0.85499999999999998,
      "raise3x" : 0.14499999999999999
    },
    "QQ" : {
      "raise3x" : 1
    },
    "QTs" : {
      "call" : 1
    },
    "T8s" : {
      "call" : 1
    },
    "T9s" : {
      "call" : 1
    },
    "TT" : {
      "call" : 0.56989999999999996,
      "raise3x" : 0.43009999999999998
    }
  },
  "id" : "mtt_8max_80bb_hj_vs3bet_vs_btn",
  "source" : {
    "description" : "RangeConverter free PDF — 8-max 80bb 1bb ante (12.5%).",
    "publisher" : {
      "accessedDate" : "2026-06-01",
      "name" : "RangeConverter",
      "product" : "Free Poker Charts — 8 max 1bb ante MTT GTO Ranges",
      "treeParams" : "poker.academy CE-Symmetric Regular @ 80bb (GTO ChipEV, 1bb ante)",
      "url" : "https:\/\/rangeconverter.com\/free-poker-charts"
    },
    "solver" : {
      "assumptions" : "Frequencies rounded to nearest 25% per source. ChipEV (non-ICM). 1bb (12.5%) big-blind ante."
    },
    "type" : "published"
  },
  "spot" : {
    "anteType" : "bigBlindAnte",
    "facingAction" : "vs3Bet",
    "opponentPosition" : "BTN",
    "position" : "HJ",
    "stackDepthBB" : 80
  }
}