{
  "format" : "NLHE_MTT_9MAX",
  "hands" : {
    "22" : {
      "call" : 0.002,
      "fold" : 0.998
    },
    "32o" : {
      "fold" : 1
    },
    "32s" : {
      "call" : 0.01,
      "fold" : 0.9899
    },
    "33" : {
      "fold" : 0.999
    },
    "42o" : {
      "fold" : 1
    },
    "42s" : {
      "fold" : 0.99980000000000002
    },
    "43o" : {
      "fold" : 1
    },
    "43s" : {
      "fold" : 0.99919999999999998
    },
    "44" : {
      "call" : 0.0038,
      "fold" : 0.99570000000000003
    },
    "52o" : {
      "fold" : 1
    },
    "52s" : {
      "call" : 0.0106,
      "fold" : 0.98939999999999995
    },
    "53o" : {
      "fold" : 1
    },
    "53s" : {
      "fold" : 0.99870000000000003
    },
    "54o" : {
      "fold" : 1
    },
    "54s" : {
      "call" : 0.038100000000000002,
      "fold" : 0.95369999999999999,
      "raise25x" : 0.0022000000000000001,
      "shove" : 0.0060000000000000001
    },
    "55" : {
      "call" : 0.0092999999999999992,
      "fold" : 0.97650000000000003,
      "shove" : 0.0141
    },
    "62o" : {
      "fold" : 1
    },
    "62s" : {
      "fold" : 0.99950000000000006
    },
    "63o" : {
      "fold" : 1
    },
    "63s" : {
      "fold" : 0.99929999999999997
    },
    "64o" : {
      "fold" : 0.99990000000000001
    },
    "64s" : {
      "fold" : 0.99950000000000006
    },
    "65o" : {
      "fold" : 0.99990000000000001
    },
    "65s" : {
      "fold" : 0.99990000000000001
    },
    "66" : {
      "call" : 0.64419999999999999,
      "fold" : 0.35439999999999999,
      "shove" : 0.0014
    },
    "72o" : {
      "fold" : 1
    },
    "72s" : {
      "call" : 0.0016000000000000001,
      "fold" : 0.99839999999999995
    },
    "73o" : {
      "fold" : 1
    },
    "73s" : {
      "fold" : 0.99970000000000003
    },
    "74o" : {
      "fold" : 0.99970000000000003
    },
    "74s" : {
      "fold" : 0.999
    },
    "75o" : {
      "fold" : 0.99990000000000001
    },
    "75s" : {
      "call" : 0.032299999999999995,
      "fold" : 0.9677
    },
    "76o" : {
      "fold" : 0.99960000000000004
    },
    "76s" : {
      "call" : 0.076800000000000007,
      "fold" : 0.92030000000000001,
      "raise25x" : 0.002
    },
    "77" : {
      "call" : 0.32569999999999999,
      "fold" : 0.52449999999999997,
      "raise25x" : 0.0048000000000000004,
      "shove" : 0.14499999999999999
    },
    "82o" : {
      "fold" : 0.99990000000000001
    },
    "82s" : {
      "fold" : 0.99890000000000001
    },
    "83o" : {
      "fold" : 1
    },
    "83s" : {
      "call" : 0.0055000000000000005,
      "fold" : 0.99450000000000005
    },
    "84o" : {
      "fold" : 0.99990000000000001
    },
    "84s" : {
      "call" : 0.0109,
      "fold" : 0.98899999999999999
    },
    "85o" : {
      "fold" : 1
    },
    "85s" : {
      "fold" : 0.99919999999999998
    },
    "86o" : {
      "fold" : 0.99990000000000001
    },
    "86s" : {
      "call" : 0.0011000000000000001,
      "fold" : 0.99850000000000005
    },
    "87o" : {
      "call" : 0.0016000000000000001,
      "fold" : 0.99829999999999997
    },
    "87s" : {
      "call" : 0.0089999999999999993,
      "fold" : 0.98899999999999999,
      "shove" : 0.0018
    },
    "88" : {
      "call" : 0.57410000000000005,
      "fold" : 0.25629999999999997,
      "raise25x" : 0.13400000000000001,
      "shove" : 0.0356
    },
    "92o" : {
      "fold" : 0.99990000000000001
    },
    "92s" : {
      "fold" : 0.99929999999999997
    },
    "93o" : {
      "fold" : 0.99919999999999998
    },
    "93s" : {
      "call" : 0.0014,
      "fold" : 0.99860000000000004
    },
    "94o" : {
      "fold" : 1
    },
    "94s" : {
      "fold" : 0.99880000000000002
    },
    "95o" : {
      "fold" : 1
    },
    "95s" : {
      "call" : 0.0022000000000000001,
      "fold" : 0.99770000000000003
    },
    "96o" : {
      "fold" : 0.99970000000000003
    },
    "96s" : {
      "fold" : 0.99939999999999996
    },
    "97o" : {
      "fold" : 0.999
    },
    "97s" : {
      "call" : 0.027800000000000002,
      "fold" : 0.97199999999999998
    },
    "98o" : {
      "call" : 0.0024000000000000002,
      "fold" : 0.99760000000000004
    },
    "98s" : {
      "call" : 0.13100000000000001,
      "fold" : 0.86399999999999999,
      "shove" : 0.0048999999999999998
    },
    "99" : {
      "call" : 0.6462,
      "fold" : 0.1249,
      "raise25x" : 0.12989999999999999,
      "shove" : 0.099000000000000005
    },
    "A2o" : {
      "fold" : 0.99890000000000001
    },
    "A2s" : {
      "call" : 0.0066,
      "fold" : 0.9909,
      "raise25x" : 0.0015
    },
    "A3o" : {
      "fold" : 1
    },
    "A3s" : {
      "call" : 0.019700000000000002,
      "fold" : 0.9788,
      "shove" : 0.0013000000000000002
    },
    "A4o" : {
      "call" : 0.0047000000000000002,
      "fold" : 0.99509999999999998
    },
    "A4s" : {
      "call" : 0.05439999999999999,
      "fold" : 0.60980000000000001,
      "raise25x" : 0.0014,
      "shove" : 0.33450000000000002
    },
    "A5o" : {
      "call" : 0.0016000000000000001,
      "fold" : 0.99839999999999995
    },
    "A5s" : {
      "call" : 0.0023,
      "fold" : 0.99280000000000002,
      "shove" : 0.0045999999999999999
    },
    "A6o" : {
      "call" : 0.0033999999999999994,
      "fold" : 0.99660000000000004
    },
    "A6s" : {
      "call" : 0.1113,
      "fold" : 0.71099999999999997,
      "raise25x" : 0.023700000000000002,
      "shove" : 0.154
    },
    "A7o" : {
      "call" : 0.0016000000000000001,
      "fold" : 0.99729999999999996
    },
    "A7s" : {
      "call" : 0.069900000000000004,
      "fold" : 0.92730000000000001,
      "raise25x" : 0.0016000000000000001,
      "shove" : 0.0012000000000000001
    },
    "A8o" : {
      "fold" : 0.99929999999999997
    },
    "A8s" : {
      "call" : 0.29530000000000001,
      "fold" : 0.55210000000000004,
      "raise25x" : 0.021899999999999999,
      "shove" : 0.13070000000000001
    },
    "A9o" : {
      "call" : 0.0032000000000000002,
      "fold" : 0.99360000000000004,
      "shove" : 0.0032000000000000002
    },
    "A9s" : {
      "call" : 0.54069999999999996,
      "fold" : 0.22539999999999999,
      "raise25x" : 0.0402,
      "shove" : 0.19370000000000001
    },
    "AA" : {
      "raise25x" : 0.99839999999999995,
      "shove" : 0.0016000000000000001
    },
    "AJo" : {
      "call" : 0.97889999999999999,
      "fold" : 0.019599999999999999,
      "shove" : 0.0015
    },
    "AJs" : {
      "call" : 0.31859999999999999,
      "fold" : 0.095299999999999996,
      "raise25x" : 0.46060000000000001,
      "shove" : 0.12540000000000001
    },
    "AKo" : {
      "raise25x" : 0.13170000000000001,
      "shove" : 0.86819999999999997
    },
    "AKs" : {
      "raise25x" : 0.1222,
      "shove" : 0.87749999999999995
    },
    "AQo" : {
      "call" : 0.0011000000000000001,
      "raise25x" : 0.98560000000000003,
      "shove" : 0.0132
    },
    "AQs" : {
      "call" : 0.54139999999999999,
      "raise25x" : 0.1933,
      "shove" : 0.26529999999999998
    },
    "ATo" : {
      "call" : 0.30020000000000002,
      "fold" : 0.69950000000000001
    },
    "ATs" : {
      "call" : 0.42720000000000002,
      "fold" : 0.3382,
      "raise25x" : 0.0023,
      "shove" : 0.23230000000000001
    },
    "J2o" : {
      "fold" : 0.99990000000000001
    },
    "J2s" : {
      "fold" : 0.99950000000000006
    },
    "J3o" : {
      "fold" : 1
    },
    "J3s" : {
      "fold" : 0.99919999999999998
    },
    "J4o" : {
      "fold" : 1
    },
    "J4s" : {
      "fold" : 0.99880000000000002
    },
    "J5o" : {
      "fold" : 1
    },
    "J5s" : {
      "fold" : 0.99919999999999998
    },
    "J6o" : {
      "fold" : 0.99970000000000003
    },
    "J6s" : {
      "call" : 0.0016999999999999997,
      "fold" : 0.9929,
      "raise25x" : 0.0054000000000000003
    },
    "J7o" : {
      "fold" : 1
    },
    "J7s" : {
      "fold" : 0.99519999999999997,