{
  "format" : "NLHE_MTT_8MAX",
  "hands" : {
    "22" : {
      "call" : 0.4461,
      "shove" : 0.55389999999999995
    },
    "32s" : {
      "call" : 1
    },
    "33" : {
      "call" : 0.36009999999999998,
      "shove" : 0.63990000000000002
    },
    "42s" : {
      "call" : 1
    },
    "43o" : {
      "call" : 1
    },
    "43s" : {
      "call" : 1
    },
    "44" : {
      "call" : 1
    },
    "52s" : {
      "call" : 1
    },
    "53o" : {
      "call" : 1
    },
    "53s" : {
      "call" : 1
    },
    "54o" : {
      "call" : 1
    },
    "54s" : {
      "call" : 0.39389999999999997,
      "raise3x" : 0.60609999999999997
    },
    "55" : {
      "call" : 0.72199999999999998,
      "raise3x" : 0.27800000000000002
    },
    "62s" : {
      "call" : 1
    },
    "63s" : {
      "call" : 1
    },
    "64o" : {
      "call" : 1
    },
    "64s" : {
      "call" : 1
    },
    "65o" : {
      "call" : 1
    },
    "65s" : {
      "call" : 0.77210000000000001,
      "raise3x" : 0.22789999999999999
    },
    "66" : {
      "call" : 0.68400000000000005,
      "raise3x" : 0.316
    },
    "72s" : {
      "call" : 1
    },
    "73s" : {
      "call" : 1
    },
    "74o" : {
      "call" : 0.57199999999999995,
      "fold" : 0.42799999999999999
    },
    "74s" : {
      "call" : 1
    },
    "75o" : {
      "call" : 1
    },
    "75s" : {
      "call" : 1
    },
    "76o" : {
      "call" : 1
    },
    "76s" : {
      "call" : 0.46210000000000001,
      "raise3x" : 0.53790000000000004
    },
    "77" : {
      "call" : 0.0378,
      "raise3x" : 0.37409999999999999,
      "shove" : 0.58809999999999996
    },
    "82s" : {
      "call" : 1
    },
    "83s" : {
      "call" : 1
    },
    "84s" : {
      "call" : 1
    },
    "85o" : {
      "call" : 1
    },
    "85s" : {
      "call" : 0.90210000000000001,
      "raise3x" : 0.097900000000000001
    },
    "86o" : {
      "call" : 1
    },
    "86s" : {
      "call" : 0.58009999999999995,
      "raise3x" : 0.4199
    },
    "87o" : {
      "call" : 1
    },
    "87s" : {
      "call" : 0.66610000000000003,
      "raise3x" : 0.33389999999999997
    },
    "88" : {
      "shove" : 1
    },
    "92s" : {
      "call" : 1
    },
    "93s" : {
      "call" : 1
    },
    "94s" : {
      "call" : 1
    },
    "95o" : {
      "call" : 1
    },
    "95s" : {
      "call" : 0.70809999999999995,
      "raise3x" : 0.29189999999999999
    },
    "96o" : {
      "call" : 1
    },
    "96s" : {
      "call" : 0.19989999999999999,
      "raise3x" : 0.80010000000000003
    },
    "97o" : {
      "call" : 1
    },
    "97s" : {
      "call" : 0.17599999999999999,
      "raise3x" : 0.82399999999999995
    },
    "98o" : {
      "call" : 1
    },
    "98s" : {
      "call" : 0.029899999999999999,
      "raise3x" : 0.97009999999999996
    },
    "99" : {
      "raise3x" : 0.78200000000000003,
      "shove" : 0.218
    },
    "A2o" : {
      "call" : 0.75009999999999999,
      "shove" : 0.24990000000000001
    },
    "A2s" : {
      "call" : 1
    },
    "A3o" : {
      "call" : 0.748,
      "raise3x" : 0.252
    },
    "A3s" : {
      "call" : 1
    },
    "A4o" : {
      "call" : 0.67400000000000004,
      "raise3x" : 0.32600000000000001
    },
    "A4s" : {
      "call" : 1
    },
    "A5o" : {
      "call" : 0.68999999999999995,
      "raise3x" : 0.31
    },
    "A5s" : {
      "call" : 1
    },
    "A6o" : {
      "call" : 0.90400000000000003,
      "raise3x" : 0.096000000000000002
    },
    "A6s" : {
      "call" : 1
    },
    "A7o" : {
      "call" : 0.83999999999999997,
      "raise3x" : 0.16
    },
    "A7s" : {
      "call" : 1
    },
    "A8o" : {
      "call" : 1
    },
    "A8s" : {
      "call" : 1
    },
    "A9o" : {
      "call" : 0.98009999999999997,
      "raise3x" : 0.019900000000000001
    },
    "A9s" : {
      "call" : 1
    },
    "AA" : {
      "raise3x" : 1
    },
    "AJo" : {
      "call" : 0.31,
      "raise3x" : 0.68999999999999995
    },
    "AJs" : {
      "raise3x" : 1
    },
    "AKo" : {
      "raise3x" : 1
    },
    "AKs" : {
      "raise3x" : 1
    },
    "AQo" : {
      "raise3x" : 0.41199999999999998,
      "shove" : 0.58799999999999997
    },
    "AQs" : {
      "raise3x" : 1
    },
    "ATo" : {
      "call" : 0.42409999999999998,
      "raise3x" : 0.57589999999999997
    },
    "ATs" : {
      "call" : 1
    },
    "J2o" : {
      "call" : 1
    },
    "J2s" : {
      "call" : 1
    },
    "J3o" : {
      "call" : 1
    },
    "J3s" : {
      "call" : 1
    },
    "J4o" : {
      "call" : 1
    },
    "J4s" : {
      "call" : 0.94410000000000005,
      "raise3x" : 0.055899999999999998
    },
    "J5o" : {
      "call" : 1
    },
    "J5s" : {
      "call" : 0.29399999999999998,
      "raise3x" : 0.70599999999999996
    },
    "J6o" : {
      "call" : 1
    },
    "J6s" : {
      "call" : 1
    },
    "J7o" : {
      "call" : 1
    },
    "J7s" : {
      "call" : 0.5161,
      "raise3x" : 0.4839
    },
    "J8o" : {
      "call" : 1
    },
    "J8s" : {
      "call" : 0.71809999999999996,
      "raise3x" : 0.28189999999999998
    },
    "J9o" : {
      "call" : 0.94620000000000004,
      "raise3x" : 0.053800000000000001
    },
    "J9s" : {
      "call" : 1
    },
    "JJ" : {
      "raise3x" : 1
    },
    "JTo" : {
      "call" : 0.90010000000000001,
      "raise3x" : 0.099900000000000003
    },
    "JTs" : {
      "call" : 1
    },
    "K2o" : {
      "call" : 1
    },
    "K2s" : {
      "call" : 1
    },
    "K3o" : {
      "call" : 1
    },
    "K3s" : {
      "call" : 0.61209999999999998,
      "raise3x" : 0.38790000000000002
    },
    "K4o" : {
      "call" : 1
    },
    "K4s" : {
      "call" : 0.81399999999999995,
      "raise3x" : 0.186
    },
    "K5o" : {
      "call" : 1
    },
    "K5s" : {
      "call" : 0.61809999999999998,
      "raise3x" : 0.38190000000000002
    },
    "K6o" : {
      "call" : 0.68610000000000004,
      "raise3x" : 0.31390000000000001
    },
    "K6s" : {
      "call" : 1
    },
    "K7o" : {
      "call" : 0.68400000000000005,
      "raise3x" : 0.316
    },
    "K7s" : {
      "call" : 1
    },
    "K8o" : {
      "call" : 1
    },
    "K8s" : {
      "call" : 1
    },
    "K9o" : {
      "call" : 1
    },
    "K9s" : {
      "call" : 1
    },
    "KJo" : {
      "call" : 0.74809999999999999,
      "raise3x" : 0.17599999999999999,
      "shove" : 0.075899999999999995
    },
    "KJs" : {
      "call" : 0.68610000000000004,
      "raise3x" : 0.31390000000000001
    },
    "KK" : {
      "raise3x" : 1
    },
    "KQo" : {
      "call" : 0.27989999999999998,
      "raise3x" : 0.72009999999999996
    },
    "KQs" : {
      "call" : 0.40600000000000003,
      "raise3x" : 0.59399999999999997
    },
    "KTo" : {
      "call" : 0.69210000000000005,
      "raise3x" : 0.30790000000000001
    },
    "KTs" : {
      "call" : 1
    },
    "Q2o" : {
      "call" : 1
    },
    "Q2s" : {
      "call" : 1
    },
    "Q3o" : {
      "call" : 1
    },
    "Q3s" : {
      "call" : 0.93410000000000004,
      "raise3x" : 0.0659
    },
    "Q4o" : {
      "call" : 1
    },
    "Q4s" : {
      "call" : 0.93810000000000004,
      "raise3x" : 0.061899999999999997
    },
    "Q5o" : {
      "call" : 1
    },
    "Q5s" : {
      "call" : 0.75819999999999999,
      "raise3x" : 0.24179999999999999
    },
    "Q6o" : {
      "call" : 1
    },
    "Q6s" : {
      "call" : 0.4899,
      "raise3x" : 0.5101
    },
    "Q7o" : {
      "call" : 1
    },
    "Q7s" : {
      "call" : 0.96799999999999997,
      "raise3x" : 0.032000000000000001
    },
    "Q8o" : {
      "call" : 0.99209999999999998,
      "raise3x" : 0.0079000000000000008
    },
    "Q8s" : {
      "call" : 1
    },
    "Q9o" : {
      "call" : 0.80010000000000003,
      "raise3x" : 0.19989999999999999
    },
    "Q9s" : {
      "call" : 1
    },
    "QJo" : {
      "call" : 0.56410000000000005,
      "raise3x" : 0.43590000000000001
    },
    "QJs" : {
      "call" : 1
    },