{
  "format" : "NLHE_MTT_8MAX",
  "hands" : {
    "22" : {
      "call" : 1
    },
    "33" : {
      "call" : 1
    },
    "44" : {
      "call" : 1
    },
    "55" : {
      "call" : 1
    },
    "66" : {
      "call" : 1
    },
    "76s" : {
      "call" : 1
    },
    "77" : {
      "call" : 1
    },
    "87s" : {
      "call" : 1
    },
    "88" : {
      "call" : 1
    },
    "98s" : {
      "call" : 0.23250000000000001,
      "fold" : 0.76749999999999996
    },
    "99" : {
      "call" : 1
    },
    "A3s" : {
      "fold" : 0.87180000000000002,
      "raise3x" : 0.12820000000000001
    },
    "A4s" : {
      "call" : 0.50409999999999999,
      "raise3x" : 0.49590000000000001
    },
    "A5s" : {
      "call" : 0.754,
      "raise3x" : 0.246
    },
    "A6s" : {
      "fold" : 0.80620000000000003,
      "raise3x" : 0.1938
    },
    "A8s" : {
      "fold" : 0.91000000000000003,
      "raise3x" : 0.089999999999999997
    },
    "A9s" : {
      "call" : 0.74399999999999999,
      "fold" : 0.25600000000000001
    },
    "AA" : {
      "raise3x" : 1
    },
    "AJo" : {
      "fold" : 0.83609999999999995,
      "raise3x" : 0.16389999999999999
    },
    "AJs" : {
      "call" : 1
    },
    "AKo" : {
      "call" : 0.088099999999999998,
      "raise3x" : 0.45700000000000002,
      "shove" : 0.45490000000000003
    },
    "AKs" : {
      "raise3x" : 1
    },
    "AQo" : {
      "call" : 0.73609999999999998,
      "raise3x" : 0.26390000000000002
    },
    "AQs" : {
      "call" : 1
    },
    "ATs" : {
      "call" : 1
    },
    "JJ" : {
      "call" : 0.75009999999999999,
      "raise3x" : 0.24990000000000001
    },
    "JTs" : {
      "call" : 0.95799999999999996,
      "fold" : 0.042000000000000003
    },
    "K6s" : {
      "raise3x" : 1
    },
    "K7s" : {
      "raise3x" : 1
    },
    "K8s" : {
      "fold" : 0.96799999999999997,
      "raise3x" : 0.032000000000000001
    },
    "K9s" : {
      "call" : 0.27200000000000002,
      "fold" : 0.28599999999999998,
      "raise3x" : 0.442
    },
    "KJs" : {
      "call" : 0.82399999999999995,
      "raise3x" : 0.17599999999999999
    },
    "KK" : {
      "raise3x" : 0.99209999999999998,
      "shove" : 0.0079000000000000008
    },
    "KQo" : {
      "fold" : 0.84209999999999996,
      "raise3x" : 0.15790000000000001
    },
    "KQs" : {
      "call" : 1
    },
    "KTs" : {
      "call" : 0.82999999999999996,
      "raise3x" : 0.17000000000000001
    },
    "QJs" : {
      "call" : 0.73799999999999999,
      "fold" : 0.26200000000000001
    },
    "QQ" : {
      "call" : 0.21199999999999999,
      "raise3x" : 0.39400000000000002,
      "shove" : 0.39400000000000002
    },
    "QTs" : {
      "call" : 0.93410000000000004,
      "fold" : 0.0659
    },
    "T8s" : {
      "call" : 0.11360000000000001,
      "fold" : 0.88639999999999997
    },
    "T9s" : {
      "call" : 1
    },
    "TT" : {
      "call" : 1
    }
  },
  "id" : "mtt_8max_70bb_utg1_vs3bet",
  "source" : {
    "description" : "RangeConverter free PDF — 8-max 70bb 1bb ante (12.5%).",
    "publisher" : {
      "accessedDate" : "2026-06-01",
      "name" : "RangeConverter",
      "product" : "Free Poker Charts — 8 max 1bb ante MTT GTO Ranges",
      "treeParams" : "poker.academy CE-Symmetric Regular @ 70bb (GTO ChipEV, 1bb ante)",
      "url" : "https:\/\/rangeconverter.com\/free-poker-charts"
    },
    "solver" : {
      "assumptions" : "Frequencies rounded to nearest 25% per source. ChipEV (non-ICM). 1bb (12.5%) big-blind ante."
    },
    "type" : "published"
  },
  "spot" : {
    "anteType" : "bigBlindAnte",
    "facingAction" : "vs3Bet",
    "position" : "UTG1",
    "stackDepthBB" : 70
  }
}