{
  "format" : "NLHE_MTT_8MAX",
  "hands" : {
    "55" : {
      "call" : 1
    },
    "66" : {
      "call" : 1
    },
    "77" : {
      "call" : 1
    },
    "87s" : {
      "call" : 1
    },
    "88" : {
      "call" : 0.55989999999999995,
      "shove" : 0.44009999999999999
    },
    "98s" : {
      "call" : 1
    },
    "99" : {
      "call" : 0.19489999999999999,
      "shove" : 0.80510000000000004
    },
    "A3s" : {
      "call" : 1
    },
    "A4s" : {
      "call" : 1
    },
    "A5s" : {
      "call" : 1
    },
    "A6s" : {
      "call" : 1
    },
    "A7s" : {
      "call" : 1
    },
    "A8s" : {
      "shove" : 1
    },
    "A9s" : {
      "call" : 0.25990000000000002,
      "shove" : 0.74009999999999998
    },
    "AA" : {
      "call" : 1
    },
    "AJo" : {
      "call" : 0.83499999999999996,
      "shove" : 0.16500000000000001
    },
    "AJs" : {
      "call" : 1
    },
    "AKo" : {
      "shove" : 1
    },
    "AKs" : {
      "shove" : 1
    },
    "AQo" : {
      "call" : 0.28489999999999999,
      "shove" : 0.71509999999999996
    },
    "AQs" : {
      "call" : 0.014999999999999999,
      "shove" : 0.98499999999999999
    },
    "ATs" : {
      "call" : 0.70999999999999996,
      "shove" : 0.28999999999999998
    },
    "J9s" : {
      "call" : 0.17000000000000001,
      "fold" : 0.82999999999999996
    },
    "JJ" : {
      "call" : 0.14499999999999999,
      "shove" : 0.85499999999999998
    },
    "JTs" : {
      "call" : 1
    },
    "K7s" : {
      "call" : 1
    },
    "K8s" : {
      "call" : 1
    },
    "K9s" : {
      "call" : 1
    },
    "KJs" : {
      "call" : 1
    },
    "KK" : {
      "shove" : 1
    },
    "KQo" : {
      "call" : 0.68999999999999995,
      "fold" : 0.31
    },
    "KQs" : {
      "call" : 1
    },
    "KTs" : {
      "call" : 1
    },
    "Q9s" : {
      "call" : 1
    },
    "QJs" : {
      "call" : 1
    },
    "QQ" : {
      "shove" : 1
    },
    "QTs" : {
      "call" : 1
    },
    "T8s" : {
      "call" : 1
    },
    "T9s" : {
      "call" : 1
    },
    "TT" : {
      "shove" : 1
    }
  },
  "id" : "mtt_8max_20bb_utg1_vs3bet_vs_hj",
  "source" : {
    "description" : "RangeConverter free PDF — 8-max 20bb 1bb ante (12.5%).",
    "publisher" : {
      "accessedDate" : "2026-06-01",
      "name" : "RangeConverter",
      "product" : "Free Poker Charts — 8 max 1bb ante MTT GTO Ranges",
      "treeParams" : "poker.academy CE-Symmetric Regular @ 20bb (GTO ChipEV, 1bb ante)",
      "url" : "https:\/\/rangeconverter.com\/free-poker-charts"
    },
    "solver" : {
      "assumptions" : "Frequencies rounded to nearest 25% per source. ChipEV (non-ICM). 1bb (12.5%) big-blind ante."
    },
    "type" : "published"
  },
  "spot" : {
    "anteType" : "bigBlindAnte",
    "facingAction" : "vs3Bet",
    "opponentPosition" : "HJ",
    "position" : "UTG1",
    "stackDepthBB" : 20
  }
}