{
  "format" : "NLHE_MTT_8MAX",
  "hands" : {
    "54s" : {
      "call" : 1
    },
    "55" : {
      "call" : 0.65500000000000003,
      "fold" : 0.34499999999999997
    },
    "65s" : {
      "call" : 1
    },
    "66" : {
      "call" : 0.80010000000000003,
      "fold" : 0.014999999999999999,
      "shove" : 0.18490000000000001
    },
    "76s" : {
      "call" : 1
    },
    "77" : {
      "call" : 0.38500000000000001,
      "fold" : 0.38500000000000001,
      "shove" : 0.23000000000000001
    },
    "87s" : {
      "call" : 1
    },
    "88" : {
      "call" : 0.89510000000000001,
      "fold" : 0.10489999999999999
    },
    "98s" : {
      "call" : 0.10489999999999999,
      "fold" : 0.89510000000000001
    },
    "99" : {
      "call" : 1
    },
    "A3s" : {
      "call" : 0.099900000000000003,
      "fold" : 0.29999999999999999,
      "shove" : 0.60009999999999997
    },
    "A4s" : {
      "shove" : 1
    },
    "A5s" : {
      "shove" : 1
    },
    "A9s" : {
      "call" : 0.19489999999999999,
      "fold" : 0.80510000000000004
    },
    "AA" : {
      "call" : 0.46999999999999997,
      "shove" : 0.53000000000000003
    },
    "AJs" : {
      "call" : 0.77000000000000002,
      "shove" : 0.23000000000000001
    },
    "AKo" : {
      "shove" : 1
    },
    "AKs" : {
      "shove" : 1
    },
    "AQo" : {
      "call" : 1
    },
    "AQs" : {
      "call" : 1
    },
    "ATs" : {
      "call" : 1
    },
    "JJ" : {
      "shove" : 1
    },
    "JTs" : {
      "call" : 0.76000000000000001,
      "fold" : 0.23999999999999999
    },
    "K6s" : {
      "call" : 0.47839999999999999,
      "fold" : 0.52159999999999995
    },
    "KJs" : {
      "call" : 1
    },
    "KK" : {
      "shove" : 1
    },
    "KQs" : {
      "call" : 0.65510000000000002,
      "shove" : 0.34489999999999998
    },
    "KTs" : {
      "call" : 1
    },
    "QJs" : {
      "call" : 0.82110000000000005,
      "fold" : 0.1143,
      "shove" : 0.064600000000000005
    },
    "QQ" : {
      "shove" : 1
    },
    "QTs" : {
      "call" : 1
    },
    "T8s" : {
      "call" : 0.1149,
      "fold" : 0.8851
    },
    "T9s" : {
      "call" : 1
    },
    "TT" : {
      "call" : 0.029899999999999999,
      "shove" : 0.97009999999999996
    }
  },
  "id" : "mtt_8max_40bb_utg1_vs3bet_vs_lj",
  "source" : {
    "description" : "RangeConverter free PDF — 8-max 40bb 1bb ante (12.5%).",
    "publisher" : {
      "accessedDate" : "2026-06-01",
      "name" : "RangeConverter",
      "product" : "Free Poker Charts — 8 max 1bb ante MTT GTO Ranges",
      "treeParams" : "poker.academy CE-Symmetric Regular @ 40bb (GTO ChipEV, 1bb ante)",
      "url" : "https:\/\/rangeconverter.com\/free-poker-charts"
    },
    "solver" : {
      "assumptions" : "Frequencies rounded to nearest 25% per source. ChipEV (non-ICM). 1bb (12.5%) big-blind ante."
    },
    "type" : "published"
  },
  "spot" : {
    "anteType" : "bigBlindAnte",
    "facingAction" : "vs3Bet",
    "opponentPosition" : "LJ",
    "position" : "UTG1",
    "stackDepthBB" : 40
  }
}