{
  "format" : "NLHE_MTT_8MAX",
  "hands" : {
    "22" : {
      "call" : 1
    },
    "33" : {
      "call" : 1
    },
    "44" : {
      "call" : 1
    },
    "54s" : {
      "call" : 1
    },
    "55" : {
      "call" : 0.86019999999999996,
      "fold" : 0.13980000000000001
    },
    "65s" : {
      "call" : 1
    },
    "66" : {
      "call" : 1
    },
    "76s" : {
      "call" : 1
    },
    "77" : {
      "call" : 0.97509999999999997,
      "raise3x" : 0.024899999999999999
    },
    "87s" : {
      "call" : 1
    },
    "88" : {
      "call" : 0.94510000000000005,
      "raise3x" : 0.054899999999999997
    },
    "98s" : {
      "call" : 0.64510000000000001,
      "fold" : 0.35489999999999999
    },
    "99" : {
      "call" : 0.92000000000000004,
      "raise3x" : 0.080000000000000002
    },
    "A3s" : {
      "call" : 0.59019999999999995,
      "fold" : 0.2099,
      "raise3x" : 0.19989999999999999
    },
    "A4s" : {
      "call" : 0.73509999999999998,
      "raise3x" : 0.26490000000000002
    },
    "A5s" : {
      "call" : 0.67010000000000003,
      "raise3x" : 0.32990000000000003
    },
    "A6s" : {
      "call" : 0.45019999999999999,
      "fold" : 0.35489999999999999,
      "raise3x" : 0.19489999999999999
    },
    "A7s" : {
      "fold" : 0.81010000000000004,
      "raise3x" : 0.18990000000000001
    },
    "A8s" : {
      "call" : 0.57799999999999996,
      "fold" : 0.18579999999999999,
      "raise3x" : 0.23619999999999999
    },
    "A9s" : {
      "call" : 0.91000000000000003,
      "raise3x" : 0.089999999999999997
    },
    "AA" : {
      "raise3x" : 1
    },
    "AJo" : {
      "fold" : 0.98999999999999999,
      "raise3x" : 0.01
    },
    "AJs" : {
      "call" : 1
    },
    "AKo" : {
      "call" : 0.17999999999999999,
      "raise3x" : 0.13489999999999999,
      "shove" : 0.68510000000000004
    },
    "AKs" : {
      "raise3x" : 1
    },
    "AQo" : {
      "call" : 0.56489999999999996,
      "raise3x" : 0.43509999999999999
    },
    "AQs" : {
      "call" : 1
    },
    "ATs" : {
      "call" : 0.70499999999999996,
      "raise3x" : 0.29499999999999998
    },
    "J9s" : {
      "call" : 0.34489999999999998,
      "fold" : 0.65510000000000002
    },
    "JJ" : {
      "call" : 0.63,
      "raise3x" : 0.37
    },
    "JTs" : {
      "call" : 0.94510000000000005,
      "raise3x" : 0.054899999999999997
    },
    "K6s" : {
      "call" : 1
    },
    "K9s" : {
      "call" : 0.80510000000000004,
      "fold" : 0.029899999999999999,
      "raise3x" : 0.16500000000000001
    },
    "KJs" : {
      "call" : 0.58009999999999995,
      "raise3x" : 0.4199
    },
    "KK" : {
      "raise3x" : 0.78000000000000003,
      "shove" : 0.22
    },
    "KQo" : {
      "call" : 0.23499999999999999,
      "fold" : 0.65010000000000001,
      "raise3x" : 0.1149
    },
    "KQs" : {
      "call" : 1
    },
    "KTs" : {
      "call" : 0.60999999999999999,
      "raise3x" : 0.39000000000000001
    },
    "QJs" : {
      "call" : 0.95509999999999995,
      "raise3x" : 0.044900000000000002
    },
    "QQ" : {
      "call" : 0.27860000000000001,
      "raise3x" : 0.44779999999999998,
      "shove" : 0.27360000000000001
    },
    "QTs" : {
      "call" : 1
    },
    "T8s" : {
      "call" : 0.5151,
      "fold" : 0.4849
    },
    "T9s" : {
      "call" : 1
    },
    "TT" : {
      "call" : 0.80010000000000003,
      "raise3x" : 0.19989999999999999
    }
  },
  "id" : "mtt_8max_80bb_utg1_vs3bet_vs_btn",
  "source" : {
    "description" : "RangeConverter free PDF — 8-max 80bb 1bb ante (12.5%).",
    "publisher" : {
      "accessedDate" : "2026-06-01",
      "name" : "RangeConverter",
      "product" : "Free Poker Charts — 8 max 1bb ante MTT GTO Ranges",
      "treeParams" : "poker.academy CE-Symmetric Regular @ 80bb (GTO ChipEV, 1bb ante)",
      "url" : "https:\/\/rangeconverter.com\/free-poker-charts"
    },
    "solver" : {
      "assumptions" : "Frequencies rounded to nearest 25% per source. ChipEV (non-ICM). 1bb (12.5%) big-blind ante."
    },
    "type" : "published"
  },
  "spot" : {
    "anteType" : "bigBlindAnte",
    "facingAction" : "vs3Bet",
    "opponentPosition" : "BTN",
    "position" : "UTG1",
    "stackDepthBB" : 80
  }
}