{
  "format" : "NLHE_MTT_9MAX",
  "hands" : {
    "22" : {
      "call" : 1
    },
    "33" : {
      "call" : 1
    },
    "44" : {
      "call" : 1
    },
    "54s" : {
      "call" : 0.66010000000000002,
      "raise25x" : 0.33989999999999998
    },
    "55" : {
      "call" : 1
    },
    "65s" : {
      "call" : 0.56989999999999996,
      "raise25x" : 0.43009999999999998
    },
    "66" : {
      "call" : 0.63490000000000002,
      "raise25x" : 0.36509999999999998
    },
    "75s" : {
      "call" : 0.12989999999999999,
      "fold" : 0.87009999999999998
    },
    "76s" : {
      "call" : 0.375,
      "raise25x" : 0.625
    },
    "77" : {
      "call" : 0.66510000000000002,
      "raise25x" : 0.33489999999999998
    },
    "86s" : {
      "call" : 0.5151,
      "raise25x" : 0.4849
    },
    "87s" : {
      "call" : 0.32000000000000001,
      "raise25x" : 0.68000000000000005
    },
    "88" : {
      "call" : 0.625,
      "raise25x" : 0.375
    },
    "97s" : {
      "call" : 0.4199,
      "raise25x" : 0.58009999999999995
    },
    "98s" : {
      "call" : 0.26490000000000002,
      "raise25x" : 0.73509999999999998
    },
    "99" : {
      "call" : 0.40000000000000002,
      "raise25x" : 0.59999999999999998
    },
    "A2s" : {
      "call" : 1
    },
    "A3s" : {
      "call" : 1
    },
    "A4s" : {
      "call" : 0.13980000000000001,
      "raise25x" : 0.86019999999999996
    },
    "A5s" : {
      "call" : 0.1149,
      "raise25x" : 0.8851
    },
    "A6s" : {
      "call" : 0.38,
      "raise25x" : 0.62
    },
    "A7s" : {
      "call" : 0.14499999999999999,
      "raise25x" : 0.85499999999999998
    },
    "A8o" : {
      "call" : 0.8901,
      "fold" : 0.1099
    },
    "A8s" : {
      "call" : 0.16,
      "raise25x" : 0.83999999999999997
    },
    "A9o" : {
      "call" : 0.86019999999999996,
      "raise25x" : 0.13980000000000001
    },
    "A9s" : {
      "call" : 0.34989999999999999,
      "raise25x" : 0.65010000000000001
    },
    "AA" : {
      "raise25x" : 1
    },
    "AJo" : {
      "call" : 0.32500000000000001,
      "raise25x" : 0.67500000000000004
    },
    "AJs" : {
      "raise25x" : 1
    },
    "AKo" : {
      "raise25x" : 1
    },
    "AKs" : {
      "raise25x" : 1
    },
    "AQo" : {
      "call" : 0.4249,
      "raise25x" : 0.57509999999999994
    },
    "AQs" : {
      "raise25x" : 1
    },
    "ATo" : {
      "raise25x" : 1
    },
    "ATs" : {
      "call" : 0.49490000000000001,
      "raise25x" : 0.50509999999999999
    },
    "J7s" : {
      "call" : 0.40489999999999998,
      "fold" : 0.59509999999999996
    },
    "J8s" : {
      "call" : 0.59509999999999996,
      "raise25x" : 0.40489999999999998
    },
    "J9s" : {
      "call" : 0.27989999999999998,
      "raise25x" : 0.72009999999999996
    },
    "JJ" : {
      "raise25x" : 1
    },
    "JTo" : {
      "call" : 0.74509999999999998,
      "raise25x" : 0.25490000000000002
    },
    "JTs" : {
      "call" : 0.28999999999999998,
      "raise25x" : 0.70999999999999996
    },
    "K3s" : {
      "call" : 1
    },
    "K4s" : {
      "call" : 1
    },
    "K5s" : {
      "call" : 0.36509999999999998,
      "raise25x" : 0.63490000000000002
    },
    "K6s" : {
      "call" : 0.1749,
      "raise25x" : 0.82509999999999994
    },
    "K7s" : {
      "call" : 0.40989999999999999,
      "raise25x" : 0.59009999999999996
    },
    "K8s" : {
      "call" : 0.96009999999999995,
      "raise25x" : 0.039899999999999998
    },
    "K9o" : {
      "call" : 0.080000000000000002,
      "fold" : 0.92000000000000004
    },
    "K9s" : {
      "call" : 0.40989999999999999,
      "raise25x" : 0.59009999999999996
    },
    "KJo" : {
      "call" : 0.16,
      "raise25x" : 0.83999999999999997
    },
    "KJs" : {
      "call" : 0.63,
      "raise25x" : 0.37
    },
    "KK" : {
      "raise25x" : 1
    },
    "KQo" : {
      "call" : 0.10489999999999999,
      "raise25x" : 0.89510000000000001
    },
    "KQs" : {
      "call" : 0.315,
      "raise25x" : 0.68500000000000005
    },
    "KTo" : {
      "call" : 0.53500000000000003,
      "raise25x" : 0.46500000000000002
    },
    "KTs" : {
      "call" : 0.1348,
      "raise25x" : 0.86519999999999997
    },
    "Q5s" : {
      "call" : 0.28999999999999998,
      "fold" : 0.70999999999999996
    },
    "Q6s" : {
      "call" : 1
    },
    "Q7s" : {
      "call" : 1
    },
    "Q8s" : {
      "call" : 0.74009999999999998,
      "raise25x" : 0.25990000000000002
    },
    "Q9s" : {
      "call" : 0.5,
      "raise25x" : 0.5
    },
    "QJo" : {
      "call" : 0.43009999999999998,
      "raise25x" : 0.56989999999999996
    },
    "QJs" : {
      "call" : 0.43509999999999999,
      "raise25x" : 0.56489999999999996
    },
    "QQ" : {
      "raise25x" : 1
    },
    "QTo" : {
      "call" : 0.56989999999999996,
      "raise25x" : 0.43009999999999998
    },
    "QTs" : {
      "call" : 0.34989999999999999,
      "raise25x" : 0.65010000000000001
    },
    "T7s" : {
      "call" : 0.92500000000000004,
      "raise25x" : 0.074999999999999997
    },
    "T8s" : {
      "call" : 0.27489999999999998,
      "raise25x" : 0.72509999999999997
    },
    "T9o" : {
      "call" : 0.1249,
      "fold" : 0.87509999999999999
    },
    "T9s" : {
      "call" : 0.13980000000000001,
      "raise25x" : 0.86019999999999996
    },
    "TT" : {
      "raise25x" : 1
    }
  },
  "id" : "mtt_9max_80bb_sb_vsopen_vs_btn",
  "source" : {
    "description" : "Adapted from RangeConverter 8-max baseline.",
    "publisher" : {
      "accessedDate" : "2026-06-01",
      "name" : "RangeConverter",
      "product" : "Free Poker Charts — 8 max 1bb ante MTT GTO Ranges",
      "treeParams" : "2.5x open, 3.5x 3bet IP, 4.5x 3bet OOP, 2.3x 4bet IP, 2.75x 4bet OOP, SB vs BB 3.2bb",
      "url" : "https:\/\/rangeconverter.com\/free-poker-charts"
    },
    "solver" : {
      "assumptions" : "Frequencies rounded to nearest 25% per source. ChipEV (non-ICM). 1bb (12.5%) big-blind ante. Copied verbatim from 8-max SB (same effective seat in 9-max)."
    },
    "type" : "published"
  },
  "spot" : {
    "anteType" : "bigBlindAnte",
    "facingAction" : "vsOpen",
    "opponentPosition" : "BTN",
    "position" : "SB",
    "stackDepthBB" : 80
  }
}