{
  "format" : "NLHE_MTT_9MAX",
  "hands" : {
    "55" : {
      "call" : 1
    },
    "66" : {
      "call" : 0.92549999999999999,
      "fold" : 0.074499999999999997
    },
    "77" : {
      "call" : 0.45500000000000002,
      "fold" : 0.54500000000000004
    },
    "88" : {
      "call" : 0.83999999999999997,
      "fold" : 0.16
    },
    "99" : {
      "call" : 1
    },
    "A4s" : {
      "call" : 0.95509999999999995,
      "fold" : 0.044900000000000002
    },
    "A5s" : {
      "call" : 0.83499999999999996,
      "shove" : 0.16500000000000001
    },
    "A8s" : {
      "call" : 0.28999999999999998,
      "fold" : 0.70999999999999996
    },
    "A9s" : {
      "call" : 0.65010000000000001,
      "fold" : 0.34989999999999999
    },
    "AA" : {
      "call" : 1
    },
    "AJs" : {
      "call" : 1
    },
    "AKo" : {
      "shove" : 1
    },
    "AKs" : {
      "call" : 1
    },
    "AQo" : {
      "call" : 1
    },
    "AQs" : {
      "call" : 1
    },
    "ATs" : {
      "call" : 1
    },
    "JJ" : {
      "call" : 0.46500000000000002,
      "shove" : 0.53500000000000003
    },
    "JTs" : {
      "call" : 0.72509999999999997,
      "fold" : 0.27489999999999998
    },
    "K9s" : {
      "call" : 0.12989999999999999,
      "fold" : 0.87009999999999998
    },
    "KJs" : {
      "call" : 1
    },
    "KK" : {
      "call" : 0.55000000000000004,
      "shove" : 0.45000000000000001
    },
    "KQo" : {
      "call" : 0.029899999999999999,
      "fold" : 0.97009999999999996
    },
    "KQs" : {
      "call" : 1
    },
    "KTs" : {
      "call" : 1
    },
    "QJs" : {
      "call" : 1
    },
    "QQ" : {
      "call" : 0.40000000000000002,
      "shove" : 0.59999999999999998
    },
    "QTs" : {
      "call" : 0.93520000000000003,
      "fold" : 0.064799999999999996
    },
    "T9s" : {
      "call" : 0.35489999999999999,
      "fold" : 0.64510000000000001
    },
    "TT" : {
      "call" : 1
    }
  },
  "id" : "mtt_9max_40bb_utg_vs3bet_vs_sb",
  "source" : {
    "description" : "Adapted from RangeConverter 8-max baseline.",
    "publisher" : {
      "accessedDate" : "2026-06-01",
      "name" : "RangeConverter",
      "product" : "Free Poker Charts — 8 max 1bb ante MTT GTO Ranges",
      "treeParams" : "2.5x open, 3.5x 3bet IP, 4.5x 3bet OOP, 2.3x 4bet IP, 2.75x 4bet OOP, SB vs BB 3.2bb",
      "url" : "https:\/\/rangeconverter.com\/free-poker-charts"
    },
    "solver" : {
      "assumptions" : "Frequencies rounded to nearest 25% per source. ChipEV (non-ICM). 1bb (12.5%) big-blind ante. Adapted from 8-max UTG; weakest combos (54s, 65s, 76s, 87s, 98s, A2s, A3s, JTo, K7s, K8s, T9o) demoted to fold to reach the 9-max UTG VPIP band."
    },
    "type" : "published"
  },
  "spot" : {
    "anteType" : "bigBlindAnte",
    "facingAction" : "vs3Bet",
    "opponentPosition" : "SB",
    "position" : "UTG",
    "stackDepthBB" : 40
  }
}