{
  "format" : "NLHE_MTT_8MAX",
  "hands" : {
    "22" : {
      "call" : 0.88500000000000001,
      "fold" : 0.115
    },
    "33" : {
      "call" : 0.57509999999999994,
      "fold" : 0.4249
    },
    "44" : {
      "call" : 0.66010000000000002,
      "fold" : 0.33989999999999998
    },
    "54s" : {
      "call" : 0.63009999999999999,
      "fold" : 0.2099,
      "raise3x" : 0.16
    },
    "55" : {
      "call" : 0.82010000000000005,
      "fold" : 0.1799
    },
    "65s" : {
      "call" : 0.40500000000000003,
      "fold" : 0.37,
      "raise3x" : 0.22500000000000001
    },
    "66" : {
      "call" : 0.87009999999999998,
      "raise3x" : 0.12989999999999999
    },
    "76s" : {
      "call" : 0.45229999999999998,
      "fold" : 0.38690000000000002,
      "raise3x" : 0.1608
    },
    "77" : {
      "call" : 0.77000000000000002,
      "raise3x" : 0.23000000000000001
    },
    "87s" : {
      "call" : 0.27629999999999999,
      "fold" : 0.51780000000000004,
      "raise3x" : 0.2059
    },
    "88" : {
      "call" : 0.65510000000000002,
      "raise3x" : 0.34489999999999998
    },
    "98s" : {
      "call" : 0.69999999999999996,
      "raise3x" : 0.29999999999999999
    },
    "99" : {
      "call" : 0.67010000000000003,
      "raise3x" : 0.32990000000000003
    },
    "A3s" : {
      "call" : 0.32500000000000001,
      "fold" : 0.61019999999999996,
      "raise3x" : 0.064799999999999996
    },
    "A4s" : {
      "call" : 0.66010000000000002,
      "raise3x" : 0.33989999999999998
    },
    "A5s" : {
      "call" : 0.4199,
      "raise3x" : 0.58009999999999995
    },
    "A6s" : {
      "call" : 0.40489999999999998,
      "raise3x" : 0.59509999999999996
    },
    "A7s" : {
      "call" : 0.57509999999999994,
      "raise3x" : 0.4249
    },
    "A8s" : {
      "call" : 0.58509999999999995,
      "raise3x" : 0.41489999999999999
    },
    "A9s" : {
      "call" : 0.50509999999999999,
      "raise3x" : 0.49490000000000001
    },
    "AA" : {
      "raise3x" : 1
    },
    "AJo" : {
      "call" : 0.27489999999999998,
      "fold" : 0.315,
      "raise3x" : 0.41010000000000002
    },
    "AJs" : {
      "call" : 0.86519999999999997,
      "raise3x" : 0.1348
    },
    "AKo" : {
      "call" : 0.36009999999999998,
      "raise3x" : 0.63990000000000002
    },
    "AKs" : {
      "raise3x" : 1
    },
    "AQo" : {
      "call" : 0.70499999999999996,
      "raise3x" : 0.29499999999999998
    },
    "AQs" : {
      "call" : 0.089999999999999997,
      "raise3x" : 0.91000000000000003
    },
    "ATo" : {
      "fold" : 0.81510000000000005,
      "raise3x" : 0.18490000000000001
    },
    "ATs" : {
      "call" : 0.39000000000000001,
      "raise3x" : 0.60999999999999999
    },
    "J9s" : {
      "call" : 0.39500000000000002,
      "raise3x" : 0.60499999999999998
    },
    "JJ" : {
      "call" : 0.61499999999999999,
      "raise3x" : 0.38500000000000001
    },
    "JTs" : {
      "call" : 0.77500000000000002,
      "raise3x" : 0.22500000000000001
    },
    "K6s" : {
      "call" : 0.074999999999999997,
      "fold" : 0.92500000000000004
    },
    "K9s" : {
      "call" : 0.37,
      "raise3x" : 0.63
    },
    "KJs" : {
      "call" : 0.32990000000000003,
      "raise3x" : 0.67010000000000003
    },
    "KK" : {
      "raise3x" : 1
    },
    "KQo" : {
      "call" : 0.375,
      "raise3x" : 0.625
    },
    "KQs" : {
      "call" : 0.84499999999999997,
      "raise3x" : 0.155
    },
    "KTs" : {
      "call" : 0.60499999999999998,
      "raise3x" : 0.39500000000000002
    },
    "Q9s" : {
      "call" : 0.1749,
      "fold" : 0.82509999999999994
    },
    "QJs" : {
      "call" : 0.5,
      "raise3x" : 0.5
    },
    "QQ" : {
      "call" : 0.13980000000000001,
      "raise3x" : 0.86019999999999996
    },
    "QTs" : {
      "call" : 0.86519999999999997,
      "raise3x" : 0.1348
    },
    "T8s" : {
      "call" : 0.33839999999999998,
      "fold" : 0.34320000000000001,
      "raise3x" : 0.31840000000000002
    },
    "T9s" : {
      "call" : 0.58009999999999995,
      "raise3x" : 0.4199
    },
    "TT" : {
      "call" : 0.47999999999999998,
      "raise3x" : 0.52000000000000002
    }
  },
  "id" : "mtt_8max_80bb_co_vsopen_vs_utg1",
  "source" : {
    "description" : "RangeConverter free PDF — 8-max 80bb 1bb ante (12.5%).",
    "publisher" : {
      "accessedDate" : "2026-06-01",
      "name" : "RangeConverter",
      "product" : "Free Poker Charts — 8 max 1bb ante MTT GTO Ranges",
      "treeParams" : "poker.academy CE-Symmetric Regular @ 80bb (GTO ChipEV, 1bb ante)",
      "url" : "https:\/\/rangeconverter.com\/free-poker-charts"
    },
    "solver" : {
      "assumptions" : "Frequencies rounded to nearest 25% per source. ChipEV (non-ICM). 1bb (12.5%) big-blind ante."
    },
    "type" : "published"
  },
  "spot" : {
    "anteType" : "bigBlindAnte",
    "facingAction" : "vsOpen",
    "opponentPosition" : "UTG1",
    "position" : "CO",
    "stackDepthBB" : 80
  }
}