{
  "format" : "NLHE_MTT_8MAX",
  "hands" : {
    "22" : {
      "call" : 0.39989999999999998,
      "fold" : 0.60009999999999997
    },
    "33" : {
      "call" : 0.22,
      "fold" : 0.78000000000000003
    },
    "44" : {
      "call" : 0.24990000000000001,
      "fold" : 0.75009999999999999
    },
    "54s" : {
      "call" : 0.43509999999999999,
      "fold" : 0.38,
      "raise3x" : 0.18490000000000001
    },
    "55" : {
      "call" : 0.33989999999999998,
      "fold" : 0.66010000000000002
    },
    "65s" : {
      "call" : 0.245,
      "fold" : 0.51500000000000001,
      "raise3x" : 0.23999999999999999
    },
    "66" : {
      "call" : 0.61819999999999997,
      "fold" : 0.26129999999999998,
      "raise3x" : 0.1205
    },
    "76s" : {
      "call" : 0.26000000000000001,
      "fold" : 0.67020000000000002,
      "raise3x" : 0.069800000000000001
    },
    "77" : {
      "call" : 0.66010000000000002,
      "raise3x" : 0.33989999999999998
    },
    "87s" : {
      "call" : 0.074999999999999997,
      "fold" : 0.82010000000000005,
      "raise3x" : 0.10489999999999999
    },
    "88" : {
      "call" : 0.64510000000000001,
      "raise3x" : 0.35489999999999999
    },
    "98s" : {
      "call" : 0.01,
      "fold" : 0.98999999999999999
    },
    "99" : {
      "call" : 0.66010000000000002,
      "raise3x" : 0.33989999999999998
    },
    "A4s" : {
      "call" : 0.43509999999999999,
      "raise3x" : 0.56489999999999996
    },
    "A5s" : {
      "call" : 0.38,
      "raise3x" : 0.62
    },
    "A6s" : {
      "fold" : 0.8901,
      "raise3x" : 0.1099
    },
    "A8s" : {
      "call" : 0.4849,
      "raise3x" : 0.5151
    },
    "A9s" : {
      "call" : 0.45500000000000002,
      "raise3x" : 0.54500000000000004
    },
    "AA" : {
      "raise3x" : 1
    },
    "AJo" : {
      "fold" : 0.91000000000000003,
      "raise3x" : 0.089999999999999997
    },
    "AJs" : {
      "call" : 0.69499999999999995,
      "raise3x" : 0.30499999999999999
    },
    "AKo" : {
      "call" : 0.38500000000000001,
      "raise3x" : 0.61499999999999999
    },
    "AKs" : {
      "raise3x" : 1
    },
    "AQo" : {
      "call" : 0.43009999999999998,
      "raise3x" : 0.56989999999999996
    },
    "AQs" : {
      "call" : 0.47499999999999998,
      "raise3x" : 0.52500000000000002
    },
    "ATs" : {
      "call" : 0.22,
      "raise3x" : 0.78000000000000003
    },
    "JJ" : {
      "call" : 0.49490000000000001,
      "raise3x" : 0.50509999999999999
    },
    "JTs" : {
      "call" : 0.74509999999999998,
      "raise3x" : 0.25490000000000002
    },
    "K9s" : {
      "call" : 0.1399,
      "fold" : 0.27989999999999998,
      "raise3x" : 0.58020000000000005
    },
    "KJs" : {
      "call" : 0.23999999999999999,
      "raise3x" : 0.76000000000000001
    },
    "KK" : {
      "raise3x" : 1
    },
    "KQo" : {
      "fold" : 0.68000000000000005,
      "raise3x" : 0.32000000000000001
    },
    "KQs" : {
      "call" : 0.72509999999999997,
      "raise3x" : 0.27489999999999998
    },
    "KTs" : {
      "call" : 0.52000000000000002,
      "raise3x" : 0.47999999999999998
    },
    "QJs" : {
      "call" : 0.31,
      "raise3x" : 0.68999999999999995
    },
    "QQ" : {
      "call" : 0.31,
      "raise3x" : 0.68999999999999995
    },
    "QTs" : {
      "call" : 0.74509999999999998,
      "raise3x" : 0.25490000000000002
    },
    "T9s" : {
      "call" : 0.52500000000000002,
      "raise3x" : 0.47499999999999998
    },
    "TT" : {
      "call" : 0.5,
      "raise3x" : 0.5
    }
  },
  "id" : "mtt_8max_80bb_hj_vsopen_vs_utg",
  "source" : {
    "description" : "RangeConverter free PDF — 8-max 80bb 1bb ante (12.5%).",
    "publisher" : {
      "accessedDate" : "2026-06-01",
      "name" : "RangeConverter",
      "product" : "Free Poker Charts — 8 max 1bb ante MTT GTO Ranges",
      "treeParams" : "poker.academy CE-Symmetric Regular @ 80bb (GTO ChipEV, 1bb ante)",
      "url" : "https:\/\/rangeconverter.com\/free-poker-charts"
    },
    "solver" : {
      "assumptions" : "Frequencies rounded to nearest 25% per source. ChipEV (non-ICM). 1bb (12.5%) big-blind ante."
    },
    "type" : "published"
  },
  "spot" : {
    "anteType" : "bigBlindAnte",
    "facingAction" : "vsOpen",
    "opponentPosition" : "UTG",
    "position" : "HJ",
    "stackDepthBB" : 80
  }
}