{
  "format" : "NLHE_MTT_8MAX",
  "hands" : {
    "22" : {
      "call" : 1
    },
    "33" : {
      "call" : 1
    },
    "44" : {
      "call" : 1
    },
    "53s" : {
      "call" : 0.1799,
      "fold" : 0.82010000000000005
    },
    "54s" : {
      "call" : 0.88009999999999999,
      "raise3x" : 0.11990000000000001
    },
    "55" : {
      "call" : 1
    },
    "65s" : {
      "call" : 0.69999999999999996,
      "raise3x" : 0.29999999999999999
    },
    "66" : {
      "call" : 1
    },
    "76s" : {
      "call" : 0.63990000000000002,
      "raise3x" : 0.36009999999999998
    },
    "77" : {
      "call" : 0.97009999999999996,
      "raise3x" : 0.029899999999999999
    },
    "86s" : {
      "call" : 0.47999999999999998,
      "fold" : 0.52000000000000002
    },
    "87s" : {
      "call" : 0.58509999999999995,
      "raise3x" : 0.41489999999999999
    },
    "88" : {
      "call" : 0.84499999999999997,
      "raise3x" : 0.155
    },
    "97s" : {
      "call" : 0.36009999999999998,
      "fold" : 0.63990000000000002
    },
    "98s" : {
      "call" : 0.87509999999999999,
      "raise3x" : 0.1249
    },
    "99" : {
      "call" : 0.68500000000000005,
      "raise3x" : 0.315
    },
    "A2s" : {
      "call" : 0.93020000000000003,
      "fold" : 0.069800000000000001
    },
    "A3s" : {
      "call" : 1
    },
    "A4s" : {
      "call" : 0.53000000000000003,
      "raise3x" : 0.46999999999999997
    },
    "A5s" : {
      "call" : 0.58509999999999995,
      "raise3x" : 0.41489999999999999
    },
    "A6s" : {
      "call" : 0.69999999999999996,
      "raise3x" : 0.29999999999999999
    },
    "A7s" : {
      "call" : 1
    },
    "A8s" : {
      "call" : 1
    },
    "A9s" : {
      "call" : 0.76500000000000001,
      "raise3x" : 0.23499999999999999
    },
    "AA" : {
      "raise3x" : 1
    },
    "AJo" : {
      "call" : 1
    },
    "AJs" : {
      "call" : 0.0349,
      "raise3x" : 0.96509999999999996
    },
    "AKo" : {
      "call" : 0.18490000000000001,
      "raise3x" : 0.81510000000000005
    },
    "AKs" : {
      "raise3x" : 1
    },
    "AQo" : {
      "call" : 0.60999999999999999,
      "raise3x" : 0.39000000000000001
    },
    "AQs" : {
      "raise3x" : 1
    },
    "ATo" : {
      "call" : 0.22,
      "fold" : 0.78000000000000003
    },
    "ATs" : {
      "call" : 0.080000000000000002,
      "raise3x" : 0.92000000000000004
    },
    "J8s" : {
      "call" : 0.4899,
      "fold" : 0.5101
    },
    "J9s" : {
      "call" : 0.4899,
      "raise3x" : 0.5101
    },
    "JJ" : {
      "call" : 0.28489999999999999,
      "raise3x" : 0.71509999999999996
    },
    "JTo" : {
      "call" : 0.024899999999999999,
      "fold" : 0.97509999999999997
    },
    "JTs" : {
      "call" : 0.68500000000000005,
      "raise3x" : 0.315
    },
    "K5s" : {
      "call" : 0.25990000000000002,
      "fold" : 0.74009999999999998
    },
    "K6s" : {
      "call" : 0.78500000000000003,
      "fold" : 0.215
    },
    "K7s" : {
      "call" : 0.44500000000000001,
      "fold" : 0.55500000000000005
    },
    "K8s" : {
      "call" : 1
    },
    "K9s" : {
      "call" : 0.93520000000000003,
      "raise3x" : 0.064799999999999996
    },
    "KJo" : {
      "call" : 0.22500000000000001,
      "fold" : 0.77500000000000002
    },
    "KJs" : {
      "call" : 0.014999999999999999,
      "raise3x" : 0.98499999999999999
    },
    "KK" : {
      "raise3x" : 1
    },
    "KQo" : {
      "call" : 0.87009999999999998,
      "raise3x" : 0.12989999999999999
    },
    "KQs" : {
      "raise3x" : 1
    },
    "KTs" : {
      "call" : 0.41489999999999999,
      "raise3x" : 0.58509999999999995
    },
    "Q9s" : {
      "call" : 1
    },
    "QJo" : {
      "call" : 0.080000000000000002,
      "fold" : 0.92000000000000004
    },
    "QJs" : {
      "call" : 0.31,
      "raise3x" : 0.68999999999999995
    },
    "QQ" : {
      "raise3x" : 1
    },
    "QTs" : {
      "call" : 0.72509999999999997,
      "raise3x" : 0.27489999999999998
    },
    "T8s" : {
      "call" : 0.83499999999999996,
      "raise3x" : 0.16500000000000001
    },
    "T9s" : {
      "call" : 0.5,
      "raise3x" : 0.5
    },
    "TT" : {
      "call" : 0.40489999999999998,
      "raise3x" : 0.59509999999999996
    }
  },
  "id" : "mtt_8max_80bb_sb_vsopen_vs_utg1",
  "source" : {
    "description" : "RangeConverter free PDF — 8-max 80bb 1bb ante (12.5%).",
    "publisher" : {
      "accessedDate" : "2026-06-01",
      "name" : "RangeConverter",
      "product" : "Free Poker Charts — 8 max 1bb ante MTT GTO Ranges",
      "treeParams" : "poker.academy CE-Symmetric Regular @ 80bb (GTO ChipEV, 1bb ante)",
      "url" : "https:\/\/rangeconverter.com\/free-poker-charts"
    },
    "solver" : {
      "assumptions" : "Frequencies rounded to nearest 25% per source. ChipEV (non-ICM). 1bb (12.5%) big-blind ante."
    },
    "type" : "published"
  },
  "spot" : {
    "anteType" : "bigBlindAnte",
    "facingAction" : "vsOpen",
    "opponentPosition" : "UTG1",
    "position" : "SB",
    "stackDepthBB" : 80
  }
}