{
  "format" : "NLHE_MTT_9MAX",
  "hands" : {
    "22" : {
      "call" : 1
    },
    "33" : {
      "call" : 1
    },
    "44" : {
      "call" : 1
    },
    "53s" : {
      "call" : 0.095000000000000001,
      "fold" : 0.90500000000000003
    },
    "54s" : {
      "call" : 1
    },
    "55" : {
      "call" : 1
    },
    "65s" : {
      "call" : 0.74509999999999998,
      "raise25x" : 0.25490000000000002
    },
    "66" : {
      "call" : 1
    },
    "76s" : {
      "call" : 0.88009999999999999,
      "raise25x" : 0.11990000000000001
    },
    "77" : {
      "call" : 1
    },
    "86s" : {
      "call" : 0.315,
      "fold" : 0.68500000000000005
    },
    "87s" : {
      "call" : 0.76500000000000001,
      "raise25x" : 0.23499999999999999
    },
    "88" : {
      "call" : 0.98499999999999999,
      "raise25x" : 0.014999999999999999
    },
    "98s" : {
      "call" : 0.85499999999999998,
      "raise25x" : 0.14499999999999999
    },
    "99" : {
      "call" : 0.81010000000000004,
      "raise25x" : 0.18990000000000001
    },
    "A2s" : {
      "call" : 0.25990000000000002,
      "fold" : 0.74009999999999998
    },
    "A3s" : {
      "call" : 1
    },
    "A4s" : {
      "call" : 0.80010000000000003,
      "raise25x" : 0.19989999999999999
    },
    "A5s" : {
      "call" : 0.55989999999999995,
      "raise25x" : 0.44009999999999999
    },
    "A6s" : {
      "call" : 0.91000000000000003,
      "raise25x" : 0.089999999999999997
    },
    "A7s" : {
      "call" : 0.77500000000000002,
      "raise25x" : 0.22500000000000001
    },
    "A8s" : {
      "call" : 0.63990000000000002,
      "raise25x" : 0.36009999999999998
    },
    "A9s" : {
      "call" : 0.97009999999999996,
      "raise25x" : 0.029899999999999999
    },
    "AA" : {
      "raise25x" : 1
    },
    "AJo" : {
      "call" : 0.57509999999999994,
      "raise25x" : 0.4249
    },
    "AJs" : {
      "call" : 0.86519999999999997,
      "raise25x" : 0.1348
    },
    "AKo" : {
      "raise25x" : 0.85499999999999998,
      "shove" : 0.14499999999999999
    },
    "AKs" : {
      "raise25x" : 1
    },
    "AQo" : {
      "call" : 0.29499999999999998,
      "raise25x" : 0.70499999999999996
    },
    "AQs" : {
      "call" : 1
    },
    "ATo" : {
      "fold" : 0.88449999999999995,
      "raise25x" : 0.11550000000000001
    },
    "ATs" : {
      "call" : 0.60499999999999998,
      "raise25x" : 0.39500000000000002
    },
    "J9s" : {
      "call" : 0.59509999999999996,
      "raise25x" : 0.40489999999999998
    },
    "JJ" : {
      "call" : 0.029899999999999999,
      "raise25x" : 0.88009999999999999,
      "shove" : 0.089999999999999997
    },
    "JTs" : {
      "call" : 0.95009999999999994,
      "raise25x" : 0.0499
    },
    "K5s" : {
      "call" : 0.22,
      "fold" : 0.78000000000000003
    },
    "K6s" : {
      "call" : 0.65010000000000001,
      "fold" : 0.34989999999999999
    },
    "K8s" : {
      "call" : 0.91000000000000003,
      "fold" : 0.089999999999999997
    },
    "K9s" : {
      "call" : 0.70999999999999996,
      "raise25x" : 0.28999999999999998
    },
    "KJo" : {
      "call" : 0.17499999999999999,
      "fold" : 0.76019999999999999,
      "raise25x" : 0.064799999999999996
    },
    "KJs" : {
      "raise25x" : 1
    },
    "KK" : {
      "raise25x" : 1
    },
    "KQo" : {
      "call" : 0.83999999999999997,
      "raise25x" : 0.16
    },
    "KQs" : {
      "call" : 0.66510000000000002,
      "raise25x" : 0.33489999999999998
    },
    "KTs" : {
      "call" : 0.4849,
      "raise25x" : 0.5151
    },
    "Q9s" : {
      "call" : 1
    },
    "QJs" : {
      "call" : 0.5101,
      "raise25x" : 0.4899
    },
    "QQ" : {
      "raise25x" : 1
    },
    "QTs" : {
      "call" : 1
    },
    "T8s" : {
      "call" : 0.96009999999999995,
      "raise25x" : 0.039899999999999998
    },
    "T9s" : {
      "call" : 0.87009999999999998,
      "raise25x" : 0.12989999999999999
    },
    "TT" : {
      "call" : 0.36009999999999998,
      "raise25x" : 0.63990000000000002
    }
  },
  "id" : "mtt_9max_40bb_sb_vsopen_vs_utg1",
  "source" : {
    "description" : "Adapted from RangeConverter 8-max baseline.",
    "publisher" : {
      "accessedDate" : "2026-06-01",
      "name" : "RangeConverter",
      "product" : "Free Poker Charts — 8 max 1bb ante MTT GTO Ranges",
      "treeParams" : "2.5x open, 3.5x 3bet IP, 4.5x 3bet OOP, 2.3x 4bet IP, 2.75x 4bet OOP, SB vs BB 3.2bb",
      "url" : "https:\/\/rangeconverter.com\/free-poker-charts"
    },
    "solver" : {
      "assumptions" : "Frequencies rounded to nearest 25% per source. ChipEV (non-ICM). 1bb (12.5%) big-blind ante. Copied verbatim from 8-max SB (same effective seat in 9-max)."
    },
    "type" : "published"
  },
  "spot" : {
    "anteType" : "bigBlindAnte",
    "facingAction" : "vsOpen",
    "opponentPosition" : "UTG1",
    "position" : "SB",
    "stackDepthBB" : 40
  }
}