{
  "format" : "NLHE_MTT_8MAX",
  "hands" : {
    "22" : {
      "call" : 0.12989999999999999,
      "fold" : 0.87009999999999998
    },
    "33" : {
      "call" : 0.1099,
      "fold" : 0.8901
    },
    "44" : {
      "call" : 0.106,
      "fold" : 0.89400000000000002
    },
    "54s" : {
      "call" : 0.1099,
      "fold" : 0.8901
    },
    "55" : {
      "call" : 0.16189999999999999,
      "fold" : 0.83809999999999996
    },
    "65s" : {
      "call" : 0.035900000000000001,
      "fold" : 0.96409999999999996
    },
    "66" : {
      "call" : 0.33200000000000002,
      "fold" : 0.66800000000000004
    },
    "77" : {
      "call" : 0.44400000000000001,
      "fold" : 0.54210000000000003,
      "raise3x" : 0.013899999999999999
    },
    "88" : {
      "call" : 0.68610000000000004,
      "raise3x" : 0.31390000000000001
    },
    "99" : {
      "call" : 0.68210000000000004,
      "raise3x" : 0.31790000000000002
    },
    "A4s" : {
      "call" : 0.0218,
      "fold" : 0.95220000000000005,
      "raise3x" : 0.025999999999999999
    },
    "A5s" : {
      "call" : 0.2339,
      "raise3x" : 0.7661
    },
    "A8s" : {
      "fold" : 0.55600000000000005,
      "raise3x" : 0.44400000000000001
    },
    "A9s" : {
      "call" : 0.27360000000000001,
      "fold" : 0.2054,
      "raise3x" : 0.52100000000000002
    },
    "AA" : {
      "raise3x" : 1
    },
    "AJo" : {
      "fold" : 0.7661,
      "raise3x" : 0.2339
    },
    "AJs" : {
      "call" : 1
    },
    "AKo" : {
      "call" : 0.502,
      "raise3x" : 0.498
    },
    "AKs" : {
      "raise3x" : 1
    },
    "AQo" : {
      "call" : 0.077899999999999997,
      "raise3x" : 0.92210000000000003
    },
    "AQs" : {
      "call" : 1
    },
    "ATs" : {
      "call" : 0.36009999999999998,
      "raise3x" : 0.63990000000000002
    },
    "JJ" : {
      "call" : 0.60399999999999998,
      "raise3x" : 0.39600000000000002
    },
    "JTs" : {
      "call" : 0.50590000000000002,
      "fold" : 0.49409999999999998
    },
    "K9s" : {
      "fold" : 0.4199,
      "raise3x" : 0.58009999999999995
    },
    "KJs" : {
      "call" : 0.0659,
      "raise3x" : 0.93410000000000004
    },
    "KK" : {
      "raise3x" : 1
    },
    "KQo" : {
      "fold" : 0.6341,
      "raise3x" : 0.3659
    },
    "KQs" : {
      "call" : 0.96220000000000006,
      "raise3x" : 0.0378
    },
    "KTs" : {
      "call" : 0.186,
      "raise3x" : 0.81399999999999995
    },
    "QJs" : {
      "call" : 0.72199999999999998,
      "fold" : 0.27800000000000002
    },
    "QQ" : {
      "call" : 0.32790000000000002,
      "raise3x" : 0.67210000000000003
    },
    "QTs" : {
      "call" : 0.5,
      "fold" : 0.5
    },
    "TT" : {
      "call" : 0.4461,
      "raise3x" : 0.55389999999999995
    }
  },
  "id" : "mtt_8max_50bb_utg1_vsopen_vs_utg",
  "source" : {
    "description" : "RangeConverter free PDF — 8-max 50bb 1bb ante (12.5%).",
    "publisher" : {
      "accessedDate" : "2026-06-01",
      "name" : "RangeConverter",
      "product" : "Free Poker Charts — 8 max 1bb ante MTT GTO Ranges",
      "treeParams" : "poker.academy CE-Symmetric Regular @ 50bb (GTO ChipEV, 1bb ante)",
      "url" : "https:\/\/rangeconverter.com\/free-poker-charts"
    },
    "solver" : {
      "assumptions" : "Frequencies rounded to nearest 25% per source. ChipEV (non-ICM). 1bb (12.5%) big-blind ante."
    },
    "type" : "published"
  },
  "spot" : {
    "anteType" : "bigBlindAnte",
    "facingAction" : "vsOpen",
    "opponentPosition" : "UTG",
    "position" : "UTG1",
    "stackDepthBB" : 50
  }
}