{
  "format" : "NLHE_MTT_8MAX",
  "hands" : {
    "22" : {
      "call" : 0.035200000000000002,
      "fold" : 0.96479999999999999
    },
    "33" : {
      "call" : 0.0499,
      "fold" : 0.95009999999999994
    },
    "44" : {
      "call" : 0.2379,
      "fold" : 0.7621
    },
    "54s" : {
      "call" : 1
    },
    "55" : {
      "call" : 0.14999999999999999,
      "fold" : 0.84999999999999998
    },
    "65s" : {
      "call" : 1
    },
    "66" : {
      "call" : 0.61209999999999998,
      "fold" : 0.38790000000000002
    },
    "76s" : {
      "call" : 1
    },
    "77" : {
      "call" : 0.8901,
      "fold" : 0.1099
    },
    "87s" : {
      "call" : 1
    },
    "88" : {
      "call" : 1
    },
    "99" : {
      "call" : 1
    },
    "A2s" : {
      "fold" : 0.34200000000000003,
      "raise3x" : 0.65800000000000003
    },
    "A3s" : {
      "call" : 0.68210000000000004,
      "raise3x" : 0.31790000000000002
    },
    "A4s" : {
      "call" : 1
    },
    "A5s" : {
      "call" : 1
    },
    "A6s" : {
      "call" : 0.86199999999999999,
      "fold" : 0.13800000000000001
    },
    "A7s" : {
      "call" : 0.73409999999999997,
      "raise3x" : 0.26590000000000003
    },
    "A8s" : {
      "call" : 1
    },
    "A9s" : {
      "call" : 1
    },
    "AA" : {
      "raise3x" : 1
    },
    "AJo" : {
      "fold" : 0.96799999999999997,
      "raise3x" : 0.032000000000000001
    },
    "AJs" : {
      "call" : 1
    },
    "AKo" : {
      "call" : 0.53400000000000003,
      "raise3x" : 0.46600000000000003
    },
    "AKs" : {
      "call" : 1
    },
    "AQo" : {
      "call" : 0.80200000000000005,
      "raise3x" : 0.19800000000000001
    },
    "AQs" : {
      "call" : 1
    },
    "ATo" : {
      "fold" : 0.93210000000000004,
      "raise3x" : 0.067900000000000002
    },
    "ATs" : {
      "call" : 1
    },
    "J9s" : {
      "call" : 1
    },
    "JJ" : {
      "call" : 1
    },
    "JTs" : {
      "call" : 1
    },
    "K6s" : {
      "fold" : 0.68000000000000005,
      "raise3x" : 0.32000000000000001
    },
    "K7s" : {
      "fold" : 0.91000000000000003,
      "raise3x" : 0.089999999999999997
    },
    "K8s" : {
      "fold" : 0.66010000000000002,
      "raise3x" : 0.33989999999999998
    },
    "K9s" : {
      "call" : 0.90820000000000001,
      "raise3x" : 0.091800000000000007
    },
    "KJo" : {
      "fold" : 0.878,
      "raise3x" : 0.122
    },
    "KJs" : {
      "call" : 1
    },
    "KK" : {
      "call" : 0.27989999999999998,
      "raise3x" : 0.72009999999999996
    },
    "KQo" : {
      "call" : 0.38600000000000001,
      "fold" : 0.61399999999999999
    },
    "KQs" : {
      "call" : 1
    },
    "KTs" : {
      "call" : 1
    },
    "Q9s" : {
      "call" : 0.025999999999999999,
      "fold" : 0.97399999999999998
    },
    "QJs" : {
      "call" : 1
    },
    "QQ" : {
      "call" : 1
    },
    "QTs" : {
      "call" : 1
    },
    "T8s" : {
      "call" : 0.16600000000000001,
      "fold" : 0.83399999999999996
    },
    "T9s" : {
      "call" : 1
    },
    "TT" : {
      "call" : 1
    }
  },
  "id" : "mtt_8max_100bb_hj_vs3bet_vs_bb",
  "source" : {
    "description" : "RangeConverter free PDF — 8-max 100bb 1bb ante (12.5%).",
    "publisher" : {
      "accessedDate" : "2026-06-01",
      "name" : "RangeConverter",
      "product" : "Free Poker Charts — 8 max 1bb ante MTT GTO Ranges",
      "treeParams" : "poker.academy CE-Symmetric Regular @ 100bb (GTO ChipEV, 1bb ante)",
      "url" : "https:\/\/rangeconverter.com\/free-poker-charts"
    },
    "solver" : {
      "assumptions" : "Frequencies rounded to nearest 25% per source. ChipEV (non-ICM). 1bb (12.5%) big-blind ante."
    },
    "type" : "published"
  },
  "spot" : {
    "anteType" : "bigBlindAnte",
    "facingAction" : "vs3Bet",
    "opponentPosition" : "BB",
    "position" : "HJ",
    "stackDepthBB" : 100
  }
}