{
  "format" : "NLHE_MTT_8MAX",
  "hands" : {
    "22" : {
      "call" : 1
    },
    "33" : {
      "call" : 1
    },
    "44" : {
      "call" : 1
    },
    "53s" : {
      "call" : 0.99419999999999997,
      "raise3x" : 0.0057999999999999996
    },
    "54s" : {
      "call" : 0.68610000000000004,
      "raise3x" : 0.31390000000000001
    },
    "55" : {
      "call" : 1
    },
    "64s" : {
      "call" : 0.26800000000000002,
      "fold" : 0.73199999999999998
    },
    "65s" : {
      "call" : 0.70409999999999995,
      "raise3x" : 0.2959
    },
    "66" : {
      "call" : 0.96799999999999997,
      "raise3x" : 0.032000000000000001
    },
    "75s" : {
      "call" : 0.15790000000000001,
      "fold" : 0.84209999999999996
    },
    "76s" : {
      "call" : 0.78600000000000003,
      "raise3x" : 0.214
    },
    "77" : {
      "call" : 0.96799999999999997,
      "raise3x" : 0.032000000000000001
    },
    "86s" : {
      "call" : 0.82609999999999995,
      "fold" : 0.1739
    },
    "87s" : {
      "call" : 0.626,
      "raise3x" : 0.374
    },
    "88" : {
      "call" : 0.91610000000000003,
      "raise3x" : 0.083900000000000002
    },
    "97s" : {
      "call" : 0.74399999999999999,
      "fold" : 0.096000000000000002,
      "raise3x" : 0.16
    },
    "98s" : {
      "call" : 1
    },
    "99" : {
      "call" : 0.86199999999999999,
      "raise3x" : 0.13800000000000001
    },
    "A2s" : {
      "call" : 0.7681,
      "raise3x" : 0.2319
    },
    "A3s" : {
      "call" : 0.60999999999999999,
      "raise3x" : 0.39000000000000001
    },
    "A4s" : {
      "call" : 0.72409999999999997,
      "raise3x" : 0.27589999999999998
    },
    "A5s" : {
      "call" : 0.57199999999999995,
      "raise3x" : 0.42799999999999999
    },
    "A6s" : {
      "call" : 0.63600000000000001,
      "raise3x" : 0.36399999999999999
    },
    "A7s" : {
      "call" : 0.79020000000000001,
      "raise3x" : 0.20979999999999999
    },
    "A8s" : {
      "call" : 0.872,
      "raise3x" : 0.128
    },
    "A9s" : {
      "call" : 0.91610000000000003,
      "raise3x" : 0.083900000000000002
    },
    "AA" : {
      "raise3x" : 1
    },
    "AJo" : {
      "call" : 0.82609999999999995,
      "raise3x" : 0.1739
    },
    "AJs" : {
      "call" : 0.87409999999999999,
      "raise3x" : 0.12590000000000001
    },
    "AKo" : {
      "call" : 0.3619,
      "raise3x" : 0.6381
    },
    "AKs" : {
      "raise3x" : 1
    },
    "AQo" : {
      "call" : 1
    },
    "AQs" : {
      "call" : 0.57199999999999995,
      "raise3x" : 0.42799999999999999
    },
    "ATo" : {
      "call" : 0.42799999999999999,
      "fold" : 0.045900000000000003,
      "raise3x" : 0.52610000000000001
    },
    "ATs" : {
      "call" : 0.498,
      "raise3x" : 0.502
    },
    "J8s" : {
      "call" : 0.224,
      "fold" : 0.77600000000000002
    },
    "J9s" : {
      "call" : 0.82010000000000005,
      "raise3x" : 0.1799
    },
    "JJ" : {
      "call" : 0.68000000000000005,
      "raise3x" : 0.32000000000000001
    },
    "JTs" : {
      "call" : 1
    },
    "K5s" : {
      "call" : 0.64200000000000002,
      "raise3x" : 0.35799999999999998
    },
    "K6s" : {
      "call" : 0.75609999999999999,
      "raise3x" : 0.24390000000000001
    },
    "K7s" : {
      "call" : 0.55210000000000004,
      "fold" : 0.1239,
      "raise3x" : 0.32400000000000001
    },
    "K8s" : {
      "call" : 0.58799999999999997,
      "raise3x" : 0.41199999999999998
    },
    "K9s" : {
      "call" : 0.65800000000000003,
      "raise3x" : 0.34200000000000003
    },
    "KJo" : {
      "call" : 0.40079999999999999,
      "fold" : 0.39679999999999999,
      "raise3x" : 0.2024
    },
    "KJs" : {
      "call" : 0.68999999999999995,
      "raise3x" : 0.31
    },
    "KK" : {
      "raise3x" : 1
    },
    "KQo" : {
      "call" : 0.64600000000000002,
      "raise3x" : 0.35399999999999998
    },
    "KQs" : {
      "call" : 1
    },
    "KTs" : {
      "call" : 1
    },
    "Q9s" : {
      "call" : 0.63200000000000001,
      "raise3x" : 0.36799999999999999
    },
    "QJo" : {
      "fold" : 0.91610000000000003,
      "raise3x" : 0.083900000000000002
    },
    "QJs" : {
      "call" : 0.70599999999999996,
      "raise3x" : 0.29399999999999998
    },
    "QQ" : {
      "call" : 0.5,
      "raise3x" : 0.5
    },
    "QTs" : {
      "call" : 1
    },
    "T8s" : {
      "call" : 0.73799999999999999,
      "raise3x" : 0.26200000000000001
    },
    "T9s" : {
      "call" : 0.85599999999999998,
      "raise3x" : 0.14399999999999999
    },
    "TT" : {
      "call" : 0.73009999999999997,
      "raise3x" : 0.26989999999999997
    }
  },
  "id" : "mtt_8max_100bb_btn_vsopen_vs_utg",
  "source" : {
    "description" : "RangeConverter free PDF — 8-max 100bb 1bb ante (12.5%).",
    "publisher" : {
      "accessedDate" : "2026-06-01",
      "name" : "RangeConverter",
      "product" : "Free Poker Charts — 8 max 1bb ante MTT GTO Ranges",
      "treeParams" : "poker.academy CE-Symmetric Regular @ 100bb (GTO ChipEV, 1bb ante)",
      "url" : "https:\/\/rangeconverter.com\/free-poker-charts"
    },
    "solver" : {
      "assumptions" : "Frequencies rounded to nearest 25% per source. ChipEV (non-ICM). 1bb (12.5%) big-blind ante."
    },
    "type" : "published"
  },
  "spot" : {
    "anteType" : "bigBlindAnte",
    "facingAction" : "vsOpen",
    "opponentPosition" : "UTG",
    "position" : "BTN",
    "stackDepthBB" : 100
  }
}