{
  "format" : "NLHE_MTT_9MAX",
  "hands" : {
    "22" : {
      "call" : 0.56510000000000005,
      "shove" : 0.43490000000000001
    },
    "33" : {
      "shove" : 1
    },
    "44" : {
      "call" : 0.35170000000000001,
      "raise25x" : 0.25629999999999997,
      "shove" : 0.39200000000000002
    },
    "54s" : {
      "call" : 1
    },
    "55" : {
      "raise25x" : 0.2049,
      "shove" : 0.79510000000000003
    },
    "65s" : {
      "call" : 0.60499999999999998,
      "fold" : 0.39500000000000002
    },
    "66" : {
      "raise25x" : 0.23499999999999999,
      "shove" : 0.76500000000000001
    },
    "76s" : {
      "call" : 0.70999999999999996,
      "fold" : 0.28999999999999998
    },
    "77" : {
      "shove" : 1
    },
    "87s" : {
      "call" : 1
    },
    "88" : {
      "shove" : 1
    },
    "97s" : {
      "call" : 0.099900000000000003,
      "fold" : 0.90010000000000001
    },
    "98s" : {
      "call" : 1
    },
    "99" : {
      "raise25x" : 0.069800000000000001,
      "shove" : 0.93020000000000003
    },
    "A2s" : {
      "call" : 0.34000000000000002,
      "shove" : 0.66000000000000003
    },
    "A3s" : {
      "call" : 0.73009999999999997,
      "shove" : 0.26989999999999997
    },
    "A4o" : {
      "fold" : 0.98499999999999999,
      "raise25x" : 0.014999999999999999
    },
    "A4s" : {
      "call" : 0.14999999999999999,
      "shove" : 0.84999999999999998
    },
    "A5o" : {
      "call" : 0.34989999999999999,
      "raise25x" : 0.65010000000000001
    },
    "A5s" : {
      "shove" : 1
    },
    "A6o" : {
      "call" : 0.11990000000000001,
      "fold" : 0.54010000000000002,
      "raise25x" : 0.34000000000000002
    },
    "A6s" : {
      "shove" : 1
    },
    "A7o" : {
      "call" : 0.38500000000000001,
      "raise25x" : 0.61499999999999999
    },
    "A7s" : {
      "call" : 0.1799,
      "shove" : 0.82010000000000005
    },
    "A8o" : {
      "call" : 0.31,
      "raise25x" : 0.68999999999999995
    },
    "A8s" : {
      "call" : 1
    },
    "A9o" : {
      "call" : 1
    },
    "A9s" : {
      "call" : 0.095000000000000001,
      "raise25x" : 0.90500000000000003
    },
    "AA" : {
      "call" : 0.099900000000000003,
      "raise25x" : 0.90010000000000001
    },
    "AJo" : {
      "shove" : 1
    },
    "AJs" : {
      "raise25x" : 1
    },
    "AKo" : {
      "raise25x" : 0.4249,
      "shove" : 0.57509999999999994
    },
    "AKs" : {
      "raise25x" : 1
    },
    "AQo" : {
      "shove" : 1
    },
    "AQs" : {
      "raise25x" : 1
    },
    "ATo" : {
      "shove" : 1
    },
    "ATs" : {
      "call" : 0.19989999999999999,
      "raise25x" : 0.80010000000000003
    },
    "J8s" : {
      "call" : 1
    },
    "J9s" : {
      "call" : 0.37,
      "shove" : 0.63
    },
    "JJ" : {
      "raise25x" : 1
    },
    "JTo" : {
      "call" : 0.72009999999999996,
      "raise25x" : 0.27989999999999998
    },
    "JTs" : {
      "shove" : 1
    },
    "K4s" : {
      "call" : 0.50509999999999999,
      "raise25x" : 0.49490000000000001
    },
    "K5s" : {
      "call" : 1
    },
    "K6s" : {
      "call" : 0.65010000000000001,
      "raise25x" : 0.34989999999999999
    },
    "K7s" : {
      "call" : 1
    },
    "K8s" : {
      "call" : 1
    },
    "K9o" : {
      "fold" : 0.90500000000000003,
      "raise25x" : 0.095000000000000001
    },
    "K9s" : {
      "call" : 1
    },
    "KJo" : {
      "call" : 0.46999999999999997,
      "raise25x" : 0.53000000000000003
    },
    "KJs" : {
      "call" : 0.68520000000000003,
      "raise25x" : 0.18990000000000001,
      "shove" : 0.1249
    },
    "KK" : {
      "call" : 0.11990000000000001,
      "raise25x" : 0.88009999999999999
    },
    "KQo" : {
      "shove" : 1
    },
    "KQs" : {
      "raise25x" : 1
    },
    "KTo" : {
      "call" : 0.63,
      "raise25x" : 0.37
    },
    "KTs" : {
      "call" : 0.059799999999999999,
      "shove" : 0.94020000000000004
    },
    "Q6s" : {
      "call" : 0.52500000000000002,
      "raise25x" : 0.47499999999999998
    },
    "Q7s" : {
      "call" : 0.33489999999999998,
      "fold" : 0.29999999999999999,
      "raise25x" : 0.36509999999999998
    },
    "Q8s" : {
      "call" : 1
    },
    "Q9s" : {
      "call" : 1
    },
    "QJo" : {
      "call" : 0.625,
      "raise25x" : 0.375
    },
    "QJs" : {
      "call" : 0.16500000000000001,
      "shove" : 0.83499999999999996
    },
    "QQ" : {
      "raise25x" : 1
    },
    "QTo" : {
      "call" : 0.70999999999999996,
      "raise25x" : 0.28999999999999998
    },
    "QTs" : {
      "shove" : 1
    },
    "T7s" : {
      "call" : 0.50509999999999999,
      "fold" : 0.49490000000000001
    },
    "T8s" : {
      "call" : 1
    },
    "T9s" : {
      "call" : 0.42709999999999998,
      "raise25x" : 0.045099999999999994,
      "shove" : 0.52780000000000005
    },
    "TT" : {
      "raise25x" : 1
    }
  },
  "id" : "mtt_9max_30bb_sb_vsopen",
  "source" : {
    "description" : "Adapted from RangeConverter 8-max baseline.",
    "publisher" : {
      "accessedDate" : "2026-06-01",
      "name" : "RangeConverter",
      "product" : "Free Poker Charts — 8 max 1bb ante MTT GTO Ranges",
      "treeParams" : "2.5x open, 3.5x 3bet IP, 4.5x 3bet OOP, 2.3x 4bet IP, 2.75x 4bet OOP, SB vs BB 3.2bb",
      "url" : "https:\/\/rangeconverter.com\/free-poker-charts"
    },
    "solver" : {
      "assumptions" : "Frequencies rounded to nearest 25% per source. ChipEV (non-ICM). 1bb (12.5%) big-blind ante. Copied verbatim from 8-max SB (same effective seat in 9-max)."
    },
    "type" : "published"
  },
  "spot" : {
    "anteType" : "bigBlindAnte",
    "facingAction" : "vsOpen",
    "position" : "SB",
    "stackDepthBB" : 30
  }
}