{
  "format" : "NLHE_MTT_8MAX",
  "hands" : {
    "22" : {
      "call" : 0.30399999999999999,
      "fold" : 0.69599999999999995
    },
    "33" : {
      "call" : 0.27200000000000002,
      "fold" : 0.72799999999999998
    },
    "44" : {
      "call" : 0.33989999999999998,
      "fold" : 0.66010000000000002
    },
    "55" : {
      "call" : 0.48199999999999998,
      "fold" : 0.51800000000000002
    },
    "66" : {
      "call" : 0.82820000000000005,
      "fold" : 0.013899999999999999,
      "raise3x" : 0.15790000000000001
    },
    "77" : {
      "call" : 0.72409999999999997,
      "raise3x" : 0.27589999999999998
    },
    "88" : {
      "call" : 0.65200000000000002,
      "raise3x" : 0.34799999999999998
    },
    "99" : {
      "call" : 0.53000000000000003,
      "raise3x" : 0.46999999999999997
    },
    "A4s" : {
      "call" : 0.27989999999999998,
      "fold" : 0.72009999999999996
    },
    "A5s" : {
      "call" : 0.46000000000000002,
      "raise3x" : 0.54000000000000004
    },
    "A7s" : {
      "call" : 0.128,
      "fold" : 0.5101,
      "raise3x" : 0.3619
    },
    "A8s" : {
      "call" : 0.28399999999999997,
      "raise3x" : 0.71599999999999997
    },
    "A9s" : {
      "call" : 0.2379,
      "raise3x" : 0.7621
    },
    "AA" : {
      "raise3x" : 1
    },
    "AJo" : {
      "call" : 0.246,
      "raise3x" : 0.754
    },
    "AJs" : {
      "call" : 1
    },
    "AKo" : {
      "call" : 0.14399999999999999,
      "raise3x" : 0.85599999999999998
    },
    "AKs" : {
      "raise3x" : 1
    },
    "AQo" : {
      "call" : 0.30599999999999999,
      "raise3x" : 0.69399999999999995
    },
    "AQs" : {
      "call" : 1
    },
    "ATo" : {
      "fold" : 0.70809999999999995,
      "raise3x" : 0.29189999999999999
    },
    "ATs" : {
      "call" : 0.78600000000000003,
      "raise3x" : 0.214
    },
    "JJ" : {
      "call" : 0.33389999999999997,
      "raise3x" : 0.66610000000000003
    },
    "JTs" : {
      "call" : 0.60999999999999999,
      "raise3x" : 0.39000000000000001
    },
    "K9s" : {
      "call" : 0.071900000000000006,
      "raise3x" : 0.92810000000000004
    },
    "KJo" : {
      "fold" : 0.78810000000000002,
      "raise3x" : 0.21190000000000001
    },
    "KJs" : {
      "call" : 0.60399999999999998,
      "raise3x" : 0.39600000000000002
    },
    "KK" : {
      "raise3x" : 1
    },
    "KQo" : {
      "call" : 0.35399999999999998,
      "fold" : 0.043799999999999999,
      "raise3x" : 0.60219999999999996
    },
    "KQs" : {
      "call" : 1
    },
    "KTs" : {
      "call" : 0.41599999999999998,
      "raise3x" : 0.58399999999999996
    },
    "QJs" : {
      "call" : 0.45789999999999997,
      "raise3x" : 0.54210000000000003
    },
    "QQ" : {
      "raise3x" : 1
    },
    "QTs" : {
      "call" : 0.86199999999999999,
      "raise3x" : 0.13800000000000001
    },
    "T9s" : {
      "call" : 0.51800000000000002,
      "fold" : 0.48199999999999998
    },
    "TT" : {
      "call" : 0.45000000000000001,
      "raise3x" : 0.55000000000000004
    }
  },
  "id" : "mtt_8max_50bb_hj_vsopen_vs_utg1",
  "source" : {
    "description" : "RangeConverter free PDF — 8-max 50bb 1bb ante (12.5%).",
    "publisher" : {
      "accessedDate" : "2026-06-01",
      "name" : "RangeConverter",
      "product" : "Free Poker Charts — 8 max 1bb ante MTT GTO Ranges",
      "treeParams" : "poker.academy CE-Symmetric Regular @ 50bb (GTO ChipEV, 1bb ante)",
      "url" : "https:\/\/rangeconverter.com\/free-poker-charts"
    },
    "solver" : {
      "assumptions" : "Frequencies rounded to nearest 25% per source. ChipEV (non-ICM). 1bb (12.5%) big-blind ante."
    },
    "type" : "published"
  },
  "spot" : {
    "anteType" : "bigBlindAnte",
    "facingAction" : "vsOpen",
    "opponentPosition" : "UTG1",
    "position" : "HJ",
    "stackDepthBB" : 50
  }
}