{
  "format" : "NLHE_MTT_8MAX",
  "hands" : {
    "22" : {
      "shove" : 1
    },
    "33" : {
      "shove" : 1
    },
    "44" : {
      "shove" : 1
    },
    "55" : {
      "raise25x" : 1
    },
    "65s" : {
      "fold" : 0.059799999999999999,
      "raise25x" : 0.94020000000000004
    },
    "66" : {
      "raise25x" : 1
    },
    "75s" : {
      "fold" : 0.28489999999999999,
      "raise25x" : 0.71509999999999996
    },
    "76s" : {
      "raise25x" : 1
    },
    "77" : {
      "raise25x" : 1
    },
    "86s" : {
      "raise25x" : 1
    },
    "87s" : {
      "raise25x" : 1
    },
    "88" : {
      "raise25x" : 1
    },
    "96s" : {
      "fold" : 0.53500000000000003,
      "raise25x" : 0.46500000000000002
    },
    "97s" : {
      "raise25x" : 1
    },
    "98s" : {
      "raise25x" : 1
    },
    "99" : {
      "raise25x" : 1
    },
    "A2o" : {
      "fold" : 0.50509999999999999,
      "raise25x" : 0.49490000000000001
    },
    "A2s" : {
      "shove" : 1
    },
    "A3o" : {
      "raise25x" : 1
    },
    "A3s" : {
      "shove" : 1
    },
    "A4o" : {
      "raise25x" : 1
    },
    "A4s" : {
      "shove" : 1
    },
    "A5o" : {
      "raise25x" : 1
    },
    "A5s" : {
      "shove" : 1
    },
    "A6o" : {
      "raise25x" : 1
    },
    "A6s" : {
      "raise25x" : 1
    },
    "A7o" : {
      "raise25x" : 0.34489999999999998,
      "shove" : 0.65510000000000002
    },
    "A7s" : {
      "raise25x" : 1
    },
    "A8o" : {
      "raise25x" : 0.1099,
      "shove" : 0.8901
    },
    "A8s" : {
      "raise25x" : 1
    },
    "A9o" : {
      "raise25x" : 0.46999999999999997,
      "shove" : 0.53000000000000003
    },
    "A9s" : {
      "raise25x" : 1
    },
    "AA" : {
      "raise25x" : 1
    },
    "AJo" : {
      "raise25x" : 1
    },
    "AJs" : {
      "raise25x" : 1
    },
    "AKo" : {
      "raise25x" : 1
    },
    "AKs" : {
      "raise25x" : 1
    },
    "AQo" : {
      "raise25x" : 1
    },
    "AQs" : {
      "raise25x" : 1
    },
    "ATo" : {
      "raise25x" : 1
    },
    "ATs" : {
      "raise25x" : 1
    },
    "J5s" : {
      "raise25x" : 1
    },
    "J6s" : {
      "raise25x" : 1
    },
    "J7s" : {
      "raise25x" : 1
    },
    "J8o" : {
      "fold" : 0.73509999999999998,
      "raise25x" : 0.26490000000000002
    },
    "J8s" : {
      "raise25x" : 1
    },
    "J9o" : {
      "raise25x" : 1
    },
    "J9s" : {
      "raise25x" : 1
    },
    "JJ" : {
      "raise25x" : 1
    },
    "JTo" : {
      "raise25x" : 1
    },
    "JTs" : {
      "shove" : 1
    },
    "K3s" : {
      "raise25x" : 1
    },
    "K4s" : {
      "raise25x" : 1
    },
    "K5s" : {
      "raise25x" : 1
    },
    "K6s" : {
      "raise25x" : 1
    },
    "K7s" : {
      "raise25x" : 1
    },
    "K8o" : {
      "raise25x" : 1
    },
    "K8s" : {
      "raise25x" : 1
    },
    "K9o" : {
      "raise25x" : 1
    },
    "K9s" : {
      "raise25x" : 1
    },
    "KJo" : {
      "raise25x" : 0.68000000000000005,
      "shove" : 0.32000000000000001
    },
    "KJs" : {
      "raise25x" : 1
    },
    "KK" : {
      "raise25x" : 1
    },
    "KQo" : {
      "raise25x" : 0.78500000000000003,
      "shove" : 0.215
    },
    "KQs" : {
      "raise25x" : 1
    },
    "KTo" : {
      "raise25x" : 1
    },
    "KTs" : {
      "raise25x" : 1
    },
    "Q4s" : {
      "raise25x" : 1
    },
    "Q5s" : {
      "raise25x" : 1
    },
    "Q6s" : {
      "raise25x" : 1
    },
    "Q7s" : {
      "raise25x" : 1
    },
    "Q8o" : {
      "fold" : 0.53500000000000003,
      "raise25x" : 0.46500000000000002
    },
    "Q8s" : {
      "raise25x" : 1
    },
    "Q9o" : {
      "raise25x" : 1
    },
    "Q9s" : {
      "raise25x" : 1
    },
    "QJo" : {
      "raise25x" : 1
    },
    "QJs" : {
      "raise25x" : 1
    },
    "QQ" : {
      "raise25x" : 1
    },
    "QTo" : {
      "raise25x" : 1
    },
    "QTs" : {
      "raise25x" : 0.47999999999999998,
      "shove" : 0.52000000000000002
    },
    "T6s" : {
      "raise25x" : 1
    },
    "T7s" : {
      "raise25x" : 1
    },
    "T8o" : {
      "fold" : 0.56989999999999996,
      "raise25x" : 0.43009999999999998
    },
    "T8s" : {
      "raise25x" : 1
    },
    "T9o" : {
      "raise25x" : 1
    },
    "T9s" : {
      "raise25x" : 1
    },
    "TT" : {
      "raise25x" : 1
    }
  },
  "id" : "mtt_8max_20bb_btn_unopened",
  "source" : {
    "description" : "RangeConverter free PDF — 8-max 20bb 1bb ante (12.5%).",
    "publisher" : {
      "accessedDate" : "2026-06-01",
      "name" : "RangeConverter",
      "product" : "Free Poker Charts — 8 max 1bb ante MTT GTO Ranges",
      "treeParams" : "poker.academy CE-Symmetric Regular @ 20bb (GTO ChipEV, 1bb ante)",
      "url" : "https:\/\/rangeconverter.com\/free-poker-charts"
    },
    "solver" : {
      "assumptions" : "Frequencies rounded to nearest 25% per source. ChipEV (non-ICM). 1bb (12.5%) big-blind ante."
    },
    "type" : "published"
  },
  "spot" : {
    "anteType" : "bigBlindAnte",
    "facingAction" : "unopened",
    "position" : "BTN",
    "stackDepthBB" : 20
  }
}