{
  "format" : "NLHE_MTT_8MAX",
  "hands" : {
    "44" : {
      "call" : 0.097900000000000001,
      "fold" : 0.90210000000000001
    },
    "55" : {
      "call" : 0.48599999999999999,
      "fold" : 0.51400000000000001
    },
    "66" : {
      "call" : 0.96799999999999997,
      "fold" : 0.032000000000000001
    },
    "76s" : {
      "call" : 0.40810000000000002,
      "fold" : 0.59189999999999998
    },
    "77" : {
      "call" : 1
    },
    "87s" : {
      "call" : 0.186,
      "fold" : 0.81399999999999995
    },
    "88" : {
      "call" : 1
    },
    "99" : {
      "call" : 1
    },
    "A2s" : {
      "call" : 0.12790000000000001,
      "fold" : 0.87209999999999999
    },
    "A3s" : {
      "call" : 1
    },
    "A4s" : {
      "call" : 0.75209999999999999,
      "shove" : 0.24790000000000001
    },
    "A5s" : {
      "call" : 1
    },
    "A6s" : {
      "call" : 0.85809999999999997,
      "fold" : 0.1419
    },
    "A7s" : {
      "call" : 1
    },
    "A8s" : {
      "call" : 1
    },
    "A9s" : {
      "call" : 1
    },
    "AA" : {
      "call" : 1
    },
    "AJo" : {
      "call" : 0.64290000000000003,
      "fold" : 0.1236,
      "shove" : 0.23350000000000001
    },
    "AJs" : {
      "call" : 1
    },
    "AKo" : {
      "shove" : 1
    },
    "AKs" : {
      "call" : 0.099900000000000003,
      "shove" : 0.90010000000000001
    },
    "AQo" : {
      "call" : 1
    },
    "AQs" : {
      "call" : 1
    },
    "ATs" : {
      "call" : 1
    },
    "J9s" : {
      "call" : 1
    },
    "JJ" : {
      "call" : 0.73409999999999997,
      "shove" : 0.26590000000000003
    },
    "JTs" : {
      "call" : 1
    },
    "K6s" : {
      "call" : 0.42199999999999999,
      "fold" : 0.57799999999999996
    },
    "K8s" : {
      "call" : 0.502,
      "fold" : 0.498
    },
    "K9s" : {
      "call" : 1
    },
    "KJo" : {
      "call" : 0.51800000000000002,
      "fold" : 0.48199999999999998
    },
    "KJs" : {
      "call" : 1
    },
    "KK" : {
      "call" : 0.90210000000000001,
      "shove" : 0.097900000000000001
    },
    "KQo" : {
      "call" : 0.91210000000000002,
      "fold" : 0.087900000000000006
    },
    "KQs" : {
      "call" : 1
    },
    "KTs" : {
      "call" : 1
    },
    "QJs" : {
      "call" : 1
    },
    "QQ" : {
      "call" : 0.27989999999999998,
      "shove" : 0.72009999999999996
    },
    "QTs" : {
      "call" : 1
    },
    "T8s" : {
      "call" : 0.90210000000000001,
      "fold" : 0.097900000000000001
    },
    "T9s" : {
      "call" : 1
    },
    "TT" : {
      "call" : 1
    }
  },
  "id" : "mtt_8max_50bb_hj_vs3bet_vs_bb",
  "source" : {
    "description" : "RangeConverter free PDF — 8-max 50bb 1bb ante (12.5%).",
    "publisher" : {
      "accessedDate" : "2026-06-01",
      "name" : "RangeConverter",
      "product" : "Free Poker Charts — 8 max 1bb ante MTT GTO Ranges",
      "treeParams" : "poker.academy CE-Symmetric Regular @ 50bb (GTO ChipEV, 1bb ante)",
      "url" : "https:\/\/rangeconverter.com\/free-poker-charts"
    },
    "solver" : {
      "assumptions" : "Frequencies rounded to nearest 25% per source. ChipEV (non-ICM). 1bb (12.5%) big-blind ante."
    },
    "type" : "published"
  },
  "spot" : {
    "anteType" : "bigBlindAnte",
    "facingAction" : "vs3Bet",
    "opponentPosition" : "BB",
    "position" : "HJ",
    "stackDepthBB" : 50
  }
}