{
  "format" : "NLHE_MTT_8MAX",
  "hands" : {
    "22" : {
      "call" : 1
    },
    "33" : {
      "call" : 1
    },
    "44" : {
      "call" : 1
    },
    "54s" : {
      "call" : 1
    },
    "55" : {
      "call" : 1
    },
    "65s" : {
      "call" : 1
    },
    "66" : {
      "call" : 1
    },
    "76s" : {
      "call" : 1
    },
    "77" : {
      "call" : 0.78000000000000003,
      "raise3x" : 0.22
    },
    "86s" : {
      "call" : 0.22,
      "fold" : 0.78000000000000003
    },
    "87s" : {
      "call" : 0.98999999999999999,
      "raise3x" : 0.01
    },
    "88" : {
      "call" : 0.53500000000000003,
      "raise3x" : 0.46500000000000002
    },
    "97s" : {
      "call" : 0.30499999999999999,
      "fold" : 0.69499999999999995
    },
    "98s" : {
      "call" : 0.87009999999999998,
      "raise3x" : 0.12989999999999999
    },
    "99" : {
      "call" : 0.069800000000000001,
      "raise3x" : 0.48010000000000003,
      "shove" : 0.4501
    },
    "A2s" : {
      "call" : 0.62009999999999998,
      "raise3x" : 0.37990000000000002
    },
    "A3s" : {
      "call" : 1
    },
    "A4s" : {
      "call" : 0.71160000000000001,
      "raise3x" : 0.079600000000000004,
      "shove" : 0.20880000000000001
    },
    "A5s" : {
      "call" : 0.68000000000000005,
      "raise3x" : 0.32000000000000001
    },
    "A6s" : {
      "call" : 0.70999999999999996,
      "raise3x" : 0.28999999999999998
    },
    "A7s" : {
      "call" : 0.4899,
      "raise3x" : 0.5101
    },
    "A8s" : {
      "call" : 0.89510000000000001,
      "raise3x" : 0.10489999999999999
    },
    "A9o" : {
      "fold" : 0.58009999999999995,
      "raise3x" : 0.4199
    },
    "A9s" : {
      "call" : 1
    },
    "AA" : {
      "raise3x" : 1
    },
    "AJo" : {
      "call" : 0.375,
      "raise3x" : 0.625
    },
    "AJs" : {
      "call" : 1
    },
    "AKo" : {
      "raise3x" : 0.55989999999999995,
      "shove" : 0.44009999999999999
    },
    "AKs" : {
      "raise3x" : 1
    },
    "AQo" : {
      "raise3x" : 0.55989999999999995,
      "shove" : 0.44009999999999999
    },
    "AQs" : {
      "raise3x" : 1
    },
    "ATo" : {
      "call" : 0.5,
      "raise3x" : 0.5
    },
    "ATs" : {
      "call" : 1
    },
    "J8s" : {
      "call" : 0.15079999999999999,
      "fold" : 0.84919999999999995
    },
    "J9s" : {
      "call" : 0.76000000000000001,
      "raise3x" : 0.23999999999999999
    },
    "JJ" : {
      "raise3x" : 1
    },
    "JTs" : {
      "call" : 1
    },
    "K6s" : {
      "call" : 0.55989999999999995,
      "fold" : 0.44009999999999999
    },
    "K7s" : {
      "call" : 0.81510000000000005,
      "raise3x" : 0.18490000000000001
    },
    "K8s" : {
      "call" : 1
    },
    "K9s" : {
      "call" : 0.47499999999999998,
      "raise3x" : 0.52500000000000002
    },
    "KJo" : {
      "call" : 0.95009999999999994,
      "raise3x" : 0.0499
    },
    "KJs" : {
      "shove" : 1
    },
    "KK" : {
      "raise3x" : 1
    },
    "KQo" : {
      "call" : 0.72509999999999997,
      "raise3x" : 0.27489999999999998
    },
    "KQs" : {
      "call" : 0.8901,
      "raise3x" : 0.1099
    },
    "KTo" : {
      "fold" : 0.40989999999999999,
      "raise3x" : 0.59009999999999996
    },
    "KTs" : {
      "call" : 0.98009999999999997,
      "shove" : 0.019900000000000001
    },
    "Q8s" : {
      "call" : 0.625,
      "raise3x" : 0.375
    },
    "Q9s" : {
      "call" : 0.81010000000000004,
      "raise3x" : 0.18990000000000001
    },
    "QJo" : {
      "call" : 0.46739999999999998,
      "fold" : 0.26629999999999998,
      "raise3x" : 0.26629999999999998
    },
    "QJs" : {
      "call" : 0.39500000000000002,
      "shove" : 0.60499999999999998
    },
    "QQ" : {
      "raise3x" : 1
    },
    "QTo" : {
      "fold" : 0.98499999999999999,
      "raise3x" : 0.014999999999999999
    },
    "QTs" : {
      "call" : 1
    },
    "T8s" : {
      "call" : 0.90500000000000003,
      "raise3x" : 0.095000000000000001
    },
    "T9s" : {
      "call" : 0.70499999999999996,
      "raise3x" : 0.29499999999999998
    },
    "TT" : {
      "raise3x" : 0.74509999999999998,
      "shove" : 0.25490000000000002
    }
  },
  "id" : "mtt_8max_35bb_sb_vsopen_vs_lj",
  "source" : {
    "description" : "RangeConverter free PDF — 8-max 35bb 1bb ante (12.5%).",
    "publisher" : {
      "accessedDate" : "2026-06-01",
      "name" : "RangeConverter",
      "product" : "Free Poker Charts — 8 max 1bb ante MTT GTO Ranges",
      "treeParams" : "poker.academy CE-Symmetric Regular @ 35bb (GTO ChipEV, 1bb ante)",
      "url" : "https:\/\/rangeconverter.com\/free-poker-charts"
    },
    "solver" : {
      "assumptions" : "Frequencies rounded to nearest 25% per source. ChipEV (non-ICM). 1bb (12.5%) big-blind ante."
    },
    "type" : "published"
  },
  "spot" : {
    "anteType" : "bigBlindAnte",
    "facingAction" : "vsOpen",
    "opponentPosition" : "LJ",
    "position" : "SB",
    "stackDepthBB" : 35
  }
}