{
  "format" : "NLHE_MTT_8MAX",
  "hands" : {
    "22" : {
      "call" : 1
    },
    "33" : {
      "call" : 1
    },
    "44" : {
      "call" : 1
    },
    "54s" : {
      "call" : 0.86199999999999999,
      "raise3x" : 0.13800000000000001
    },
    "55" : {
      "call" : 1
    },
    "65s" : {
      "call" : 0.66400000000000003,
      "raise3x" : 0.33600000000000002
    },
    "66" : {
      "call" : 1
    },
    "76s" : {
      "call" : 0.53000000000000003,
      "raise3x" : 0.46999999999999997
    },
    "77" : {
      "call" : 1
    },
    "86s" : {
      "call" : 0.20979999999999999,
      "fold" : 0.79020000000000001
    },
    "87s" : {
      "call" : 0.55810000000000004,
      "raise3x" : 0.44190000000000002
    },
    "88" : {
      "call" : 0.93210000000000004,
      "raise3x" : 0.067900000000000002
    },
    "97s" : {
      "call" : 0.5101,
      "fold" : 0.4899
    },
    "98s" : {
      "call" : 0.878,
      "raise3x" : 0.122
    },
    "99" : {
      "call" : 0.82210000000000005,
      "raise3x" : 0.1779
    },
    "A2s" : {
      "call" : 1
    },
    "A3s" : {
      "call" : 1
    },
    "A4s" : {
      "call" : 0.73009999999999997,
      "raise3x" : 0.26989999999999997
    },
    "A5s" : {
      "call" : 0.47599999999999998,
      "raise3x" : 0.52400000000000002
    },
    "A6s" : {
      "call" : 0.93210000000000004,
      "raise3x" : 0.067900000000000002
    },
    "A7s" : {
      "call" : 1
    },
    "A8s" : {
      "call" : 0.88800000000000001,
      "raise3x" : 0.112
    },
    "A9s" : {
      "call" : 0.57410000000000005,
      "raise3x" : 0.4259
    },
    "AA" : {
      "raise3x" : 1
    },
    "AJo" : {
      "call" : 1
    },
    "AJs" : {
      "call" : 0.013899999999999999,
      "raise3x" : 0.98609999999999998
    },
    "AKo" : {
      "call" : 0.13400000000000001,
      "raise3x" : 0.86599999999999999
    },
    "AKs" : {
      "raise3x" : 1
    },
    "AQo" : {
      "call" : 0.40989999999999999,
      "raise3x" : 0.59009999999999996
    },
    "AQs" : {
      "call" : 0.182,
      "raise3x" : 0.81799999999999995
    },
    "ATo" : {
      "call" : 0.98399999999999999,
      "raise3x" : 0.016
    },
    "ATs" : {
      "raise3x" : 1
    },
    "J8s" : {
      "call" : 0.37609999999999999,
      "fold" : 0.62390000000000001
    },
    "J9s" : {
      "call" : 0.79410000000000003,
      "raise3x" : 0.2059
    },
    "JJ" : {
      "call" : 0.17000000000000001,
      "raise3x" : 0.82999999999999996
    },
    "JTs" : {
      "call" : 0.73609999999999998,
      "raise3x" : 0.26390000000000002
    },
    "K5s" : {
      "call" : 0.60609999999999997,
      "fold" : 0.39389999999999997
    },
    "K6s" : {
      "call" : 0.84999999999999998,
      "raise3x" : 0.14999999999999999
    },
    "K7s" : {
      "call" : 0.68610000000000004,
      "fold" : 0.31390000000000001
    },
    "K8s" : {
      "call" : 1
    },
    "K9s" : {
      "call" : 0.73199999999999998,
      "raise3x" : 0.26800000000000002
    },
    "KJo" : {
      "call" : 0.96409999999999996,
      "fold" : 0.035900000000000001
    },
    "KJs" : {
      "raise3x" : 1
    },
    "KK" : {
      "raise3x" : 1
    },
    "KQo" : {
      "call" : 1
    },
    "KQs" : {
      "raise3x" : 1
    },
    "KTo" : {
      "call" : 0.188,
      "fold" : 0.81200000000000006
    },
    "KTs" : {
      "raise3x" : 1
    },
    "Q8s" : {
      "call" : 0.64200000000000002,
      "fold" : 0.35799999999999998
    },
    "Q9s" : {
      "call" : 1
    },
    "QJo" : {
      "call" : 0.36799999999999999,
      "fold" : 0.63200000000000001
    },
    "QJs" : {
      "raise3x" : 1
    },
    "QQ" : {
      "raise3x" : 1
    },
    "QTo" : {
      "call" : 0.027799999999999998,
      "fold" : 0.97219999999999995
    },
    "QTs" : {
      "call" : 0.84209999999999996,
      "raise3x" : 0.15790000000000001
    },
    "T8s" : {
      "call" : 0.90400000000000003,
      "raise3x" : 0.096000000000000002
    },
    "T9s" : {
      "call" : 0.57410000000000005,
      "raise3x" : 0.4259
    },
    "TT" : {
      "call" : 0.40600000000000003,
      "raise3x" : 0.59399999999999997
    }
  },
  "id" : "mtt_8max_70bb_sb_vsopen_vs_utg1",
  "source" : {
    "description" : "RangeConverter free PDF — 8-max 70bb 1bb ante (12.5%).",
    "publisher" : {
      "accessedDate" : "2026-06-01",
      "name" : "RangeConverter",
      "product" : "Free Poker Charts — 8 max 1bb ante MTT GTO Ranges",
      "treeParams" : "poker.academy CE-Symmetric Regular @ 70bb (GTO ChipEV, 1bb ante)",
      "url" : "https:\/\/rangeconverter.com\/free-poker-charts"
    },
    "solver" : {
      "assumptions" : "Frequencies rounded to nearest 25% per source. ChipEV (non-ICM). 1bb (12.5%) big-blind ante."
    },
    "type" : "published"
  },
  "spot" : {
    "anteType" : "bigBlindAnte",
    "facingAction" : "vsOpen",
    "opponentPosition" : "UTG1",
    "position" : "SB",
    "stackDepthBB" : 70
  }
}