{
  "format" : "NLHE_MTT_8MAX",
  "hands" : {
    "22" : {
      "fold" : 1
    },
    "32o" : {
      "fold" : 1
    },
    "32s" : {
      "fold" : 1
    },
    "33" : {
      "fold" : 0.99960000000000004
    },
    "42o" : {
      "fold" : 1
    },
    "42s" : {
      "fold" : 0.99990000000000001
    },
    "43o" : {
      "fold" : 1
    },
    "43s" : {
      "fold" : 0.99980000000000002
    },
    "44" : {
      "fold" : 0.12,
      "raise25x" : 0.88
    },
    "52o" : {
      "fold" : 1
    },
    "52s" : {
      "fold" : 0.99880000000000002,
      "raise25x" : 0.0011999999999999999
    },
    "53o" : {
      "fold" : 1
    },
    "53s" : {
      "fold" : 0.99980000000000002
    },
    "54o" : {
      "fold" : 1
    },
    "54s" : {
      "fold" : 0.99980000000000002
    },
    "55" : {
      "fold" : 0.0089999999999999993,
      "raise25x" : 0.99099999999999999
    },
    "62o" : {
      "fold" : 1
    },
    "62s" : {
      "fold" : 1
    },
    "63o" : {
      "fold" : 1
    },
    "63s" : {
      "fold" : 1
    },
    "64o" : {
      "fold" : 1
    },
    "64s" : {
      "fold" : 1
    },
    "65o" : {
      "fold" : 1
    },
    "65s" : {
      "fold" : 1
    },
    "66" : {
      "raise25x" : 0.99980000000000002
    },
    "72o" : {
      "fold" : 1
    },
    "72s" : {
      "fold" : 1
    },
    "73o" : {
      "fold" : 1
    },
    "73s" : {
      "fold" : 1
    },
    "74o" : {
      "fold" : 1
    },
    "74s" : {
      "fold" : 0.99990000000000001
    },
    "75o" : {
      "fold" : 1
    },
    "75s" : {
      "fold" : 0.99980000000000002
    },
    "76o" : {
      "fold" : 1
    },
    "76s" : {
      "fold" : 0.99990000000000001
    },
    "77" : {
      "raise25x" : 1
    },
    "82o" : {
      "fold" : 1
    },
    "82s" : {
      "fold" : 1
    },
    "83o" : {
      "fold" : 1
    },
    "83s" : {
      "fold" : 1
    },
    "84o" : {
      "fold" : 1
    },
    "84s" : {
      "fold" : 1
    },
    "85o" : {
      "fold" : 1
    },
    "85s" : {
      "fold" : 1
    },
    "86o" : {
      "fold" : 1
    },
    "86s" : {
      "fold" : 0.999
    },
    "87o" : {
      "fold" : 1
    },
    "87s" : {
      "fold" : 0.99180000000000001,
      "raise25x" : 0.0082000000000000007
    },
    "88" : {
      "raise25x" : 1
    },
    "92o" : {
      "fold" : 1
    },
    "92s" : {
      "fold" : 1
    },
    "93o" : {
      "fold" : 1
    },
    "93s" : {
      "fold" : 1
    },
    "94o" : {
      "fold" : 1
    },
    "94s" : {
      "fold" : 1
    },
    "95o" : {
      "fold" : 1
    },
    "95s" : {
      "fold" : 1
    },
    "96o" : {
      "fold" : 1
    },
    "96s" : {
      "fold" : 0.99990000000000001
    },
    "97o" : {
      "fold" : 0.99980000000000002
    },
    "97s" : {
      "fold" : 1
    },
    "98o" : {
      "fold" : 1
    },
    "98s" : {
      "fold" : 0.26950000000000002,
      "raise25x" : 0.73050000000000004
    },
    "99" : {
      "raise25x" : 1
    },
    "A2o" : {
      "fold" : 0.036700000000000003,
      "raise25x" : 0.96330000000000005
    },
    "A2s" : {
      "fold" : 0.021100000000000001,
      "raise25x" : 0.97889999999999999
    },
    "A3o" : {
      "fold" : 0.051700000000000003,
      "raise25x" : 0.94830000000000003
    },
    "A3s" : {
      "fold" : 0.038899999999999997,
      "raise25x" : 0.96109999999999995
    },
    "A4o" : {
      "fold" : 0.023900000000000001,
      "raise25x" : 0.97609999999999997
    },
    "A4s" : {
      "fold" : 0.036999999999999998,
      "raise25x" : 0.96299999999999997
    },
    "A5o" : {
      "fold" : 0.0094000000000000004,
      "raise25x" : 0.99060000000000004
    },
    "A5s" : {
      "fold" : 0.019,
      "raise25x" : 0.98099999999999998
    },
    "A6o" : {
      "fold" : 0.031699999999999999,
      "raise25x" : 0.96830000000000005
    },
    "A6s" : {
      "fold" : 0.0504,
      "raise25x" : 0.9496
    },
    "A7o" : {
      "fold" : 0.025600000000000001,
      "raise25x" : 0.97440000000000004
    },
    "A7s" : {
      "fold" : 0.0064000000000000003,
      "raise25x" : 0.99360000000000004
    },
    "A8o" : {
      "raise25x" : 0.99980000000000002
    },
    "A8s" : {
      "fold" : 0.010999999999999999,
      "raise25x" : 0.98899999999999999
    },
    "A9o" : {
      "raise25x" : 1
    },
    "A9s" : {
      "raise25x" : 0.999
    },
    "AA" : {
      "raise25x" : 1
    },
    "AJo" : {
      "raise25x" : 1
    },
    "AJs" : {
      "raise25x" : 1
    },
    "AKo" : {
      "raise25x" : 1
    },
    "AKs" : {
      "raise25x" : 1
    },
    "AQo" : {
      "raise25x" : 1
    },
    "AQs" : {
      "raise25x" : 1
    },
    "ATo" : {
      "raise25x" : 1
    },
    "ATs" : {
      "raise25x" : 1
    },
    "J2o" : {
      "fold" : 1
    },
    "J2s" : {
      "fold" : 0.99980000000000002
    },
    "J3o" : {
      "fold" : 1
    },
    "J3s" : {
      "fold" : 0.99950000000000006
    },
    "J4o" : {
      "fold" : 1
    },
    "J4s" : {
      "fold" : 1
    },
    "J5o" : {
      "fold" : 1
    },
    "J5s" : {
      "fold" : 1
    },
    "J6o" : {
      "fold" : 1
    },
    "J6s" : {
      "fold" : 0.99970000000000003
    },
    "J7o" : {
      "fold" : 1
    },
    "J7s" : {
      "fold" : 0.98419999999999996,
      "raise25x" : 0.015800000000000002
    },
    "J8o" : {
      "fold" : 0.98670000000000002,
      "raise25x" : 0.013299999999999999
    },
    "J8s" : {
      "fold" : 0.85250000000000004,
      "raise25x" : 0.14749999999999999
    },
    "J9o" : {
      "fold" : 0.99309999999999998,
      "raise25x" : 0.0068999999999999999
    },
    "J9s" : {
      "fold" : 0.062,
      "raise25x" : 0.93799999999999994
    },
    "JJ" : {
      "raise25x" : 1
    },
    "JTo" : {
      "fold" : 0.073800000000000004,
      "raise25x" : 0.92620000000000002
    },
    "JTs" : {
      "fold" : 0.0033999999999999998,
      "raise25x" : 0.99660000000000004
    },
    "K2o" : {
      "fold" : 1
    },
    "K2s" : {
      "fold" : 0.77049999999999996,
      "raise25x" : 0.22950000000000001
    },
    "K3o" : {
      "fold" : 0.99990000000000001
    },
    "K3s" : {
      "fold" : 0.97629999999999995,
      "raise25x" : 0.023699999999999999
    },
    "K4o" : {
      "fold" : 1
    },
    "K4s" : {
      "fold" : 0.4753,
      "raise25x" : 0.52470000000000006
    },
    "K5o" : {
      "fold" : 0.9173,
      "raise25x" : 0.082699999999999996
    },
    "K5s" : {
      "fold" : 0.26490000000000002,
      "raise25x" : 0.73509999999999998
    },
    "K6o" : {
      "fold" : 1
    },
    "K6s" : {
      "fold" : 0.092100000000000001,
      "raise25x" : 0.90790000000000004
    },
    "K7o" : {
      "fold" : 0.3327,
      "raise25x" : 0.6673
    },
    "K7s" : {
      "fold" : 0.060600000000000001,
      "raise25x" : 0.93940000000000001
    },
    "K8o" : {
      "fold" : 0.2145,
      "raise25x" : 0.78549999999999998
    },
    "K8s" : {
      "fold" : 0.0030000000000000001,
      "raise25x" : 0.997
    },
    "K9o" : {
      "fold" : 0.031699999999999999,
      "raise25x" : 0.96830000000000005
    },
    "K9s" : {
      "fold" : 0.061800000000000001,
      "raise25x" : 0.93820000000000003
    },
    "KJo" : {
      "raise25x" : 0.99929999999999997
    },
    "KJs" : {
      "raise25x" : 0.99990000000000001
    },
    "KK" : {
      "raise25x" : 1
    },
    "KQo" : {
      "raise25x" : 0.99980000000000002
    },
    "KQs" : {
      "raise25x" : 1
    },
    "KTo" : {
      "fold" : 0.0074000000000000003,
      "raise25x" : 0.99260000000000004
    },
    "KTs" : {
      "raise25x" : 0.99990000000000001
    },
    "Q2o" : {
      "fold" : 1
    },
    "Q2s" : {
      "fold" : 0.99960000000000004
    },
    "Q3o" : {
      "fold" : 1
    },
    "Q3s" : {
      "fold" : 0.99950000000000006
    },
    "Q4o" : {
      "fold" : 1
    },
    "Q4s" : {
      "fold" : 0.99990000000000001
    },
    "Q5o" : {
      "fold" : 1
    },
    "Q5s" : {
      "fold" : 0.81040000000000001,
      "raise25x" : 0.18959999999999999
    },