{
  "format" : "NLHE_MTT_8MAX",
  "hands" : {
    "65s" : {
      "call" : 0.82899999999999996,
      "fold" : 0.17100000000000001
    },
    "66" : {
      "call" : 0.70509999999999995,
      "fold" : 0.2949
    },
    "76s" : {
      "call" : 1
    },
    "77" : {
      "call" : 0.46999999999999997,
      "fold" : 0.53000000000000003
    },
    "88" : {
      "call" : 0.68500000000000005,
      "fold" : 0.315
    },
    "99" : {
      "call" : 1
    },
    "A4s" : {
      "call" : 0.3115,
      "fold" : 0.6885
    },
    "A5s" : {
      "call" : 0.98009999999999997,
      "fold" : 0.019900000000000001
    },
    "A8s" : {
      "call" : 0.12989999999999999,
      "fold" : 0.87009999999999998
    },
    "A9s" : {
      "call" : 1
    },
    "AA" : {
      "call" : 1
    },
    "AJo" : {
      "call" : 0.20979999999999999,
      "fold" : 0.79020000000000001
    },
    "AJs" : {
      "call" : 1
    },
    "AKo" : {
      "shove" : 1
    },
    "AKs" : {
      "call" : 0.11990000000000001,
      "shove" : 0.88009999999999999
    },
    "AQo" : {
      "call" : 0.94020000000000004,
      "shove" : 0.059799999999999999
    },
    "AQs" : {
      "call" : 1
    },
    "ATs" : {
      "call" : 1
    },
    "JJ" : {
      "call" : 0.70499999999999996,
      "shove" : 0.29499999999999998
    },
    "KJs" : {
      "call" : 1
    },
    "KK" : {
      "call" : 0.57509999999999994,
      "shove" : 0.4249
    },
    "KQo" : {
      "call" : 0.28999999999999998,
      "fold" : 0.70999999999999996
    },
    "KQs" : {
      "call" : 1
    },
    "KTs" : {
      "call" : 1
    },
    "QJs" : {
      "call" : 1
    },
    "QQ" : {
      "call" : 0.18490000000000001,
      "shove" : 0.81510000000000005
    },
    "QTs" : {
      "call" : 0.17000000000000001,
      "fold" : 0.82999999999999996
    },
    "TT" : {
      "call" : 1
    }
  },
  "id" : "mtt_8max_35bb_utg_vs3bet_vs_bb",
  "source" : {
    "description" : "RangeConverter free PDF — 8-max 35bb 1bb ante (12.5%).",
    "publisher" : {
      "accessedDate" : "2026-06-01",
      "name" : "RangeConverter",
      "product" : "Free Poker Charts — 8 max 1bb ante MTT GTO Ranges",
      "treeParams" : "poker.academy CE-Symmetric Regular @ 35bb (GTO ChipEV, 1bb ante)",
      "url" : "https:\/\/rangeconverter.com\/free-poker-charts"
    },
    "solver" : {
      "assumptions" : "Frequencies rounded to nearest 25% per source. ChipEV (non-ICM). 1bb (12.5%) big-blind ante."
    },
    "type" : "published"
  },
  "spot" : {
    "anteType" : "bigBlindAnte",
    "facingAction" : "vs3Bet",
    "opponentPosition" : "BB",
    "position" : "UTG",
    "stackDepthBB" : 35
  }
}