{
  "format" : "NLHE_MTT_8MAX",
  "hands" : {
    "22" : {
      "shove" : 1
    },
    "33" : {
      "shove" : 1
    },
    "44" : {
      "shove" : 1
    },
    "54s" : {
      "call" : 1
    },
    "55" : {
      "shove" : 1
    },
    "65s" : {
      "call" : 1
    },
    "66" : {
      "call" : 0.49320000000000003,
      "shove" : 0.50680000000000003
    },
    "76s" : {
      "call" : 1
    },
    "77" : {
      "call" : 0.70879999999999999,
      "shove" : 0.29120000000000001
    },
    "86s" : {
      "call" : 1
    },
    "87s" : {
      "call" : 1
    },
    "88" : {
      "call" : 1
    },
    "98s" : {
      "call" : 1
    },
    "99" : {
      "call" : 1
    },
    "A3s" : {
      "call" : 1
    },
    "A4s" : {
      "call" : 1
    },
    "A5s" : {
      "call" : 0.84899999999999998,
      "shove" : 0.151
    },
    "A6s" : {
      "call" : 1
    },
    "A7s" : {
      "call" : 1
    },
    "A8s" : {
      "call" : 1
    },
    "A9s" : {
      "call" : 1
    },
    "AA" : {
      "call" : 1
    },
    "AJo" : {
      "call" : 0.82079999999999997,
      "shove" : 0.1792
    },
    "AJs" : {
      "call" : 0.52080000000000004,
      "shove" : 0.47920000000000001
    },
    "AKo" : {
      "shove" : 1
    },
    "AKs" : {
      "shove" : 1
    },
    "AQo" : {
      "shove" : 1
    },
    "AQs" : {
      "shove" : 1
    },
    "ATo" : {
      "call" : 1
    },
    "ATs" : {
      "call" : 1
    },
    "J9s" : {
      "call" : 1
    },
    "JJ" : {
      "call" : 0.44769999999999999,
      "shove" : 0.55230000000000001
    },
    "JTs" : {
      "call" : 1
    },
    "K7s" : {
      "call" : 1
    },
    "K8s" : {
      "call" : 1
    },
    "K9s" : {
      "call" : 1
    },
    "KJo" : {
      "call" : 1
    },
    "KJs" : {
      "call" : 1
    },
    "KK" : {
      "shove" : 1
    },
    "KQo" : {
      "call" : 1
    },
    "KQs" : {
      "call" : 0.2868,
      "shove" : 0.71319999999999995
    },
    "KTo" : {
      "call" : 1
    },
    "KTs" : {
      "call" : 0.79600000000000004,
      "shove" : 0.20399999999999999
    },
    "Q9s" : {
      "call" : 1
    },
    "QJo" : {
      "call" : 1
    },
    "QJs" : {
      "call" : 1
    },
    "QQ" : {
      "shove" : 1
    },
    "QTs" : {
      "call" : 1
    },
    "T8s" : {
      "call" : 1
    },
    "T9s" : {
      "call" : 1
    },
    "TT" : {
      "call" : 1
    }
  },
  "id" : "mtt_8max_50bb_sb_vs3bet",
  "source" : {
    "description" : "RangeConverter free PDF — 8-max 50bb 1bb ante (12.5%).",
    "publisher" : {
      "accessedDate" : "2026-06-01",
      "name" : "RangeConverter",
      "product" : "Free Poker Charts — 8 max 1bb ante MTT GTO Ranges",
      "treeParams" : "poker.academy CE-Symmetric Regular @ 50bb (GTO ChipEV, 1bb ante)",
      "url" : "https:\/\/rangeconverter.com\/free-poker-charts"
    },
    "solver" : {
      "assumptions" : "Frequencies rounded to nearest 25% per source. ChipEV (non-ICM). 1bb (12.5%) big-blind ante."
    },
    "type" : "published"
  },
  "spot" : {
    "anteType" : "bigBlindAnte",
    "facingAction" : "vs3Bet",
    "position" : "SB",
    "stackDepthBB" : 50
  }
}