{
  "format" : "NLHE_MTT_9MAX",
  "hands" : {
    "22" : {
      "call" : 0.0083000000000000001,
      "fold" : 0.99119999999999997
    },
    "32o" : {
      "fold" : 1
    },
    "32s" : {
      "fold" : 0.99970000000000003
    },
    "33" : {
      "fold" : 0.99809999999999999
    },
    "42o" : {
      "fold" : 1
    },
    "42s" : {
      "fold" : 0.99929999999999997
    },
    "43o" : {
      "fold" : 1
    },
    "43s" : {
      "call" : 0.0036999999999999997,
      "fold" : 0.99450000000000005,
      "shove" : 0.0016999999999999997
    },
    "44" : {
      "call" : 0.0043,
      "fold" : 0.98409999999999997,
      "raise25x" : 0.0091000000000000004,
      "shove" : 0.0025000000000000001
    },
    "52o" : {
      "fold" : 1
    },
    "52s" : {
      "fold" : 0.99980000000000002
    },
    "53o" : {
      "fold" : 0.99990000000000001
    },
    "53s" : {
      "call" : 0.008199999999999999,
      "fold" : 0.99160000000000004
    },
    "54o" : {
      "fold" : 0.99990000000000001
    },
    "54s" : {
      "call" : 0.22570000000000001,
      "fold" : 0.7712,
      "shove" : 0.0023
    },
    "55" : {
      "call" : 0.016199999999999999,
      "fold" : 0.96719999999999995,
      "raise25x" : 0.0053,
      "shove" : 0.011300000000000001
    },
    "62o" : {
      "fold" : 1
    },
    "62s" : {
      "fold" : 0.99939999999999996
    },
    "63o" : {
      "fold" : 1
    },
    "63s" : {
      "fold" : 0.99880000000000002
    },
    "64o" : {
      "fold" : 0.99980000000000002
    },
    "64s" : {
      "fold" : 0.99990000000000001
    },
    "65o" : {
      "fold" : 1
    },
    "65s" : {
      "fold" : 0.99980000000000002
    },
    "66" : {
      "call" : 0.19489999999999999,
      "fold" : 0.77180000000000004,
      "raise25x" : 0.0298,
      "shove" : 0.0034999999999999996
    },
    "72o" : {
      "fold" : 0.99980000000000002
    },
    "72s" : {
      "fold" : 0.99980000000000002
    },
    "73o" : {
      "fold" : 1
    },
    "73s" : {
      "fold" : 0.99909999999999999
    },
    "74o" : {
      "fold" : 1
    },
    "74s" : {
      "fold" : 0.99970000000000003
    },
    "75o" : {
      "fold" : 0.99950000000000006
    },
    "75s" : {
      "call" : 0.0040999999999999995,
      "fold" : 0.99319999999999997,
      "raise25x" : 0.0018
    },
    "76o" : {
      "fold" : 0.99990000000000001
    },
    "76s" : {
      "call" : 0.063100000000000003,
      "fold" : 0.93359999999999999,
      "shove" : 0.0030000000000000001
    },
    "77" : {
      "call" : 0.96970000000000001,
      "fold" : 0.0019,
      "raise25x" : 0.0080999999999999996,
      "shove" : 0.020400000000000001
    },
    "82o" : {
      "fold" : 0.99990000000000001
    },
    "82s" : {
      "fold" : 0.99890000000000001
    },
    "83o" : {
      "fold" : 1
    },
    "83s" : {
      "fold" : 0.99870000000000003
    },
    "84o" : {
      "fold" : 0.999
    },
    "84s" : {
      "fold" : 0.99960000000000004
    },
    "85o" : {
      "fold" : 0.99990000000000001
    },
    "85s" : {
      "fold" : 0.99870000000000003
    },
    "86o" : {
      "fold" : 0.99960000000000004
    },
    "86s" : {
      "call" : 0.0332,
      "fold" : 0.96540000000000004,
      "shove" : 0.0014
    },
    "87o" : {
      "fold" : 0.99970000000000003
    },
    "87s" : {
      "fold" : 0.999
    },
    "88" : {
      "call" : 0.47770000000000001,
      "raise25x" : 0.50619999999999998,
      "shove" : 0.0161
    },
    "92o" : {
      "fold" : 1
    },
    "92s" : {
      "call" : 0.0063,
      "fold" : 0.99350000000000005
    },
    "93o" : {
      "fold" : 1
    },
    "93s" : {
      "fold" : 0.99980000000000002
    },
    "94o" : {
      "fold" : 0.99990000000000001
    },
    "94s" : {
      "call" : 0.026000000000000002,
      "fold" : 0.97209999999999996,
      "raise25x" : 0.0015
    },
    "95o" : {
      "fold" : 1
    },
    "95s" : {
      "call" : 0.0033999999999999994,
      "fold" : 0.99639999999999995
    },
    "96o" : {
      "fold" : 1
    },
    "96s" : {
      "call" : 0.0014,
      "fold" : 0.99639999999999995,
      "raise25x" : 0.0022000000000000001
    },
    "97o" : {
      "call" : 0.0015,
      "fold" : 0.99839999999999995
    },
    "97s" : {
      "call" : 0.0126,
      "fold" : 0.98519999999999996,
      "shove" : 0.0012000000000000001
    },
    "98o" : {
      "fold" : 0.99980000000000002
    },
    "98s" : {
      "call" : 0.0088000000000000005,
      "fold" : 0.98660000000000003,
      "raise25x" : 0.0028,
      "shove" : 0.0018
    },
    "99" : {
      "call" : 0.89100000000000001,
      "raise25x" : 0.040800000000000003,
      "shove" : 0.068200000000000011
    },
    "A2o" : {
      "call" : 0.0013000000000000002,
      "fold" : 0.99770000000000003
    },
    "A2s" : {
      "call" : 0.046600000000000003,
      "fold" : 0.95279999999999998
    },
    "A3o" : {
      "fold" : 0.99950000000000006
    },
    "A3s" : {
      "call" : 0.035200000000000002,
      "fold" : 0.95430000000000004,
      "raise25x" : 0.0011000000000000001,
      "shove" : 0.0094000000000000004
    },
    "A4o" : {
      "call" : 0.0011000000000000001,
      "fold" : 0.99850000000000005
    },
    "A4s" : {
      "call" : 0.0407,
      "fold" : 0.9486,
      "shove" : 0.0099000000000000008
    },
    "A5o" : {
      "call" : 0.0045999999999999999,
      "fold" : 0.99129999999999996,
      "raise25x" : 0.0040000000000000001
    },
    "A5s" : {
      "call" : 0.027300000000000001,
      "fold" : 0.9597,
      "shove" : 0.012199999999999999
    },
    "A6o" : {
      "call" : 0.0016999999999999997,
      "fold" : 0.99790000000000001
    },
    "A6s" : {
      "call" : 0.0080999999999999996,
      "fold" : 0.98440000000000005,
      "shove" : 0.0069999999999999993
    },
    "A7o" : {
      "call" : 0.0070999999999999995,
      "fold" : 0.99270000000000003
    },
    "A7s" : {
      "call" : 0.1477,
      "fold" : 0.83709999999999996,
      "raise25x" : 0.0012000000000000001,
      "shove" : 0.014
    },
    "A8o" : {
      "call" : 0.0023,
      "fold" : 0.99160000000000004,
      "raise25x" : 0.0052000000000000006
    },
    "A8s" : {
      "call" : 0.14280000000000001,
      "fold" : 0.78100000000000003,
      "raise25x" : 0.0040000000000000001,
      "shove" : 0.072300000000000003
    },
    "A9o" : {
      "call" : 0.053000000000000005,
      "fold" : 0.93869999999999998,
      "raise25x" : 0.0065000000000000006,
      "shove" : 0.0018
    },
    "A9s" : {
      "call" : 0.98750000000000004,
      "fold" : 0.0033,
      "raise25x" : 0.0028,
      "shove" : 0.0065000000000000006
    },
    "AA" : {
      "raise25x" : 0.98680000000000001,
      "shove" : 0.0132
    },
    "AJo" : {
      "call" : 0.60709999999999997,
      "fold" : 0.28100000000000003,
      "raise25x" : 0.1016,
      "shove" : 0.0103
    },
    "AJs" : {
      "call" : 0.62139999999999995,
      "raise25x" : 0.20349999999999999,
      "shove" : 0.17510000000000001
    },
    "AKo" : {
      "call" : 0.30630000000000002,
      "raise25x" : 0.2334,
      "shove" : 0.46029999999999999
    },
    "AKs" : {
      "call" : 0.058799999999999998,
      "raise25x" : 0.1188,
      "shove" : 0.82240000000000002
    },
    "AQo" : {
      "raise25x" : 0.97419999999999995,
      "shove" : 0.025700000000000001
    },
    "AQs" : {
      "call" : 0.85060000000000002,
      "raise25x" : 0.091900000000000009,
      "shove" : 0.057499999999999996
    },
    "ATo" : {
      "call" : 0.13189999999999999,
      "fold" : 0.8538,
      "raise25x" : 0.0060000000000000001,
      "shove" : 0.0083000000000000001
    },
    "ATs" : {
      "call" : 0.30109999999999998,
      "fold" : 0.0043,
      "raise25x" : 0.43469999999999998,
      "shove" : 0.25990000000000002
    },
    "J2o" : {
      "fold" : 0.99970000000000003
    },
    "J2s" : {
      "call" : 0.0048000000000000004,
      "fold" : 0.99509999999999998
    },
    "J3o" : {
      "fold" : 0.99990000000000001
    },
    "J3s" : {
      "fold" : 0.99760000000000004,