{
  "format" : "NLHE_MTT_8MAX",
  "hands" : {
    "22" : {
      "shove" : 1
    },
    "32s" : {
      "call" : 1
    },
    "33" : {
      "shove" : 1
    },
    "42s" : {
      "call" : 1
    },
    "43s" : {
      "call" : 1
    },
    "44" : {
      "shove" : 1
    },
    "52s" : {
      "call" : 1
    },
    "53s" : {
      "call" : 1
    },
    "54o" : {
      "call" : 1
    },
    "54s" : {
      "call" : 1
    },
    "55" : {
      "shove" : 1
    },
    "62s" : {
      "call" : 1
    },
    "63s" : {
      "call" : 1
    },
    "64s" : {
      "call" : 1
    },
    "65o" : {
      "call" : 0.52000000000000002,
      "fold" : 0.47999999999999998
    },
    "65s" : {
      "call" : 1
    },
    "66" : {
      "shove" : 1
    },
    "73s" : {
      "call" : 1
    },
    "74s" : {
      "call" : 1
    },
    "75s" : {
      "call" : 1
    },
    "76o" : {
      "call" : 0.97009999999999996,
      "fold" : 0.029899999999999999
    },
    "76s" : {
      "call" : 1
    },
    "77" : {
      "call" : 1
    },
    "82s" : {
      "call" : 0.82999999999999996,
      "fold" : 0.17000000000000001
    },
    "83s" : {
      "call" : 1
    },
    "84s" : {
      "call" : 1
    },
    "85s" : {
      "call" : 1
    },
    "86s" : {
      "call" : 1
    },
    "87o" : {
      "call" : 1
    },
    "87s" : {
      "call" : 1
    },
    "88" : {
      "call" : 1
    },
    "92s" : {
      "call" : 1
    },
    "93s" : {
      "call" : 1
    },
    "94s" : {
      "call" : 0.98009999999999997,
      "raise3x" : 0.019900000000000001
    },
    "95s" : {
      "call" : 1
    },
    "96s" : {
      "call" : 1
    },
    "97o" : {
      "call" : 0.98499999999999999,
      "raise3x" : 0.014999999999999999
    },
    "97s" : {
      "call" : 1
    },
    "98o" : {
      "call" : 1
    },
    "98s" : {
      "call" : 1
    },
    "99" : {
      "call" : 0.98999999999999999,
      "raise3x" : 0.01
    },
    "A2o" : {
      "shove" : 1
    },
    "A2s" : {
      "call" : 0.20000000000000001,
      "shove" : 0.80000000000000004
    },
    "A3o" : {
      "shove" : 1
    },
    "A3s" : {
      "call" : 1
    },
    "A4o" : {
      "call" : 0.13980000000000001,
      "shove" : 0.86019999999999996
    },
    "A4s" : {
      "call" : 1
    },
    "A5o" : {
      "call" : 1
    },
    "A5s" : {
      "call" : 1
    },
    "A6o" : {
      "call" : 0.4849,
      "shove" : 0.5151
    },
    "A6s" : {
      "call" : 1
    },
    "A7o" : {
      "call" : 0.63490000000000002,
      "shove" : 0.36509999999999998
    },
    "A7s" : {
      "call" : 1
    },
    "A8o" : {
      "call" : 0.23000000000000001,
      "shove" : 0.77000000000000002
    },
    "A8s" : {
      "call" : 1
    },
    "A9o" : {
      "shove" : 1
    },
    "A9s" : {
      "call" : 1
    },
    "AA" : {
      "call" : 0.98999999999999999,
      "raise3x" : 0.01
    },
    "AJo" : {
      "shove" : 1
    },
    "AJs" : {
      "shove" : 1
    },
    "AKo" : {
      "shove" : 1
    },
    "AKs" : {
      "raise3x" : 0.099900000000000003,
      "shove" : 0.90010000000000001
    },
    "AQo" : {
      "shove" : 1
    },
    "AQs" : {
      "raise3x" : 0.085000000000000006,
      "shove" : 0.91500000000000004
    },
    "ATo" : {
      "shove" : 1
    },
    "ATs" : {
      "call" : 0.84499999999999997,
      "shove" : 0.155
    },
    "J2s" : {
      "call" : 1
    },
    "J3s" : {
      "call" : 1
    },
    "J4s" : {
      "call" : 1
    },
    "J5s" : {
      "call" : 1
    },
    "J6s" : {
      "call" : 1
    },
    "J7o" : {
      "call" : 0.98999999999999999,
      "raise3x" : 0.01
    },
    "J7s" : {
      "call" : 1
    },
    "J8o" : {
      "call" : 1
    },
    "J8s" : {
      "call" : 1
    },
    "J9o" : {
      "call" : 1
    },
    "J9s" : {
      "call" : 1
    },
    "JJ" : {
      "call" : 0.94510000000000005,
      "raise3x" : 0.054899999999999997
    },
    "JTo" : {
      "call" : 1
    },
    "JTs" : {
      "call" : 1
    },
    "K2o" : {
      "call" : 0.41489999999999999,
      "raise3x" : 0.01,
      "shove" : 0.57509999999999994
    },
    "K2s" : {
      "call" : 1
    },
    "K3o" : {
      "call" : 0.49490000000000001,
      "shove" : 0.50509999999999999
    },
    "K3s" : {
      "call" : 1
    },
    "K4o" : {
      "call" : 1
    },
    "K4s" : {
      "call" : 1
    },
    "K5o" : {
      "call" : 1
    },
    "K5s" : {
      "call" : 1
    },
    "K6o" : {
      "call" : 1
    },
    "K6s" : {
      "call" : 1
    },
    "K7o" : {
      "call" : 1
    },
    "K7s" : {
      "call" : 1
    },
    "K8o" : {
      "call" : 0.98009999999999997,
      "raise3x" : 0.019900000000000001
    },
    "K8s" : {
      "call" : 1
    },
    "K9o" : {
      "call" : 1
    },
    "K9s" : {
      "call" : 1
    },
    "KJo" : {
      "call" : 1
    },
    "KJs" : {
      "call" : 1
    },
    "KK" : {
      "call" : 1
    },
    "KQo" : {
      "call" : 0.6784,
      "shove" : 0.3216
    },
    "KQs" : {
      "call" : 1
    },
    "KTo" : {
      "call" : 1
    },
    "KTs" : {
      "call" : 1
    },
    "Q2s" : {
      "call" : 1
    },
    "Q3o" : {
      "call" : 0.059799999999999999,
      "fold" : 0.93020000000000003,
      "raise3x" : 0.01
    },
    "Q3s" : {
      "call" : 1
    },
    "Q4o" : {
      "call" : 0.44230000000000003,
      "fold" : 0.55769999999999997
    },
    "Q4s" : {
      "call" : 1
    },
    "Q5o" : {
      "call" : 1
    },
    "Q5s" : {
      "call" : 1
    },
    "Q6o" : {
      "call" : 1
    },
    "Q6s" : {
      "call" : 1
    },
    "Q7o" : {
      "call" : 1
    },
    "Q7s" : {
      "call" : 1
    },
    "Q8o" : {
      "call" : 1
    },
    "Q8s" : {
      "call" : 1
    },
    "Q9o" : {
      "call" : 1
    },
    "Q9s" : {
      "call" : 1
    },
    "QJo" : {
      "call" : 1
    },
    "QJs" : {
      "call" : 1
    },
    "QQ" : {
      "call" : 0.98009999999999997,
      "raise3x" : 0.019900000000000001
    },
    "QTo" : {
      "call" : 1
    },
    "QTs" : {
      "call" : 1
    },
    "T2s" : {
      "call" : 1
    },
    "T3s" : {
      "call" : 1
    },
    "T4s" : {
      "call" : 1
    },
    "T5s" : {
      "call" : 1
    },
    "T6s" : {
      "call" : 1
    },
    "T7o" : {
      "call" : 1
    },
    "T7s" : {
      "call" : 1
    },
    "T8o" : {
      "call" : 1
    },
    "T8s" : {
      "call" : 1
    },
    "T9o" : {
      "call" : 1
    },
    "T9s" : {
      "call" : 1
    },
    "TT" : {
      "call" : 0.98999999999999999,
      "raise3x" : 0.01
    }
  },
  "id" : "mtt_8max_20bb_bb_vsopen",
  "source" : {
    "description" : "RangeConverter free PDF — 8-max 20bb 1bb ante (12.5%).",
    "publisher" : {
      "accessedDate" : "2026-06-01",
      "name" : "RangeConverter",
      "product" : "Free Poker Charts — 8 max 1bb ante MTT GTO Ranges",
      "treeParams" : "poker.academy CE-Symmetric Regular @ 20bb (GTO ChipEV, 1bb ante)",
      "url" : "https:\/\/rangeconverter.com\/free-poker-charts"
    },
    "solver" : {
      "assumptions" : "Frequencies rounded to nearest 25% per source. ChipEV (non-ICM). 1bb (12.5%) big-blind ante."
    },
    "type" : "published"
  },
  "spot" : {
    "anteType" : "bigBlindAnte",
    "facingAction" : "vsOpen",
    "position" : "BB",
    "stackDepthBB" : 20
  }
}