{
  "format" : "NLHE_MTT_8MAX",
  "hands" : {
    "22" : {
      "call" : 0.4481,
      "fold" : 0.55189999999999995
    },
    "33" : {
      "call" : 1
    },
    "44" : {
      "call" : 1
    },
    "53s" : {
      "call" : 0.253,
      "fold" : 0.747
    },
    "54s" : {
      "call" : 1
    },
    "55" : {
      "call" : 1
    },
    "65s" : {
      "call" : 1
    },
    "66" : {
      "call" : 1
    },
    "75s" : {
      "call" : 0.59399999999999997,
      "fold" : 0.40600000000000003
    },
    "76s" : {
      "call" : 1
    },
    "77" : {
      "call" : 1
    },
    "86s" : {
      "call" : 1
    },
    "87s" : {
      "call" : 1
    },
    "88" : {
      "call" : 1
    },
    "96s" : {
      "call" : 0.96220000000000006,
      "fold" : 0.0378
    },
    "97s" : {
      "call" : 1
    },
    "98s" : {
      "call" : 1
    },
    "99" : {
      "call" : 1
    },
    "A2s" : {
      "call" : 1
    },
    "A3s" : {
      "call" : 1
    },
    "A4s" : {
      "call" : 1
    },
    "A5o" : {
      "call" : 0.035999999999999997,
      "fold" : 0.90410000000000001,
      "raise3x" : 0.059900000000000002
    },
    "A5s" : {
      "call" : 1
    },
    "A6s" : {
      "call" : 1
    },
    "A7s" : {
      "call" : 1
    },
    "A8o" : {
      "fold" : 0.89359999999999995,
      "raise3x" : 0.10639999999999999
    },
    "A8s" : {
      "call" : 1
    },
    "A9o" : {
      "call" : 0.74209999999999998,
      "fold" : 0.0079000000000000008,
      "raise3x" : 0.25
    },
    "A9s" : {
      "call" : 1
    },
    "AA" : {
      "call" : 1
    },
    "AJo" : {
      "call" : 0.99209999999999998,
      "raise3x" : 0.0079000000000000008
    },
    "AJs" : {
      "call" : 1
    },
    "AKo" : {
      "raise3x" : 0.93600000000000005,
      "shove" : 0.064000000000000001
    },
    "AKs" : {
      "raise3x" : 1
    },
    "AQo" : {
      "call" : 0.92020000000000002,
      "raise3x" : 0.058000000000000003,
      "shove" : 0.0218
    },
    "AQs" : {
      "call" : 1
    },
    "ATo" : {
      "call" : 0.69220000000000004,
      "raise3x" : 0.30199999999999999,
      "shove" : 0.0057999999999999996
    },
    "ATs" : {
      "call" : 1
    },
    "J7s" : {
      "call" : 0.85809999999999997,
      "fold" : 0.1419
    },
    "J8s" : {
      "call" : 1
    },
    "J9s" : {
      "call" : 1
    },
    "JJ" : {
      "call" : 0.70209999999999995,
      "raise3x" : 0.2979
    },
    "JTo" : {
      "call" : 1
    },
    "JTs" : {
      "call" : 1
    },
    "K2s" : {
      "call" : 0.27400000000000002,
      "raise3x" : 0.72599999999999998
    },
    "K3s" : {
      "call" : 1
    },
    "K4s" : {
      "call" : 1
    },
    "K5s" : {
      "call" : 1
    },
    "K6s" : {
      "call" : 1
    },
    "K7s" : {
      "call" : 1
    },
    "K8s" : {
      "call" : 1
    },
    "K9s" : {
      "call" : 1
    },
    "KJo" : {
      "call" : 0.8861,
      "raise3x" : 0.1139
    },
    "KJs" : {
      "call" : 1
    },
    "KK" : {
      "raise3x" : 1
    },
    "KQo" : {
      "call" : 1
    },
    "KQs" : {
      "call" : 1
    },
    "KTo" : {
      "call" : 0.95009999999999994,
      "raise3x" : 0.0499
    },
    "KTs" : {
      "call" : 1
    },
    "Q5s" : {
      "call" : 0.053800000000000001,
      "fold" : 0.94620000000000004
    },
    "Q6s" : {
      "call" : 1
    },
    "Q7s" : {
      "call" : 0.94199999999999995,
      "fold" : 0.058000000000000003
    },
    "Q8s" : {
      "call" : 1
    },
    "Q9s" : {
      "call" : 1
    },
    "QJo" : {
      "call" : 0.75209999999999999,
      "raise3x" : 0.22189999999999999,
      "shove" : 0.025999999999999999
    },
    "QJs" : {
      "call" : 1
    },
    "QQ" : {
      "call" : 0.097900000000000001,
      "raise3x" : 0.90210000000000001
    },
    "QTo" : {
      "call" : 0.88060000000000005,
      "fold" : 0.097600000000000006,
      "raise3x" : 0.0218
    },
    "QTs" : {
      "call" : 1
    },
    "T7s" : {
      "call" : 1
    },
    "T8s" : {
      "call" : 1
    },
    "T9s" : {
      "call" : 1
    },
    "TT" : {
      "call" : 0.6341,
      "raise3x" : 0.29189999999999999,
      "shove" : 0.073999999999999996
    }
  },
  "id" : "mtt_8max_70bb_btn_vs3bet_vs_bb",
  "source" : {
    "description" : "RangeConverter free PDF — 8-max 70bb 1bb ante (12.5%).",
    "publisher" : {
      "accessedDate" : "2026-06-01",
      "name" : "RangeConverter",
      "product" : "Free Poker Charts — 8 max 1bb ante MTT GTO Ranges",
      "treeParams" : "poker.academy CE-Symmetric Regular @ 70bb (GTO ChipEV, 1bb ante)",
      "url" : "https:\/\/rangeconverter.com\/free-poker-charts"
    },
    "solver" : {
      "assumptions" : "Frequencies rounded to nearest 25% per source. ChipEV (non-ICM). 1bb (12.5%) big-blind ante."
    },
    "type" : "published"
  },
  "spot" : {
    "anteType" : "bigBlindAnte",
    "facingAction" : "vs3Bet",
    "opponentPosition" : "BB",
    "position" : "BTN",
    "stackDepthBB" : 70
  }
}