{
  "format" : "NLHE_MTT_9MAX",
  "hands" : {
    "22" : {
      "call" : 1
    },
    "33" : {
      "call" : 1
    },
    "44" : {
      "call" : 1
    },
    "55" : {
      "call" : 1
    },
    "66" : {
      "call" : 1
    },
    "76s" : {
      "call" : 1
    },
    "77" : {
      "call" : 1
    },
    "87s" : {
      "call" : 1
    },
    "88" : {
      "call" : 1
    },
    "98s" : {
      "call" : 1
    },
    "99" : {
      "call" : 1
    },
    "A2s" : {
      "raise25x" : 1
    },
    "A3s" : {
      "call" : 0.54390000000000005,
      "raise25x" : 0.45610000000000001
    },
    "A4s" : {
      "call" : 0.85409999999999997,
      "raise25x" : 0.1459
    },
    "A5s" : {
      "call" : 1
    },
    "A6s" : {
      "call" : 0.85599999999999998,
      "raise25x" : 0.14399999999999999
    },
    "A7s" : {
      "call" : 0.81799999999999995,
      "raise25x" : 0.182
    },
    "A8s" : {
      "call" : 0.86019999999999996,
      "raise25x" : 0.13980000000000001
    },
    "A9s" : {
      "call" : 1
    },
    "AA" : {
      "raise25x" : 1
    },
    "AJo" : {
      "call" : 0.45200000000000001,
      "fold" : 0.3261,
      "raise25x" : 0.22189999999999999
    },
    "AJs" : {
      "call" : 1
    },
    "AKo" : {
      "raise25x" : 0.67400000000000004,
      "shove" : 0.32600000000000001
    },
    "AKs" : {
      "raise25x" : 1
    },
    "AQo" : {
      "call" : 0.71809999999999996,
      "raise25x" : 0.28189999999999998
    },
    "AQs" : {
      "call" : 1
    },
    "ATo" : {
      "fold" : 0.91400000000000003,
      "raise25x" : 0.085999999999999993
    },
    "ATs" : {
      "call" : 1
    },
    "J9s" : {
      "call" : 0.72199999999999998,
      "fold" : 0.27800000000000002
    },
    "JJ" : {
      "call" : 0.77410000000000001,
      "raise25x" : 0.17599999999999999,
      "shove" : 0.0499
    },
    "JTs" : {
      "call" : 1
    },
    "K6s" : {
      "call" : 0.9647,
      "raise25x" : 0.035299999999999998
    },
    "K7s" : {
      "call" : 0.192,
      "fold" : 0.65610000000000002,
      "raise25x" : 0.15190000000000001
    },
    "K8s" : {
      "call" : 0.33400000000000002,
      "fold" : 0.63,
      "raise25x" : 0.03599999999999999
    },
    "K9s" : {
      "call" : 0.47999999999999998,
      "raise25x" : 0.52000000000000002
    },
    "KJo" : {
      "call" : 0.01,
      "fold" : 0.872,
      "raise25x" : 0.11799999999999999
    },
    "KJs" : {
      "call" : 1
    },
    "KK" : {
      "raise25x" : 1
    },
    "KQo" : {
      "call" : 0.79200000000000004,
      "raise25x" : 0.20799999999999999
    },
    "KQs" : {
      "call" : 1
    },
    "KTs" : {
      "call" : 1
    },
    "Q9s" : {
      "call" : 0.42799999999999999,
      "fold" : 0.57199999999999995
    },
    "QJs" : {
      "call" : 1
    },
    "QQ" : {
      "raise25x" : 0.82609999999999995,
      "shove" : 0.1739
    },
    "QTs" : {
      "call" : 1
    },
    "T8s" : {
      "call" : 0.57410000000000005,
      "fold" : 0.4259
    },
    "T9s" : {
      "call" : 1
    },
    "TT" : {
      "call" : 0.82999999999999996,
      "raise25x" : 0.17000000000000001
    }
  },
  "id" : "mtt_9max_70bb_lj_vs3bet_vs_btn",
  "source" : {
    "description" : "Adapted from RangeConverter 8-max baseline.",
    "publisher" : {
      "accessedDate" : "2026-06-01",
      "name" : "RangeConverter",
      "product" : "Free Poker Charts — 8 max 1bb ante MTT GTO Ranges",
      "treeParams" : "2.5x open, 3.5x 3bet IP, 4.5x 3bet OOP, 2.3x 4bet IP, 2.75x 4bet OOP, SB vs BB 3.2bb",
      "url" : "https:\/\/rangeconverter.com\/free-poker-charts"
    },
    "solver" : {
      "assumptions" : "Frequencies rounded to nearest 25% per source. ChipEV (non-ICM). 1bb (12.5%) big-blind ante. Copied verbatim from 8-max LJ (same effective seat in 9-max)."
    },
    "type" : "published"
  },
  "spot" : {
    "anteType" : "bigBlindAnte",
    "facingAction" : "vs3Bet",
    "opponentPosition" : "BTN",
    "position" : "LJ",
    "stackDepthBB" : 70
  }
}