{
  "format" : "NLHE_MTT_8MAX",
  "hands" : {
    "22" : {
      "fold" : 1
    },
    "32o" : {
      "fold" : 1
    },
    "32s" : {
      "fold" : 1
    },
    "33" : {
      "fold" : 1
    },
    "42o" : {
      "fold" : 1
    },
    "42s" : {
      "fold" : 1
    },
    "43o" : {
      "fold" : 1
    },
    "43s" : {
      "fold" : 1
    },
    "44" : {
      "fold" : 0.99829999999999997,
      "raise25x" : 0.0016999999999999999
    },
    "52o" : {
      "fold" : 1
    },
    "52s" : {
      "fold" : 1
    },
    "53o" : {
      "fold" : 1
    },
    "53s" : {
      "fold" : 1
    },
    "54o" : {
      "fold" : 1
    },
    "54s" : {
      "fold" : 1
    },
    "55" : {
      "fold" : 0.9617,
      "raise25x" : 0.038300000000000001
    },
    "62o" : {
      "fold" : 1
    },
    "62s" : {
      "fold" : 1
    },
    "63o" : {
      "fold" : 1
    },
    "63s" : {
      "fold" : 1
    },
    "64o" : {
      "fold" : 1
    },
    "64s" : {
      "fold" : 1
    },
    "65o" : {
      "fold" : 1
    },
    "65s" : {
      "fold" : 1
    },
    "66" : {
      "fold" : 0.0057000000000000002,
      "raise25x" : 0.99429999999999996
    },
    "72o" : {
      "fold" : 1
    },
    "72s" : {
      "fold" : 1
    },
    "73o" : {
      "fold" : 1
    },
    "73s" : {
      "fold" : 1
    },
    "74o" : {
      "fold" : 1
    },
    "74s" : {
      "fold" : 1
    },
    "75o" : {
      "fold" : 1
    },
    "75s" : {
      "fold" : 1
    },
    "76o" : {
      "fold" : 1
    },
    "76s" : {
      "fold" : 0.99929999999999997
    },
    "77" : {
      "raise25x" : 1
    },
    "82o" : {
      "fold" : 1
    },
    "82s" : {
      "fold" : 1
    },
    "83o" : {
      "fold" : 1
    },
    "83s" : {
      "fold" : 1
    },
    "84o" : {
      "fold" : 1
    },
    "84s" : {
      "fold" : 1
    },
    "85o" : {
      "fold" : 1
    },
    "85s" : {
      "fold" : 1
    },
    "86o" : {
      "fold" : 1
    },
    "86s" : {
      "fold" : 1
    },
    "87o" : {
      "fold" : 1
    },
    "87s" : {
      "fold" : 1
    },
    "88" : {
      "raise25x" : 1
    },
    "92o" : {
      "fold" : 1
    },
    "92s" : {
      "fold" : 1
    },
    "93o" : {
      "fold" : 1
    },
    "93s" : {
      "fold" : 1
    },
    "94o" : {
      "fold" : 1
    },
    "94s" : {
      "fold" : 1
    },
    "95o" : {
      "fold" : 1
    },
    "95s" : {
      "fold" : 1
    },
    "96o" : {
      "fold" : 1
    },
    "96s" : {
      "fold" : 0.99990000000000001
    },
    "97o" : {
      "fold" : 1
    },
    "97s" : {
      "fold" : 0.99870000000000003,
      "raise25x" : 0.0012999999999999999
    },
    "98o" : {
      "fold" : 1
    },
    "98s" : {
      "fold" : 0.99980000000000002
    },
    "99" : {
      "raise25x" : 1
    },
    "A2o" : {
      "fold" : 1
    },
    "A2s" : {
      "fold" : 0.97940000000000005,
      "raise25x" : 0.0206
    },
    "A3o" : {
      "fold" : 0.99960000000000004
    },
    "A3s" : {
      "fold" : 0.9022,
      "raise25x" : 0.097799999999999998
    },
    "A4o" : {
      "fold" : 1
    },
    "A4s" : {
      "fold" : 0.81540000000000001,
      "raise25x" : 0.18459999999999999
    },
    "A5o" : {
      "fold" : 0.997,
      "raise25x" : 0.0030000000000000001
    },
    "A5s" : {
      "fold" : 0.33639999999999998,
      "raise25x" : 0.66359999999999997
    },
    "A6o" : {
      "fold" : 0.99970000000000003
    },
    "A6s" : {
      "fold" : 0.98860000000000003,
      "raise25x" : 0.0114
    },
    "A7o" : {
      "fold" : 0.99870000000000003,
      "raise25x" : 0.0012999999999999999
    },
    "A7s" : {
      "fold" : 0.082900000000000001,
      "raise25x" : 0.91710000000000003
    },
    "A8o" : {
      "fold" : 0.5282,
      "raise25x" : 0.4718
    },
    "A8s" : {
      "fold" : 0.12379999999999999,
      "raise25x" : 0.87619999999999998
    },
    "A9o" : {
      "fold" : 0.19120000000000001,
      "raise25x" : 0.80879999999999996
    },
    "A9s" : {
      "raise25x" : 0.99980000000000002
    },
    "AA" : {
      "raise25x" : 1
    },
    "AJo" : {
      "raise25x" : 1
    },
    "AJs" : {
      "raise25x" : 0.99990000000000001
    },
    "AKo" : {
      "raise25x" : 1
    },
    "AKs" : {
      "raise25x" : 1
    },
    "AQo" : {
      "raise25x" : 1
    },
    "AQs" : {
      "raise25x" : 1
    },
    "ATo" : {
      "raise25x" : 1
    },
    "ATs" : {
      "raise25x" : 1
    },
    "J2o" : {
      "fold" : 1
    },
    "J2s" : {
      "fold" : 1
    },
    "J3o" : {
      "fold" : 1
    },
    "J3s" : {
      "fold" : 1
    },
    "J4o" : {
      "fold" : 1
    },
    "J4s" : {
      "fold" : 1
    },
    "J5o" : {
      "fold" : 1
    },
    "J5s" : {
      "fold" : 0.99980000000000002
    },
    "J6o" : {
      "fold" : 1
    },
    "J6s" : {
      "fold" : 0.99980000000000002
    },
    "J7o" : {
      "fold" : 1
    },
    "J7s" : {
      "fold" : 0.99870000000000003,
      "raise25x" : 0.0012999999999999999
    },
    "J8o" : {
      "fold" : 1
    },
    "J8s" : {
      "fold" : 0.99929999999999997
    },
    "J9o" : {
      "fold" : 1
    },
    "J9s" : {
      "fold" : 0.98040000000000005,
      "raise25x" : 0.019599999999999999
    },
    "JJ" : {
      "raise25x" : 1
    },
    "JTo" : {
      "fold" : 1
    },
    "JTs" : {
      "fold" : 0.21659999999999999,
      "raise25x" : 0.78339999999999999
    },
    "K2o" : {
      "fold" : 1
    },
    "K2s" : {
      "fold" : 0.99980000000000002
    },
    "K3o" : {
      "fold" : 0.99970000000000003
    },
    "K3s" : {
      "fold" : 1
    },
    "K4o" : {
      "fold" : 1
    },
    "K4s" : {
      "fold" : 1
    },
    "K5o" : {
      "fold" : 1
    },
    "K5s" : {
      "fold" : 0.99890000000000001,
      "raise25x" : 0.0011000000000000001
    },
    "K6o" : {
      "fold" : 1
    },
    "K6s" : {
      "fold" : 0.99950000000000006
    },
    "K7o" : {
      "fold" : 1
    },
    "K7s" : {
      "fold" : 0.99980000000000002
    },
    "K8o" : {
      "fold" : 0.99990000000000001
    },
    "K8s" : {
      "fold" : 0.99690000000000001,
      "raise25x" : 0.0030999999999999999
    },
    "K9o" : {
      "fold" : 0.99829999999999997,
      "raise25x" : 0.0016999999999999999
    },
    "K9s" : {
      "fold" : 0.37240000000000001,
      "raise25x" : 0.62760000000000005
    },
    "KJo" : {
      "raise25x" : 1
    },
    "KJs" : {
      "raise25x" : 1
    },
    "KK" : {
      "raise25x" : 1
    },
    "KQo" : {
      "raise25x" : 1
    },
    "KQs" : {
      "raise25x" : 1
    },
    "KTo" : {
      "fold" : 0.31590000000000001,
      "raise25x" : 0.68410000000000004
    },
    "KTs" : {
      "raise25x" : 1
    },
    "Q2o" : {
      "fold" : 1
    },
    "Q2s" : {
      "fold" : 1
    },
    "Q3o" : {
      "fold" : 1
    },
    "Q3s" : {
      "fold" : 0.99960000000000004
    },
    "Q4o" : {
      "fold" : 1
    },
    "Q4s" : {
      "fold" : 1
    },
    "Q5o" : {
      "fold" : 1
    },
    "Q5s" : {
      "fold" : 0.99990000000000001
    },
    "Q6o" : {
      "fold" : 1
    },
    "Q6s" : {
      "fold" : 0.99990000000000001
    },
    "Q7o" : {
      "fold" : 1
    },
    "Q7s" : {
      "fold" : 0.99990000000000001
    },
    "Q8o" : {
      "fold" : 1
    },
    "Q8s" : {
      "fold" : 0.999
    },
    "Q9o" : {
      "fold" : 0.99990000000000001
    },
    "Q9s" : {
      "fold" : 0.99650000000000005,
      "raise25x" : 0.0035000000000000001
    },
    "QJo" : {
      "fold" : 0.996,
      "raise25x" : 0.0040000000000000001
    },
    "QJs" : {
      "fold" : 0.066600000000000006,
      "raise25x" : 0.93340000000000001
    },
    "QQ" : {
      "raise25x" : 1
    },
    "QTo" : {
      "fold" : 0.99770000000000003,
      "raise25x" : 0.0023
    },
    "QTs" : {
      "fold" : 0.86950000000000005,
      "raise25x" : 0.1305
    },
    "T2o" : {
      "fold" : 1
    },
    "T2s" : {
      "fold" : 0.99980000000000002
    },
    "T3o" : {
      "fold" : 1
    },
    "T3s" : {
      "fold" : 1
    },
    "T4o" : {
      "fold" : 1
    },