{
  "format" : "NLHE_MTT_9MAX",
  "hands" : {
    "22" : {
      "call" : 1
    },
    "33" : {
      "call" : 1
    },
    "44" : {
      "call" : 0.86480000000000001,
      "fold" : 0.13519999999999999
    },
    "54s" : {
      "call" : 1
    },
    "55" : {
      "call" : 0.36009999999999998,
      "fold" : 0.63990000000000002
    },
    "65s" : {
      "call" : 1
    },
    "66" : {
      "call" : 0.92000000000000004,
      "fold" : 0.080000000000000002
    },
    "76s" : {
      "call" : 1
    },
    "77" : {
      "call" : 0.86950000000000005,
      "fold" : 0.1105,
      "raise25x" : 0.02
    },
    "87s" : {
      "call" : 1
    },
    "88" : {
      "call" : 0.96509999999999996,
      "raise25x" : 0.0349
    },
    "98s" : {
      "call" : 0.63,
      "fold" : 0.37
    },
    "99" : {
      "call" : 1
    },
    "A2s" : {
      "call" : 0.06020000000000001,
      "fold" : 0.88470000000000004,
      "raise25x" : 0.055099999999999996
    },
    "A3s" : {
      "call" : 0.88009999999999999,
      "raise25x" : 0.11990000000000001
    },
    "A4s" : {
      "call" : 0.95509999999999995,
      "raise25x" : 0.044900000000000002
    },
    "A5s" : {
      "call" : 1
    },
    "A6s" : {
      "call" : 0.54779999999999995,
      "fold" : 0.33169999999999999,
      "raise25x" : 0.1205
    },
    "A7s" : {
      "call" : 0.52500000000000002,
      "fold" : 0.32000000000000001,
      "raise25x" : 0.155
    },
    "A8s" : {
      "call" : 0.76000000000000001,
      "raise25x" : 0.23999999999999999
    },
    "A9s" : {
      "call" : 1
    },
    "AA" : {
      "call" : 0.32990000000000003,
      "raise25x" : 0.67010000000000003
    },
    "AJo" : {
      "fold" : 0.8901,
      "raise25x" : 0.1099
    },
    "AJs" : {
      "call" : 1
    },
    "AKo" : {
      "call" : 0.80410000000000004,
      "raise25x" : 0.085400000000000004,
      "shove" : 0.1105
    },
    "AKs" : {
      "call" : 0.60999999999999999,
      "raise25x" : 0.39000000000000001
    },
    "AQo" : {
      "call" : 0.92000000000000004,
      "raise25x" : 0.080000000000000002
    },
    "AQs" : {
      "call" : 1
    },
    "ATs" : {
      "call" : 1
    },
    "J9s" : {
      "call" : 1
    },
    "JJ" : {
      "call" : 0.91000000000000003,
      "raise25x" : 0.089999999999999997
    },
    "JTs" : {
      "call" : 1
    },
    "K6s" : {
      "call" : 0.31790000000000002,
      "fold" : 0.57750000000000001,
      "raise25x" : 0.1046
    },
    "K9s" : {
      "call" : 0.6381,
      "raise25x" : 0.3619
    },
    "KJs" : {
      "call" : 1
    },
    "KK" : {
      "call" : 0.56000000000000005,
      "raise25x" : 0.34999999999999998,
      "shove" : 0.089999999999999997
    },
    "KQo" : {
      "call" : 0.54510000000000003,
      "fold" : 0.41499999999999998,
      "raise25x" : 0.039899999999999998
    },
    "KQs" : {
      "call" : 1
    },
    "KTs" : {
      "call" : 1
    },
    "QJs" : {
      "call" : 1
    },
    "QQ" : {
      "call" : 0.98999999999999999,
      "raise25x" : 0.01
    },
    "QTs" : {
      "call" : 1
    },
    "T8s" : {
      "call" : 1
    },
    "T9s" : {
      "call" : 1
    },
    "TT" : {
      "call" : 0.96509999999999996,
      "raise25x" : 0.0349
    }
  },
  "id" : "mtt_9max_80bb_lj_vs3bet_vs_sb",
  "source" : {
    "description" : "Adapted from RangeConverter 8-max baseline.",
    "publisher" : {
      "accessedDate" : "2026-06-01",
      "name" : "RangeConverter",
      "product" : "Free Poker Charts — 8 max 1bb ante MTT GTO Ranges",
      "treeParams" : "2.5x open, 3.5x 3bet IP, 4.5x 3bet OOP, 2.3x 4bet IP, 2.75x 4bet OOP, SB vs BB 3.2bb",
      "url" : "https:\/\/rangeconverter.com\/free-poker-charts"
    },
    "solver" : {
      "assumptions" : "Frequencies rounded to nearest 25% per source. ChipEV (non-ICM). 1bb (12.5%) big-blind ante. Copied verbatim from 8-max LJ (same effective seat in 9-max)."
    },
    "type" : "published"
  },
  "spot" : {
    "anteType" : "bigBlindAnte",
    "facingAction" : "vs3Bet",
    "opponentPosition" : "SB",
    "position" : "LJ",
    "stackDepthBB" : 80
  }
}