{
  "format" : "NLHE_MTT_8MAX",
  "hands" : {
    "44" : {
      "call" : 1
    },
    "54s" : {
      "call" : 1
    },
    "55" : {
      "call" : 0.60499999999999998,
      "shove" : 0.39500000000000002
    },
    "65s" : {
      "call" : 1
    },
    "66" : {
      "call" : 0.5151,
      "shove" : 0.4849
    },
    "76s" : {
      "call" : 1
    },
    "77" : {
      "call" : 0.84499999999999997,
      "shove" : 0.155
    },
    "87s" : {
      "call" : 1
    },
    "88" : {
      "call" : 0.76500000000000001,
      "shove" : 0.23499999999999999
    },
    "98s" : {
      "call" : 0.55000000000000004,
      "fold" : 0.45000000000000001
    },
    "99" : {
      "call" : 0.44009999999999999,
      "shove" : 0.55989999999999995
    },
    "A3s" : {
      "call" : 0.5,
      "fold" : 0.5
    },
    "A4s" : {
      "call" : 0.94510000000000005,
      "shove" : 0.054899999999999997
    },
    "A5s" : {
      "call" : 0.57509999999999994,
      "shove" : 0.4249
    },
    "A8s" : {
      "call" : 0.29999999999999999,
      "fold" : 0.69999999999999996
    },
    "A9s" : {
      "call" : 0.65510000000000002,
      "fold" : 0.34489999999999998
    },
    "AA" : {
      "call" : 0.57509999999999994,
      "shove" : 0.4249
    },
    "AJo" : {
      "call" : 0.1749,
      "fold" : 0.82509999999999994
    },
    "AJs" : {
      "call" : 1
    },
    "AKo" : {
      "shove" : 1
    },
    "AKs" : {
      "shove" : 1
    },
    "AQo" : {
      "call" : 0.84999999999999998,
      "shove" : 0.14999999999999999
    },
    "AQs" : {
      "call" : 1
    },
    "ATs" : {
      "call" : 1
    },
    "J9s" : {
      "call" : 0.4899,
      "fold" : 0.5101
    },
    "JJ" : {
      "shove" : 1
    },
    "JTs" : {
      "call" : 1
    },
    "K6s" : {
      "call" : 1
    },
    "K9s" : {
      "call" : 0.87509999999999999,
      "fold" : 0.1249
    },
    "KJs" : {
      "call" : 1
    },
    "KK" : {
      "shove" : 1
    },
    "KQo" : {
      "call" : 0.60999999999999999,
      "fold" : 0.39000000000000001
    },
    "KQs" : {
      "call" : 0.53500000000000003,
      "shove" : 0.46500000000000002
    },
    "KTs" : {
      "call" : 1
    },
    "QJs" : {
      "call" : 0.70999999999999996,
      "shove" : 0.28999999999999998
    },
    "QQ" : {
      "shove" : 1
    },
    "QTs" : {
      "call" : 1
    },
    "T8s" : {
      "call" : 0.11990000000000001,
      "fold" : 0.88009999999999999
    },
    "T9s" : {
      "call" : 1
    },
    "TT" : {
      "shove" : 1
    }
  },
  "id" : "mtt_8max_30bb_utg1_vs3bet_vs_hj",
  "source" : {
    "description" : "RangeConverter free PDF — 8-max 30bb 1bb ante (12.5%).",
    "publisher" : {
      "accessedDate" : "2026-06-01",
      "name" : "RangeConverter",
      "product" : "Free Poker Charts — 8 max 1bb ante MTT GTO Ranges",
      "treeParams" : "poker.academy CE-Symmetric Regular @ 30bb (GTO ChipEV, 1bb ante)",
      "url" : "https:\/\/rangeconverter.com\/free-poker-charts"
    },
    "solver" : {
      "assumptions" : "Frequencies rounded to nearest 25% per source. ChipEV (non-ICM). 1bb (12.5%) big-blind ante."
    },
    "type" : "published"
  },
  "spot" : {
    "anteType" : "bigBlindAnte",
    "facingAction" : "vs3Bet",
    "opponentPosition" : "HJ",
    "position" : "UTG1",
    "stackDepthBB" : 30
  }
}