{
  "format" : "NLHE_MTT_9MAX",
  "hands" : {
    "44" : {
      "call" : 0.029599999999999998,
      "fold" : 0.97040000000000004
    },
    "55" : {
      "call" : 0.0013000000000000002,
      "fold" : 0.99870000000000003
    },
    "65s" : {
      "call" : 0.043799999999999999,
      "fold" : 0.95620000000000005
    },
    "66" : {
      "call" : 0.084199999999999997,
      "fold" : 0.91579999999999995
    },
    "77" : {
      "call" : 0.22359999999999999,
      "fold" : 0.77639999999999998
    },
    "84s" : {
      "fold" : 0.999
    },
    "87s" : {
      "call" : 0.0018,
      "fold" : 0.99819999999999998
    },
    "88" : {
      "call" : 0.81399999999999995,
      "fold" : 0.186
    },
    "94s" : {
      "fold" : 0.99990000000000001
    },
    "95s" : {
      "fold" : 0.99919999999999998
    },
    "96s" : {
      "fold" : 0.99950000000000006
    },
    "97s" : {
      "call" : 0.015599999999999999,
      "fold" : 0.98440000000000005
    },
    "98s" : {
      "call" : 0.11749999999999999,
      "fold" : 0.88249999999999995
    },
    "99" : {
      "call" : 0.56020000000000003,
      "fold" : 0.43980000000000002
    },
    "A2s" : {
      "call" : 0.04229999999999999,
      "fold" : 0.9577
    },
    "A3s" : {
      "call" : 0.057499999999999996,
      "fold" : 0.9425
    },
    "A4o" : {
      "call" : 0.0064000000000000003,
      "fold" : 0.99360000000000004
    },
    "A4s" : {
      "call" : 0.0201,
      "fold" : 0.97989999999999999
    },
    "A5o" : {
      "call" : 0.011000000000000001,
      "fold" : 0.98899999999999999
    },
    "A5s" : {
      "call" : 0.031699999999999999,
      "fold" : 0.96830000000000005
    },
    "A6o" : {
      "call" : 0.0212,
      "fold" : 0.9788
    },
    "A6s" : {
      "call" : 0.0223,
      "fold" : 0.97770000000000001
    },
    "A7o" : {
      "call" : 0.0104,
      "fold" : 0.98960000000000004
    },
    "A7s" : {
      "call" : 0.12859999999999999,
      "fold" : 0.87139999999999995
    },
    "A8o" : {
      "call" : 0.017600000000000001,
      "fold" : 0.98240000000000005
    },
    "A8s" : {
      "call" : 0.08249999999999999,
      "fold" : 0.91749999999999998
    },
    "A9o" : {
      "call" : 0.0052000000000000006,
      "fold" : 0.99480000000000002
    },
    "A9s" : {
      "call" : 0.029500000000000005,
      "fold" : 0.97050000000000003
    },
    "AA" : {
      "call" : 1
    },
    "AJo" : {
      "call" : 0.36020000000000002,
      "fold" : 0.63980000000000004
    },
    "AJs" : {
      "call" : 0.1178,
      "fold" : 0.88219999999999998
    },
    "AKo" : {
      "call" : 1
    },
    "AKs" : {
      "call" : 0.99990000000000001
    },
    "AQo" : {
      "call" : 0.54310000000000003,
      "fold" : 0.45689999999999997
    },
    "AQs" : {
      "call" : 0.39810000000000001,
      "fold" : 0.60189999999999999
    },
    "ATo" : {
      "call" : 0.096099999999999991,
      "fold" : 0.90390000000000004
    },
    "ATs" : {
      "call" : 0.54990000000000006,
      "fold" : 0.4501
    },
    "J4s" : {
      "call" : 0.0021000000000000003,
      "fold" : 0.99790000000000001
    },
    "J7s" : {
      "call" : 0.011000000000000001,
      "fold" : 0.98899999999999999
    },
    "J8s" : {
      "call" : 0.064299999999999996,
      "fold" : 0.93569999999999998
    },
    "J9s" : {
      "call" : 0.075900000000000009,
      "fold" : 0.92410000000000003
    },
    "JJ" : {
      "call" : 0.99980000000000002
    },
    "JTo" : {
      "call" : 0.0021000000000000003,
      "fold" : 0.99790000000000001
    },
    "JTs" : {
      "call" : 0.13589999999999999,
      "fold" : 0.86409999999999998
    },
    "K3s" : {
      "call" : 0.0149,
      "fold" : 0.98509999999999998
    },
    "K4s" : {
      "call" : 0.0033,
      "fold" : 0.99670000000000003
    },
    "K5s" : {
      "call" : 0.0154,
      "fold" : 0.98460000000000003
    },
    "K6o" : {
      "fold" : 0.99960000000000004
    },
    "K6s" : {
      "call" : 0.044900000000000002,
      "fold" : 0.95509999999999995
    },
    "K7s" : {
      "call" : 0.0080999999999999996,
      "fold" : 0.9919
    },
    "K8o" : {
      "call" : 0.0177,
      "fold" : 0.98229999999999995
    },
    "K8s" : {
      "call" : 0.06320000000000002,
      "fold" : 0.93679999999999997
    },
    "K9o" : {
      "call" : 0.017100000000000001,
      "fold" : 0.9829
    },
    "K9s" : {
      "call" : 0.0050000000000000001,
      "fold" : 0.995
    },
    "KJo" : {
      "call" : 0.023600000000000003,
      "fold" : 0.97640000000000005
    },
    "KJs" : {
      "call" : 0.059999999999999998,
      "fold" : 0.93999999999999995
    },
    "KK" : {
      "call" : 1
    },
    "KQo" : {
      "call" : 0.019300000000000001,
      "fold" : 0.98070000000000002
    },
    "KQs" : {
      "call" : 0.1024,
      "fold" : 0.89759999999999995
    },
    "KTo" : {
      "call" : 0.0038,
      "fold" : 0.99619999999999997
    },
    "KTs" : {
      "call" : 0.061100000000000002,
      "fold" : 0.93889999999999996
    },
    "Q2s" : {
      "fold" : 0.99990000000000001
    },
    "Q4s" : {
      "call" : 0.084900000000000003,
      "fold" : 0.91510000000000002
    },
    "Q7s" : {
      "call" : 0.027900000000000001,
      "fold" : 0.97209999999999996
    },
    "Q8o" : {
      "fold" : 0.99919999999999998
    },
    "Q8s" : {
      "call" : 0.05389999999999999,
      "fold" : 0.94610000000000005
    },
    "Q9o" : {
      "call" : 0.0018,
      "fold" : 0.99819999999999998
    },
    "Q9s" : {
      "call" : 0.0241,
      "fold" : 0.97589999999999999
    },
    "QJo" : {
      "fold" : 0.99970000000000003
    },
    "QJs" : {
      "call" : 0.10349999999999999,
      "fold" : 0.89649999999999996
    },
    "QQ" : {
      "call" : 1
    },
    "QTo" : {
      "call" : 0.0040000000000000001,
      "fold" : 0.996
    },
    "QTs" : {
      "call" : 0.066299999999999998,
      "fold" : 0.93369999999999997
    },
    "T2s" : {
      "fold" : 1
    },
    "T6s" : {
      "call" : 0.016300000000000002,
      "fold" : 0.98370000000000002
    },
    "T8s" : {
      "call" : 0.096299999999999983,
      "fold" : 0.90369999999999995
    },
    "T9s" : {
      "call" : 0.16719999999999999,
      "fold" : 0.83279999999999998
    },
    "TT" : {
      "call" : 1
    }
  },
  "id" : "mtt_9max_30bb_utg1_vs3betjam",
  "source" : {
    "description" : "Adapted from RangeConverter 8-max baseline.",
    "publisher" : {
      "accessedDate" : "2026-06-01",
      "name" : "RangeConverter",
      "product" : "Free Poker Charts — 8 max 1bb ante MTT GTO Ranges",
      "treeParams" : "2.5x open, 3.5x 3bet IP, 4.5x 3bet OOP, 2.3x 4bet IP, 2.75x 4bet OOP, SB vs BB 3.2bb",
      "url" : "https:\/\/rangeconverter.com\/free-poker-charts"
    },
    "solver" : {
      "assumptions" : "Frequencies rounded to nearest 25% per source. ChipEV (non-ICM). 1bb (12.5%) big-blind ante. Adapted from 8-max UTG (9-max UTG+1 plays the same role as 8-max UTG)."
    },
    "type" : "published"
  },
  "spot" : {
    "anteType" : "bigBlindAnte",
    "facingAction" : "vs3BetJam",
    "position" : "UTG1",
    "stackDepthBB" : 30
  }
}