{
  "format" : "NLHE_MTT_8MAX",
  "hands" : {
    "22" : {
      "call" : 0.96650000000000003,
      "fold" : 0.0258,
      "shove" : 0.0077000000000000002
    },
    "33" : {
      "call" : 0.95130000000000003,
      "fold" : 0.036200000000000003,
      "shove" : 0.012500000000000001
    },
    "44" : {
      "call" : 0.98399999999999999,
      "fold" : 0.012800000000000001,
      "shove" : 0.0032000000000000002
    },
    "53s" : {
      "call" : 0.82189999999999996,
      "fold" : 0.15790000000000001,
      "shove" : 0.020199999999999999
    },
    "55" : {
      "call" : 0.98150000000000004,
      "fold" : 0.017399999999999999,
      "shove" : 0.0011000000000000001
    },
    "65s" : {
      "call" : 0.84730000000000005,
      "fold" : 0.089399999999999993,
      "shove" : 0.063299999999999995
    },
    "66" : {
      "call" : 0.97099999999999997,
      "fold" : 0.0033999999999999998,
      "shove" : 0.025600000000000001
    },
    "72s" : {
      "call" : 0.44159999999999999,
      "fold" : 0.55459999999999998,
      "shove" : 0.0038999999999999998
    },
    "73s" : {
      "call" : 0.75419999999999998,
      "fold" : 0.2445,
      "shove" : 0.0014
    },
    "76s" : {
      "call" : 0.66620000000000001,
      "fold" : 0.28610000000000002,
      "shove" : 0.047699999999999999
    },
    "77" : {
      "call" : 0.94330000000000003,
      "fold" : 0.056599999999999998
    },
    "83s" : {
      "call" : 0.90690000000000004,
      "fold" : 0.093100000000000002
    },
    "85s" : {
      "call" : 0.68110000000000004,
      "fold" : 0.318
    },
    "86s" : {
      "call" : 0.7762,
      "fold" : 0.087599999999999997,
      "shove" : 0.13619999999999999
    },
    "87s" : {
      "call" : 0.91720000000000002,
      "fold" : 0.079699999999999993,
      "shove" : 0.0030999999999999999
    },
    "88" : {
      "call" : 0.94240000000000002,
      "fold" : 0.018200000000000001,
      "shove" : 0.039399999999999998
    },
    "96s" : {
      "call" : 0.47870000000000001,
      "fold" : 0.48470000000000002,
      "shove" : 0.036600000000000001
    },
    "97s" : {
      "call" : 0.89119999999999999,
      "fold" : 0.107,
      "shove" : 0.0018
    },
    "98s" : {
      "call" : 0.69979999999999998,
      "fold" : 0.29970000000000002
    },
    "99" : {
      "call" : 0.98760000000000003,
      "fold" : 0.0085000000000000006,
      "shove" : 0.0038999999999999998
    },
    "A2s" : {
      "call" : 0.75880000000000003,
      "fold" : 0.1018,
      "shove" : 0.13930000000000001
    },
    "A3o" : {
      "call" : 0.98360000000000003,
      "fold" : 0.0141,
      "shove" : 0.0023
    },
    "A3s" : {
      "call" : 0.94589999999999996,
      "fold" : 0.050500000000000003,
      "shove" : 0.0035999999999999999
    },
    "A4o" : {
      "call" : 0.60250000000000004,
      "fold" : 0.39479999999999998,
      "shove" : 0.0027000000000000001
    },
    "A4s" : {
      "call" : 0.58260000000000001,
      "fold" : 0.39750000000000002,
      "shove" : 0.019900000000000001
    },
    "A5o" : {
      "call" : 0.9385,
      "fold" : 0.038600000000000002,
      "shove" : 0.0229
    },
    "A5s" : {
      "call" : 0.98519999999999996,
      "shove" : 0.0143
    },
    "A6o" : {
      "call" : 0.98570000000000002,
      "fold" : 0.0097999999999999997,
      "shove" : 0.0044999999999999997
    },
    "A6s" : {
      "call" : 0.88329999999999997,
      "fold" : 0.10349999999999999,
      "shove" : 0.0132
    },
    "A7o" : {
      "call" : 0.83130000000000004,
      "fold" : 0.16789999999999999
    },
    "A7s" : {
      "call" : 0.9738,
      "fold" : 0.0051999999999999998,
      "shove" : 0.020899999999999998
    },
    "A8o" : {
      "call" : 0.98699999999999999,
      "fold" : 0.0018,
      "shove" : 0.0112
    },
    "A8s" : {
      "call" : 0.98040000000000005,
      "fold" : 0.018800000000000001
    },
    "A9o" : {
      "call" : 0.99750000000000005,
      "fold" : 0.0011000000000000001,
      "shove" : 0.0014
    },
    "A9s" : {
      "call" : 0.99150000000000005,
      "fold" : 0.0077000000000000002
    },
    "AA" : "jam",
    "AJo" : {
      "call" : 0.999
    },
    "AJs" : {
      "call" : 0.99070000000000003,
      "fold" : 0.0023999999999999998,
      "shove" : 0.0068999999999999999
    },
    "AKo" : {
      "call" : 0.94550000000000001,
      "shove" : 0.0545
    },
    "AKs" : {
      "call" : 0.0848,
      "fold" : 0.0074999999999999997,
      "shove" : 0.90769999999999995
    },
    "AQo" : {
      "call" : 0.99009999999999998,
      "shove" : 0.0099000000000000008
    },
    "AQs" : {
      "call" : 0.99870000000000003,
      "shove" : 0.0012999999999999999
    },
    "ATo" : "call",
    "ATs" : {
      "call" : 0.94210000000000005,
      "fold" : 0.0099000000000000008,
      "shove" : 0.048099999999999997
    },
    "J3s" : {
      "call" : 0.86319999999999997,
      "fold" : 0.13589999999999999
    },
    "J4s" : {
      "call" : 0.81689999999999996,
      "fold" : 0.17419999999999999,
      "shove" : 0.0089999999999999993
    },
    "J5s" : {
      "call" : 0.94740000000000002,
      "fold" : 0.048099999999999997,
      "shove" : 0.0044999999999999997
    },
    "J6s" : {
      "call" : 0.44840000000000002,
      "fold" : 0.55069999999999997
    },
    "J8o" : {
      "call" : 0.84730000000000005,
      "fold" : 0.15260000000000001
    },
    "J8s" : {
      "call" : 0.97950000000000004,
      "fold" : 0.018200000000000001,
      "shove" : 0.0022000000000000001
    },
    "J9o" : {
      "call" : 0.97940000000000005,
      "fold" : 0.0201
    },
    "J9s" : {
      "call" : 0.90090000000000003,
      "fold" : 0.056899999999999999,
      "shove" : 0.042299999999999997
    },
    "JJ" : {
      "call" : 0.96160000000000001,
      "fold" : 0.0016000000000000001,
      "shove" : 0.036799999999999999
    },
    "JTo" : {
      "call" : 0.80330000000000001,
      "fold" : 0.1966
    },
    "JTs" : {
      "call" : 0.72230000000000005,
      "fold" : 0.0487,
      "shove" : 0.22900000000000001
    },
    "K2s" : {
      "call" : 0.19389999999999999,
      "fold" : 0.79010000000000002,
      "shove" : 0.016
    },
    "K3s" : {
      "call" : 0.53249999999999997,
      "fold" : 0.45610000000000001,
      "shove" : 0.0114
    },
    "K4s" : {
      "call" : 0.53759999999999997,
      "fold" : 0.42259999999999998,
      "shove" : 0.039699999999999999
    },
    "K6s" : {
      "call" : 0.85070000000000001,
      "fold" : 0.14369999999999999,
      "shove" : 0.0055999999999999999
    },
    "K7s" : {
      "call" : 0.79000000000000004,
      "fold" : 0.1676,
      "shove" : 0.042299999999999997
    },
    "K8o" : {
      "call" : 0.75529999999999997,
      "fold" : 0.24310000000000001,
      "shove" : 0.0016000000000000001
    },
    "K8s" : {
      "call" : 0.53990000000000005,
      "fold" : 0.35820000000000002,
      "shove" : 0.1019
    },
    "K9o" : {
      "call" : 0.9798,
      "fold" : 0.019800000000000002
    },
    "K9s" : {
      "call" : 0.90029999999999999,
      "fold" : 0.091899999999999996,
      "shove" : 0.0077999999999999996
    },
    "KJo" : {
      "call" : 0.97640000000000005,
      "fold" : 0.018800000000000001,
      "shove" : 0.0047000000000000002
    },
    "KJs" : {
      "call" : 0.97409999999999997,
      "fold" : 0.025499999999999998
    },
    "KK" : {
      "call" : 0.053699999999999998,
      "shove" : 0.94630000000000003
    },
    "KQo" : {
      "call" : 0.99139999999999995,
      "fold" : 0.0030999999999999999,
      "shove" : 0.0054999999999999997
    },
    "KQs" : {
      "call" : 0.93340000000000001,
      "fold" : 0.038699999999999998,
      "shove" : 0.027900000000000001
    },
    "KTo" : {
      "call" : 0.98580000000000001,
      "fold" : 0.012,
      "shove" : 0.0023
    },
    "KTs" : {
      "call" : 0.97470000000000001,
      "fold" : 0.021000000000000001,
      "shove" : 0.0043
    },
    "Q3s" : {
      "call" : 0.45600000000000002,
      "fold" : 0.53659999999999997,