{
  "format" : "NLHE_MTT_9MAX",
  "hands" : {
    "22" : {
      "call" : 1
    },
    "33" : {
      "call" : 1
    },
    "44" : {
      "call" : 1
    },
    "54s" : {
      "call" : 1
    },
    "55" : {
      "call" : 1
    },
    "65s" : {
      "call" : 1
    },
    "66" : {
      "call" : 1
    },
    "76s" : {
      "call" : 1
    },
    "77" : {
      "call" : 0.96509999999999996,
      "raise25x" : 0.0349
    },
    "87s" : {
      "call" : 1
    },
    "88" : {
      "call" : 0.96009999999999995,
      "raise25x" : 0.039899999999999998
    },
    "98s" : {
      "call" : 1
    },
    "99" : {
      "call" : 0.91500000000000004,
      "raise25x" : 0.084999999999999992
    },
    "A3s" : {
      "call" : 0.83499999999999996,
      "raise25x" : 0.16500000000000001
    },
    "A4s" : {
      "call" : 0.64510000000000001,
      "raise25x" : 0.35489999999999999
    },
    "A5s" : {
      "call" : 0.73009999999999997,
      "raise25x" : 0.26989999999999997
    },
    "A6s" : {
      "call" : 0.8851,
      "raise25x" : 0.1149
    },
    "A7s" : {
      "call" : 0.29849999999999999,
      "fold" : 0.34320000000000001,
      "raise25x" : 0.35830000000000001
    },
    "A8s" : {
      "call" : 0.82509999999999994,
      "raise25x" : 0.1749
    },
    "A9s" : {
      "call" : 0.81010000000000004,
      "raise25x" : 0.18990000000000001
    },
    "AA" : {
      "raise25x" : 1
    },
    "AJo" : {
      "call" : 0.215,
      "fold" : 0.59509999999999996,
      "raise25x" : 0.18990000000000001
    },
    "AJs" : {
      "call" : 1
    },
    "AKo" : {
      "raise25x" : 0.2261,
      "shove" : 0.77390000000000003
    },
    "AKs" : {
      "raise25x" : 1
    },
    "AQo" : {
      "call" : 0.55989999999999995,
      "raise25x" : 0.44009999999999999
    },
    "AQs" : {
      "call" : 1
    },
    "ATs" : {
      "call" : 0.80510000000000004,
      "raise25x" : 0.19489999999999999
    },
    "J9s" : {
      "call" : 0.98009999999999997,
      "fold" : 0.019899999999999998
    },
    "JJ" : {
      "call" : 0.5151,
      "raise25x" : 0.45000000000000001,
      "shove" : 0.0349
    },
    "JTs" : {
      "call" : 0.93520000000000003,
      "raise25x" : 0.064799999999999996
    },
    "K6s" : {
      "call" : 0.94969999999999999,
      "raise25x" : 0.050299999999999991
    },
    "K8s" : {
      "call" : 0.29999999999999999,
      "fold" : 0.69999999999999996
    },
    "K9s" : {
      "call" : 0.82999999999999996,
      "raise25x" : 0.17000000000000001
    },
    "KJs" : {
      "call" : 0.73009999999999997,
      "raise25x" : 0.26989999999999997
    },
    "KK" : {
      "raise25x" : 1
    },
    "KQo" : {
      "call" : 0.69010000000000005,
      "fold" : 0.10000000000000001,
      "raise25x" : 0.2099
    },
    "KQs" : {
      "call" : 1
    },
    "KTs" : {
      "call" : 0.52000000000000002,
      "raise25x" : 0.47999999999999998
    },
    "Q9s" : {
      "call" : 0.50509999999999999,
      "fold" : 0.49490000000000001
    },
    "QJs" : {
      "call" : 0.85499999999999998,
      "raise25x" : 0.14499999999999999
    },
    "QQ" : {
      "raise25x" : 0.49490000000000001,
      "shove" : 0.50509999999999999
    },
    "QTs" : {
      "call" : 1
    },
    "T8s" : {
      "call" : 1
    },
    "T9s" : {
      "call" : 1
    },
    "TT" : {
      "call" : 0.68999999999999995,
      "raise25x" : 0.31
    }
  },
  "id" : "mtt_9max_80bb_lj_vs3bet_vs_btn",
  "source" : {
    "description" : "Adapted from RangeConverter 8-max baseline.",
    "publisher" : {
      "accessedDate" : "2026-06-01",
      "name" : "RangeConverter",
      "product" : "Free Poker Charts — 8 max 1bb ante MTT GTO Ranges",
      "treeParams" : "2.5x open, 3.5x 3bet IP, 4.5x 3bet OOP, 2.3x 4bet IP, 2.75x 4bet OOP, SB vs BB 3.2bb",
      "url" : "https:\/\/rangeconverter.com\/free-poker-charts"
    },
    "solver" : {
      "assumptions" : "Frequencies rounded to nearest 25% per source. ChipEV (non-ICM). 1bb (12.5%) big-blind ante. Copied verbatim from 8-max LJ (same effective seat in 9-max)."
    },
    "type" : "published"
  },
  "spot" : {
    "anteType" : "bigBlindAnte",
    "facingAction" : "vs3Bet",
    "opponentPosition" : "BTN",
    "position" : "LJ",
    "stackDepthBB" : 80
  }
}