{
  "format" : "NLHE_MTT_9MAX",
  "hands" : {
    "22" : {
      "call" : 1
    },
    "33" : {
      "call" : 1
    },
    "44" : {
      "call" : 1
    },
    "54s" : {
      "call" : 0.97209999999999996,
      "fold" : 0.01,
      "raise25x" : 0.017899999999999999
    },
    "55" : {
      "call" : 1
    },
    "65s" : {
      "call" : 0.72219999999999995,
      "fold" : 0.0057999999999999996,
      "raise25x" : 0.27200000000000002
    },
    "66" : {
      "call" : 1
    },
    "76s" : {
      "call" : 0.66669999999999996,
      "raise25x" : 0.33329999999999999
    },
    "77" : {
      "call" : 0.99209999999999998,
      "raise25x" : 0.0079000000000000008
    },
    "86s" : {
      "call" : 0.071900000000000019,
      "fold" : 0.92810000000000004
    },
    "87s" : {
      "call" : 0.62990000000000002,
      "fold" : 0.01,
      "raise25x" : 0.36009999999999998
    },
    "88" : {
      "call" : 0.80410000000000004,
      "raise25x" : 0.19589999999999999
    },
    "97s" : {
      "call" : 0.2339,
      "fold" : 0.7661
    },
    "98s" : {
      "call" : 0.88429999999999997,
      "fold" : 0.0118,
      "raise25x" : 0.10390000000000001
    },
    "99" : {
      "call" : 0.53210000000000002,
      "raise25x" : 0.46789999999999998
    },
    "A2s" : {
      "call" : 0.87609999999999999,
      "fold" : 0.1239
    },
    "A3s" : {
      "call" : 1
    },
    "A4s" : {
      "call" : 0.91610000000000003,
      "raise25x" : 0.083900000000000002
    },
    "A5s" : {
      "call" : 0.42409999999999998,
      "raise25x" : 0.57589999999999997
    },
    "A6s" : {
      "call" : 0.83609999999999995,
      "raise25x" : 0.16389999999999999
    },
    "A7s" : {
      "call" : 0.97009999999999996,
      "raise25x" : 0.029899999999999999
    },
    "A8s" : {
      "call" : 0.73199999999999998,
      "raise25x" : 0.26800000000000002
    },
    "A9s" : {
      "call" : 0.47999999999999998,
      "raise25x" : 0.52000000000000002
    },
    "AA" : {
      "raise25x" : 1
    },
    "AJo" : {
      "call" : 0.93189999999999995,
      "raise25x" : 0.06809999999999998
    },
    "AJs" : {
      "raise25x" : 1
    },
    "AKo" : {
      "call" : 0.13400000000000001,
      "raise25x" : 0.66200000000000003,
      "shove" : 0.20399999999999999
    },
    "AKs" : {
      "raise25x" : 1
    },
    "AQo" : {
      "call" : 0.53600000000000003,
      "raise25x" : 0.46400000000000002
    },
    "AQs" : {
      "call" : 0.064000000000000001,
      "raise25x" : 0.93600000000000005
    },
    "ATo" : {
      "call" : 0.38400000000000001,
      "fold" : 0.61599999999999999
    },
    "ATs" : {
      "raise25x" : 1
    },
    "J8s" : {
      "call" : 0.017899999999999999,
      "fold" : 0.98209999999999997
    },
    "J9s" : {
      "call" : 0.81200000000000006,
      "raise25x" : 0.188
    },
    "JJ" : {
      "call" : 0.17199999999999999,
      "raise25x" : 0.82799999999999996
    },
    "JTs" : {
      "call" : 0.59189999999999998,
      "raise25x" : 0.40810000000000002
    },
    "K5s" : {
      "call" : 0.46000000000000002,
      "fold" : 0.54000000000000004
    },
    "K6s" : {
      "call" : 0.60209999999999997,
      "fold" : 0.39789999999999998
    },
    "K7s" : {
      "call" : 0.38,
      "fold" : 0.62
    },
    "K8s" : {
      "call" : 0.72199999999999998,
      "fold" : 0.27800000000000002
    },
    "K9s" : {
      "call" : 0.97819999999999996,
      "raise25x" : 0.0218
    },
    "KJo" : {
      "call" : 0.25990000000000002,
      "fold" : 0.74009999999999998
    },
    "KJs" : {
      "raise25x" : 1
    },
    "KK" : {
      "raise25x" : 1
    },
    "KQo" : {
      "call" : 0.90190000000000003,
      "raise25x" : 0.098099999999999993
    },
    "KQs" : {
      "raise25x" : 1
    },
    "KTo" : {
      "call" : 0.0079000000000000008,
      "fold" : 0.99209999999999998
    },
    "KTs" : {
      "call" : 0.34989999999999999,
      "raise25x" : 0.65010000000000001
    },
    "Q9s" : {
      "call" : 0.99209999999999998,
      "fold" : 0.0079000000000000008
    },
    "QJs" : {
      "call" : 0.502,
      "raise25x" : 0.498
    },
    "QQ" : {
      "raise25x" : 0.89800000000000002,
      "shove" : 0.10199999999999999
    },
    "QTs" : {
      "call" : 0.97219999999999995,
      "raise25x" : 0.027800000000000002
    },
    "T8s" : {
      "call" : 0.98029999999999995,
      "fold" : 0.013900000000000001,
      "raise25x" : 0.0057999999999999996
    },
    "T9s" : {
      "call" : 0.64800000000000002,
      "raise25x" : 0.35199999999999998
    },
    "TT" : {
      "call" : 0.34589999999999999,
      "raise25x" : 0.65410000000000001
    }
  },
  "id" : "mtt_9max_60bb_sb_vsopen_vs_utg",
  "source" : {
    "description" : "Adapted from RangeConverter 8-max baseline.",
    "publisher" : {
      "accessedDate" : "2026-06-01",
      "name" : "RangeConverter",
      "product" : "Free Poker Charts — 8 max 1bb ante MTT GTO Ranges",
      "treeParams" : "2.5x open, 3.5x 3bet IP, 4.5x 3bet OOP, 2.3x 4bet IP, 2.75x 4bet OOP, SB vs BB 3.2bb",
      "url" : "https:\/\/rangeconverter.com\/free-poker-charts"
    },
    "solver" : {
      "assumptions" : "Frequencies rounded to nearest 25% per source. ChipEV (non-ICM). 1bb (12.5%) big-blind ante. Copied verbatim from 8-max SB (same effective seat in 9-max)."
    },
    "type" : "published"
  },
  "spot" : {
    "anteType" : "bigBlindAnte",
    "facingAction" : "vsOpen",
    "opponentPosition" : "UTG",
    "position" : "SB",
    "stackDepthBB" : 60
  }
}