{
  "format" : "NLHE_MTT_8MAX",
  "hands" : {
    "22" : {
      "call" : 0.78810000000000002,
      "fold" : 0.21190000000000001
    },
    "33" : {
      "call" : 0.68000000000000005,
      "fold" : 0.32000000000000001
    },
    "44" : {
      "call" : 0.93020000000000003,
      "fold" : 0.069800000000000001
    },
    "54s" : {
      "call" : 0.31190000000000001,
      "fold" : 0.68810000000000004
    },
    "55" : {
      "call" : 0.88380000000000003,
      "raise3x" : 0.1162
    },
    "65s" : {
      "call" : 0.20799999999999999,
      "fold" : 0.79200000000000004
    },
    "66" : {
      "call" : 0.80620000000000003,
      "raise3x" : 0.1938
    },
    "76s" : {
      "call" : 0.29999999999999999,
      "fold" : 0.69999999999999996
    },
    "77" : {
      "call" : 0.79200000000000004,
      "raise3x" : 0.20799999999999999
    },
    "87s" : {
      "call" : 0.28589999999999999,
      "fold" : 0.71409999999999996
    },
    "88" : {
      "call" : 0.71809999999999996,
      "raise3x" : 0.28189999999999998
    },
    "98s" : {
      "call" : 0.52790000000000004,
      "fold" : 0.47210000000000002
    },
    "99" : {
      "call" : 0.66800000000000004,
      "raise3x" : 0.33200000000000002
    },
    "A3s" : {
      "call" : 0.49199999999999999,
      "fold" : 0.50800000000000001
    },
    "A4s" : {
      "call" : 0.7571,
      "raise3x" : 0.2429
    },
    "A5s" : {
      "call" : 0.55000000000000004,
      "raise3x" : 0.45000000000000001
    },
    "A6s" : {
      "call" : 0.60219999999999996,
      "fold" : 0.099900000000000003,
      "raise3x" : 0.2979
    },
    "A7s" : {
      "call" : 0.57320000000000004,
      "raise3x" : 0.42680000000000001
    },
    "A8s" : {
      "call" : 0.44800000000000001,
      "raise3x" : 0.55200000000000005
    },
    "A9s" : {
      "call" : 0.22189999999999999,
      "raise3x" : 0.77810000000000001
    },
    "AA" : {
      "raise3x" : 1
    },
    "AJo" : {
      "call" : 0.45900000000000002,
      "fold" : 0.1197,
      "raise3x" : 0.42130000000000001
    },
    "AJs" : {
      "call" : 0.72409999999999997,
      "raise3x" : 0.27589999999999998
    },
    "AKo" : {
      "call" : 0.53400000000000003,
      "raise3x" : 0.46600000000000003
    },
    "AKs" : {
      "raise3x" : 1
    },
    "AQo" : {
      "call" : 0.62390000000000001,
      "raise3x" : 0.37609999999999999
    },
    "AQs" : {
      "call" : 0.46600000000000003,
      "raise3x" : 0.53400000000000003
    },
    "ATo" : {
      "fold" : 0.84809999999999997,
      "raise3x" : 0.15190000000000001
    },
    "ATs" : {
      "call" : 0.52790000000000004,
      "raise3x" : 0.47210000000000002
    },
    "J9s" : {
      "call" : 0.60409999999999997,
      "fold" : 0.33600000000000002,
      "raise3x" : 0.059900000000000002
    },
    "JJ" : {
      "call" : 0.74009999999999998,
      "raise3x" : 0.25990000000000002
    },
    "JTs" : {
      "call" : 0.71199999999999997,
      "raise3x" : 0.28799999999999998
    },
    "K8s" : {
      "call" : 0.081900000000000001,
      "fold" : 0.91810000000000003
    },
    "K9s" : {
      "call" : 0.25600000000000001,
      "raise3x" : 0.74399999999999999
    },
    "KJo" : {
      "fold" : 0.90210000000000001,
      "raise3x" : 0.097900000000000001
    },
    "KJs" : {
      "call" : 0.70599999999999996,
      "raise3x" : 0.29399999999999998
    },
    "KK" : {
      "raise3x" : 1
    },
    "KQo" : {
      "call" : 0.4289,
      "raise3x" : 0.57110000000000005
    },
    "KQs" : {
      "call" : 0.97819999999999996,
      "raise3x" : 0.0218
    },
    "KTs" : {
      "call" : 0.61599999999999999,
      "raise3x" : 0.38400000000000001
    },
    "Q9s" : {
      "call" : 0.23000000000000001,
      "fold" : 0.77000000000000002
    },
    "QJs" : {
      "call" : 0.65590000000000004,
      "raise3x" : 0.34410000000000002
    },
    "QQ" : {
      "call" : 0.36399999999999999,
      "raise3x" : 0.63600000000000001
    },
    "QTs" : {
      "call" : 0.83399999999999996,
      "raise3x" : 0.16600000000000001
    },
    "T8s" : {
      "call" : 0.32600000000000001,
      "fold" : 0.67400000000000004
    },
    "T9s" : {
      "call" : 0.6694,
      "raise3x" : 0.3306
    },
    "TT" : {
      "call" : 0.54600000000000004,
      "raise3x" : 0.45400000000000001
    }
  },
  "id" : "mtt_8max_60bb_hj_vsopen_vs_utg1",
  "source" : {
    "description" : "RangeConverter free PDF — 8-max 60bb 1bb ante (12.5%).",
    "publisher" : {
      "accessedDate" : "2026-06-01",
      "name" : "RangeConverter",
      "product" : "Free Poker Charts — 8 max 1bb ante MTT GTO Ranges",
      "treeParams" : "poker.academy CE-Symmetric Regular @ 60bb (GTO ChipEV, 1bb ante)",
      "url" : "https:\/\/rangeconverter.com\/free-poker-charts"
    },
    "solver" : {
      "assumptions" : "Frequencies rounded to nearest 25% per source. ChipEV (non-ICM). 1bb (12.5%) big-blind ante."
    },
    "type" : "published"
  },
  "spot" : {
    "anteType" : "bigBlindAnte",
    "facingAction" : "vsOpen",
    "opponentPosition" : "UTG1",
    "position" : "HJ",
    "stackDepthBB" : 60
  }
}