{
  "format" : "NLHE_MTT_8MAX",
  "hands" : {
    "22" : {
      "fold" : 0.035799999999999998,
      "raise25x" : 0.96419999999999995
    },
    "33" : {
      "raise25x" : 1
    },
    "44" : {
      "raise25x" : 1
    },
    "54s" : {
      "fold" : 0.502,
      "raise25x" : 0.498
    },
    "55" : {
      "raise25x" : 1
    },
    "65s" : {
      "fold" : 0.28999999999999998,
      "raise25x" : 0.70999999999999996
    },
    "66" : {
      "raise25x" : 1
    },
    "76s" : {
      "raise25x" : 1
    },
    "77" : {
      "raise25x" : 1
    },
    "87s" : {
      "raise25x" : 1
    },
    "88" : {
      "raise25x" : 1
    },
    "97s" : {
      "fold" : 0.748,
      "raise25x" : 0.252
    },
    "98s" : {
      "raise25x" : 1
    },
    "99" : {
      "raise25x" : 1
    },
    "A2s" : {
      "raise25x" : 1
    },
    "A3s" : {
      "raise25x" : 1
    },
    "A4s" : {
      "raise25x" : 1
    },
    "A5s" : {
      "raise25x" : 1
    },
    "A6s" : {
      "raise25x" : 1
    },
    "A7s" : {
      "raise25x" : 1
    },
    "A8s" : {
      "raise25x" : 1
    },
    "A9o" : {
      "fold" : 0.45190000000000002,
      "raise25x" : 0.54810000000000003
    },
    "A9s" : {
      "raise25x" : 1
    },
    "AA" : {
      "raise25x" : 1
    },
    "AJo" : {
      "raise25x" : 1
    },
    "AJs" : {
      "raise25x" : 1
    },
    "AKo" : {
      "raise25x" : 1
    },
    "AKs" : {
      "raise25x" : 1
    },
    "AQo" : {
      "raise25x" : 1
    },
    "AQs" : {
      "raise25x" : 1
    },
    "ATo" : {
      "raise25x" : 1
    },
    "ATs" : {
      "raise25x" : 1
    },
    "J8s" : {
      "raise25x" : 1
    },
    "J9s" : {
      "raise25x" : 1
    },
    "JJ" : {
      "raise25x" : 1
    },
    "JTo" : {
      "fold" : 0.56200000000000006,
      "raise25x" : 0.438
    },
    "JTs" : {
      "raise25x" : 1
    },
    "K5s" : {
      "fold" : 0.56799999999999995,
      "raise25x" : 0.432
    },
    "K6s" : {
      "raise25x" : 1
    },
    "K7s" : {
      "raise25x" : 1
    },
    "K8s" : {
      "raise25x" : 1
    },
    "K9s" : {
      "raise25x" : 1
    },
    "KJo" : {
      "raise25x" : 1
    },
    "KJs" : {
      "raise25x" : 1
    },
    "KK" : {
      "raise25x" : 1
    },
    "KQo" : {
      "raise25x" : 1
    },
    "KQs" : {
      "raise25x" : 1
    },
    "KTo" : {
      "raise25x" : 1
    },
    "KTs" : {
      "raise25x" : 1
    },
    "Q8s" : {
      "fold" : 0.40600000000000003,
      "raise25x" : 0.59399999999999997
    },
    "Q9s" : {
      "raise25x" : 1
    },
    "QJo" : {
      "fold" : 0.16600000000000001,
      "raise25x" : 0.83399999999999996
    },
    "QJs" : {
      "raise25x" : 1
    },
    "QQ" : {
      "raise25x" : 1
    },
    "QTo" : {
      "fold" : 0.70409999999999995,
      "raise25x" : 0.2959
    },
    "QTs" : {
      "raise25x" : 1
    },
    "T8s" : {
      "raise25x" : 1
    },
    "T9s" : {
      "raise25x" : 1
    },
    "TT" : {
      "raise25x" : 1
    }
  },
  "id" : "mtt_8max_60bb_lj_unopened",
  "source" : {
    "description" : "RangeConverter free PDF — 8-max 60bb 1bb ante (12.5%).",
    "publisher" : {
      "accessedDate" : "2026-06-01",
      "name" : "RangeConverter",
      "product" : "Free Poker Charts — 8 max 1bb ante MTT GTO Ranges",
      "treeParams" : "poker.academy CE-Symmetric Regular @ 60bb (GTO ChipEV, 1bb ante)",
      "url" : "https:\/\/rangeconverter.com\/free-poker-charts"
    },
    "solver" : {
      "assumptions" : "Frequencies rounded to nearest 25% per source. ChipEV (non-ICM). 1bb (12.5%) big-blind ante."
    },
    "type" : "published"
  },
  "spot" : {
    "anteType" : "bigBlindAnte",
    "facingAction" : "unopened",
    "position" : "LJ",
    "stackDepthBB" : 60
  }
}