{
  "format" : "NLHE_MTT_8MAX",
  "hands" : {
    "22" : {
      "fold" : 0.0378,
      "raise25x" : 0.96220000000000006
    },
    "32o" : {
      "fold" : 1
    },
    "32s" : {
      "fold" : 1
    },
    "33" : {
      "fold" : 0.0146,
      "raise25x" : 0.98540000000000005
    },
    "42o" : {
      "fold" : 1
    },
    "42s" : {
      "fold" : 0.99970000000000003
    },
    "43o" : {
      "fold" : 1
    },
    "43s" : {
      "fold" : 1
    },
    "44" : {
      "fold" : 0.1195,
      "raise25x" : 0.88049999999999995
    },
    "52o" : {
      "fold" : 1
    },
    "52s" : {
      "fold" : 1
    },
    "53o" : {
      "fold" : 1
    },
    "53s" : {
      "fold" : 1
    },
    "54o" : {
      "fold" : 1
    },
    "54s" : {
      "fold" : 0.99419999999999997,
      "raise25x" : 0.0057999999999999996
    },
    "55" : {
      "fold" : 0.48859999999999998,
      "raise25x" : 0.51139999999999997
    },
    "62o" : {
      "fold" : 1
    },
    "62s" : {
      "fold" : 0.99939999999999996
    },
    "63o" : {
      "fold" : 1
    },
    "63s" : {
      "fold" : 1
    },
    "64o" : {
      "fold" : 1
    },
    "64s" : {
      "fold" : 1
    },
    "65o" : {
      "fold" : 0.99950000000000006
    },
    "65s" : {
      "fold" : 1
    },
    "66" : {
      "fold" : 0.0025000000000000001,
      "raise25x" : 0.99750000000000005
    },
    "72o" : {
      "fold" : 1
    },
    "72s" : {
      "fold" : 0.99739999999999995,
      "raise25x" : 0.0025999999999999999
    },
    "73o" : {
      "fold" : 1
    },
    "73s" : {
      "fold" : 0.99909999999999999
    },
    "74o" : {
      "fold" : 1
    },
    "74s" : {
      "fold" : 0.99990000000000001
    },
    "75o" : {
      "fold" : 1
    },
    "75s" : {
      "fold" : 0.99939999999999996
    },
    "76o" : {
      "fold" : 1
    },
    "76s" : {
      "fold" : 0.96460000000000001,
      "raise25x" : 0.035400000000000001
    },
    "77" : {
      "raise25x" : 0.99960000000000004
    },
    "82o" : {
      "fold" : 1
    },
    "82s" : {
      "fold" : 0.99919999999999998
    },
    "83o" : {
      "fold" : 1
    },
    "83s" : {
      "fold" : 1
    },
    "84o" : {
      "fold" : 1
    },
    "84s" : {
      "fold" : 1
    },
    "85o" : {
      "fold" : 0.99980000000000002
    },
    "85s" : {
      "fold" : 1
    },
    "86o" : {
      "fold" : 1
    },
    "86s" : {
      "fold" : 0.99539999999999995,
      "raise25x" : 0.0045999999999999999
    },
    "87o" : {
      "fold" : 1
    },
    "87s" : {
      "fold" : 0.99150000000000005,
      "raise25x" : 0.0085000000000000006
    },
    "88" : {
      "fold" : 0.0016000000000000001,
      "raise25x" : 0.99839999999999995
    },
    "92o" : {
      "fold" : 1
    },
    "92s" : {
      "fold" : 0.99990000000000001
    },
    "93o" : {
      "fold" : 1
    },
    "93s" : {
      "fold" : 0.99760000000000004,
      "raise25x" : 0.0023999999999999998
    },
    "94o" : {
      "fold" : 1
    },
    "94s" : {
      "fold" : 0.99990000000000001
    },
    "95o" : {
      "fold" : 1
    },
    "95s" : {
      "fold" : 0.99219999999999997,
      "raise25x" : 0.0077999999999999996
    },
    "96o" : {
      "fold" : 1
    },
    "96s" : {
      "fold" : 1
    },
    "97o" : {
      "fold" : 0.99880000000000002,
      "raise25x" : 0.0011999999999999999
    },
    "97s" : {
      "fold" : 0.79279999999999995,
      "raise25x" : 0.2072
    },
    "98o" : {
      "fold" : 1
    },
    "98s" : {
      "fold" : 1
    },
    "99" : {
      "raise25x" : 1
    },
    "A2o" : {
      "fold" : 0.0038999999999999998,
      "raise25x" : 0.99609999999999999
    },
    "A2s" : {
      "fold" : 0.042200000000000001,
      "raise25x" : 0.95779999999999998
    },
    "A3o" : {
      "fold" : 0.012200000000000001,
      "raise25x" : 0.98780000000000001
    },
    "A3s" : {
      "fold" : 0.002,
      "raise25x" : 0.998
    },
    "A4o" : {
      "fold" : 0.01,
      "raise25x" : 0.98999999999999999
    },
    "A4s" : {
      "fold" : 0.0057000000000000002,
      "raise25x" : 0.99429999999999996
    },
    "A5o" : {
      "raise25x" : 0.999
    },
    "A5s" : {
      "fold" : 0.0106,
      "raise25x" : 0.98939999999999995
    },
    "A6o" : {
      "fold" : 0.0066,
      "raise25x" : 0.99339999999999995
    },
    "A6s" : {
      "fold" : 0.020799999999999999,
      "raise25x" : 0.97919999999999996
    },
    "A7o" : {
      "fold" : 0.0011999999999999999,
      "raise25x" : 0.99880000000000002
    },
    "A7s" : {
      "fold" : 0.0032000000000000002,
      "raise25x" : 0.99680000000000002
    },
    "A8o" : {
      "fold" : 0.0011999999999999999,
      "raise25x" : 0.99880000000000002
    },
    "A8s" : {
      "raise25x" : 0.99990000000000001
    },
    "A9o" : {
      "raise25x" : 0.99939999999999996
    },
    "A9s" : {
      "fold" : 0.017500000000000002,
      "raise25x" : 0.98250000000000004
    },
    "AA" : {
      "raise25x" : 1
    },
    "AJo" : {
      "raise25x" : 1
    },
    "AJs" : {
      "fold" : 0.0016000000000000001,
      "raise25x" : 0.99839999999999995
    },
    "AKo" : {
      "raise25x" : 1
    },
    "AKs" : {
      "raise25x" : 1
    },
    "AQo" : {
      "raise25x" : 1
    },
    "AQs" : {
      "raise25x" : 1
    },
    "ATo" : {
      "raise25x" : 0.99990000000000001
    },
    "ATs" : {
      "fold" : 0.0067000000000000002,
      "raise25x" : 0.99329999999999996
    },
    "J2o" : {
      "fold" : 1
    },
    "J2s" : {
      "fold" : 0.99909999999999999
    },
    "J3o" : {
      "fold" : 1
    },
    "J3s" : {
      "fold" : 0.9546,
      "raise25x" : 0.045400000000000003
    },
    "J4o" : {
      "fold" : 1
    },
    "J4s" : {
      "fold" : 0.94359999999999999,
      "raise25x" : 0.056399999999999999
    },
    "J5o" : {
      "fold" : 0.99980000000000002
    },
    "J5s" : {
      "fold" : 0.95179999999999998,
      "raise25x" : 0.0482
    },
    "J6o" : {
      "fold" : 1
    },
    "J6s" : {
      "fold" : 0.99990000000000001
    },
    "J7o" : {
      "fold" : 0.99460000000000004,
      "raise25x" : 0.0054000000000000003
    },
    "J7s" : {
      "fold" : 0.93389999999999995,
      "raise25x" : 0.066100000000000006
    },
    "J8o" : {
      "fold" : 0.999
    },
    "J8s" : {
      "fold" : 0.32229999999999998,
      "raise25x" : 0.67769999999999997
    },
    "J9o" : {
      "fold" : 0.023800000000000002,
      "raise25x" : 0.97619999999999996
    },
    "J9s" : {
      "fold" : 0.17649999999999999,
      "raise25x" : 0.82350000000000001
    },
    "JJ" : {
      "raise25x" : 1
    },
    "JTo" : {
      "fold" : 0.015599999999999999,
      "raise25x" : 0.98440000000000005
    },
    "JTs" : {
      "fold" : 0.013599999999999999,
      "raise25x" : 0.98640000000000005
    },
    "K2o" : {
      "fold" : 0.98619999999999997,
      "raise25x" : 0.0138
    },
    "K2s" : {
      "fold" : 0.39300000000000002,
      "raise25x" : 0.60699999999999998
    },
    "K3o" : {
      "fold" : 0.99660000000000004,
      "raise25x" : 0.0033999999999999998
    },
    "K3s" : {
      "fold" : 0.67810000000000004,
      "raise25x" : 0.32190000000000002
    },
    "K4o" : {
      "fold" : 0.46879999999999999,
      "raise25x" : 0.53120000000000001
    },
    "K4s" : {
      "fold" : 0.0083999999999999995,
      "raise25x" : 0.99160000000000004
    },
    "K5o" : {
      "fold" : 0.016,
      "raise25x" : 0.98399999999999999
    },
    "K5s" : {
      "fold" : 0.0038,
      "raise25x" : 0.99619999999999997
    },
    "K6o" : {
      "fold" : 0.026599999999999999,
      "raise25x" : 0.97340000000000004
    },
    "K6s" : {
      "fold" : 0.071099999999999997,
      "raise25x" : 0.92889999999999995
    },
    "K7o" : {
      "fold" : 0.0028,
      "raise25x" : 0.99719999999999998
    },
    "K7s" : {
      "fold" : 0.0043,
      "raise25x" : 0.99570000000000003
    },
    "K8o" : {
      "fold" : 0.015299999999999999,
      "raise25x" : 0.98470000000000002
    },
    "K8s" : {
      "fold" : 0.1943,
      "raise25x" : 0.80569999999999997
    },