{
  "format" : "NLHE_MTT_9MAX",
  "hands" : {
    "22" : {
      "call" : 1
    },
    "33" : {
      "call" : 1
    },
    "44" : {
      "call" : 1
    },
    "54s" : {
      "call" : 0.91000000000000003,
      "fold" : 0.089999999999999997
    },
    "55" : {
      "call" : 1
    },
    "65s" : {
      "call" : 0.84209999999999996,
      "raise25x" : 0.15790000000000001
    },
    "66" : {
      "call" : 0.84419999999999995,
      "raise25x" : 0.15579999999999999
    },
    "76s" : {
      "call" : 0.5,
      "raise25x" : 0.5
    },
    "77" : {
      "call" : 0.71199999999999997,
      "raise25x" : 0.28799999999999998
    },
    "86s" : {
      "call" : 0.86619999999999997,
      "fold" : 0.029899999999999999,
      "raise25x" : 0.10390000000000001
    },
    "87s" : {
      "call" : 0.7742,
      "raise25x" : 0.2258
    },
    "88" : {
      "call" : 0.26390000000000002,
      "raise25x" : 0.73609999999999998
    },
    "97s" : {
      "call" : 1
    },
    "98s" : {
      "call" : 0.69999999999999996,
      "raise25x" : 0.29999999999999999
    },
    "99" : {
      "call" : 0.55600000000000005,
      "raise25x" : 0.44400000000000001
    },
    "A2s" : {
      "call" : 1
    },
    "A3s" : {
      "call" : 1
    },
    "A4s" : {
      "call" : 0.89400000000000002,
      "raise25x" : 0.106
    },
    "A5s" : {
      "call" : 0.316,
      "raise25x" : 0.68400000000000005
    },
    "A6s" : {
      "call" : 0.6079,
      "raise25x" : 0.3921
    },
    "A7s" : {
      "call" : 0.59009999999999996,
      "raise25x" : 0.40989999999999999
    },
    "A8o" : {
      "call" : 0.67210000000000003,
      "fold" : 0.32790000000000002
    },
    "A8s" : {
      "raise25x" : 1
    },
    "A9o" : {
      "call" : 1
    },
    "A9s" : {
      "call" : 0.59189999999999998,
      "raise25x" : 0.40810000000000002
    },
    "AA" : {
      "raise25x" : 1
    },
    "AJo" : {
      "call" : 0.051899999999999988,
      "raise25x" : 0.94810000000000005
    },
    "AJs" : {
      "call" : 0.51800000000000002,
      "raise25x" : 0.48199999999999998
    },
    "AKo" : {
      "raise25x" : 1
    },
    "AKs" : {
      "raise25x" : 1
    },
    "AQo" : {
      "call" : 0.50800000000000001,
      "raise25x" : 0.49199999999999999
    },
    "AQs" : {
      "raise25x" : 1
    },
    "ATo" : {
      "call" : 0.84599999999999997,
      "raise25x" : 0.154
    },
    "ATs" : {
      "call" : 0.0339,
      "raise25x" : 0.96609999999999996
    },
    "J8s" : {
      "call" : 0.77810000000000001,
      "raise25x" : 0.22189999999999999
    },
    "J9s" : {
      "call" : 0.66010000000000002,
      "raise25x" : 0.33989999999999998
    },
    "JJ" : {
      "raise25x" : 1
    },
    "JTo" : {
      "call" : 0.82799999999999996,
      "raise25x" : 0.17199999999999999
    },
    "JTs" : {
      "raise25x" : 1
    },
    "K3s" : {
      "call" : 1
    },
    "K4s" : {
      "call" : 1
    },
    "K5s" : {
      "call" : 1
    },
    "K6s" : {
      "call" : 0.56200000000000006,
      "raise25x" : 0.438
    },
    "K7s" : {
      "call" : 1
    },
    "K8s" : {
      "call" : 0.71809999999999996,
      "raise25x" : 0.28189999999999998
    },
    "K9s" : {
      "call" : 0.41199999999999998,
      "raise25x" : 0.58799999999999997
    },
    "KJo" : {
      "call" : 0.91610000000000003,
      "raise25x" : 0.083900000000000002
    },
    "KJs" : {
      "call" : 0.064000000000000001,
      "raise25x" : 0.93600000000000005
    },
    "KK" : {
      "raise25x" : 1
    },
    "KQo" : {
      "call" : 0.22,
      "raise25x" : 0.78000000000000003
    },
    "KQs" : {
      "call" : 0.20979999999999999,
      "raise25x" : 0.79020000000000001
    },
    "KTo" : {
      "call" : 0.83809999999999996,
      "raise25x" : 0.16189999999999999
    },
    "KTs" : {
      "call" : 0.01,
      "raise25x" : 0.98999999999999999
    },
    "Q6s" : {
      "call" : 0.93600000000000005,
      "fold" : 0.064000000000000001
    },
    "Q8s" : {
      "call" : 1
    },
    "Q9s" : {
      "call" : 1
    },
    "QJo" : {
      "call" : 1
    },
    "QJs" : {
      "call" : 0.013900000000000001,
      "raise25x" : 0.98609999999999998
    },
    "QQ" : {
      "raise25x" : 1
    },
    "QTo" : {
      "call" : 1
    },
    "QTs" : {
      "raise25x" : 1
    },
    "T7s" : {
      "call" : 0.27200000000000002,
      "fold" : 0.69810000000000005,
      "raise25x" : 0.029899999999999999
    },
    "T8s" : {
      "call" : 0.20399999999999999,
      "raise25x" : 0.79600000000000004
    },
    "T9s" : {
      "call" : 0.188,
      "raise25x" : 0.81200000000000006
    },
    "TT" : {
      "call" : 0.18390000000000001,
      "raise25x" : 0.81610000000000005
    }
  },
  "id" : "mtt_9max_70bb_sb_vsopen_vs_co",
  "source" : {
    "description" : "Adapted from RangeConverter 8-max baseline.",
    "publisher" : {
      "accessedDate" : "2026-06-01",
      "name" : "RangeConverter",
      "product" : "Free Poker Charts — 8 max 1bb ante MTT GTO Ranges",
      "treeParams" : "2.5x open, 3.5x 3bet IP, 4.5x 3bet OOP, 2.3x 4bet IP, 2.75x 4bet OOP, SB vs BB 3.2bb",
      "url" : "https:\/\/rangeconverter.com\/free-poker-charts"
    },
    "solver" : {
      "assumptions" : "Frequencies rounded to nearest 25% per source. ChipEV (non-ICM). 1bb (12.5%) big-blind ante. Copied verbatim from 8-max SB (same effective seat in 9-max)."
    },
    "type" : "published"
  },
  "spot" : {
    "anteType" : "bigBlindAnte",
    "facingAction" : "vsOpen",
    "opponentPosition" : "CO",
    "position" : "SB",
    "stackDepthBB" : 70
  }
}