{
  "format" : "NLHE_MTT_9MAX",
  "hands" : {
    "22" : {
      "call" : 1
    },
    "33" : {
      "call" : 1
    },
    "44" : {
      "call" : 1
    },
    "54s" : {
      "call" : 1
    },
    "55" : {
      "call" : 0.71540000000000004,
      "fold" : 0.28460000000000002
    },
    "65s" : {
      "call" : 1
    },
    "66" : {
      "call" : 0.58609999999999995,
      "fold" : 0.41389999999999999
    },
    "76s" : {
      "call" : 1
    },
    "77" : {
      "call" : 0.48199999999999998,
      "fold" : 0.51800000000000002
    },
    "87s" : {
      "call" : 1
    },
    "88" : {
      "call" : 0.498,
      "fold" : 0.502
    },
    "99" : {
      "call" : 0.55000000000000004,
      "fold" : 0.45000000000000001
    },
    "A4s" : {
      "call" : 0.20399999999999999,
      "fold" : 0.52010000000000001,
      "raise25x" : 0.27589999999999998
    },
    "A5s" : {
      "call" : 0.41799999999999998,
      "raise25x" : 0.58199999999999996
    },
    "A7s" : {
      "fold" : 0.94810000000000005,
      "raise25x" : 0.051899999999999988
    },
    "A9s" : {
      "call" : 0.30790000000000001,
      "fold" : 0.69210000000000005
    },
    "AA" : {
      "raise25x" : 1
    },
    "AJs" : {
      "call" : 0.626,
      "raise25x" : 0.374
    },
    "AKo" : {
      "call" : 0.53790000000000004,
      "raise25x" : 0.46210000000000001
    },
    "AKs" : {
      "raise25x" : 1
    },
    "AQo" : {
      "fold" : 0.66200000000000003,
      "raise25x" : 0.33800000000000002
    },
    "AQs" : {
      "call" : 1
    },
    "ATs" : {
      "call" : 1
    },
    "JJ" : {
      "call" : 0.64800000000000002,
      "raise25x" : 0.35199999999999998
    },
    "JTs" : {
      "call" : 0.2979,
      "fold" : 0.70209999999999995
    },
    "KJs" : {
      "call" : 0.30790000000000001,
      "raise25x" : 0.69210000000000005
    },
    "KK" : {
      "raise25x" : 1
    },
    "KQs" : {
      "call" : 0.82799999999999996,
      "raise25x" : 0.17199999999999999
    },
    "KTs" : {
      "call" : 0.2959,
      "fold" : 0.0079000000000000008,
      "raise25x" : 0.69620000000000004
    },
    "QJs" : {
      "call" : 0.1139,
      "fold" : 0.8861
    },
    "QQ" : {
      "call" : 0.73199999999999998,
      "raise25x" : 0.26800000000000002
    },
    "QTs" : {
      "call" : 0.2319,
      "fold" : 0.7681
    },
    "T9s" : {
      "call" : 0.40200000000000002,
      "fold" : 0.59799999999999998
    },
    "TT" : {
      "call" : 0.86809999999999998,
      "raise25x" : 0.13189999999999999
    }
  },
  "id" : "mtt_9max_100bb_utg1_vs3bet_vs_lj",
  "source" : {
    "description" : "Adapted from RangeConverter 8-max baseline.",
    "publisher" : {
      "accessedDate" : "2026-06-01",
      "name" : "RangeConverter",
      "product" : "Free Poker Charts — 8 max 1bb ante MTT GTO Ranges",
      "treeParams" : "2.5x open, 3.5x 3bet IP, 4.5x 3bet OOP, 2.3x 4bet IP, 2.75x 4bet OOP, SB vs BB 3.2bb",
      "url" : "https:\/\/rangeconverter.com\/free-poker-charts"
    },
    "solver" : {
      "assumptions" : "Frequencies rounded to nearest 25% per source. ChipEV (non-ICM). 1bb (12.5%) big-blind ante. Adapted from 8-max UTG (9-max UTG+1 plays the same role as 8-max UTG)."
    },
    "type" : "published"
  },
  "spot" : {
    "anteType" : "bigBlindAnte",
    "facingAction" : "vs3Bet",
    "opponentPosition" : "LJ",
    "position" : "UTG1",
    "stackDepthBB" : 100
  }
}