{
  "format" : "NLHE_MTT_8MAX",
  "hands" : {
    "22" : {
      "call" : 0.24590000000000001,
      "fold" : 0.75409999999999999
    },
    "33" : {
      "call" : 0.22789999999999999,
      "fold" : 0.77210000000000001
    },
    "44" : {
      "call" : 0.28799999999999998,
      "fold" : 0.71199999999999997
    },
    "54s" : {
      "call" : 0.2099,
      "fold" : 0.60619999999999996,
      "raise3x" : 0.18390000000000001
    },
    "55" : {
      "call" : 0.48999999999999999,
      "fold" : 0.50419999999999998,
      "raise3x" : 0.0057999999999999996
    },
    "65s" : {
      "call" : 0.1079,
      "fold" : 0.75019999999999998,
      "raise3x" : 0.1419
    },
    "66" : {
      "call" : 0.79600000000000004,
      "raise3x" : 0.20399999999999999
    },
    "76s" : {
      "call" : 0.106,
      "fold" : 0.74809999999999999,
      "raise3x" : 0.1459
    },
    "77" : {
      "call" : 0.77810000000000001,
      "raise3x" : 0.22189999999999999
    },
    "87s" : {
      "fold" : 0.80800000000000005,
      "raise3x" : 0.192
    },
    "88" : {
      "call" : 0.75209999999999999,
      "raise3x" : 0.24790000000000001
    },
    "98s" : {
      "call" : 0.043799999999999999,
      "fold" : 0.95620000000000005
    },
    "99" : {
      "call" : 0.71199999999999997,
      "raise3x" : 0.28799999999999998
    },
    "A3s" : {
      "call" : 0.2379,
      "fold" : 0.3901,
      "raise3x" : 0.372
    },
    "A4s" : {
      "call" : 0.41599999999999998,
      "raise3x" : 0.58399999999999996
    },
    "A5s" : {
      "call" : 0.54810000000000003,
      "raise3x" : 0.45190000000000002
    },
    "A6s" : {
      "fold" : 0.69599999999999995,
      "raise3x" : 0.30399999999999999
    },
    "A7s" : {
      "call" : 0.17000000000000001,
      "fold" : 0.38600000000000001,
      "raise3x" : 0.44400000000000001
    },
    "A8s" : {
      "call" : 0.52790000000000004,
      "raise3x" : 0.47210000000000002
    },
    "A9s" : {
      "call" : 0.52400000000000002,
      "raise3x" : 0.47599999999999998
    },
    "AA" : {
      "raise3x" : 1
    },
    "AJo" : {
      "call" : 0.24840000000000001,
      "fold" : 0.39879999999999999,
      "raise3x" : 0.3528
    },
    "AJs" : {
      "call" : 0.82799999999999996,
      "raise3x" : 0.17199999999999999
    },
    "AKo" : {
      "call" : 0.22,
      "raise3x" : 0.78000000000000003
    },
    "AKs" : {
      "raise3x" : 1
    },
    "AQo" : {
      "call" : 0.65410000000000001,
      "raise3x" : 0.34589999999999999
    },
    "AQs" : {
      "call" : 0.47599999999999998,
      "raise3x" : 0.52400000000000002
    },
    "ATo" : {
      "fold" : 0.97219999999999995,
      "raise3x" : 0.027799999999999998
    },
    "ATs" : {
      "call" : 0.46600000000000003,
      "raise3x" : 0.53400000000000003
    },
    "JJ" : {
      "call" : 0.61599999999999999,
      "raise3x" : 0.38400000000000001
    },
    "JTs" : {
      "call" : 0.79410000000000003,
      "raise3x" : 0.2059
    },
    "K9s" : {
      "call" : 0.13400000000000001,
      "raise3x" : 0.86599999999999999
    },
    "KJs" : {
      "call" : 0.57410000000000005,
      "raise3x" : 0.4259
    },
    "KK" : {
      "raise3x" : 1
    },
    "KQo" : {
      "call" : 0.35589999999999999,
      "raise3x" : 0.64410000000000001
    },
    "KQs" : {
      "call" : 0.83609999999999995,
      "raise3x" : 0.16389999999999999
    },
    "KTs" : {
      "call" : 0.57410000000000005,
      "raise3x" : 0.4259
    },
    "QJs" : {
      "call" : 0.33389999999999997,
      "raise3x" : 0.66610000000000003
    },
    "QQ" : {
      "call" : 0.45190000000000002,
      "raise3x" : 0.54810000000000003
    },
    "QTs" : {
      "call" : 0.57589999999999997,
      "raise3x" : 0.42409999999999998
    },
    "T9s" : {
      "call" : 0.57210000000000005,
      "fold" : 0.23400000000000001,
      "raise3x" : 0.19389999999999999
    },
    "TT" : {
      "call" : 0.53600000000000003,
      "raise3x" : 0.46400000000000002
    }
  },
  "id" : "mtt_8max_100bb_hj_vsopen_vs_utg1",
  "source" : {
    "description" : "RangeConverter free PDF — 8-max 100bb 1bb ante (12.5%).",
    "publisher" : {
      "accessedDate" : "2026-06-01",
      "name" : "RangeConverter",
      "product" : "Free Poker Charts — 8 max 1bb ante MTT GTO Ranges",
      "treeParams" : "poker.academy CE-Symmetric Regular @ 100bb (GTO ChipEV, 1bb ante)",
      "url" : "https:\/\/rangeconverter.com\/free-poker-charts"
    },
    "solver" : {
      "assumptions" : "Frequencies rounded to nearest 25% per source. ChipEV (non-ICM). 1bb (12.5%) big-blind ante."
    },
    "type" : "published"
  },
  "spot" : {
    "anteType" : "bigBlindAnte",
    "facingAction" : "vsOpen",
    "opponentPosition" : "UTG1",
    "position" : "HJ",
    "stackDepthBB" : 100
  }
}