{
  "format" : "NLHE_MTT_9MAX",
  "hands" : {
    "22" : {
      "call" : 1
    },
    "33" : {
      "call" : 0.79020000000000001,
      "shove" : 0.20979999999999999
    },
    "44" : {
      "call" : 0.375,
      "shove" : 0.625
    },
    "54s" : {
      "call" : 1
    },
    "55" : {
      "call" : 0.34000000000000002,
      "raise25x" : 0.32000000000000001,
      "shove" : 0.34000000000000002
    },
    "65s" : {
      "call" : 1
    },
    "66" : {
      "call" : 0.38,
      "raise25x" : 0.29499999999999998,
      "shove" : 0.32500000000000001
    },
    "76s" : {
      "call" : 1
    },
    "77" : {
      "shove" : 1
    },
    "86s" : {
      "call" : 0.10489999999999999,
      "fold" : 0.89510000000000001
    },
    "87s" : {
      "call" : 1
    },
    "88" : {
      "raise25x" : 0.039899999999999998,
      "shove" : 0.96009999999999995
    },
    "97s" : {
      "call" : 0.63490000000000002,
      "fold" : 0.36509999999999998
    },
    "98s" : {
      "call" : 1
    },
    "99" : {
      "raise25x" : 0.1099,
      "shove" : 0.8901
    },
    "A2s" : {
      "call" : 0.56020000000000003,
      "raise25x" : 0.1449,
      "shove" : 0.2949
    },
    "A3s" : {
      "call" : 0.31,
      "shove" : 0.68999999999999995
    },
    "A4s" : {
      "call" : 0.41489999999999999,
      "shove" : 0.58509999999999995
    },
    "A5o" : {
      "fold" : 0.98499999999999999,
      "raise25x" : 0.014999999999999999
    },
    "A5s" : {
      "call" : 0.56510000000000005,
      "raise25x" : 0.16500000000000001,
      "shove" : 0.26989999999999997
    },
    "A6s" : {
      "call" : 0.58509999999999995,
      "raise25x" : 0.41489999999999999
    },
    "A7o" : {
      "fold" : 0.97509999999999997,
      "raise25x" : 0.024899999999999999
    },
    "A7s" : {
      "call" : 0.83499999999999996,
      "raise25x" : 0.16500000000000001
    },
    "A8o" : {
      "fold" : 0.77000000000000002,
      "raise25x" : 0.23000000000000001
    },
    "A8s" : {
      "call" : 1
    },
    "A9o" : {
      "call" : 0.65510000000000002,
      "raise25x" : 0.34489999999999998
    },
    "A9s" : {
      "call" : 0.59999999999999998,
      "raise25x" : 0.40000000000000002
    },
    "AA" : {
      "raise25x" : 1
    },
    "AJo" : {
      "shove" : 1
    },
    "AJs" : {
      "raise25x" : 0.67500000000000004,
      "shove" : 0.32500000000000001
    },
    "AKo" : {
      "shove" : 1
    },
    "AKs" : {
      "raise25x" : 0.755,
      "shove" : 0.245
    },
    "AQo" : {
      "shove" : 1
    },
    "AQs" : {
      "shove" : 1
    },
    "ATo" : {
      "call" : 0.53739999999999999,
      "raise25x" : 0.43790000000000001,
      "shove" : 0.0247
    },
    "ATs" : {
      "call" : 0.88009999999999999,
      "raise25x" : 0.11990000000000001
    },
    "J8s" : {
      "call" : 0.92000000000000004,
      "raise25x" : 0.080000000000000002
    },
    "J9s" : {
      "call" : 1
    },
    "JJ" : {
      "raise25x" : 0.16,
      "shove" : 0.83999999999999997
    },
    "JTo" : {
      "call" : 0.26490000000000002,
      "fold" : 0.73509999999999998
    },
    "JTs" : {
      "shove" : 1
    },
    "K5s" : {
      "call" : 0.93020000000000003,
      "raise25x" : 0.069800000000000001
    },
    "K6s" : {
      "call" : 0.98009999999999997,
      "raise25x" : 0.019899999999999998
    },
    "K7s" : {
      "call" : 0.4249,
      "raise25x" : 0.57509999999999994
    },
    "K8s" : {
      "call" : 1
    },
    "K9s" : {
      "call" : 0.46000000000000002,
      "shove" : 0.54000000000000004
    },
    "KJo" : {
      "call" : 0.74009999999999998,
      "raise25x" : 0.25990000000000002
    },
    "KJs" : {
      "call" : 0.46999999999999997,
      "shove" : 0.53000000000000003
    },
    "KK" : {
      "raise25x" : 1
    },
    "KQo" : {
      "call" : 0.155,
      "raise25x" : 0.12989999999999999,
      "shove" : 0.71509999999999996
    },
    "KQs" : {
      "call" : 0.46000000000000002,
      "shove" : 0.54000000000000004
    },
    "KTo" : {
      "call" : 0.92500000000000004,
      "raise25x" : 0.074999999999999997
    },
    "KTs" : {
      "shove" : 1
    },
    "Q6s" : {
      "fold" : 0.98999999999999999,
      "raise25x" : 0.01
    },
    "Q7s" : {
      "fold" : 0.98999999999999999,
      "raise25x" : 0.01
    },
    "Q8s" : {
      "call" : 0.82010000000000005,
      "raise25x" : 0.1799
    },
    "Q9s" : {
      "call" : 1
    },
    "QJo" : {
      "call" : 0.84499999999999997,
      "raise25x" : 0.155
    },
    "QJs" : {
      "shove" : 1
    },
    "QQ" : {
      "raise25x" : 1
    },
    "QTo" : {
      "call" : 0.79530000000000001,
      "fold" : 0.069800000000000001,
      "raise25x" : 0.13489999999999999
    },
    "QTs" : {
      "shove" : 1
    },
    "T8s" : {
      "call" : 1
    },
    "T9s" : {
      "call" : 0.69499999999999995,
      "raise25x" : 0.30499999999999999
    },
    "TT" : {
      "raise25x" : 0.13980000000000001,
      "shove" : 0.86019999999999996
    }
  },
  "id" : "mtt_9max_25bb_sb_vsopen_vs_hj",
  "source" : {
    "description" : "Adapted from RangeConverter 8-max baseline.",
    "publisher" : {
      "accessedDate" : "2026-06-01",
      "name" : "RangeConverter",
      "product" : "Free Poker Charts — 8 max 1bb ante MTT GTO Ranges",
      "treeParams" : "2.5x open, 3.5x 3bet IP, 4.5x 3bet OOP, 2.3x 4bet IP, 2.75x 4bet OOP, SB vs BB 3.2bb",
      "url" : "https:\/\/rangeconverter.com\/free-poker-charts"
    },
    "solver" : {
      "assumptions" : "Frequencies rounded to nearest 25% per source. ChipEV (non-ICM). 1bb (12.5%) big-blind ante. Copied verbatim from 8-max SB (same effective seat in 9-max)."
    },
    "type" : "published"
  },
  "spot" : {
    "anteType" : "bigBlindAnte",
    "facingAction" : "vsOpen",
    "opponentPosition" : "HJ",
    "position" : "SB",
    "stackDepthBB" : 25
  }
}