{
  "format" : "NLHE_MTT_9MAX",
  "hands" : {
    "22" : {
      "call" : 1
    },
    "33" : {
      "call" : 1
    },
    "44" : {
      "call" : 1
    },
    "53s" : {
      "call" : 0.94199999999999995,
      "fold" : 0.057999999999999996
    },
    "54s" : {
      "call" : 0.97609999999999997,
      "raise25x" : 0.023899999999999998
    },
    "55" : {
      "call" : 1
    },
    "64s" : {
      "call" : 0.46000000000000002,
      "fold" : 0.54000000000000004
    },
    "65s" : {
      "call" : 0.77210000000000001,
      "raise25x" : 0.22789999999999999
    },
    "66" : {
      "call" : 0.90820000000000001,
      "raise25x" : 0.091799999999999993
    },
    "75s" : {
      "call" : 0.3921,
      "fold" : 0.6079
    },
    "76s" : {
      "call" : 0.81200000000000006,
      "raise25x" : 0.188
    },
    "77" : {
      "call" : 0.97819999999999996,
      "raise25x" : 0.0218
    },
    "86s" : {
      "call" : 0.91610000000000003,
      "fold" : 0.083900000000000002
    },
    "87s" : {
      "call" : 0.93600000000000005,
      "raise25x" : 0.064000000000000001
    },
    "88" : {
      "call" : 0.82799999999999996,
      "raise25x" : 0.17199999999999999
    },
    "97s" : {
      "call" : 1
    },
    "98s" : {
      "call" : 0.85599999999999998,
      "raise25x" : 0.14399999999999999
    },
    "99" : {
      "call" : 0.7661,
      "raise25x" : 0.2339
    },
    "A2s" : {
      "call" : 1
    },
    "A3s" : {
      "call" : 1
    },
    "A4s" : {
      "call" : 0.90400000000000003,
      "raise25x" : 0.096000000000000002
    },
    "A5s" : {
      "call" : 0.55200000000000005,
      "raise25x" : 0.44800000000000001
    },
    "A6s" : {
      "call" : 0.84209999999999996,
      "raise25x" : 0.15790000000000001
    },
    "A7s" : {
      "call" : 0.68400000000000005,
      "raise25x" : 0.316
    },
    "A8s" : {
      "call" : 0.54210000000000003,
      "raise25x" : 0.45789999999999997
    },
    "A9s" : {
      "call" : 0.51400000000000001,
      "raise25x" : 0.48599999999999999
    },
    "AA" : {
      "raise25x" : 1
    },
    "AJo" : {
      "call" : 0.77210000000000001,
      "raise25x" : 0.22789999999999999
    },
    "AJs" : {
      "call" : 0.85599999999999998,
      "raise25x" : 0.14399999999999999
    },
    "AKo" : {
      "call" : 0.61809999999999998,
      "raise25x" : 0.38190000000000002
    },
    "AKs" : {
      "raise25x" : 1
    },
    "AQo" : {
      "call" : 0.82010000000000005,
      "raise25x" : 0.1799
    },
    "AQs" : {
      "call" : 0.432,
      "raise25x" : 0.56799999999999995
    },
    "ATo" : {
      "call" : 0.53000000000000003,
      "raise25x" : 0.46999999999999997
    },
    "ATs" : {
      "call" : 0.498,
      "raise25x" : 0.502
    },
    "J8s" : {
      "call" : 0.8901,
      "fold" : 0.0079000000000000008,
      "raise25x" : 0.10199999999999999
    },
    "J9s" : {
      "call" : 0.85209999999999997,
      "raise25x" : 0.1479
    },
    "JJ" : {
      "call" : 0.748,
      "raise25x" : 0.252
    },
    "JTo" : {
      "call" : 0.032000000000000001,
      "fold" : 0.96799999999999997
    },
    "JTs" : {
      "call" : 0.96409999999999996,
      "raise25x" : 0.035900000000000001
    },
    "K4s" : {
      "call" : 0.14999999999999999,
      "fold" : 0.84999999999999998
    },
    "K5s" : {
      "call" : 0.97009999999999996,
      "fold" : 0.019899999999999998,
      "raise25x" : 0.01
    },
    "K6s" : {
      "call" : 0.80800000000000005,
      "fold" : 0.016,
      "raise25x" : 0.17599999999999999
    },
    "K7s" : {
      "call" : 0.80379999999999996,
      "fold" : 0.040000000000000001,
      "raise25x" : 0.15620000000000001
    },
    "K8s" : {
      "call" : 0.7681,
      "raise25x" : 0.2319
    },
    "K9s" : {
      "call" : 0.66610000000000003,
      "raise25x" : 0.33389999999999997
    },
    "KJo" : {
      "call" : 0.46010000000000001,
      "fold" : 0.30199999999999999,
      "raise25x" : 0.2379
    },
    "KJs" : {
      "call" : 0.57799999999999996,
      "raise25x" : 0.42199999999999999
    },
    "KK" : {
      "raise25x" : 1
    },
    "KQo" : {
      "call" : 0.70409999999999995,
      "raise25x" : 0.2959
    },
    "KQs" : {
      "call" : 0.86809999999999998,
      "raise25x" : 0.13189999999999999
    },
    "KTo" : {
      "call" : 0.048000000000000001,
      "fold" : 0.95199999999999996
    },
    "KTs" : {
      "call" : 0.65200000000000002,
      "raise25x" : 0.34799999999999998
    },
    "Q8s" : {
      "call" : 0.30930000000000002,
      "fold" : 0.66890000000000005,
      "raise25x" : 0.0218
    },
    "Q9s" : {
      "call" : 0.80410000000000004,
      "raise25x" : 0.19589999999999999
    },
    "QJo" : {
      "call" : 0.0339,
      "fold" : 0.88819999999999999,
      "raise25x" : 0.077900000000000011
    },
    "QJs" : {
      "call" : 0.97219999999999995,
      "raise25x" : 0.027800000000000002
    },
    "QQ" : {
      "call" : 0.46789999999999998,
      "raise25x" : 0.53210000000000002
    },
    "QTo" : {
      "call" : 0.1479,
      "fold" : 0.85209999999999997
    },
    "QTs" : {
      "call" : 1
    },
    "T7s" : {
      "call" : 0.25390000000000001,
      "fold" : 0.74609999999999999
    },
    "T8s" : {
      "call" : 0.80200000000000005,
      "raise25x" : 0.19800000000000001
    },
    "T9s" : {
      "call" : 0.94410000000000005,
      "raise25x" : 0.055899999999999991
    },
    "TT" : {
      "call" : 0.63990000000000002,
      "raise25x" : 0.36009999999999998
    }
  },
  "id" : "mtt_9max_60bb_btn_vsopen_vs_utg1",
  "source" : {
    "description" : "Adapted from RangeConverter 8-max baseline.",
    "publisher" : {
      "accessedDate" : "2026-06-01",
      "name" : "RangeConverter",
      "product" : "Free Poker Charts — 8 max 1bb ante MTT GTO Ranges",
      "treeParams" : "2.5x open, 3.5x 3bet IP, 4.5x 3bet OOP, 2.3x 4bet IP, 2.75x 4bet OOP, SB vs BB 3.2bb",
      "url" : "https:\/\/rangeconverter.com\/free-poker-charts"
    },
    "solver" : {
      "assumptions" : "Frequencies rounded to nearest 25% per source. ChipEV (non-ICM). 1bb (12.5%) big-blind ante. Copied verbatim from 8-max BTN (same effective seat in 9-max)."
    },
    "type" : "published"
  },
  "spot" : {
    "anteType" : "bigBlindAnte",
    "facingAction" : "vsOpen",
    "opponentPosition" : "UTG1",
    "position" : "BTN",
    "stackDepthBB" : 60
  }
}