{
  "format" : "NLHE_MTT_9MAX",
  "hands" : {
    "22" : {
      "fold" : 0.99990000000000001
    },
    "32o" : {
      "fold" : 1
    },
    "32s" : {
      "fold" : 1
    },
    "33" : {
      "fold" : 0.99950000000000006
    },
    "42o" : {
      "fold" : 1
    },
    "42s" : {
      "fold" : 1
    },
    "43o" : {
      "fold" : 1
    },
    "43s" : {
      "fold" : 1
    },
    "44" : {
      "fold" : 0.80169999999999997,
      "raise25x" : 0.1983
    },
    "52o" : {
      "fold" : 1
    },
    "52s" : {
      "fold" : 1
    },
    "53o" : {
      "fold" : 1
    },
    "53s" : {
      "fold" : 1
    },
    "54o" : {
      "fold" : 1
    },
    "54s" : {
      "fold" : 1
    },
    "55" : {
      "fold" : 0.3271,
      "raise25x" : 0.67290000000000005
    },
    "62o" : {
      "fold" : 1
    },
    "62s" : {
      "fold" : 1
    },
    "63o" : {
      "fold" : 1
    },
    "63s" : {
      "fold" : 1
    },
    "64o" : {
      "fold" : 1
    },
    "64s" : {
      "fold" : 1
    },
    "65o" : {
      "fold" : 1
    },
    "65s" : {
      "fold" : 1
    },
    "66" : {
      "fold" : 0.10780000000000001,
      "raise25x" : 0.89219999999999999
    },
    "72o" : {
      "fold" : 1
    },
    "72s" : {
      "fold" : 1
    },
    "73o" : {
      "fold" : 1
    },
    "73s" : {
      "fold" : 1
    },
    "74o" : {
      "fold" : 1
    },
    "74s" : {
      "fold" : 1
    },
    "75o" : {
      "fold" : 1
    },
    "75s" : {
      "fold" : 1
    },
    "76o" : {
      "fold" : 1
    },
    "76s" : {
      "fold" : 0.99970000000000003
    },
    "77" : {
      "raise25x" : 1
    },
    "82o" : {
      "fold" : 1
    },
    "82s" : {
      "fold" : 0.99990000000000001
    },
    "83o" : {
      "fold" : 1
    },
    "83s" : {
      "fold" : 1
    },
    "84o" : {
      "fold" : 1
    },
    "84s" : {
      "fold" : 1
    },
    "85o" : {
      "fold" : 1
    },
    "85s" : {
      "fold" : 1
    },
    "86o" : {
      "fold" : 1
    },
    "86s" : {
      "fold" : 0.99939999999999996
    },
    "87o" : {
      "fold" : 1
    },
    "87s" : {
      "fold" : 0.99970000000000003
    },
    "88" : {
      "raise25x" : 1
    },
    "92o" : {
      "fold" : 1
    },
    "92s" : {
      "fold" : 1
    },
    "93o" : {
      "fold" : 1
    },
    "93s" : {
      "fold" : 1
    },
    "94o" : {
      "fold" : 1
    },
    "94s" : {
      "fold" : 1
    },
    "95o" : {
      "fold" : 1
    },
    "95s" : {
      "fold" : 0.99980000000000002
    },
    "96o" : {
      "fold" : 1
    },
    "96s" : {
      "fold" : 0.99990000000000001
    },
    "97o" : {
      "fold" : 1
    },
    "97s" : {
      "fold" : 0.99980000000000002
    },
    "98o" : {
      "fold" : 1
    },
    "98s" : {
      "fold" : 0.99960000000000004
    },
    "99" : {
      "raise25x" : 1
    },
    "A2o" : {
      "fold" : 0.99980000000000002
    },
    "A2s" : {
      "fold" : 0.71050000000000002,
      "raise25x" : 0.28949999999999998
    },
    "A3o" : {
      "fold" : 0.99990000000000001
    },
    "A3s" : {
      "fold" : 0.33019999999999999,
      "raise25x" : 0.66979999999999995
    },
    "A4o" : {
      "fold" : 0.99399999999999999,
      "raise25x" : 0.0060000000000000001
    },
    "A4s" : {
      "fold" : 0.08320000000000001,
      "raise25x" : 0.91679999999999995
    },
    "A5o" : {
      "fold" : 0.99870000000000003,
      "raise25x" : 0.0013000000000000002
    },
    "A5s" : {
      "fold" : 0.076700000000000004,
      "raise25x" : 0.92330000000000001
    },
    "A6o" : {
      "fold" : 1
    },
    "A6s" : {
      "fold" : 0.31569999999999998,
      "raise25x" : 0.68430000000000002
    },
    "A7o" : {
      "fold" : 0.14149999999999999,
      "raise25x" : 0.85850000000000004
    },
    "A7s" : {
      "fold" : 0.023100000000000002,
      "raise25x" : 0.97689999999999999
    },
    "A8o" : {
      "fold" : 0.28699999999999998,
      "raise25x" : 0.71299999999999997
    },
    "A8s" : {
      "raise25x" : 0.99990000000000001
    },
    "A9o" : {
      "raise25x" : 1
    },
    "A9s" : {
      "raise25x" : 0.99990000000000001
    },
    "AA" : {
      "raise25x" : 1
    },
    "AJo" : {
      "raise25x" : 1
    },
    "AJs" : {
      "raise25x" : 1
    },
    "AKo" : {
      "raise25x" : 1
    },
    "AKs" : {
      "raise25x" : 1
    },
    "AQo" : {
      "raise25x" : 1
    },
    "AQs" : {
      "raise25x" : 1
    },
    "ATo" : {
      "raise25x" : 1
    },
    "ATs" : {
      "raise25x" : 1
    },
    "J2o" : {
      "fold" : 1
    },
    "J2s" : {
      "fold" : 0.99980000000000002
    },
    "J3o" : {
      "fold" : 1
    },
    "J3s" : {
      "fold" : 1
    },
    "J4o" : {
      "fold" : 1
    },
    "J4s" : {
      "fold" : 1
    },
    "J5o" : {
      "fold" : 1
    },
    "J5s" : {
      "fold" : 1
    },
    "J6o" : {
      "fold" : 1
    },
    "J6s" : {
      "fold" : 0.99980000000000002
    },
    "J7o" : {
      "fold" : 1
    },
    "J7s" : {
      "fold" : 1
    },
    "J8o" : {
      "fold" : 0.99990000000000001
    },
    "J8s" : {
      "fold" : 0.98140000000000005,
      "raise25x" : 0.018599999999999998
    },
    "J9o" : {
      "fold" : 0.99990000000000001
    },
    "J9s" : {
      "fold" : 0.97250000000000003,
      "raise25x" : 0.0275
    },
    "JJ" : {
      "raise25x" : 1
    },
    "JTo" : {
      "fold" : 0.99180000000000001,
      "raise25x" : 0.008199999999999999
    },
    "JTs" : {
      "fold" : 0.0275,
      "raise25x" : 0.97250000000000003
    },
    "K2o" : {
      "fold" : 1
    },
    "K2s" : {
      "fold" : 0.99870000000000003,
      "raise25x" : 0.0013000000000000002
    },
    "K3o" : {
      "fold" : 1
    },
    "K3s" : {
      "fold" : 0.99850000000000005,
      "raise25x" : 0.0015
    },
    "K4o" : {
      "fold" : 1
    },
    "K4s" : {
      "fold" : 0.99429999999999996,
      "raise25x" : 0.0057000000000000011
    },
    "K5o" : {
      "fold" : 1
    },
    "K5s" : {
      "fold" : 1
    },
    "K6o" : {
      "fold" : 0.99990000000000001
    },
    "K6s" : {
      "fold" : 0.93420000000000003,
      "raise25x" : 0.065799999999999997
    },
    "K7o" : {
      "fold" : 0.99980000000000002
    },
    "K7s" : {
      "fold" : 0.7228,
      "raise25x" : 0.2772
    },
    "K8o" : {
      "fold" : 0.99980000000000002
    },
    "K8s" : {
      "fold" : 0.99919999999999998
    },
    "K9o" : {
      "fold" : 0.99939999999999996
    },
    "K9s" : {
      "fold" : 0.0448,
      "raise25x" : 0.95520000000000005
    },
    "KJo" : {
      "fold" : 0.054700000000000006,
      "raise25x" : 0.94530000000000003
    },
    "KJs" : {
      "fold" : 0.0036999999999999997,
      "raise25x" : 0.99629999999999996
    },
    "KK" : {
      "raise25x" : 1
    },
    "KQo" : {
      "raise25x" : 1
    },
    "KQs" : {
      "raise25x" : 0.99990000000000001
    },
    "KTo" : {
      "fold" : 0.53779999999999994,
      "raise25x" : 0.4622
    },
    "KTs" : {
      "fold" : 0.0167,
      "raise25x" : 0.98329999999999995
    },
    "Q2o" : {
      "fold" : 1
    },
    "Q2s" : {
      "fold" : 1
    },
    "Q3o" : {
      "fold" : 0.99990000000000001
    },
    "Q3s" : {
      "fold" : 0.99980000000000002
    },
    "Q4o" : {
      "fold" : 1
    },
    "Q4s" : {
      "fold" : 0.99950000000000006
    },
    "Q5o" : {
      "fold" : 1
    },
    "Q5s" : {
      "fold" : 1
    },
    "Q6o" : {
      "fold" : 1
    },
    "Q6s" : {
      "fold" : 0.99980000000000002
    },
    "Q7o" : {
      "fold" : 1
    },
    "Q7s" : {
      "fold" : 0.99990000000000001
    },
    "Q8o" : {
      "fold" : 1
    },
    "Q8s" : {
      "fold" : 0.9728,
      "raise25x" : 0.027199999999999995
    },
    "Q9o" : {
      "fold" : 0.99980000000000002
    },
    "Q9s" : {
      "fold" : 0.99829999999999997,
      "raise25x" : 0.0016999999999999997
    },
    "QJo" : {
      "fold" : 0.31509999999999999,
      "raise25x" : 0.68489999999999995
    },
    "QJs" : {
      "raise25x" : 0.99960000000000004
    },
    "QQ" : {
      "raise25x" : 1
    },