{
  "format" : "NLHE_MTT_8MAX",
  "hands" : {
    "22" : {
      "call" : 1
    },
    "33" : {
      "call" : 0.98009999999999997,
      "shove" : 0.019900000000000001
    },
    "44" : {
      "call" : 0.13550000000000001,
      "shove" : 0.86450000000000005
    },
    "54s" : {
      "call" : 1
    },
    "55" : {
      "raise3x" : 0.054899999999999997,
      "shove" : 0.94510000000000005
    },
    "65s" : {
      "call" : 1
    },
    "66" : {
      "call" : 0.80510000000000004,
      "raise3x" : 0.085000000000000006,
      "shove" : 0.1099
    },
    "76s" : {
      "call" : 1
    },
    "77" : {
      "shove" : 1
    },
    "86s" : {
      "call" : 0.27489999999999998,
      "fold" : 0.72509999999999997
    },
    "87s" : {
      "call" : 1
    },
    "88" : {
      "shove" : 1
    },
    "97s" : {
      "call" : 0.32990000000000003,
      "fold" : 0.67010000000000003
    },
    "98s" : {
      "call" : 1
    },
    "99" : {
      "raise3x" : 0.024899999999999999,
      "shove" : 0.97509999999999997
    },
    "A2s" : {
      "call" : 0.84009999999999996,
      "raise3x" : 0.15989999999999999
    },
    "A3s" : {
      "call" : 0.97009999999999996,
      "raise3x" : 0.029899999999999999
    },
    "A4s" : {
      "call" : 0.87509999999999999,
      "shove" : 0.1249
    },
    "A5s" : {
      "call" : 0.73009999999999997,
      "shove" : 0.26989999999999997
    },
    "A6s" : {
      "call" : 1
    },
    "A7s" : {
      "call" : 0.95509999999999995,
      "raise3x" : 0.044900000000000002
    },
    "A8o" : {
      "fold" : 0.96509999999999996,
      "raise3x" : 0.0349
    },
    "A8s" : {
      "call" : 1
    },
    "A9o" : {
      "fold" : 0.96509999999999996,
      "raise3x" : 0.0349
    },
    "A9s" : {
      "call" : 1
    },
    "AA" : {
      "call" : 0.57509999999999994,
      "raise3x" : 0.4249
    },
    "AJo" : {
      "raise3x" : 0.039899999999999998,
      "shove" : 0.96009999999999995
    },
    "AJs" : {
      "call" : 0.41499999999999998,
      "raise3x" : 0.059900000000000002,
      "shove" : 0.52510000000000001
    },
    "AKo" : {
      "shove" : 1
    },
    "AKs" : {
      "shove" : 1
    },
    "AQo" : {
      "shove" : 1
    },
    "AQs" : {
      "raise3x" : 0.039899999999999998,
      "shove" : 0.96009999999999995
    },
    "ATo" : {
      "call" : 0.91000000000000003,
      "raise3x" : 0.089999999999999997
    },
    "ATs" : {
      "call" : 1
    },
    "J8s" : {
      "call" : 0.64510000000000001,
      "fold" : 0.35489999999999999
    },
    "J9s" : {
      "call" : 1
    },
    "JJ" : {
      "raise3x" : 0.044900000000000002,
      "shove" : 0.95509999999999995
    },
    "JTs" : {
      "call" : 0.1749,
      "raise3x" : 0.019900000000000001,
      "shove" : 0.80520000000000003
    },
    "K6s" : {
      "call" : 0.58009999999999995,
      "fold" : 0.4199
    },
    "K7s" : {
      "call" : 0.87009999999999998,
      "raise3x" : 0.12989999999999999
    },
    "K8s" : {
      "call" : 1
    },
    "K9s" : {
      "call" : 1
    },
    "KJo" : {
      "call" : 1
    },
    "KJs" : {
      "call" : 0.12989999999999999,
      "shove" : 0.87009999999999998
    },
    "KK" : {
      "raise3x" : 0.14499999999999999,
      "shove" : 0.85499999999999998
    },
    "KQo" : {
      "call" : 1
    },
    "KQs" : {
      "shove" : 1
    },
    "KTo" : {
      "call" : 0.19489999999999999,
      "fold" : 0.80510000000000004
    },
    "KTs" : {
      "raise3x" : 0.069800000000000001,
      "shove" : 0.93020000000000003
    },
    "Q8s" : {
      "call" : 0.98499999999999999,
      "raise3x" : 0.014999999999999999
    },
    "Q9s" : {
      "call" : 1
    },
    "QJo" : {
      "call" : 0.78510000000000002,
      "fold" : 0.16500000000000001,
      "raise3x" : 0.0499
    },
    "QJs" : {
      "shove" : 1
    },
    "QQ" : {
      "raise3x" : 0.044900000000000002,
      "shove" : 0.95509999999999995
    },
    "QTo" : {
      "call" : 0.14499999999999999,
      "fold" : 0.85499999999999998
    },
    "QTs" : {
      "shove" : 1
    },
    "T8s" : {
      "call" : 1
    },
    "T9s" : {
      "call" : 1
    },
    "TT" : {
      "raise3x" : 0.024899999999999999,
      "shove" : 0.97509999999999997
    }
  },
  "id" : "mtt_8max_20bb_sb_vsopen_vs_utg1",
  "source" : {
    "description" : "RangeConverter free PDF — 8-max 20bb 1bb ante (12.5%).",
    "publisher" : {
      "accessedDate" : "2026-06-01",
      "name" : "RangeConverter",
      "product" : "Free Poker Charts — 8 max 1bb ante MTT GTO Ranges",
      "treeParams" : "poker.academy CE-Symmetric Regular @ 20bb (GTO ChipEV, 1bb ante)",
      "url" : "https:\/\/rangeconverter.com\/free-poker-charts"
    },
    "solver" : {
      "assumptions" : "Frequencies rounded to nearest 25% per source. ChipEV (non-ICM). 1bb (12.5%) big-blind ante."
    },
    "type" : "published"
  },
  "spot" : {
    "anteType" : "bigBlindAnte",
    "facingAction" : "vsOpen",
    "opponentPosition" : "UTG1",
    "position" : "SB",
    "stackDepthBB" : 20
  }
}