{
  "format" : "NLHE_MTT_9MAX",
  "hands" : {
    "22" : {
      "call" : 0.0258,
      "fold" : 0.97419999999999995
    },
    "54s" : {
      "fold" : 0.99980000000000002
    },
    "66" : {
      "call" : 0.047299999999999995,
      "fold" : 0.95269999999999999
    },
    "74s" : {
      "fold" : 0.99929999999999997
    },
    "76s" : {
      "call" : 0.0040000000000000001,
      "fold" : 0.996
    },
    "77" : {
      "call" : 0.33500000000000002,
      "fold" : 0.66500000000000004
    },
    "85s" : {
      "call" : 0.0026000000000000003,
      "fold" : 0.99739999999999995
    },
    "88" : {
      "call" : 0.54779999999999995,
      "fold" : 0.45219999999999999
    },
    "95s" : {
      "call" : 0.0012000000000000001,
      "fold" : 0.99880000000000002
    },
    "98s" : {
      "call" : 0.081299999999999997,
      "fold" : 0.91869999999999996
    },
    "99" : {
      "call" : 0.94969999999999999,
      "fold" : 0.050299999999999991
    },
    "A2s" : {
      "call" : 0.44209999999999999,
      "fold" : 0.55789999999999995
    },
    "A3o" : {
      "call" : 0.024199999999999999,
      "fold" : 0.9758
    },
    "A3s" : {
      "call" : 0.0065000000000000006,
      "fold" : 0.99350000000000005
    },
    "A4s" : {
      "call" : 0.0092999999999999992,
      "fold" : 0.99070000000000003
    },
    "A5s" : {
      "call" : 0.25969999999999999,
      "fold" : 0.74029999999999996
    },
    "A6o" : {
      "call" : 0.021600000000000001,
      "fold" : 0.97840000000000005
    },
    "A6s" : {
      "call" : 0.016800000000000002,
      "fold" : 0.98319999999999996
    },
    "A7o" : {
      "call" : 0.021100000000000001,
      "fold" : 0.97889999999999999
    },
    "A7s" : {
      "call" : 0.0746,
      "fold" : 0.9254
    },
    "A8o" : {
      "call" : 0.0033,
      "fold" : 0.99670000000000003
    },
    "A8s" : {
      "call" : 0.051500000000000004,
      "fold" : 0.94850000000000001
    },
    "A9o" : {
      "call" : 0.0385,
      "fold" : 0.96150000000000002
    },
    "A9s" : {
      "call" : 0.014999999999999999,
      "fold" : 0.98499999999999999
    },
    "AA" : {
      "call" : 1
    },
    "AJo" : {
      "call" : 0.29570000000000002,
      "fold" : 0.70430000000000004
    },
    "AJs" : {
      "call" : 0.94330000000000003,
      "fold" : 0.0567
    },
    "AKo" : {
      "call" : 1
    },
    "AKs" : {
      "call" : 0.999
    },
    "AQo" : {
      "call" : 1
    },
    "AQs" : {
      "call" : 0.88219999999999998,
      "fold" : 0.1178
    },
    "ATo" : {
      "call" : 0.029399999999999999,
      "fold" : 0.97060000000000002
    },
    "ATs" : {
      "call" : 0.031699999999999999,
      "fold" : 0.96830000000000005
    },
    "J2s" : {
      "call" : 0.0028999999999999998,
      "fold" : 0.99709999999999999
    },
    "J7s" : {
      "call" : 0.0134,
      "fold" : 0.98660000000000003
    },
    "J8s" : {
      "call" : 0.0032000000000000002,
      "fold" : 0.99680000000000002
    },
    "J9o" : {
      "fold" : 0.999
    },
    "J9s" : {
      "call" : 0.0036999999999999997,
      "fold" : 0.99629999999999996
    },
    "JJ" : {
      "call" : 0.99980000000000002
    },
    "JTo" : {
      "call" : 0.016199999999999999,
      "fold" : 0.98380000000000001
    },
    "JTs" : {
      "call" : 0.37980000000000003,
      "fold" : 0.62019999999999997
    },
    "K2s" : {
      "call" : 0.019099999999999999,
      "fold" : 0.98089999999999999
    },
    "K3s" : {
      "call" : 0.015299999999999999,
      "fold" : 0.98470000000000002
    },
    "K4s" : {
      "call" : 0.0025000000000000001,
      "fold" : 0.99750000000000005
    },
    "K5s" : {
      "call" : 0.0048000000000000004,
      "fold" : 0.99519999999999997
    },
    "K6s" : {
      "call" : 0.0055000000000000005,
      "fold" : 0.99450000000000005
    },
    "K7s" : {
      "call" : 0.0055999999999999991,
      "fold" : 0.99439999999999995
    },
    "K8o" : {
      "call" : 0.0014,
      "fold" : 0.99860000000000004
    },
    "K8s" : {
      "call" : 0.0032000000000000002,
      "fold" : 0.99680000000000002
    },
    "K9o" : {
      "call" : 0.0038,
      "fold" : 0.99619999999999997
    },
    "K9s" : {
      "call" : 0.051000000000000004,
      "fold" : 0.94899999999999995
    },
    "KJo" : {
      "call" : 0.0453,
      "fold" : 0.95469999999999999
    },
    "KJs" : {
      "call" : 0.098599999999999993,
      "fold" : 0.90139999999999998
    },
    "KK" : {
      "call" : 1
    },
    "KQo" : {
      "call" : 0.045499999999999999,
      "fold" : 0.95450000000000002
    },
    "KQs" : {
      "call" : 0.0528,
      "fold" : 0.94720000000000004
    },
    "KTo" : {
      "call" : 0.0064000000000000003,
      "fold" : 0.99360000000000004
    },
    "KTs" : {
      "call" : 0.022800000000000004,
      "fold" : 0.97719999999999996
    },
    "Q4s" : {
      "call" : 0.023799999999999998,
      "fold" : 0.97619999999999996
    },
    "Q5s" : {
      "call" : 0.047099999999999996,
      "fold" : 0.95289999999999997
    },
    "Q6s" : {
      "call" : 0.0036999999999999997,
      "fold" : 0.99629999999999996
    },
    "Q7s" : {
      "call" : 0.0054000000000000003,
      "fold" : 0.99460000000000004
    },
    "Q8s" : {
      "call" : 0.082799999999999999,
      "fold" : 0.91720000000000002
    },
    "Q9o" : {
      "call" : 0.014199999999999999,
      "fold" : 0.98580000000000001
    },
    "Q9s" : {
      "call" : 0.0021000000000000003,
      "fold" : 0.99790000000000001
    },
    "QJo" : {
      "call" : 0.026600000000000002,
      "fold" : 0.97340000000000004
    },
    "QJs" : {
      "call" : 0.053700000000000005,
      "fold" : 0.94630000000000003
    },
    "QQ" : {
      "call" : 1
    },
    "QTo" : {
      "call" : 0.0036999999999999997,
      "fold" : 0.99629999999999996
    },
    "QTs" : {
      "call" : 0.0499,
      "fold" : 0.95009999999999994
    },
    "T2s" : {
      "fold" : 0.99990000000000001
    },
    "T4s" : {
      "call" : 0.0040000000000000001,
      "fold" : 0.996
    },
    "T8s" : {
      "call" : 0.0229,
      "fold" : 0.97709999999999997
    },
    "T9s" : {
      "call" : 0.044200000000000003,
      "fold" : 0.95579999999999998
    },
    "TT" : {
      "call" : 0.99990000000000001
    }
  },
  "id" : "mtt_9max_20bb_utg1_vs3betjam",
  "source" : {
    "description" : "Adapted from RangeConverter 8-max baseline.",
    "publisher" : {
      "accessedDate" : "2026-05-25",
      "name" : "RangeConverter",
      "product" : "Free Poker Charts — 8 max 1bb ante MTT GTO Ranges",
      "treeParams" : "2.5x open, 3.5x 3bet IP, 4.5x 3bet OOP, 2.3x 4bet IP, 2.75x 4bet OOP, SB vs BB 3.2bb",
      "url" : "https:\/\/rangeconverter.com\/free-poker-charts"
    },
    "solver" : {
      "assumptions" : "Frequencies rounded to nearest 25% per source. ChipEV (non-ICM). 1bb (12.5%) big-blind ante. Adapted from 8-max UTG (9-max UTG+1 plays the same role as 8-max UTG)."
    },
    "type" : "published"
  },
  "spot" : {
    "anteType" : "bigBlindAnte",
    "facingAction" : "vs3BetJam",
    "position" : "UTG1",
    "stackDepthBB" : 20
  }
}