{
  "format" : "NLHE_MTT_8MAX",
  "hands" : {
    "22" : {
      "limp" : 0.7581,
      "raise25x" : 0.2419
    },
    "32s" : {
      "limp" : 1
    },
    "33" : {
      "limp" : 0.70809999999999995,
      "raise25x" : 0.29189999999999999
    },
    "42s" : {
      "limp" : 1
    },
    "43s" : {
      "limp" : 0.4839,
      "raise25x" : 0.5161
    },
    "44" : {
      "limp" : 0.82210000000000005,
      "raise25x" : 0.1779
    },
    "52s" : {
      "limp" : 0.184,
      "raise25x" : 0.81599999999999995
    },
    "53o" : {
      "fold" : 0.79410000000000003,
      "limp" : 0.2059
    },
    "53s" : {
      "limp" : 0.58009999999999995,
      "raise25x" : 0.4199
    },
    "54o" : {
      "limp" : 1
    },
    "54s" : {
      "limp" : 0.6381,
      "raise25x" : 0.3619
    },
    "55" : {
      "limp" : 0.83999999999999997,
      "raise25x" : 0.16
    },
    "62s" : {
      "limp" : 1
    },
    "63s" : {
      "limp" : 0.11990000000000001,
      "raise25x" : 0.88009999999999999
    },
    "64o" : {
      "limp" : 1
    },
    "64s" : {
      "limp" : 0.50800000000000001,
      "raise25x" : 0.49199999999999999
    },
    "65o" : {
      "limp" : 1
    },
    "65s" : {
      "limp" : 0.58009999999999995,
      "raise25x" : 0.4199
    },
    "66" : {
      "limp" : 0.84599999999999997,
      "raise25x" : 0.154
    },
    "72s" : {
      "limp" : 1
    },
    "73s" : {
      "limp" : 1
    },
    "74o" : {
      "limp" : 1
    },
    "74s" : {
      "limp" : 0.47810000000000002,
      "raise25x" : 0.52190000000000003
    },
    "75o" : {
      "limp" : 1
    },
    "75s" : {
      "limp" : 0.84809999999999997,
      "raise25x" : 0.15190000000000001
    },
    "76o" : {
      "limp" : 0.94410000000000005,
      "raise25x" : 0.055899999999999998
    },
    "76s" : {
      "limp" : 0.56599999999999995,
      "raise25x" : 0.434
    },
    "77" : {
      "limp" : 0.7621,
      "raise25x" : 0.2379
    },
    "82s" : {
      "limp" : 1
    },
    "83s" : {
      "limp" : 1
    },
    "84o" : {
      "fold" : 0.32200000000000001,
      "limp" : 0.67800000000000005
    },
    "84s" : {
      "limp" : 0.37190000000000001,
      "raise25x" : 0.62809999999999999
    },
    "85o" : {
      "limp" : 1
    },
    "85s" : {
      "limp" : 0.67210000000000003,
      "raise25x" : 0.32790000000000002
    },
    "86o" : {
      "limp" : 1
    },
    "86s" : {
      "limp" : 0.82399999999999995,
      "raise25x" : 0.17599999999999999
    },
    "87o" : {
      "limp" : 0.81799999999999995,
      "raise25x" : 0.182
    },
    "87s" : {
      "limp" : 0.55389999999999995,
      "raise25x" : 0.4461
    },
    "88" : {
      "limp" : 0.87619999999999998,
      "raise25x" : 0.12379999999999999
    },
    "92s" : {
      "limp" : 1
    },
    "93s" : {
      "limp" : 0.88800000000000001,
      "raise25x" : 0.112
    },
    "94o" : {
      "fold" : 0.51400000000000001,
      "limp" : 0.48599999999999999
    },
    "94s" : {
      "limp" : 0.39389999999999997,
      "raise25x" : 0.60609999999999997
    },
    "95o" : {
      "limp" : 1
    },
    "95s" : {
      "limp" : 0.64600000000000002,
      "raise25x" : 0.35399999999999998
    },
    "96o" : {
      "limp" : 1
    },
    "96s" : {
      "limp" : 0.89400000000000002,
      "raise25x" : 0.106
    },
    "97o" : {
      "limp" : 0.59609999999999996,
      "raise25x" : 0.40389999999999998
    },
    "97s" : {
      "limp" : 1
    },
    "98o" : {
      "limp" : 0.76000000000000001,
      "raise25x" : 0.23999999999999999
    },
    "98s" : {
      "limp" : 0.69999999999999996,
      "raise25x" : 0.29999999999999999
    },
    "99" : {
      "limp" : 0.61599999999999999,
      "raise25x" : 0.38400000000000001
    },
    "A2o" : {
      "limp" : 0.87409999999999999,
      "raise25x" : 0.12590000000000001
    },
    "A2s" : {
      "limp" : 1
    },
    "A3o" : {
      "limp" : 0.88200000000000001,
      "raise25x" : 0.11799999999999999
    },
    "A3s" : {
      "limp" : 0.98009999999999997,
      "raise25x" : 0.019900000000000001
    },
    "A4o" : {
      "limp" : 0.98009999999999997,
      "raise25x" : 0.019900000000000001
    },
    "A4s" : {
      "limp" : 0.66400000000000003,
      "raise25x" : 0.33600000000000002
    },
    "A5o" : {
      "limp" : 1
    },
    "A5s" : {
      "limp" : 0.16600000000000001,
      "raise25x" : 0.83399999999999996
    },
    "A6o" : {
      "limp" : 0.75009999999999999,
      "raise25x" : 0.24990000000000001
    },
    "A6s" : {
      "limp" : 0.86199999999999999,
      "raise25x" : 0.13800000000000001
    },
    "A7o" : {
      "limp" : 0.77600000000000002,
      "raise25x" : 0.224
    },
    "A7s" : {
      "limp" : 0.40600000000000003,
      "raise25x" : 0.59399999999999997
    },
    "A8o" : {
      "limp" : 0.84599999999999997,
      "raise25x" : 0.154
    },
    "A8s" : {
      "raise25x" : 1
    },
    "A9o" : {
      "limp" : 0.77210000000000001,
      "raise25x" : 0.22789999999999999
    },
    "A9s" : {
      "raise25x" : 1
    },
    "AA" : {
      "limp" : 0.214,
      "raise25x" : 0.78600000000000003
    },
    "AJo" : {
      "limp" : 0.71199999999999997,
      "raise25x" : 0.28799999999999998
    },
    "AJs" : {
      "limp" : 0.46999999999999997,
      "raise25x" : 0.53000000000000003
    },
    "AKo" : {
      "limp" : 0.5161,
      "raise25x" : 0.4839
    },
    "AKs" : {
      "limp" : 0.69399999999999995,
      "raise25x" : 0.30599999999999999
    },
    "AQo" : {
      "limp" : 0.89400000000000002,
      "raise25x" : 0.106
    },
    "AQs" : {
      "limp" : 0.50800000000000001,
      "raise25x" : 0.49199999999999999
    },
    "ATo" : {
      "limp" : 0.80620000000000003,
      "raise25x" : 0.1938
    },
    "ATs" : {
      "raise25x" : 1
    },
    "J2o" : {
      "limp" : 1
    },
    "J2s" : {
      "limp" : 0.5141,
      "raise25x" : 0.4859
    },
    "J3o" : {
      "limp" : 1
    },
    "J3s" : {
      "limp" : 0.57199999999999995,
      "raise25x" : 0.42799999999999999
    },
    "J4o" : {
      "limp" : 1
    },
    "J4s" : {
      "limp" : 0.72799999999999998,
      "raise25x" : 0.27200000000000002
    },
    "J5o" : {
      "limp" : 1
    },
    "J5s" : {
      "limp" : 0.83809999999999996,
      "raise25x" : 0.16189999999999999
    },
    "J6o" : {
      "limp" : 1
    },
    "J6s" : {
      "limp" : 1
    },
    "J7o" : {
      "limp" : 0.65800000000000003,
      "raise25x" : 0.34200000000000003
    },
    "J7s" : {
      "limp" : 1
    },
    "J8o" : {
      "limp" : 0.65010000000000001,
      "raise25x" : 0.34989999999999999
    },
    "J8s" : {
      "limp" : 1
    },
    "J9o" : {
      "limp" : 0.88800000000000001,
      "raise25x" : 0.112
    },
    "J9s" : {
      "limp" : 0.48599999999999999,
      "raise25x" : 0.51400000000000001
    },
    "JJ" : {
      "limp" : 0.71599999999999997,
      "raise25x" : 0.28399999999999997
    },
    "JTo" : {
      "limp" : 1
    },
    "JTs" : {
      "raise25x" : 1
    },
    "K2o" : {
      "limp" : 1
    },
    "K2s" : {
      "limp" : 1
    },
    "K3o" : {
      "limp" : 1
    },
    "K3s" : {
      "limp" : 1
    },
    "K4o" : {
      "limp" : 0.86019999999999996,
      "raise25x" : 0.13980000000000001
    },
    "K4s" : {
      "limp" : 1
    },
    "K5o" : {
      "limp" : 0.71809999999999996,
      "raise25x" : 0.28189999999999998
    },
    "K5s" : {
      "limp" : 1
    },
    "K6o" : {
      "limp" : 0.75009999999999999,
      "raise25x" : 0.24990000000000001
    },
    "K6s" : {
      "limp" : 1
    },
    "K7o" : {
      "limp" : 0.92000000000000004,
      "raise25x" : 0.080000000000000002
    },
    "K7s" : {
      "limp" : 0.68810000000000004,
      "raise25x" : 0.31190000000000001
    },
    "K8o" : {
      "limp" : 0.79410000000000003,
      "raise25x" : 0.2059
    },
    "K8s" : {
      "limp" : 0.69599999999999995,
      "raise25x" : 0.30399999999999999
    },
    "K9o" : {
      "limp" : 0.78810000000000002,
      "raise25x" : 0.21190000000000001
    },