{
  "format" : "NLHE_MTT_8MAX",
  "hands" : {
    "22" : {
      "call" : 0.37990000000000002,
      "fold" : 0.62009999999999998
    },
    "33" : {
      "call" : 0.36009999999999998,
      "fold" : 0.63990000000000002
    },
    "44" : {
      "call" : 0.64510000000000001,
      "fold" : 0.35489999999999999
    },
    "55" : {
      "call" : 0.83499999999999996,
      "raise3x" : 0.16500000000000001
    },
    "66" : {
      "call" : 1
    },
    "76s" : {
      "call" : 0.17000000000000001,
      "fold" : 0.82999999999999996
    },
    "77" : {
      "call" : 0.84499999999999997,
      "raise3x" : 0.155
    },
    "87s" : {
      "call" : 0.1799,
      "fold" : 0.82010000000000005
    },
    "88" : {
      "call" : 0.61499999999999999,
      "raise3x" : 0.38500000000000001
    },
    "98s" : {
      "call" : 0.75,
      "fold" : 0.17000000000000001,
      "raise3x" : 0.080000000000000002
    },
    "99" : {
      "call" : 0.60999999999999999,
      "raise3x" : 0.39000000000000001
    },
    "A4s" : {
      "call" : 0.84999999999999998,
      "raise3x" : 0.14999999999999999
    },
    "A5s" : {
      "call" : 0.58509999999999995,
      "raise3x" : 0.41489999999999999
    },
    "A6s" : {
      "call" : 0.28999999999999998,
      "raise3x" : 0.70999999999999996
    },
    "A7s" : {
      "call" : 0.44009999999999999,
      "raise3x" : 0.55989999999999995
    },
    "A8s" : {
      "call" : 0.46000000000000002,
      "raise3x" : 0.54000000000000004
    },
    "A9s" : {
      "call" : 0.57509999999999994,
      "raise3x" : 0.4249
    },
    "AA" : {
      "raise3x" : 1
    },
    "AJo" : {
      "call" : 0.44009999999999999,
      "raise3x" : 0.55989999999999995
    },
    "AJs" : {
      "call" : 1
    },
    "AKo" : {
      "call" : 0.099900000000000003,
      "raise3x" : 0.90010000000000001
    },
    "AKs" : {
      "raise3x" : 1
    },
    "AQo" : {
      "call" : 0.61499999999999999,
      "raise3x" : 0.38500000000000001
    },
    "AQs" : {
      "call" : 0.81510000000000005,
      "raise3x" : 0.18490000000000001
    },
    "ATo" : {
      "call" : 0.1799,
      "raise3x" : 0.82010000000000005
    },
    "ATs" : {
      "call" : 1
    },
    "J9s" : {
      "call" : 0.32000000000000001,
      "fold" : 0.375,
      "raise3x" : 0.30499999999999999
    },
    "JJ" : {
      "call" : 0.10489999999999999,
      "raise3x" : 0.89510000000000001
    },
    "JTs" : {
      "call" : 0.62,
      "raise3x" : 0.38
    },
    "K8s" : {
      "fold" : 0.93020000000000003,
      "raise3x" : 0.069800000000000001
    },
    "K9s" : {
      "call" : 0.0499,
      "raise3x" : 0.95009999999999994
    },
    "KJo" : {
      "call" : 0.10489999999999999,
      "fold" : 0.6351,
      "raise3x" : 0.26000000000000001
    },
    "KJs" : {
      "call" : 1
    },
    "KK" : {
      "raise3x" : 1
    },
    "KQo" : {
      "call" : 0.47999999999999998,
      "raise3x" : 0.52000000000000002
    },
    "KQs" : {
      "call" : 1
    },
    "KTs" : {
      "call" : 0.93520000000000003,
      "raise3x" : 0.064799999999999996
    },
    "Q9s" : {
      "call" : 0.38,
      "raise3x" : 0.62
    },
    "QJs" : {
      "call" : 0.92500000000000004,
      "raise3x" : 0.074999999999999997
    },
    "QQ" : {
      "raise3x" : 1
    },
    "QTs" : {
      "call" : 0.72509999999999997,
      "raise3x" : 0.27489999999999998
    },
    "T8s" : {
      "call" : 0.215,
      "fold" : 0.095000000000000001,
      "raise3x" : 0.68999999999999995
    },
    "T9s" : {
      "call" : 0.66010000000000002,
      "raise3x" : 0.33989999999999998
    },
    "TT" : {
      "call" : 0.43009999999999998,
      "raise3x" : 0.56989999999999996
    }
  },
  "id" : "mtt_8max_40bb_co_vsopen_vs_lj",
  "source" : {
    "description" : "RangeConverter free PDF — 8-max 40bb 1bb ante (12.5%).",
    "publisher" : {
      "accessedDate" : "2026-06-01",
      "name" : "RangeConverter",
      "product" : "Free Poker Charts — 8 max 1bb ante MTT GTO Ranges",
      "treeParams" : "poker.academy CE-Symmetric Regular @ 40bb (GTO ChipEV, 1bb ante)",
      "url" : "https:\/\/rangeconverter.com\/free-poker-charts"
    },
    "solver" : {
      "assumptions" : "Frequencies rounded to nearest 25% per source. ChipEV (non-ICM). 1bb (12.5%) big-blind ante."
    },
    "type" : "published"
  },
  "spot" : {
    "anteType" : "bigBlindAnte",
    "facingAction" : "vsOpen",
    "opponentPosition" : "LJ",
    "position" : "CO",
    "stackDepthBB" : 40
  }
}