{
  "format" : "NLHE_MTT_8MAX",
  "hands" : {
    "22" : {
      "call" : 0.48999999999999999,
      "fold" : 0.51000000000000001
    },
    "33" : {
      "call" : 0.375,
      "fold" : 0.625
    },
    "44" : {
      "call" : 0.46000000000000002,
      "fold" : 0.54000000000000004
    },
    "54s" : {
      "call" : 0.22500000000000001,
      "fold" : 0.73009999999999997,
      "raise3x" : 0.044900000000000002
    },
    "55" : {
      "call" : 0.76500000000000001,
      "raise3x" : 0.23499999999999999
    },
    "65s" : {
      "call" : 0.1399,
      "fold" : 0.73019999999999996,
      "raise3x" : 0.12989999999999999
    },
    "66" : {
      "call" : 0.63990000000000002,
      "raise3x" : 0.36009999999999998
    },
    "76s" : {
      "call" : 0.19489999999999999,
      "fold" : 0.58509999999999995,
      "raise3x" : 0.22
    },
    "77" : {
      "call" : 0.45500000000000002,
      "raise3x" : 0.54500000000000004
    },
    "87s" : {
      "call" : 0.19489999999999999,
      "fold" : 0.72509999999999997,
      "raise3x" : 0.080000000000000002
    },
    "88" : {
      "call" : 0.45000000000000001,
      "raise3x" : 0.55000000000000004
    },
    "98s" : {
      "call" : 0.4899,
      "fold" : 0.5101
    },
    "99" : {
      "call" : 0.41489999999999999,
      "raise3x" : 0.58509999999999995
    },
    "A3s" : {
      "call" : 0.4849,
      "fold" : 0.44009999999999999,
      "raise3x" : 0.074999999999999997
    },
    "A4s" : {
      "call" : 0.5101,
      "raise3x" : 0.4899
    },
    "A5s" : {
      "call" : 0.074999999999999997,
      "raise3x" : 0.92500000000000004
    },
    "A6s" : {
      "call" : 0.18990000000000001,
      "raise3x" : 0.81010000000000004
    },
    "A7s" : {
      "call" : 0.32000000000000001,
      "raise3x" : 0.68000000000000005
    },
    "A8s" : {
      "call" : 0.20979999999999999,
      "raise3x" : 0.79020000000000001
    },
    "A9s" : {
      "call" : 0.28999999999999998,
      "raise3x" : 0.70999999999999996
    },
    "AA" : {
      "raise3x" : 1
    },
    "AJo" : {
      "call" : 0.28999999999999998,
      "raise3x" : 0.70999999999999996
    },
    "AJs" : {
      "call" : 0.53000000000000003,
      "raise3x" : 0.46999999999999997
    },
    "AKo" : {
      "call" : 0.095000000000000001,
      "raise3x" : 0.90500000000000003
    },
    "AKs" : {
      "raise3x" : 1
    },
    "AQo" : {
      "call" : 0.375,
      "raise3x" : 0.625
    },
    "AQs" : {
      "raise3x" : 1
    },
    "ATo" : {
      "call" : 0.1055,
      "fold" : 0.42209999999999998,
      "raise3x" : 0.47239999999999999
    },
    "ATs" : {
      "call" : 0.68000000000000005,
      "raise3x" : 0.32000000000000001
    },
    "J9s" : {
      "call" : 0.13980000000000001,
      "raise3x" : 0.86019999999999996
    },
    "JJ" : {
      "call" : 0.14999999999999999,
      "raise3x" : 0.84999999999999998
    },
    "JTs" : {
      "call" : 0.33489999999999998,
      "raise3x" : 0.66510000000000002
    },
    "K6s" : {
      "call" : 0.155,
      "fold" : 0.84499999999999997
    },
    "K8s" : {
      "call" : 0.069400000000000003,
      "fold" : 0.45279999999999998,
      "raise3x" : 0.4778
    },
    "K9s" : {
      "call" : 0.054899999999999997,
      "raise3x" : 0.94510000000000005
    },
    "KJo" : {
      "call" : 0.095000000000000001,
      "fold" : 0.63009999999999999,
      "raise3x" : 0.27489999999999998
    },
    "KJs" : {
      "call" : 0.40489999999999998,
      "raise3x" : 0.59509999999999996
    },
    "KK" : {
      "raise3x" : 1
    },
    "KQo" : {
      "call" : 0.32990000000000003,
      "raise3x" : 0.67010000000000003
    },
    "KQs" : {
      "call" : 0.43009999999999998,
      "raise3x" : 0.56989999999999996
    },
    "KTs" : {
      "call" : 0.37,
      "raise3x" : 0.63
    },
    "Q9s" : {
      "call" : 0.255,
      "fold" : 0.26989999999999997,
      "raise3x" : 0.47510000000000002
    },
    "QJs" : {
      "call" : 0.64510000000000001,
      "raise3x" : 0.35489999999999999
    },
    "QQ" : {
      "raise3x" : 1
    },
    "QTs" : {
      "call" : 0.64510000000000001,
      "raise3x" : 0.35489999999999999
    },
    "T8s" : {
      "call" : 0.1799,
      "fold" : 0.099900000000000003,
      "raise3x" : 0.72019999999999995
    },
    "T9s" : {
      "call" : 0.35489999999999999,
      "raise3x" : 0.64510000000000001
    },
    "TT" : {
      "call" : 0.40489999999999998,
      "raise3x" : 0.59509999999999996
    }
  },
  "id" : "mtt_8max_80bb_co_vsopen_vs_hj",
  "source" : {
    "description" : "RangeConverter free PDF — 8-max 80bb 1bb ante (12.5%).",
    "publisher" : {
      "accessedDate" : "2026-06-01",
      "name" : "RangeConverter",
      "product" : "Free Poker Charts — 8 max 1bb ante MTT GTO Ranges",
      "treeParams" : "poker.academy CE-Symmetric Regular @ 80bb (GTO ChipEV, 1bb ante)",
      "url" : "https:\/\/rangeconverter.com\/free-poker-charts"
    },
    "solver" : {
      "assumptions" : "Frequencies rounded to nearest 25% per source. ChipEV (non-ICM). 1bb (12.5%) big-blind ante."
    },
    "type" : "published"
  },
  "spot" : {
    "anteType" : "bigBlindAnte",
    "facingAction" : "vsOpen",
    "opponentPosition" : "HJ",
    "position" : "CO",
    "stackDepthBB" : 80
  }
}