{
  "format" : "NLHE_MTT_8MAX",
  "hands" : {
    "22" : {
      "call" : 1
    },
    "33" : {
      "call" : 1
    },
    "44" : {
      "call" : 1
    },
    "54s" : {
      "call" : 1
    },
    "55" : {
      "call" : 0.70089999999999997,
      "fold" : 0.29909999999999998
    },
    "65s" : {
      "call" : 1
    },
    "66" : {
      "call" : 0.58199999999999996,
      "fold" : 0.41799999999999998
    },
    "76s" : {
      "call" : 1
    },
    "77" : {
      "call" : 0.38790000000000002,
      "fold" : 0.61209999999999998
    },
    "87s" : {
      "call" : 1
    },
    "88" : {
      "call" : 0.434,
      "fold" : 0.56599999999999995
    },
    "99" : {
      "call" : 0.51190000000000002,
      "fold" : 0.48809999999999998
    },
    "A4s" : {
      "call" : 0.16189999999999999,
      "fold" : 0.47210000000000002,
      "raise3x" : 0.36599999999999999
    },
    "A5s" : {
      "call" : 0.48809999999999998,
      "raise3x" : 0.51190000000000002
    },
    "A7s" : {
      "fold" : 0.88009999999999999,
      "raise3x" : 0.11990000000000001
    },
    "A9s" : {
      "call" : 0.051900000000000002,
      "fold" : 0.94810000000000005
    },
    "AA" : {
      "raise3x" : 1
    },
    "AJs" : {
      "call" : 0.62809999999999999,
      "raise3x" : 0.37190000000000001
    },
    "AKo" : {
      "call" : 0.54810000000000003,
      "raise3x" : 0.45190000000000002
    },
    "AKs" : {
      "raise3x" : 1
    },
    "AQo" : {
      "fold" : 0.754,
      "raise3x" : 0.246
    },
    "AQs" : {
      "call" : 1
    },
    "ATs" : {
      "call" : 1
    },
    "JJ" : {
      "call" : 0.67610000000000003,
      "raise3x" : 0.32390000000000002
    },
    "JTs" : {
      "call" : 0.30599999999999999,
      "fold" : 0.69399999999999995
    },
    "KJs" : {
      "call" : 0.46999999999999997,
      "raise3x" : 0.53000000000000003
    },
    "KK" : {
      "raise3x" : 1
    },
    "KQs" : {
      "call" : 0.71199999999999997,
      "raise3x" : 0.28799999999999998
    },
    "KTs" : {
      "call" : 0.28399999999999997,
      "fold" : 0.186,
      "raise3x" : 0.53000000000000003
    },
    "QQ" : {
      "call" : 0.7742,
      "raise3x" : 0.2258
    },
    "QTs" : {
      "call" : 0.14399999999999999,
      "fold" : 0.85599999999999998
    },
    "T9s" : {
      "call" : 0.40000000000000002,
      "fold" : 0.59999999999999998
    },
    "TT" : {
      "call" : 0.84619999999999995,
      "fold" : 0.0079000000000000008,
      "raise3x" : 0.1459
    }
  },
  "id" : "mtt_8max_100bb_utg_vs3bet",
  "source" : {
    "description" : "RangeConverter free PDF — 8-max 100bb 1bb ante (12.5%).",
    "publisher" : {
      "accessedDate" : "2026-06-01",
      "name" : "RangeConverter",
      "product" : "Free Poker Charts — 8 max 1bb ante MTT GTO Ranges",
      "treeParams" : "poker.academy CE-Symmetric Regular @ 100bb (GTO ChipEV, 1bb ante)",
      "url" : "https:\/\/rangeconverter.com\/free-poker-charts"
    },
    "solver" : {
      "assumptions" : "Frequencies rounded to nearest 25% per source. ChipEV (non-ICM). 1bb (12.5%) big-blind ante."
    },
    "type" : "published"
  },
  "spot" : {
    "anteType" : "bigBlindAnte",
    "facingAction" : "vs3Bet",
    "position" : "UTG",
    "stackDepthBB" : 100
  }
}