{
  "format" : "NLHE_MTT_9MAX",
  "hands" : {
    "22" : {
      "call" : 0.99390000000000001,
      "fold" : 0.0016000000000000001,
      "raise25x" : 0.0044999999999999997
    },
    "32o" : {
      "call" : 0.998,
      "fold" : 0.002
    },
    "32s" : {
      "call" : 0.99890000000000001
    },
    "33" : {
      "call" : 0.99909999999999999
    },
    "42o" : {
      "call" : 0.99639999999999995,
      "fold" : 0.0035999999999999999
    },
    "42s" : {
      "call" : 0.99870000000000003,
      "fold" : 0.0013000000000000002
    },
    "43o" : {
      "call" : 0.99939999999999996
    },
    "43s" : {
      "call" : 0.99850000000000005,
      "fold" : 0.0015
    },
    "44" : {
      "call" : 0.99980000000000002
    },
    "52o" : {
      "call" : 0.99960000000000004
    },
    "52s" : {
      "call" : 0.99990000000000001
    },
    "53o" : {
      "call" : 0.99980000000000002
    },
    "53s" : {
      "call" : 0.9929,
      "fold" : 0.0060000000000000001,
      "raise25x" : 0.0011000000000000001
    },
    "54o" : {
      "call" : 0.99980000000000002
    },
    "54s" : {
      "call" : 0.99880000000000002,
      "fold" : 0.0012000000000000001
    },
    "55" : {
      "call" : 0.98140000000000005,
      "raise25x" : 0.018499999999999999
    },
    "62o" : {
      "call" : 0.99929999999999997
    },
    "62s" : {
      "call" : 0.99719999999999998,
      "fold" : 0.0028
    },
    "63o" : {
      "call" : 0.99960000000000004
    },
    "63s" : {
      "call" : 0.9083,
      "fold" : 0.0023,
      "raise25x" : 0.089400000000000007
    },
    "64o" : {
      "call" : 0.99970000000000003
    },
    "64s" : {
      "call" : 0.99960000000000004
    },
    "65o" : {
      "call" : 0.99990000000000001
    },
    "65s" : {
      "call" : 0.99839999999999995,
      "fold" : 0.0016000000000000001
    },
    "66" : {
      "call" : 0.99909999999999999
    },
    "72o" : {
      "call" : 0.99990000000000001
    },
    "72s" : {
      "call" : 0.9859,
      "fold" : 0.0141
    },
    "73o" : {
      "call" : 0.99960000000000004
    },
    "73s" : {
      "call" : 0.998,
      "fold" : 0.002
    },
    "74o" : {
      "call" : 0.99960000000000004
    },
    "74s" : {
      "call" : 0.99960000000000004
    },
    "75o" : {
      "call" : 1
    },
    "75s" : {
      "call" : 0.99909999999999999
    },
    "76o" : {
      "call" : 0.99890000000000001
    },
    "76s" : {
      "call" : 0.99939999999999996
    },
    "77" : {
      "call" : 0.99860000000000004,
      "raise25x" : 0.0011000000000000001
    },
    "82o" : {
      "call" : 0.99719999999999998,
      "fold" : 0.0028
    },
    "82s" : {
      "call" : 0.97829999999999995,
      "fold" : 0.021700000000000001
    },
    "83o" : {
      "call" : 0.99990000000000001
    },
    "83s" : {
      "call" : 0.98529999999999995,
      "fold" : 0.0146
    },
    "84o" : {
      "call" : 0.99939999999999996
    },
    "84s" : {
      "call" : 0.99980000000000002
    },
    "85o" : {
      "call" : 1
    },
    "85s" : {
      "call" : 0.99950000000000006
    },
    "86o" : {
      "call" : 0.99990000000000001
    },
    "86s" : {
      "call" : 0.99739999999999995,
      "fold" : 0.0016000000000000001
    },
    "87o" : {
      "call" : 1
    },
    "87s" : {
      "call" : 0.99939999999999996
    },
    "88" : {
      "call" : 0.99950000000000006
    },
    "92o" : {
      "call" : 0.99919999999999998
    },
    "92s" : {
      "call" : 0.99839999999999995,
      "fold" : 0.0016000000000000001
    },
    "93o" : {
      "call" : 0.99850000000000005,
      "fold" : 0.0015
    },
    "93s" : {
      "call" : 0.99719999999999998,
      "fold" : 0.0028
    },
    "94o" : {
      "call" : 0.99980000000000002
    },
    "94s" : {
      "call" : 0.99990000000000001
    },
    "95o" : {
      "call" : 0.99939999999999996
    },
    "95s" : {
      "call" : 0.99429999999999996,
      "fold" : 0.0053
    },
    "96o" : {
      "call" : 0.99990000000000001
    },
    "96s" : {
      "call" : 0.99980000000000002
    },
    "97o" : {
      "call" : 0.99970000000000003
    },
    "97s" : {
      "call" : 0.99960000000000004
    },
    "98o" : {
      "call" : 0.99990000000000001
    },
    "98s" : {
      "call" : 0.99960000000000004
    },
    "99" : {
      "call" : 0.879,
      "raise25x" : 0.1208
    },
    "A2o" : {
      "call" : 1
    },
    "A2s" : {
      "call" : 0.98650000000000004,
      "fold" : 0.0021000000000000003,
      "raise25x" : 0.0114
    },
    "A3o" : {
      "call" : 0.99950000000000006
    },
    "A3s" : {
      "call" : 1
    },
    "A4o" : {
      "call" : 0.99970000000000003
    },
    "A4s" : {
      "call" : 0.99570000000000003,
      "fold" : 0.0019,
      "raise25x" : 0.0024000000000000002
    },
    "A5o" : {
      "call" : 0.99990000000000001
    },
    "A5s" : {
      "call" : 0.99960000000000004
    },
    "A6o" : {
      "call" : 0.99929999999999997
    },
    "A6s" : {
      "call" : 0.99880000000000002
    },
    "A7o" : {
      "call" : 0.99970000000000003
    },
    "A7s" : {
      "call" : 0.99939999999999996
    },
    "A8o" : {
      "call" : 1
    },
    "A8s" : {
      "call" : 0.99960000000000004
    },
    "A9o" : {
      "call" : 0.99960000000000004
    },
    "A9s" : {
      "call" : 0.98909999999999998,
      "fold" : 0.0019,
      "raise25x" : 0.0089999999999999993
    },
    "AA" : {
      "raise25x" : 1
    },
    "AJo" : {
      "call" : 0.99960000000000004
    },
    "AJs" : {
      "call" : 0.871,
      "raise25x" : 0.12820000000000001
    },
    "AKo" : {
      "call" : 0.09240000000000001,
      "raise25x" : 0.90759999999999996
    },
    "AKs" : {
      "call" : 0.016,
      "raise25x" : 0.98399999999999999
    },
    "AQo" : {
      "call" : 0.31929999999999997,
      "raise25x" : 0.68069999999999997
    },
    "AQs" : {
      "call" : 0.96899999999999997,
      "raise25x" : 0.031
    },
    "ATo" : {
      "call" : 0.99880000000000002
    },
    "ATs" : {
      "call" : 0.97989999999999999,
      "raise25x" : 0.0201
    },
    "J2o" : {
      "call" : 1
    },
    "J2s" : {
      "call" : 0.99919999999999998
    },
    "J3o" : {
      "call" : 0.99990000000000001
    },
    "J3s" : {
      "call" : 0.99709999999999999,
      "fold" : 0.0028
    },
    "J4o" : {
      "call" : 0.99990000000000001
    },
    "J4s" : {
      "call" : 0.99650000000000005,
      "fold" : 0.0033999999999999994
    },
    "J5o" : {
      "call" : 1
    },
    "J5s" : {
      "call" : 1
    },
    "J6o" : {
      "call" : 1
    },
    "J6s" : {
      "call" : 0.99829999999999997,
      "fold" : 0.0016000000000000001
    },
    "J7o" : {
      "call" : 1
    },
    "J7s" : {
      "call" : 1
    },
    "J8o" : {
      "call" : 0.99939999999999996
    },
    "J8s" : {
      "call" : 0.99960000000000004
    },
    "J9o" : {
      "call" : 0.99970000000000003
    },
    "J9s" : {
      "call" : 0.99729999999999996,
      "fold" : 0.0023
    },
    "JJ" : {
      "call" : 0.45979999999999999,
      "raise25x" : 0.54000000000000004
    },
    "JTo" : {
      "call" : 0.99970000000000003
    },
    "JTs" : {
      "call" : 0.99980000000000002
    },
    "K2o" : {
      "call" : 0.99970000000000003
    },
    "K2s" : {
      "call" : 0.99529999999999996,
      "fold" : 0.0033,
      "raise25x" : 0.0015
    },
    "K3o" : {
      "call" : 0.99990000000000001
    },
    "K3s" : {
      "call" : 0.99939999999999996
    },
    "K4o" : {
      "call" : 0.99770000000000003,
      "fold" : 0.0016000000000000001
    },
    "K4s" : {
      "call" : 0.99590000000000001,
      "fold" : 0.0035999999999999999
    },
    "K5o" : {
      "call" : 0.99990000000000001
    },
    "K5s" : {
      "call" : 0.99980000000000002
    },
    "K6o" : {
      "call" : 0.99990000000000001
    },
    "K6s" : {
      "call" : 0.99539999999999995,
      "fold" : 0.0028999999999999998,
      "raise25x" : 0.0016999999999999997
    },
    "K7o" : {
      "call" : 1
    },
    "K7s" : {
      "call" : 0.99839999999999995,