{
  "format" : "NLHE_MTT_8MAX",
  "hands" : {
    "44" : {
      "call" : 0.75949999999999995,
      "shove" : 0.24049999999999999
    },
    "54s" : {
      "call" : 1
    },
    "55" : {
      "call" : 0.39500000000000002,
      "shove" : 0.60499999999999998
    },
    "65s" : {
      "call" : 1
    },
    "66" : {
      "call" : 0.94510000000000005,
      "shove" : 0.054899999999999997
    },
    "76s" : {
      "call" : 1
    },
    "77" : {
      "call" : 1
    },
    "87s" : {
      "call" : 1
    },
    "88" : {
      "call" : 0.66510000000000002,
      "shove" : 0.33489999999999998
    },
    "98s" : {
      "call" : 0.755,
      "fold" : 0.245
    },
    "99" : {
      "call" : 0.35489999999999999,
      "shove" : 0.64510000000000001
    },
    "A3s" : {
      "call" : 0.59009999999999996,
      "fold" : 0.40989999999999999
    },
    "A4s" : {
      "call" : 0.74009999999999998,
      "shove" : 0.25990000000000002
    },
    "A5s" : {
      "call" : 0.28999999999999998,
      "shove" : 0.70999999999999996
    },
    "A7s" : {
      "call" : 0.064799999999999996,
      "fold" : 0.93520000000000003
    },
    "A8s" : {
      "call" : 0.76000000000000001,
      "fold" : 0.23999999999999999
    },
    "A9s" : {
      "call" : 1
    },
    "AA" : {
      "call" : 0.66010000000000002,
      "shove" : 0.33989999999999998
    },
    "AJo" : {
      "call" : 0.81510000000000005,
      "fold" : 0.18490000000000001
    },
    "AJs" : {
      "call" : 1
    },
    "AKo" : {
      "shove" : 1
    },
    "AKs" : {
      "shove" : 1
    },
    "AQo" : {
      "call" : 0.57509999999999994,
      "shove" : 0.4249
    },
    "AQs" : {
      "call" : 1
    },
    "ATs" : {
      "call" : 1
    },
    "J9s" : {
      "call" : 0.66010000000000002,
      "fold" : 0.33989999999999998
    },
    "JJ" : {
      "shove" : 1
    },
    "JTs" : {
      "call" : 1
    },
    "K6s" : {
      "call" : 0.755,
      "fold" : 0.245
    },
    "K9s" : {
      "call" : 1
    },
    "KJs" : {
      "call" : 0.63990000000000002,
      "shove" : 0.36009999999999998
    },
    "KK" : {
      "shove" : 1
    },
    "KQo" : {
      "call" : 1
    },
    "KQs" : {
      "call" : 0.28999999999999998,
      "shove" : 0.70999999999999996
    },
    "KTs" : {
      "call" : 1
    },
    "Q9s" : {
      "call" : 0.81510000000000005,
      "fold" : 0.18490000000000001
    },
    "QJs" : {
      "call" : 1
    },
    "QQ" : {
      "shove" : 1
    },
    "QTs" : {
      "call" : 1
    },
    "T8s" : {
      "call" : 0.60999999999999999,
      "fold" : 0.39000000000000001
    },
    "T9s" : {
      "call" : 1
    },
    "TT" : {
      "shove" : 1
    }
  },
  "id" : "mtt_8max_35bb_lj_vs3bet_vs_co",
  "source" : {
    "description" : "RangeConverter free PDF — 8-max 35bb 1bb ante (12.5%).",
    "publisher" : {
      "accessedDate" : "2026-06-01",
      "name" : "RangeConverter",
      "product" : "Free Poker Charts — 8 max 1bb ante MTT GTO Ranges",
      "treeParams" : "poker.academy CE-Symmetric Regular @ 35bb (GTO ChipEV, 1bb ante)",
      "url" : "https:\/\/rangeconverter.com\/free-poker-charts"
    },
    "solver" : {
      "assumptions" : "Frequencies rounded to nearest 25% per source. ChipEV (non-ICM). 1bb (12.5%) big-blind ante."
    },
    "type" : "published"
  },
  "spot" : {
    "anteType" : "bigBlindAnte",
    "facingAction" : "vs3Bet",
    "opponentPosition" : "CO",
    "position" : "LJ",
    "stackDepthBB" : 35
  }
}