{
  "format" : "NLHE_MTT_9MAX",
  "hands" : {
    "22" : {
      "call" : 0.71079999999999999,
      "fold" : 0.28920000000000001
    },
    "33" : {
      "call" : 0.52510000000000001,
      "fold" : 0.47489999999999999
    },
    "44" : {
      "call" : 0.30609999999999998,
      "fold" : 0.69389999999999996
    },
    "54s" : {
      "call" : 1
    },
    "55" : {
      "call" : 0.188,
      "fold" : 0.81200000000000006
    },
    "65s" : {
      "call" : 1
    },
    "66" : {
      "call" : 0.65010000000000001,
      "fold" : 0.34989999999999999
    },
    "76s" : {
      "call" : 1
    },
    "77" : {
      "call" : 0.52610000000000001,
      "fold" : 0.47389999999999999
    },
    "87s" : {
      "call" : 1
    },
    "88" : {
      "call" : 0.82799999999999996,
      "fold" : 0.17199999999999999
    },
    "98s" : {
      "call" : 0.5,
      "fold" : 0.5
    },
    "99" : {
      "call" : 1
    },
    "A2s" : {
      "fold" : 0.86599999999999999,
      "raise25x" : 0.13400000000000001
    },
    "A3s" : {
      "call" : 0.2258,
      "raise25x" : 0.7742
    },
    "A4s" : {
      "call" : 0.93020000000000003,
      "raise25x" : 0.069800000000000001
    },
    "A5s" : {
      "call" : 1
    },
    "A7s" : {
      "call" : 0.4839,
      "fold" : 0.5161
    },
    "A8s" : {
      "call" : 0.080000000000000002,
      "fold" : 0.48599999999999999,
      "raise25x" : 0.434
    },
    "A9s" : {
      "call" : 0.68610000000000004,
      "fold" : 0.31390000000000001
    },
    "AA" : {
      "raise25x" : 1
    },
    "AJs" : {
      "call" : 1
    },
    "AKo" : {
      "call" : 0.67400000000000004,
      "raise25x" : 0.32600000000000001
    },
    "AKs" : {
      "call" : 1
    },
    "AQo" : {
      "call" : 0.69210000000000005,
      "fold" : 0.096000000000000002,
      "raise25x" : 0.21190000000000001
    },
    "AQs" : {
      "call" : 1
    },
    "ATs" : {
      "call" : 1
    },
    "J9s" : {
      "call" : 0.0118,
      "fold" : 0.98819999999999997
    },
    "JJ" : {
      "call" : 0.93020000000000003,
      "raise25x" : 0.069800000000000001
    },
    "JTs" : {
      "call" : 1
    },
    "K6s" : {
      "fold" : 0.71199999999999997,
      "raise25x" : 0.28799999999999998
    },
    "K7s" : {
      "fold" : 0.98009999999999997,
      "raise25x" : 0.019899999999999998
    },
    "K9s" : {
      "fold" : 0.66200000000000003,
      "raise25x" : 0.33800000000000002
    },
    "KJo" : {
      "fold" : 0.93020000000000003,
      "raise25x" : 0.069800000000000001
    },
    "KJs" : {
      "call" : 1
    },
    "KK" : {
      "call" : 0.4199,
      "raise25x" : 0.58009999999999995
    },
    "KQs" : {
      "call" : 1
    },
    "KTs" : {
      "call" : 1
    },
    "QJs" : {
      "call" : 1
    },
    "QQ" : {
      "call" : 1
    },
    "QTs" : {
      "call" : 1
    },
    "T9s" : {
      "call" : 1
    },
    "TT" : {
      "call" : 1
    }
  },
  "id" : "mtt_9max_100bb_lj_vs3bet_vs_sb",
  "source" : {
    "description" : "Adapted from RangeConverter 8-max baseline.",
    "publisher" : {
      "accessedDate" : "2026-06-01",
      "name" : "RangeConverter",
      "product" : "Free Poker Charts — 8 max 1bb ante MTT GTO Ranges",
      "treeParams" : "2.5x open, 3.5x 3bet IP, 4.5x 3bet OOP, 2.3x 4bet IP, 2.75x 4bet OOP, SB vs BB 3.2bb",
      "url" : "https:\/\/rangeconverter.com\/free-poker-charts"
    },
    "solver" : {
      "assumptions" : "Frequencies rounded to nearest 25% per source. ChipEV (non-ICM). 1bb (12.5%) big-blind ante. Copied verbatim from 8-max LJ (same effective seat in 9-max)."
    },
    "type" : "published"
  },
  "spot" : {
    "anteType" : "bigBlindAnte",
    "facingAction" : "vs3Bet",
    "opponentPosition" : "SB",
    "position" : "LJ",
    "stackDepthBB" : 100
  }
}