{
  "format" : "NLHE_MTT_8MAX",
  "hands" : {
    "55" : {
      "call" : 0.01,
      "fold" : 0.98999999999999999
    },
    "66" : {
      "call" : 0.2455,
      "fold" : 0.34520000000000001,
      "shove" : 0.4093
    },
    "77" : {
      "call" : 0.1658,
      "shove" : 0.83420000000000005
    },
    "88" : {
      "shove" : 1
    },
    "99" : {
      "call" : 0.2356,
      "shove" : 0.76439999999999997
    },
    "A2s" : {
      "shove" : 1
    },
    "A3s" : {
      "shove" : 1
    },
    "A4o" : {
      "call" : 0.026100000000000002,
      "fold" : 0.88360000000000005,
      "shove" : 0.090300000000000005
    },
    "A4s" : {
      "shove" : 1
    },
    "A5o" : {
      "call" : 0.089999999999999997,
      "fold" : 0.84019999999999995,
      "shove" : 0.069800000000000001
    },
    "A5s" : {
      "shove" : 1
    },
    "A6s" : {
      "shove" : 1
    },
    "A7o" : {
      "call" : 0.1057,
      "fold" : 0.89429999999999998
    },
    "A7s" : {
      "shove" : 1
    },
    "A8o" : {
      "shove" : 1
    },
    "A8s" : {
      "shove" : 1
    },
    "A9o" : {
      "shove" : 1
    },
    "A9s" : {
      "shove" : 1
    },
    "AA" : {
      "call" : 0.47999999999999998,
      "shove" : 0.52000000000000002
    },
    "AJo" : {
      "shove" : 1
    },
    "AJs" : {
      "shove" : 1
    },
    "AKo" : {
      "shove" : 1
    },
    "AKs" : {
      "shove" : 1
    },
    "AQo" : {
      "shove" : 1
    },
    "AQs" : {
      "shove" : 1
    },
    "ATo" : {
      "shove" : 1
    },
    "ATs" : {
      "shove" : 1
    },
    "JJ" : {
      "shove" : 1
    },
    "JTs" : {
      "call" : 0.65010000000000001,
      "fold" : 0.34989999999999999
    },
    "KJo" : {
      "call" : 0.019900000000000001,
      "fold" : 0.95020000000000004,
      "shove" : 0.029899999999999999
    },
    "KJs" : {
      "shove" : 1
    },
    "KK" : {
      "shove" : 1
    },
    "KQo" : {
      "call" : 0.1807,
      "fold" : 0.26100000000000001,
      "shove" : 0.55830000000000002
    },
    "KQs" : {
      "shove" : 1
    },
    "KTs" : {
      "shove" : 1
    },
    "QJs" : {
      "shove" : 1
    },
    "QQ" : {
      "shove" : 1
    },
    "QTs" : {
      "call" : 0.39529999999999998,
      "fold" : 0.0499,
      "shove" : 0.55479999999999996
    },
    "TT" : {
      "shove" : 1
    }
  },
  "id" : "mtt_8max_10bb_btn_vsopen_vs_co",
  "source" : {
    "description" : "RangeConverter free PDF — 8-max 10bb 1bb ante (12.5%).",
    "publisher" : {
      "accessedDate" : "2026-06-01",
      "name" : "RangeConverter",
      "product" : "Free Poker Charts — 8 max 1bb ante MTT GTO Ranges",
      "treeParams" : "poker.academy CE-Symmetric Regular @ 10bb (GTO ChipEV, 1bb ante)",
      "url" : "https:\/\/rangeconverter.com\/free-poker-charts"
    },
    "solver" : {
      "assumptions" : "Frequencies rounded to nearest 25% per source. ChipEV (non-ICM). 1bb (12.5%) big-blind ante."
    },
    "type" : "published"
  },
  "spot" : {
    "anteType" : "bigBlindAnte",
    "facingAction" : "vsOpen",
    "opponentPosition" : "CO",
    "position" : "BTN",
    "stackDepthBB" : 10
  }
}