{
  "format" : "NLHE_MTT_9MAX",
  "hands" : {
    "22" : {
      "call" : 0.0072999999999999992,
      "fold" : 0.99270000000000003
    },
    "33" : {
      "call" : 0.068500000000000033,
      "fold" : 0.93149999999999999
    },
    "44" : {
      "call" : 0.0166,
      "fold" : 0.98340000000000005
    },
    "55" : {
      "fold" : 0.99929999999999997
    },
    "66" : {
      "call" : 0.14760000000000001,
      "fold" : 0.85240000000000005
    },
    "76s" : {
      "call" : 0.0013000000000000002,
      "fold" : 0.99870000000000003
    },
    "77" : {
      "call" : 0.077799999999999994,
      "fold" : 0.92220000000000002
    },
    "82s" : {
      "call" : 0.0027000000000000001,
      "fold" : 0.99729999999999996
    },
    "86s" : {
      "call" : 0.029500000000000005,
      "fold" : 0.97050000000000003
    },
    "87s" : {
      "call" : 0.0080999999999999996,
      "fold" : 0.9919
    },
    "88" : {
      "call" : 0.15260000000000001,
      "fold" : 0.84740000000000004
    },
    "95s" : {
      "fold" : 0.999
    },
    "96s" : {
      "call" : 0.073499999999999996,
      "fold" : 0.92649999999999999
    },
    "97s" : {
      "call" : 0.0044999999999999997,
      "fold" : 0.99550000000000005
    },
    "98s" : {
      "call" : 0.021600000000000001,
      "fold" : 0.97840000000000005
    },
    "99" : {
      "call" : 0.041200000000000001,
      "fold" : 0.95879999999999999
    },
    "A2o" : {
      "fold" : 1
    },
    "A2s" : {
      "call" : 0.0224,
      "fold" : 0.97760000000000002
    },
    "A3o" : {
      "call" : 0.0101,
      "fold" : 0.9899
    },
    "A3s" : {
      "call" : 0.088400000000000006,
      "fold" : 0.91159999999999997
    },
    "A4o" : {
      "fold" : 0.99960000000000004
    },
    "A4s" : {
      "call" : 0.075400000000000009,
      "fold" : 0.92459999999999998
    },
    "A5o" : {
      "call" : 0.0195,
      "fold" : 0.98050000000000004
    },
    "A5s" : {
      "call" : 0.0044999999999999997,
      "fold" : 0.99550000000000005
    },
    "A6s" : {
      "call" : 0.0019,
      "fold" : 0.99809999999999999
    },
    "A7o" : {
      "call" : 0.0015,
      "fold" : 0.99850000000000005
    },
    "A7s" : {
      "call" : 0.048399999999999999,
      "fold" : 0.9516
    },
    "A8o" : {
      "fold" : 0.99950000000000006
    },
    "A8s" : {
      "call" : 0.046299999999999994,
      "fold" : 0.95369999999999999
    },
    "A9o" : {
      "call" : 0.027900000000000001,
      "fold" : 0.97209999999999996
    },
    "A9s" : {
      "call" : 0.037100000000000001,
      "fold" : 0.96289999999999998
    },
    "AA" : {
      "call" : 0.99990000000000001
    },
    "AJo" : {
      "call" : 0.20530000000000001,
      "fold" : 0.79469999999999996
    },
    "AJs" : {
      "call" : 0.12239999999999999,
      "fold" : 0.87760000000000005
    },
    "AKo" : {
      "call" : 1
    },
    "AKs" : {
      "call" : 0.99980000000000002
    },
    "AQo" : {
      "call" : 0.20899999999999999,
      "fold" : 0.79100000000000004
    },
    "AQs" : {
      "call" : 0.2019,
      "fold" : 0.79810000000000003
    },
    "ATo" : {
      "call" : 0.14849999999999999,
      "fold" : 0.85150000000000003
    },
    "ATs" : {
      "call" : 0.080399999999999999,
      "fold" : 0.91959999999999997
    },
    "J2s" : {
      "fold" : 0.99909999999999999
    },
    "J6s" : {
      "call" : 0.040800000000000003,
      "fold" : 0.95920000000000005
    },
    "J8o" : {
      "call" : 0.0012000000000000001,
      "fold" : 0.99880000000000002
    },
    "J8s" : {
      "call" : 0.0038,
      "fold" : 0.99619999999999997
    },
    "J9o" : {
      "fold" : 0.99980000000000002
    },
    "J9s" : {
      "call" : 0.0264,
      "fold" : 0.97360000000000002
    },
    "JJ" : {
      "call" : 0.98809999999999998,
      "fold" : 0.011899999999999999
    },
    "JTo" : {
      "call" : 0.0022000000000000001,
      "fold" : 0.99780000000000002
    },
    "JTs" : {
      "call" : 0.0137,
      "fold" : 0.98629999999999995
    },
    "K2s" : {
      "call" : 0.010800000000000001,
      "fold" : 0.98919999999999997
    },
    "K3s" : {
      "call" : 0.040299999999999989,
      "fold" : 0.9597
    },
    "K4s" : {
      "call" : 0.0135,
      "fold" : 0.98650000000000004
    },
    "K6o" : {
      "call" : 0.002,
      "fold" : 0.998
    },
    "K6s" : {
      "call" : 0.0027000000000000001,
      "fold" : 0.99729999999999996
    },
    "K7o" : {
      "fold" : 0.99990000000000001
    },
    "K7s" : {
      "call" : 0.0086,
      "fold" : 0.99139999999999995
    },
    "K8o" : {
      "call" : 0.0038999999999999998,
      "fold" : 0.99609999999999999
    },
    "K8s" : {
      "call" : 0.03139999999999999,
      "fold" : 0.96860000000000002
    },
    "K9o" : {
      "call" : 0.0032000000000000002,
      "fold" : 0.99680000000000002
    },
    "K9s" : {
      "call" : 0.0011000000000000001,
      "fold" : 0.99890000000000001
    },
    "KJo" : {
      "call" : 0.0023,
      "fold" : 0.99770000000000003
    },
    "KJs" : {
      "call" : 0.06409999999999999,
      "fold" : 0.93589999999999995
    },
    "KK" : {
      "call" : 1
    },
    "KQo" : {
      "call" : 0.041200000000000001,
      "fold" : 0.95879999999999999
    },
    "KQs" : {
      "call" : 0.013599999999999998,
      "fold" : 0.98640000000000005
    },
    "KTo" : {
      "call" : 0.0023,
      "fold" : 0.99770000000000003
    },
    "KTs" : {
      "call" : 0.091600000000000001,
      "fold" : 0.90839999999999999
    },
    "Q3o" : {
      "call" : 0.0028999999999999998,
      "fold" : 0.99709999999999999
    },
    "Q3s" : {
      "call" : 0.0034999999999999996,
      "fold" : 0.99650000000000005
    },
    "Q4s" : {
      "call" : 0.0050000000000000001,
      "fold" : 0.995
    },
    "Q6s" : {
      "call" : 0.0018,
      "fold" : 0.99819999999999998
    },
    "Q7s" : {
      "call" : 0.036700000000000003,
      "fold" : 0.96330000000000005
    },
    "Q8s" : {
      "call" : 0.0045999999999999999,
      "fold" : 0.99539999999999995
    },
    "Q9o" : {
      "fold" : 0.99980000000000002
    },
    "Q9s" : {
      "call" : 0.0044000000000000003,
      "fold" : 0.99560000000000004
    },
    "QJo" : {
      "call" : 0.0016000000000000001,
      "fold" : 0.99839999999999995
    },
    "QJs" : {
      "call" : 0.10920000000000001,
      "fold" : 0.89080000000000004
    },
    "QQ" : {
      "call" : 0.99990000000000001
    },
    "QTo" : {
      "call" : 0.037400000000000003,
      "fold" : 0.96260000000000001
    },
    "QTs" : {
      "call" : 0.022499999999999999,
      "fold" : 0.97750000000000004
    },
    "T2s" : {
      "call" : 0.0038999999999999998,
      "fold" : 0.99609999999999999
    },
    "T3s" : {
      "call" : 0.011000000000000001,
      "fold" : 0.98899999999999999
    },
    "T4s" : {
      "call" : 0.0015,
      "fold" : 0.99850000000000005
    },
    "T5s" : {
      "call" : 0.026600000000000002,
      "fold" : 0.97340000000000004
    },
    "T6s" : {
      "call" : 0.023600000000000003,
      "fold" : 0.97640000000000005
    },
    "T7s" : {
      "call" : 0.0101,
      "fold" : 0.9899
    },
    "T8s" : {
      "call" : 0.012199999999999999,
      "fold" : 0.98780000000000001
    },
    "T9o" : {
      "call" : 0.0023,
      "fold" : 0.99770000000000003
    },
    "T9s" : {
      "call" : 0.071300000000000002,
      "fold" : 0.92869999999999997
    },
    "TT" : {
      "call" : 0.91249999999999998,
      "fold" : 0.087499999999999994
    }
  },
  "id" : "mtt_9max_50bb_lj_vs3betjam",
  "source" : {
    "description" : "Adapted from RangeConverter 8-max baseline.",
    "publisher" : {
      "accessedDate" : "2026-06-01",
      "name" : "RangeConverter",
      "product" : "Free Poker Charts — 8 max 1bb ante MTT GTO Ranges",
      "treeParams" : "2.5x open, 3.5x 3bet IP, 4.5x 3bet OOP, 2.3x 4bet IP, 2.75x 4bet OOP, SB vs BB 3.2bb",
      "url" : "https:\/\/rangeconverter.com\/free-poker-charts"
    },