{
  "format" : "NLHE_MTT_9MAX",
  "hands" : {
    "22" : {
      "call" : 0.20000000000000001,
      "fold" : 0.80000000000000004
    },
    "33" : {
      "call" : 0.2049,
      "fold" : 0.79510000000000003
    },
    "44" : {
      "call" : 0.40989999999999999,
      "fold" : 0.59009999999999996
    },
    "55" : {
      "call" : 0.89510000000000001,
      "raise25x" : 0.10489999999999999
    },
    "66" : {
      "call" : 1
    },
    "76s" : {
      "call" : 0.039899999999999998,
      "fold" : 0.96009999999999995
    },
    "77" : {
      "call" : 0.82509999999999994,
      "raise25x" : 0.1749
    },
    "87s" : {
      "call" : 0.069800000000000001,
      "fold" : 0.93020000000000003
    },
    "88" : {
      "call" : 0.54500000000000004,
      "raise25x" : 0.45500000000000002
    },
    "98s" : {
      "call" : 0.69499999999999995,
      "raise25x" : 0.30499999999999999
    },
    "99" : {
      "call" : 0.49490000000000001,
      "raise25x" : 0.50509999999999999
    },
    "A3s" : {
      "call" : 0.29999999999999999,
      "fold" : 0.69999999999999996
    },
    "A4s" : {
      "call" : 0.54000000000000004,
      "raise25x" : 0.46000000000000002
    },
    "A5s" : {
      "call" : 0.56489999999999996,
      "raise25x" : 0.43509999999999999
    },
    "A6s" : {
      "call" : 0.080000000000000002,
      "raise25x" : 0.92000000000000004
    },
    "A7s" : {
      "call" : 0.40489999999999998,
      "raise25x" : 0.59509999999999996
    },
    "A8s" : {
      "call" : 0.61499999999999999,
      "raise25x" : 0.38500000000000001
    },
    "A9s" : {
      "call" : 0.70999999999999996,
      "raise25x" : 0.28999999999999998
    },
    "AA" : {
      "call" : 0.054900000000000004,
      "raise25x" : 0.94510000000000005
    },
    "AJo" : {
      "call" : 0.34989999999999999,
      "raise25x" : 0.65010000000000001
    },
    "AJs" : {
      "call" : 1
    },
    "AKo" : {
      "raise25x" : 1
    },
    "AKs" : {
      "raise25x" : 1
    },
    "AQo" : {
      "call" : 0.66010000000000002,
      "raise25x" : 0.33989999999999998
    },
    "AQs" : {
      "call" : 0.25490000000000002,
      "raise25x" : 0.74509999999999998
    },
    "ATo" : {
      "call" : 0.19989999999999999,
      "raise25x" : 0.80010000000000003
    },
    "ATs" : {
      "call" : 1
    },
    "J9s" : {
      "call" : 0.32000000000000001,
      "raise25x" : 0.68000000000000005
    },
    "JJ" : {
      "call" : 0.11990000000000001,
      "raise25x" : 0.88009999999999999
    },
    "JTs" : {
      "call" : 0.69499999999999995,
      "raise25x" : 0.30499999999999999
    },
    "K8s" : {
      "fold" : 0.46999999999999997,
      "raise25x" : 0.53000000000000003
    },
    "K9s" : {
      "call" : 0.155,
      "raise25x" : 0.84499999999999997
    },
    "KJo" : {
      "call" : 0.2099,
      "fold" : 0.46510000000000001,
      "raise25x" : 0.32500000000000001
    },
    "KJs" : {
      "call" : 1
    },
    "KK" : {
      "raise25x" : 1
    },
    "KQo" : {
      "call" : 0.50509999999999999,
      "raise25x" : 0.49490000000000001
    },
    "KQs" : {
      "call" : 1
    },
    "KTo" : {
      "fold" : 0.98499999999999999,
      "raise25x" : 0.014999999999999999
    },
    "KTs" : {
      "call" : 1
    },
    "Q9s" : {
      "raise25x" : 1
    },
    "QJo" : {
      "fold" : 0.91000000000000003,
      "raise25x" : 0.089999999999999997
    },
    "QJs" : {
      "call" : 1
    },
    "QQ" : {
      "raise25x" : 1
    },
    "QTs" : {
      "call" : 0.85499999999999998,
      "raise25x" : 0.14499999999999999
    },
    "T8s" : {
      "call" : 0.10489999999999999,
      "fold" : 0.54020000000000001,
      "raise25x" : 0.35489999999999999
    },
    "T9s" : {
      "call" : 0.71509999999999996,
      "raise25x" : 0.28489999999999999
    },
    "TT" : {
      "call" : 0.23000000000000001,
      "raise25x" : 0.77000000000000002
    }
  },
  "id" : "mtt_9max_40bb_co_vsopen",
  "source" : {
    "description" : "Adapted from RangeConverter 8-max baseline.",
    "publisher" : {
      "accessedDate" : "2026-06-01",
      "name" : "RangeConverter",
      "product" : "Free Poker Charts — 8 max 1bb ante MTT GTO Ranges",
      "treeParams" : "2.5x open, 3.5x 3bet IP, 4.5x 3bet OOP, 2.3x 4bet IP, 2.75x 4bet OOP, SB vs BB 3.2bb",
      "url" : "https:\/\/rangeconverter.com\/free-poker-charts"
    },
    "solver" : {
      "assumptions" : "Frequencies rounded to nearest 25% per source. ChipEV (non-ICM). 1bb (12.5%) big-blind ante. Copied verbatim from 8-max CO (same effective seat in 9-max)."
    },
    "type" : "published"
  },
  "spot" : {
    "anteType" : "bigBlindAnte",
    "facingAction" : "vsOpen",
    "position" : "CO",
    "stackDepthBB" : 40
  }
}