{
  "format" : "NLHE_MTT_9MAX",
  "hands" : {
    "22" : {
      "call" : 0.0051000000000000004,
      "fold" : 0.99490000000000001
    },
    "33" : {
      "call" : 0.0080999999999999996,
      "fold" : 0.9919
    },
    "43s" : {
      "call" : 0.0137,
      "fold" : 0.98629999999999995
    },
    "44" : {
      "call" : 0.015900000000000001,
      "fold" : 0.98409999999999997
    },
    "55" : {
      "call" : 0.21160000000000001,
      "fold" : 0.78839999999999999
    },
    "62s" : {
      "call" : 0.0048999999999999998,
      "fold" : 0.99509999999999998
    },
    "66" : {
      "call" : 0.36680000000000001,
      "fold" : 0.63319999999999999
    },
    "73s" : {
      "fold" : 0.99950000000000006
    },
    "77" : {
      "call" : 0.96760000000000002,
      "fold" : 0.032399999999999998
    },
    "82s" : {
      "call" : 0.0030000000000000001,
      "fold" : 0.997
    },
    "85s" : {
      "fold" : 0.99980000000000002
    },
    "86s" : {
      "fold" : 0.99939999999999996
    },
    "87s" : {
      "call" : 0.0016999999999999997,
      "fold" : 0.99829999999999997
    },
    "88" : {
      "call" : 0.91769999999999996,
      "fold" : 0.082300000000000012
    },
    "96s" : {
      "call" : 0.0040999999999999995,
      "fold" : 0.99590000000000001
    },
    "97s" : {
      "call" : 0.0018,
      "fold" : 0.99819999999999998
    },
    "98o" : {
      "fold" : 0.99970000000000003
    },
    "98s" : {
      "call" : 0.0040000000000000001,
      "fold" : 0.996
    },
    "99" : {
      "call" : 0.99690000000000001,
      "fold" : 0.0030999999999999999
    },
    "A2o" : {
      "fold" : 0.99980000000000002
    },
    "A2s" : {
      "call" : 0.0072999999999999992,
      "fold" : 0.99270000000000003
    },
    "A3o" : {
      "fold" : 0.99990000000000001
    },
    "A3s" : {
      "fold" : 0.999
    },
    "A4o" : {
      "fold" : 0.99950000000000006
    },
    "A4s" : {
      "call" : 0.002,
      "fold" : 0.998
    },
    "A5o" : {
      "call" : 0.0034999999999999996,
      "fold" : 0.99650000000000005
    },
    "A5s" : {
      "call" : 0.0044000000000000003,
      "fold" : 0.99560000000000004
    },
    "A6o" : {
      "fold" : 0.99970000000000003
    },
    "A6s" : {
      "call" : 0.054100000000000002,
      "fold" : 0.94589999999999996
    },
    "A7o" : {
      "call" : 0.0032000000000000002,
      "fold" : 0.99680000000000002
    },
    "A7s" : {
      "call" : 0.12859999999999999,
      "fold" : 0.87139999999999995
    },
    "A8o" : {
      "call" : 0.0044999999999999997,
      "fold" : 0.99550000000000005
    },
    "A8s" : {
      "call" : 0.3241,
      "fold" : 0.67589999999999995
    },
    "A9o" : {
      "fold" : 0.99990000000000001
    },
    "A9s" : {
      "call" : 0.18110000000000001,
      "fold" : 0.81889999999999996
    },
    "AA" : {
      "call" : 1
    },
    "AJo" : {
      "call" : 0.53669999999999995,
      "fold" : 0.46329999999999999
    },
    "AJs" : {
      "call" : 0.89880000000000004,
      "fold" : 0.1012
    },
    "AKo" : {
      "call" : 1
    },
    "AKs" : {
      "call" : 1
    },
    "AQo" : {
      "call" : 1
    },
    "AQs" : {
      "call" : 0.99990000000000001
    },
    "ATo" : {
      "call" : 0.059799999999999999,
      "fold" : 0.94020000000000004
    },
    "ATs" : {
      "call" : 0.75149999999999995,
      "fold" : 0.2485
    },
    "J2s" : {
      "call" : 0.0146,
      "fold" : 0.98540000000000005
    },
    "J3s" : {
      "fold" : 1
    },
    "J4s" : {
      "call" : 0.0018,
      "fold" : 0.99819999999999998
    },
    "J5s" : {
      "fold" : 0.99960000000000004
    },
    "J6o" : {
      "fold" : 1
    },
    "J6s" : {
      "fold" : 0.99990000000000001
    },
    "J7o" : {
      "fold" : 0.99990000000000001
    },
    "J7s" : {
      "call" : 0.0013000000000000002,
      "fold" : 0.99870000000000003
    },
    "J8o" : {
      "fold" : 0.99980000000000002
    },
    "J8s" : {
      "call" : 0.0038,
      "fold" : 0.99619999999999997
    },
    "J9o" : {
      "fold" : 1
    },
    "J9s" : {
      "fold" : 1
    },
    "JJ" : {
      "call" : 1
    },
    "JTo" : {
      "call" : 0.0019,
      "fold" : 0.99809999999999999
    },
    "JTs" : {
      "call" : 0.10349999999999999,
      "fold" : 0.89649999999999996
    },
    "K2s" : {
      "call" : 0.0166,
      "fold" : 0.98340000000000005
    },
    "K3o" : {
      "fold" : 0.99980000000000002
    },
    "K3s" : {
      "call" : 0.019599999999999999,
      "fold" : 0.98040000000000005
    },
    "K4o" : {
      "fold" : 1
    },
    "K4s" : {
      "call" : 0.050000000000000003,
      "fold" : 0.94999999999999996
    },
    "K5o" : {
      "call" : 0.0011000000000000001,
      "fold" : 0.99890000000000001
    },
    "K5s" : {
      "call" : 0.0115,
      "fold" : 0.98850000000000005
    },
    "K6o" : {
      "fold" : 0.99980000000000002
    },
    "K6s" : {
      "fold" : 0.99970000000000003
    },
    "K7o" : {
      "fold" : 1
    },
    "K7s" : {
      "call" : 0.0155,
      "fold" : 0.98450000000000004
    },
    "K8o" : {
      "fold" : 0.99929999999999997
    },
    "K8s" : {
      "call" : 0.015299999999999999,
      "fold" : 0.98470000000000002
    },
    "K9o" : {
      "fold" : 0.99909999999999999
    },
    "K9s" : {
      "call" : 0.0104,
      "fold" : 0.98960000000000004
    },
    "KJo" : {
      "call" : 0.014199999999999999,
      "fold" : 0.98580000000000001
    },
    "KJs" : {
      "call" : 0.61580000000000001,
      "fold" : 0.38419999999999999
    },
    "KK" : {
      "call" : 1
    },
    "KQo" : {
      "call" : 0.032399999999999998,
      "fold" : 0.96760000000000002
    },
    "KQs" : {
      "call" : 0.20680000000000001,
      "fold" : 0.79320000000000002
    },
    "KTo" : {
      "fold" : 0.99960000000000004
    },
    "KTs" : {
      "call" : 0.71319999999999995,
      "fold" : 0.2868
    },
    "Q2s" : {
      "fold" : 0.99980000000000002
    },
    "Q3s" : {
      "fold" : 0.99970000000000003
    },
    "Q5s" : {
      "call" : 0.0097000000000000003,
      "fold" : 0.99029999999999996
    },
    "Q6s" : {
      "call" : 0.0013000000000000002,
      "fold" : 0.99870000000000003
    },
    "Q7o" : {
      "fold" : 0.99970000000000003
    },
    "Q7s" : {
      "call" : 0.0088999999999999999,
      "fold" : 0.99109999999999998
    },
    "Q8s" : {
      "call" : 0.0253,
      "fold" : 0.97470000000000001
    },
    "Q9o" : {
      "fold" : 0.99950000000000006
    },
    "Q9s" : {
      "call" : 0.0048000000000000004,
      "fold" : 0.99519999999999997
    },
    "QJo" : {
      "call" : 0.0033,
      "fold" : 0.99670000000000003
    },
    "QJs" : {
      "call" : 0.13550000000000001,
      "fold" : 0.86450000000000005
    },
    "QQ" : {
      "call" : 1
    },
    "QTo" : {
      "call" : 0.0013000000000000002,
      "fold" : 0.99870000000000003
    },
    "QTs" : {
      "call" : 0.0055999999999999991,
      "fold" : 0.99439999999999995
    },
    "T3s" : {
      "fold" : 0.99990000000000001
    },
    "T4s" : {
      "call" : 0.0011000000000000001,
      "fold" : 0.99890000000000001
    },
    "T7s" : {
      "call" : 0.0023,
      "fold" : 0.99770000000000003
    },
    "T8o" : {
      "fold" : 1
    },
    "T8s" : {
      "fold" : 0.99990000000000001
    },
    "T9o" : {
      "fold" : 0.99990000000000001
    },
    "T9s" : {
      "call" : 0.0080999999999999996,
      "fold" : 0.9919
    },
    "TT" : {
      "call" : 1
    }
  },
  "id" : "mtt_9max_40bb_btn_vs3betjam",
  "source" : {
    "description" : "Adapted from RangeConverter 8-max baseline.",
    "publisher" : {
      "accessedDate" : "2026-06-01",
      "name" : "RangeConverter",
      "product" : "Free Poker Charts — 8 max 1bb ante MTT GTO Ranges",
      "treeParams" : "2.5x open, 3.5x 3bet IP, 4.5x 3bet OOP, 2.3x 4bet IP, 2.75x 4bet OOP, SB vs BB 3.2bb",
      "url" : "https:\/\/rangeconverter.com\/free-poker-charts"
    },