{
  "format" : "NLHE_MTT_8MAX",
  "hands" : {
    "22" : {
      "call" : 1
    },
    "32s" : {
      "call" : 1
    },
    "33" : {
      "call" : 1
    },
    "42s" : {
      "call" : 1
    },
    "43s" : {
      "call" : 1
    },
    "44" : {
      "call" : 1
    },
    "52s" : {
      "call" : 1
    },
    "53o" : {
      "call" : 0.53400000000000003,
      "fold" : 0.46600000000000003
    },
    "53s" : {
      "call" : 1
    },
    "54o" : {
      "call" : 1
    },
    "54s" : {
      "call" : 0.47210000000000002,
      "raise3x" : 0.52790000000000004
    },
    "55" : {
      "call" : 1
    },
    "62s" : {
      "call" : 1
    },
    "63s" : {
      "call" : 1
    },
    "64o" : {
      "call" : 0.23599999999999999,
      "fold" : 0.76400000000000001
    },
    "64s" : {
      "call" : 1
    },
    "65o" : {
      "call" : 1
    },
    "65s" : {
      "call" : 0.61809999999999998,
      "raise3x" : 0.38190000000000002
    },
    "66" : {
      "call" : 1
    },
    "72s" : {
      "call" : 1
    },
    "73s" : {
      "call" : 1
    },
    "74s" : {
      "call" : 1
    },
    "75o" : {
      "call" : 0.35589999999999999,
      "fold" : 0.64410000000000001
    },
    "75s" : {
      "call" : 1
    },
    "76o" : {
      "call" : 1
    },
    "76s" : {
      "call" : 0.39000000000000001,
      "raise3x" : 0.60999999999999999
    },
    "77" : {
      "call" : 1
    },
    "82s" : {
      "call" : 1
    },
    "83s" : {
      "call" : 1
    },
    "84s" : {
      "call" : 1
    },
    "85s" : {
      "call" : 1
    },
    "86o" : {
      "call" : 0.84809999999999997,
      "fold" : 0.15190000000000001
    },
    "86s" : {
      "call" : 0.93020000000000003,
      "raise3x" : 0.069800000000000001
    },
    "87o" : {
      "call" : 1
    },
    "87s" : {
      "call" : 0.54390000000000005,
      "raise3x" : 0.45610000000000001
    },
    "88" : {
      "call" : 1
    },
    "92s" : {
      "call" : 1
    },
    "93s" : {
      "call" : 1
    },
    "94s" : {
      "call" : 1
    },
    "95s" : {
      "call" : 1
    },
    "96s" : {
      "call" : 1
    },
    "97o" : {
      "call" : 1
    },
    "97s" : {
      "call" : 1
    },
    "98o" : {
      "call" : 1
    },
    "98s" : {
      "call" : 0.90010000000000001,
      "raise3x" : 0.099900000000000003
    },
    "99" : {
      "call" : 1
    },
    "A2o" : {
      "call" : 1
    },
    "A2s" : {
      "call" : 0.8881,
      "raise3x" : 0.1119
    },
    "A3o" : {
      "call" : 1
    },
    "A3s" : {
      "call" : 0.81010000000000004,
      "raise3x" : 0.18990000000000001
    },
    "A4o" : {
      "call" : 1
    },
    "A4s" : {
      "call" : 0.67010000000000003,
      "raise3x" : 0.32990000000000003
    },
    "A5o" : {
      "call" : 1
    },
    "A5s" : {
      "call" : 0.4899,
      "raise3x" : 0.5101
    },
    "A6o" : {
      "call" : 1
    },
    "A6s" : {
      "call" : 0.95620000000000005,
      "raise3x" : 0.043799999999999999
    },
    "A7o" : {
      "call" : 1
    },
    "A7s" : {
      "call" : 0.90820000000000001,
      "raise3x" : 0.091800000000000007
    },
    "A8o" : {
      "call" : 1
    },
    "A8s" : {
      "call" : 0.75609999999999999,
      "raise3x" : 0.24390000000000001
    },
    "A9o" : {
      "call" : 1
    },
    "A9s" : {
      "call" : 0.32790000000000002,
      "raise3x" : 0.67210000000000003
    },
    "AA" : {
      "raise3x" : 1
    },
    "AJo" : {
      "call" : 1
    },
    "AJs" : {
      "call" : 1
    },
    "AKo" : {
      "call" : 0.31,
      "raise3x" : 0.68999999999999995
    },
    "AKs" : {
      "raise3x" : 1
    },
    "AQo" : {
      "call" : 0.878,
      "raise3x" : 0.122
    },
    "AQs" : {
      "call" : 0.7621,
      "raise3x" : 0.2379
    },
    "ATo" : {
      "call" : 0.77000000000000002,
      "raise3x" : 0.23000000000000001
    },
    "ATs" : {
      "call" : 0.56410000000000005,
      "raise3x" : 0.43590000000000001
    },
    "J2s" : {
      "call" : 1
    },
    "J3s" : {
      "call" : 1
    },
    "J4s" : {
      "call" : 1
    },
    "J5s" : {
      "call" : 1
    },
    "J6s" : {
      "call" : 1
    },
    "J7s" : {
      "call" : 1
    },
    "J8o" : {
      "call" : 1
    },
    "J8s" : {
      "call" : 1
    },
    "J9o" : {
      "call" : 1
    },
    "J9s" : {
      "call" : 0.65410000000000001,
      "raise3x" : 0.34589999999999999
    },
    "JJ" : {
      "call" : 0.56599999999999995,
      "raise3x" : 0.434
    },
    "JTo" : {
      "call" : 1
    },
    "JTs" : {
      "call" : 0.69210000000000005,
      "raise3x" : 0.30790000000000001
    },
    "K2s" : {
      "call" : 1
    },
    "K3s" : {
      "call" : 1
    },
    "K4s" : {
      "call" : 1
    },
    "K5o" : {
      "call" : 1
    },
    "K5s" : {
      "call" : 1
    },
    "K6o" : {
      "call" : 1
    },
    "K6s" : {
      "call" : 0.60999999999999999,
      "raise3x" : 0.39000000000000001
    },
    "K7o" : {
      "call" : 1
    },
    "K7s" : {
      "call" : 1
    },
    "K8o" : {
      "call" : 1
    },
    "K8s" : {
      "call" : 1
    },
    "K9o" : {
      "call" : 1
    },
    "K9s" : {
      "call" : 0.94810000000000005,
      "raise3x" : 0.051900000000000002
    },
    "KJo" : {
      "call" : 1
    },
    "KJs" : {
      "call" : 0.22,
      "raise3x" : 0.78000000000000003
    },
    "KK" : {
      "raise3x" : 1
    },
    "KQo" : {
      "call" : 1
    },
    "KQs" : {
      "call" : 0.65800000000000003,
      "raise3x" : 0.34200000000000003
    },
    "KTo" : {
      "call" : 1
    },
    "KTs" : {
      "call" : 0.17599999999999999,
      "raise3x" : 0.82399999999999995
    },
    "Q2s" : {
      "call" : 1
    },
    "Q3s" : {
      "call" : 1
    },
    "Q4s" : {
      "call" : 1
    },
    "Q5s" : {
      "call" : 1
    },
    "Q6o" : {
      "call" : 0.87409999999999999,
      "fold" : 0.12590000000000001
    },
    "Q6s" : {
      "call" : 1
    },
    "Q7o" : {
      "call" : 0.073999999999999996,
      "fold" : 0.92600000000000005
    },
    "Q7s" : {
      "call" : 1
    },
    "Q8o" : {
      "call" : 1
    },
    "Q8s" : {
      "call" : 1
    },
    "Q9o" : {
      "call" : 1
    },
    "Q9s" : {
      "call" : 1
    },
    "QJo" : {
      "call" : 1
    },
    "QJs" : {
      "raise3x" : 1
    },
    "QQ" : {
      "raise3x" : 1
    },
    "QTo" : {
      "call" : 1
    },
    "QTs" : {
      "call" : 0.60999999999999999,
      "raise3x" : 0.39000000000000001
    },
    "T2s" : {
      "call" : 1
    },
    "T3s" : {
      "call" : 1
    },
    "T4s" : {
      "call" : 1
    },
    "T5s" : {
      "call" : 1
    },
    "T6s" : {
      "call" : 1
    },
    "T7s" : {
      "call" : 1
    },
    "T8o" : {
      "call" : 1
    },
    "T8s" : {
      "call" : 0.79410000000000003,
      "raise3x" : 0.2059
    },
    "T9o" : {
      "call" : 1
    },
    "T9s" : {
      "call" : 0.56200000000000006,
      "raise3x" : 0.438
    },
    "TT" : {
      "call" : 0.94410000000000005,
      "raise3x" : 0.055899999999999998
    }
  },
  "id" : "mtt_8max_70bb_bb_vsopen_vs_utg1",
  "source" : {
    "description" : "RangeConverter free PDF — 8-max 70bb 1bb ante (12.5%).",
    "publisher" : {
      "accessedDate" : "2026-06-01",
      "name" : "RangeConverter",
      "product" : "Free Poker Charts — 8 max 1bb ante MTT GTO Ranges",
      "treeParams" : "poker.academy CE-Symmetric Regular @ 70bb (GTO ChipEV, 1bb ante)",
      "url" : "https:\/\/rangeconverter.com\/free-poker-charts"
    },
    "solver" : {
      "assumptions" : "Frequencies rounded to nearest 25% per source. ChipEV (non-ICM). 1bb (12.5%) big-blind ante."
    },
    "type" : "published"
  },
  "spot" : {
    "anteType" : "bigBlindAnte",
    "facingAction" : "vsOpen",
    "opponentPosition" : "UTG1",
    "position" : "BB",
    "stackDepthBB" : 70
  }
}