{
  "format" : "NLHE_MTT_9MAX",
  "hands" : {
    "22" : {
      "call" : 1
    },
    "32s" : {
      "call" : 1
    },
    "33" : {
      "call" : 1
    },
    "42s" : {
      "call" : 1
    },
    "43o" : {
      "call" : 0.3659,
      "fold" : 0.6341
    },
    "43s" : {
      "call" : 1
    },
    "44" : {
      "call" : 1
    },
    "52s" : {
      "call" : 1
    },
    "53o" : {
      "call" : 1
    },
    "53s" : {
      "call" : 0.93210000000000004,
      "raise25x" : 0.067900000000000002
    },
    "54o" : {
      "call" : 1
    },
    "54s" : {
      "call" : 0.502,
      "raise25x" : 0.498
    },
    "55" : {
      "call" : 1
    },
    "62s" : {
      "call" : 1
    },
    "63s" : {
      "call" : 1
    },
    "64o" : {
      "call" : 0.80620000000000003,
      "fold" : 0.1938
    },
    "64s" : {
      "call" : 1
    },
    "65o" : {
      "call" : 1
    },
    "65s" : {
      "call" : 0.75819999999999999,
      "raise25x" : 0.24179999999999999
    },
    "66" : {
      "call" : 1
    },
    "72s" : {
      "call" : 1
    },
    "73s" : {
      "call" : 1
    },
    "74s" : {
      "call" : 1
    },
    "75o" : {
      "call" : 1
    },
    "75s" : {
      "call" : 1
    },
    "76o" : {
      "call" : 1
    },
    "76s" : {
      "call" : 0.27589999999999998,
      "raise25x" : 0.72409999999999997
    },
    "77" : {
      "call" : 1
    },
    "82s" : {
      "call" : 1
    },
    "83s" : {
      "call" : 1
    },
    "84s" : {
      "call" : 1
    },
    "85s" : {
      "call" : 1
    },
    "86o" : {
      "call" : 1
    },
    "86s" : {
      "call" : 1
    },
    "87o" : {
      "call" : 1
    },
    "87s" : {
      "call" : 0.59009999999999996,
      "raise25x" : 0.40989999999999999
    },
    "88" : {
      "call" : 1
    },
    "92s" : {
      "call" : 1
    },
    "93s" : {
      "call" : 1
    },
    "94s" : {
      "call" : 1
    },
    "95s" : {
      "call" : 1
    },
    "96o" : {
      "call" : 0.5101,
      "fold" : 0.4899
    },
    "96s" : {
      "call" : 1
    },
    "97o" : {
      "call" : 1
    },
    "97s" : {
      "call" : 1
    },
    "98o" : {
      "call" : 1
    },
    "98s" : {
      "call" : 0.95409999999999995,
      "raise25x" : 0.045899999999999996
    },
    "99" : {
      "call" : 1
    },
    "A2o" : {
      "call" : 1
    },
    "A2s" : {
      "call" : 1
    },
    "A3o" : {
      "call" : 1
    },
    "A3s" : {
      "call" : 0.7621,
      "raise25x" : 0.2379
    },
    "A4o" : {
      "call" : 1
    },
    "A4s" : {
      "call" : 0.7621,
      "raise25x" : 0.2379
    },
    "A5o" : {
      "call" : 1
    },
    "A5s" : {
      "call" : 0.52790000000000004,
      "raise25x" : 0.47210000000000002
    },
    "A6o" : {
      "call" : 1
    },
    "A6s" : {
      "call" : 1
    },
    "A7o" : {
      "call" : 1
    },
    "A7s" : {
      "call" : 0.62,
      "raise25x" : 0.38
    },
    "A8o" : {
      "call" : 1
    },
    "A8s" : {
      "call" : 0.35399999999999998,
      "raise25x" : 0.64600000000000002
    },
    "A9o" : {
      "call" : 0.68999999999999995,
      "raise25x" : 0.31
    },
    "A9s" : {
      "call" : 0.94410000000000005,
      "raise25x" : 0.055899999999999991
    },
    "AA" : {
      "raise25x" : 1
    },
    "AJo" : {
      "call" : 1
    },
    "AJs" : {
      "call" : 1
    },
    "AKo" : {
      "raise25x" : 1
    },
    "AKs" : {
      "raise25x" : 1
    },
    "AQo" : {
      "call" : 0.35799999999999998,
      "raise25x" : 0.64200000000000002
    },
    "AQs" : {
      "call" : 1
    },
    "ATo" : {
      "call" : 0.80800000000000005,
      "raise25x" : 0.192
    },
    "ATs" : {
      "call" : 1
    },
    "J2s" : {
      "call" : 1
    },
    "J3s" : {
      "call" : 1
    },
    "J4s" : {
      "call" : 1
    },
    "J5s" : {
      "call" : 1
    },
    "J6s" : {
      "call" : 1
    },
    "J7o" : {
      "call" : 0.45190000000000002,
      "fold" : 0.54810000000000003
    },
    "J7s" : {
      "call" : 1
    },
    "J8o" : {
      "call" : 1
    },
    "J8s" : {
      "call" : 0.83209999999999995,
      "raise25x" : 0.16789999999999999
    },
    "J9o" : {
      "call" : 1
    },
    "J9s" : {
      "call" : 0.52400000000000002,
      "raise25x" : 0.47599999999999998
    },
    "JJ" : {
      "raise25x" : 1
    },
    "JTo" : {
      "call" : 1
    },
    "JTs" : {
      "call" : 0.46789999999999998,
      "raise25x" : 0.53210000000000002
    },
    "K2o" : {
      "call" : 1
    },
    "K2s" : {
      "call" : 1
    },
    "K3o" : {
      "call" : 1
    },
    "K3s" : {
      "call" : 1
    },
    "K4o" : {
      "call" : 1
    },
    "K4s" : {
      "call" : 1
    },
    "K5o" : {
      "call" : 1
    },
    "K5s" : {
      "call" : 0.89610000000000001,
      "raise25x" : 0.10390000000000001
    },
    "K6o" : {
      "call" : 1
    },
    "K6s" : {
      "call" : 0.46789999999999998,
      "raise25x" : 0.53210000000000002
    },
    "K7o" : {
      "call" : 1
    },
    "K7s" : {
      "call" : 0.67210000000000003,
      "raise25x" : 0.32790000000000002
    },
    "K8o" : {
      "call" : 1
    },
    "K8s" : {
      "call" : 1
    },
    "K9o" : {
      "call" : 1
    },
    "K9s" : {
      "call" : 0.52790000000000004,
      "raise25x" : 0.47210000000000002
    },
    "KJo" : {
      "call" : 0.70409999999999995,
      "raise25x" : 0.2959
    },
    "KJs" : {
      "call" : 1
    },
    "KK" : {
      "raise25x" : 1
    },
    "KQo" : {
      "call" : 0.75609999999999999,
      "raise25x" : 0.24390000000000001
    },
    "KQs" : {
      "call" : 1
    },
    "KTo" : {
      "call" : 0.95409999999999995,
      "raise25x" : 0.045899999999999996
    },
    "KTs" : {
      "call" : 0.21190000000000001,
      "raise25x" : 0.78810000000000002
    },
    "Q2s" : {
      "call" : 1
    },
    "Q3s" : {
      "call" : 1
    },
    "Q4o" : {
      "call" : 0.38400000000000001,
      "fold" : 0.61599999999999999
    },
    "Q4s" : {
      "call" : 1
    },
    "Q5o" : {
      "call" : 1
    },
    "Q5s" : {
      "call" : 1
    },
    "Q6o" : {
      "call" : 1
    },
    "Q6s" : {
      "call" : 1
    },
    "Q7o" : {
      "call" : 1
    },
    "Q7s" : {
      "call" : 1
    },
    "Q8o" : {
      "call" : 1
    },
    "Q8s" : {
      "call" : 1
    },
    "Q9o" : {
      "call" : 1
    },
    "Q9s" : {
      "call" : 1
    },
    "QJo" : {
      "call" : 1
    },
    "QJs" : {
      "call" : 0.49409999999999998,
      "raise25x" : 0.50590000000000002
    },
    "QQ" : {
      "raise25x" : 1
    },
    "QTo" : {
      "call" : 1
    },
    "QTs" : {
      "call" : 0.79020000000000001,
      "raise25x" : 0.20979999999999999
    },
    "T2s" : {
      "call" : 1
    },
    "T3s" : {
      "call" : 1
    },
    "T4s" : {
      "call" : 1
    },
    "T5s" : {
      "call" : 1
    },
    "T6s" : {
      "call" : 1
    },
    "T7o" : {
      "call" : 0.93210000000000004,
      "fold" : 0.067900000000000002
    },
    "T7s" : {
      "call" : 1
    },
    "T8o" : {
      "call" : 1
    },
    "T8s" : {
      "call" : 0.75609999999999999,
      "raise25x" : 0.24390000000000001
    },
    "T9o" : {
      "call" : 1
    },
    "T9s" : {
      "call" : 0.2258,
      "raise25x" : 0.7742
    },
    "TT" : {
      "call" : 0.34799999999999998,
      "raise25x" : 0.65200000000000002
    }
  },
  "id" : "mtt_9max_50bb_bb_vsopen_vs_lj",
  "source" : {
    "description" : "Adapted from RangeConverter 8-max baseline.",
    "publisher" : {
      "accessedDate" : "2026-06-01",
      "name" : "RangeConverter",
      "product" : "Free Poker Charts — 8 max 1bb ante MTT GTO Ranges",
      "treeParams" : "2.5x open, 3.5x 3bet IP, 4.5x 3bet OOP, 2.3x 4bet IP, 2.75x 4bet OOP, SB vs BB 3.2bb",
      "url" : "https:\/\/rangeconverter.com\/free-poker-charts"
    },
    "solver" : {
      "assumptions" : "Frequencies rounded to nearest 25% per source. ChipEV (non-ICM). 1bb (12.5%) big-blind ante. Copied verbatim from 8-max BB (same effective seat in 9-max)."
    },
    "type" : "published"
  },