{
  "format" : "NLHE_MTT_8MAX",
  "hands" : {
    "22" : {
      "fold" : 0.99970000000000003
    },
    "33" : {
      "call" : 0.27560000000000001,
      "fold" : 0.72440000000000004
    },
    "44" : {
      "call" : 0.0061999999999999998,
      "fold" : 0.99380000000000002
    },
    "54s" : {
      "call" : 0.0047999999999999996,
      "fold" : 0.99519999999999997
    },
    "55" : {
      "call" : 0.0014,
      "fold" : 0.99860000000000004
    },
    "63s" : {
      "call" : 0.0080999999999999996,
      "fold" : 0.9919
    },
    "66" : {
      "call" : 0.2792,
      "fold" : 0.7208
    },
    "73s" : {
      "call" : 0.0067000000000000002,
      "fold" : 0.99329999999999996
    },
    "77" : {
      "call" : 0.014800000000000001,
      "fold" : 0.98519999999999996
    },
    "86s" : {
      "call" : 0.0146,
      "fold" : 0.98540000000000005
    },
    "88" : {
      "call" : 0.026800000000000001,
      "fold" : 0.97319999999999995
    },
    "94s" : {
      "call" : 0.0014,
      "fold" : 0.99860000000000004
    },
    "96s" : {
      "call" : 0.0019,
      "fold" : 0.99809999999999999
    },
    "97s" : {
      "call" : 0.0089999999999999993,
      "fold" : 0.99099999999999999
    },
    "98s" : {
      "fold" : 0.99980000000000002
    },
    "99" : {
      "call" : 0.36749999999999999,
      "fold" : 0.63249999999999995
    },
    "A2s" : {
      "call" : 0.0499,
      "fold" : 0.95009999999999994
    },
    "A3s" : {
      "call" : 0.023800000000000002,
      "fold" : 0.97619999999999996
    },
    "A4o" : {
      "call" : 0.0030000000000000001,
      "fold" : 0.997
    },
    "A4s" : {
      "call" : 0.0091999999999999998,
      "fold" : 0.99080000000000001
    },
    "A5o" : {
      "call" : 0.0114,
      "fold" : 0.98860000000000003
    },
    "A5s" : {
      "call" : 0.044400000000000002,
      "fold" : 0.9556
    },
    "A6o" : {
      "call" : 0.0030000000000000001,
      "fold" : 0.997
    },
    "A6s" : {
      "call" : 0.0047999999999999996,
      "fold" : 0.99519999999999997
    },
    "A7o" : {
      "call" : 0.0057000000000000002,
      "fold" : 0.99429999999999996
    },
    "A7s" : {
      "call" : 0.0032000000000000002,
      "fold" : 0.99680000000000002
    },
    "A8o" : {
      "fold" : 0.99929999999999997
    },
    "A8s" : {
      "fold" : 0.99950000000000006
    },
    "A9o" : {
      "call" : 0.0533,
      "fold" : 0.94669999999999999
    },
    "A9s" : {
      "call" : 0.019599999999999999,
      "fold" : 0.98040000000000005
    },
    "AA" : {
      "call" : 1
    },
    "AJo" : {
      "call" : 0.062700000000000006,
      "fold" : 0.93730000000000002
    },
    "AJs" : {
      "call" : 0.0252,
      "fold" : 0.9748
    },
    "AKo" : {
      "call" : 1
    },
    "AKs" : {
      "call" : 1
    },
    "AQo" : {
      "call" : 0.34100000000000003,
      "fold" : 0.65900000000000003
    },
    "AQs" : {
      "call" : 0.30940000000000001,
      "fold" : 0.69059999999999999
    },
    "ATo" : {
      "call" : 0.035299999999999998,
      "fold" : 0.9647
    },
    "ATs" : {
      "call" : 0.75260000000000005,
      "fold" : 0.24740000000000001
    },
    "J2s" : {
      "fold" : 0.99990000000000001
    },
    "J4s" : {
      "call" : 0.0094999999999999998,
      "fold" : 0.99050000000000005
    },
    "J6s" : {
      "call" : 0.0129,
      "fold" : 0.98709999999999998
    },
    "J7s" : {
      "fold" : 0.99950000000000006
    },
    "J8o" : {
      "fold" : 0.99919999999999998
    },
    "J8s" : {
      "call" : 0.0022000000000000001,
      "fold" : 0.99780000000000002
    },
    "J9o" : {
      "fold" : 0.99990000000000001
    },
    "J9s" : {
      "call" : 0.0138,
      "fold" : 0.98619999999999997
    },
    "JJ" : {
      "call" : 1
    },
    "JTo" : {
      "call" : 0.0015,
      "fold" : 0.99850000000000005
    },
    "JTs" : {
      "call" : 0.0019,
      "fold" : 0.99809999999999999
    },
    "K2s" : {
      "fold" : 1
    },
    "K3s" : {
      "call" : 0.032599999999999997,
      "fold" : 0.96740000000000004
    },
    "K4s" : {
      "call" : 0.063100000000000003,
      "fold" : 0.93689999999999996
    },
    "K5s" : {
      "call" : 0.0349,
      "fold" : 0.96509999999999996
    },
    "K6s" : {
      "call" : 0.0088000000000000005,
      "fold" : 0.99119999999999997
    },
    "K7s" : {
      "call" : 0.025899999999999999,
      "fold" : 0.97409999999999997
    },
    "K8o" : {
      "call" : 0.002,
      "fold" : 0.998
    },
    "K8s" : {
      "call" : 0.029999999999999999,
      "fold" : 0.96999999999999997
    },
    "K9o" : {
      "call" : 0.0044000000000000003,
      "fold" : 0.99560000000000004
    },
    "K9s" : {
      "call" : 0.0015,
      "fold" : 0.99850000000000005
    },
    "KJo" : {
      "call" : 0.026800000000000001,
      "fold" : 0.97319999999999995
    },
    "KJs" : {
      "call" : 0.17100000000000001,
      "fold" : 0.82899999999999996
    },
    "KK" : {
      "call" : 1
    },
    "KQo" : {
      "call" : 0.112,
      "fold" : 0.88800000000000001
    },
    "KQs" : {
      "call" : 0.065299999999999997,
      "fold" : 0.93469999999999998
    },
    "KTo" : {
      "call" : 0.0016000000000000001,
      "fold" : 0.99839999999999995
    },
    "KTs" : {
      "fold" : 0.99990000000000001
    },
    "Q2s" : {
      "call" : 0.079600000000000004,
      "fold" : 0.9204
    },
    "Q3s" : {
      "call" : 0.0129,
      "fold" : 0.98709999999999998
    },
    "Q4s" : {
      "call" : 0.022599999999999999,
      "fold" : 0.97740000000000005
    },
    "Q5s" : {
      "call" : 0.096500000000000002,
      "fold" : 0.90349999999999997
    },
    "Q6s" : {
      "call" : 0.0071000000000000004,
      "fold" : 0.9929
    },
    "Q8s" : {
      "call" : 0.0061000000000000004,
      "fold" : 0.99390000000000001
    },
    "Q9o" : {
      "call" : 0.0032000000000000002,
      "fold" : 0.99680000000000002
    },
    "Q9s" : {
      "call" : 0.019599999999999999,
      "fold" : 0.98040000000000005
    },
    "QJo" : {
      "call" : 0.0077999999999999996,
      "fold" : 0.99219999999999997
    },
    "QJs" : {
      "call" : 0.0038999999999999998,
      "fold" : 0.99609999999999999
    },
    "QQ" : {
      "call" : 0.99980000000000002
    },
    "QTo" : {
      "call" : 0.0027000000000000001,
      "fold" : 0.99729999999999996
    },
    "QTs" : {
      "fold" : 0.99929999999999997
    },
    "T2s" : {
      "call" : 0.0099000000000000008,
      "fold" : 0.99009999999999998
    },
    "T3s" : {
      "fold" : 0.99950000000000006
    },
    "T5s" : {
      "call" : 0.060199999999999997,
      "fold" : 0.93979999999999997
    },
    "T8s" : {
      "fold" : 0.99939999999999996
    },
    "T9o" : {
      "call" : 0.0023,
      "fold" : 0.99770000000000003
    },
    "T9s" : {
      "call" : 0.20860000000000001,
      "fold" : 0.79139999999999999
    },
    "TT" : {
      "call" : 0.84640000000000004,
      "fold" : 0.15359999999999999
    }
  },
  "id" : "mtt_8max_50bb_hj_vs3betjam",
  "source" : {
    "description" : "RangeConverter free PDF — 8-max 50bb 1bb ante (12.5%).",
    "publisher" : {
      "accessedDate" : "2026-06-01",
      "name" : "RangeConverter",
      "product" : "Free Poker Charts — 8 max 1bb ante MTT GTO Ranges",
      "treeParams" : "HRC v3 Advanced ChipEV @ 50bb: open 2.2bb + 1.0bb; BU 2.2bb + 1.0bb; SB 2.8bb + 1.0bb; 3-bet IP 2.5x + 1.0x; 3-bet BB-vs-others 3.3x + 1.0x; 4-bet IP 90.0%, all-in",
      "url" : "https:\/\/rangeconverter.com\/free-poker-charts"
    },
    "solver" : {
      "assumptions" : "Frequencies rounded to nearest 25% per source. ChipEV (non-ICM). 1bb (12.5%) big-blind ante."
    },
    "type" : "published"
  },
  "spot" : {
    "anteType" : "bigBlindAnte",
    "facingAction" : "vs3BetJam",
    "position" : "HJ",
    "stackDepthBB" : 50
  }
}