{
  "format" : "NLHE_MTT_8MAX",
  "hands" : {
    "44" : {
      "call" : 1
    },
    "54s" : {
      "call" : 1
    },
    "55" : {
      "call" : 0.52500000000000002,
      "shove" : 0.47499999999999998
    },
    "65s" : {
      "call" : 1
    },
    "66" : {
      "call" : 1
    },
    "76s" : {
      "call" : 1
    },
    "77" : {
      "call" : 1
    },
    "87s" : {
      "call" : 1
    },
    "88" : {
      "call" : 0.74009999999999998,
      "shove" : 0.25990000000000002
    },
    "98s" : {
      "call" : 0.56989999999999996,
      "fold" : 0.43009999999999998
    },
    "99" : {
      "call" : 0.66010000000000002,
      "shove" : 0.33989999999999998
    },
    "A3s" : {
      "call" : 1
    },
    "A4s" : {
      "call" : 0.34489999999999998,
      "shove" : 0.65510000000000002
    },
    "A5s" : {
      "call" : 0.28999999999999998,
      "shove" : 0.70999999999999996
    },
    "A6s" : {
      "call" : 0.19989999999999999,
      "fold" : 0.80010000000000003
    },
    "A7s" : {
      "call" : 0.315,
      "fold" : 0.68500000000000005
    },
    "A8s" : {
      "call" : 1
    },
    "A9s" : {
      "call" : 0.90010000000000001,
      "fold" : 0.099900000000000003
    },
    "AA" : {
      "call" : 0.68999999999999995,
      "shove" : 0.31
    },
    "AJo" : {
      "call" : 0.86519999999999997,
      "fold" : 0.1348
    },
    "AJs" : {
      "call" : 1
    },
    "AKo" : {
      "shove" : 1
    },
    "AKs" : {
      "shove" : 1
    },
    "AQo" : {
      "call" : 0.53000000000000003,
      "shove" : 0.46999999999999997
    },
    "AQs" : {
      "call" : 1
    },
    "ATs" : {
      "call" : 1
    },
    "J9s" : {
      "call" : 0.35489999999999999,
      "fold" : 0.64510000000000001
    },
    "JJ" : {
      "shove" : 1
    },
    "JTs" : {
      "call" : 1
    },
    "K6s" : {
      "call" : 1
    },
    "K8s" : {
      "call" : 0.14999999999999999,
      "fold" : 0.84999999999999998
    },
    "K9s" : {
      "call" : 1
    },
    "KJs" : {
      "call" : 1
    },
    "KK" : {
      "shove" : 1
    },
    "KQo" : {
      "call" : 1
    },
    "KQs" : {
      "call" : 0.37,
      "shove" : 0.63
    },
    "KTs" : {
      "call" : 1
    },
    "Q9s" : {
      "call" : 1
    },
    "QJs" : {
      "call" : 1
    },
    "QQ" : {
      "shove" : 1
    },
    "QTs" : {
      "call" : 1
    },
    "T8s" : {
      "call" : 0.37,
      "fold" : 0.63
    },
    "T9s" : {
      "call" : 1
    },
    "TT" : {
      "shove" : 1
    }
  },
  "id" : "mtt_8max_30bb_utg1_vs3bet_vs_btn",
  "source" : {
    "description" : "RangeConverter free PDF — 8-max 30bb 1bb ante (12.5%).",
    "publisher" : {
      "accessedDate" : "2026-06-01",
      "name" : "RangeConverter",
      "product" : "Free Poker Charts — 8 max 1bb ante MTT GTO Ranges",
      "treeParams" : "poker.academy CE-Symmetric Regular @ 30bb (GTO ChipEV, 1bb ante)",
      "url" : "https:\/\/rangeconverter.com\/free-poker-charts"
    },
    "solver" : {
      "assumptions" : "Frequencies rounded to nearest 25% per source. ChipEV (non-ICM). 1bb (12.5%) big-blind ante."
    },
    "type" : "published"
  },
  "spot" : {
    "anteType" : "bigBlindAnte",
    "facingAction" : "vs3Bet",
    "opponentPosition" : "BTN",
    "position" : "UTG1",
    "stackDepthBB" : 30
  }
}