{
  "format" : "NLHE_MTT_9MAX",
  "hands" : {
    "22" : {
      "call" : 0.1099,
      "fold" : 0.8901
    },
    "33" : {
      "call" : 0.1149,
      "fold" : 0.8851
    },
    "44" : {
      "call" : 0.215,
      "fold" : 0.78500000000000003
    },
    "55" : {
      "call" : 0.30499999999999999,
      "fold" : 0.69499999999999995
    },
    "66" : {
      "call" : 0.55989999999999995,
      "fold" : 0.44009999999999999
    },
    "77" : {
      "call" : 0.86519999999999997,
      "raise25x" : 0.1348
    },
    "88" : {
      "call" : 0.70499999999999996,
      "raise25x" : 0.29499999999999998
    },
    "99" : {
      "call" : 0.74009999999999998,
      "raise25x" : 0.25990000000000002
    },
    "A5s" : {
      "call" : 0.43009999999999998,
      "fold" : 0.50509999999999999,
      "raise25x" : 0.064799999999999996
    },
    "A8s" : {
      "fold" : 0.70999999999999996,
      "raise25x" : 0.28999999999999998
    },
    "A9s" : {
      "call" : 0.43009999999999998,
      "raise25x" : 0.56989999999999996
    },
    "AA" : {
      "call" : 0.18490000000000001,
      "raise25x" : 0.81510000000000005
    },
    "AJo" : {
      "call" : 0.1149,
      "fold" : 0.33500000000000002,
      "raise25x" : 0.55010000000000003
    },
    "AJs" : {
      "call" : 1
    },
    "AKo" : {
      "call" : 0.1799,
      "raise25x" : 0.82010000000000005
    },
    "AKs" : {
      "raise25x" : 1
    },
    "AQo" : {
      "call" : 0.41489999999999999,
      "raise25x" : 0.58509999999999995
    },
    "AQs" : {
      "call" : 1
    },
    "ATo" : {
      "fold" : 0.82509999999999994,
      "raise25x" : 0.1749
    },
    "ATs" : {
      "call" : 1
    },
    "JJ" : {
      "call" : 0.089999999999999997,
      "raise25x" : 0.91000000000000003
    },
    "JTs" : {
      "call" : 0.54500000000000004,
      "raise25x" : 0.45500000000000002
    },
    "K9s" : {
      "fold" : 0.81510000000000005,
      "raise25x" : 0.18490000000000001
    },
    "KJs" : {
      "call" : 0.63990000000000002,
      "raise25x" : 0.36009999999999998
    },
    "KK" : {
      "raise25x" : 1
    },
    "KQo" : {
      "call" : 0.26629999999999998,
      "fold" : 0.32669999999999999,
      "raise25x" : 0.40699999999999997
    },
    "KQs" : {
      "call" : 1
    },
    "KTs" : {
      "call" : 0.19489999999999999,
      "raise25x" : 0.80510000000000004
    },
    "QJs" : {
      "call" : 0.55500000000000005,
      "raise25x" : 0.44500000000000001
    },
    "QQ" : {
      "call" : 0.0349,
      "raise25x" : 0.96509999999999996
    },
    "QTs" : {
      "call" : 1
    },
    "T9s" : {
      "call" : 0.42499999999999999,
      "fold" : 0.40999999999999998,
      "raise25x" : 0.16500000000000001
    },
    "TT" : {
      "call" : 0.4849,
      "raise25x" : 0.5151
    }
  },
  "id" : "mtt_9max_30bb_hj_vsopen_vs_utg1",
  "source" : {
    "description" : "Adapted from RangeConverter 8-max baseline.",
    "publisher" : {
      "accessedDate" : "2026-06-01",
      "name" : "RangeConverter",
      "product" : "Free Poker Charts — 8 max 1bb ante MTT GTO Ranges",
      "treeParams" : "2.5x open, 3.5x 3bet IP, 4.5x 3bet OOP, 2.3x 4bet IP, 2.75x 4bet OOP, SB vs BB 3.2bb",
      "url" : "https:\/\/rangeconverter.com\/free-poker-charts"
    },
    "solver" : {
      "assumptions" : "Frequencies rounded to nearest 25% per source. ChipEV (non-ICM). 1bb (12.5%) big-blind ante. Copied verbatim from 8-max HJ (same effective seat in 9-max)."
    },
    "type" : "published"
  },
  "spot" : {
    "anteType" : "bigBlindAnte",
    "facingAction" : "vsOpen",
    "opponentPosition" : "UTG1",
    "position" : "HJ",
    "stackDepthBB" : 30
  }
}