{
  "format" : "NLHE_MTT_9MAX",
  "hands" : {
    "22" : {
      "fold" : 0.99670000000000003,
      "raise25x" : 0.0026000000000000003
    },
    "32o" : {
      "fold" : 1
    },
    "32s" : {
      "fold" : 0.999
    },
    "33" : {
      "call" : 0.0339,
      "fold" : 0.96609999999999996
    },
    "42o" : {
      "fold" : 1
    },
    "42s" : {
      "fold" : 1
    },
    "43o" : {
      "fold" : 1
    },
    "43s" : {
      "fold" : 0.99839999999999995,
      "raise25x" : 0.0013000000000000002
    },
    "44" : {
      "call" : 0.069500000000000034,
      "fold" : 0.92989999999999995
    },
    "52o" : {
      "fold" : 1
    },
    "52s" : {
      "fold" : 1
    },
    "53o" : {
      "fold" : 1
    },
    "53s" : {
      "call" : 0.0061999999999999998,
      "fold" : 0.99380000000000002
    },
    "54o" : {
      "fold" : 1
    },
    "54s" : {
      "fold" : 0.99990000000000001
    },
    "55" : {
      "call" : 0.1004,
      "fold" : 0.79659999999999997,
      "raise25x" : 0.1031
    },
    "62o" : {
      "fold" : 1
    },
    "62s" : {
      "fold" : 1
    },
    "63o" : {
      "fold" : 1
    },
    "63s" : {
      "fold" : 0.99929999999999997
    },
    "64o" : {
      "fold" : 1
    },
    "64s" : {
      "call" : 0.0124,
      "fold" : 0.98760000000000003
    },
    "65o" : {
      "fold" : 1
    },
    "65s" : {
      "call" : 0.0071999999999999998,
      "fold" : 0.98660000000000003,
      "raise25x" : 0.0063
    },
    "66" : {
      "call" : 0.19320000000000001,
      "fold" : 0.80120000000000002,
      "raise25x" : 0.0055000000000000005
    },
    "72o" : {
      "fold" : 1
    },
    "72s" : {
      "call" : 0.0014,
      "fold" : 0.99860000000000004
    },
    "73o" : {
      "fold" : 1
    },
    "73s" : {
      "fold" : 0.99919999999999998
    },
    "74o" : {
      "fold" : 1
    },
    "74s" : {
      "fold" : 0.99990000000000001
    },
    "75o" : {
      "fold" : 1
    },
    "75s" : {
      "call" : 0.0042000000000000006,
      "fold" : 0.99580000000000002
    },
    "76o" : {
      "fold" : 1
    },
    "76s" : {
      "call" : 0.0141,
      "fold" : 0.98550000000000004
    },
    "77" : {
      "call" : 0.4511,
      "fold" : 0.51870000000000005,
      "raise25x" : 0.030199999999999998
    },
    "82o" : {
      "fold" : 1
    },
    "82s" : {
      "fold" : 0.99990000000000001
    },
    "83o" : {
      "fold" : 1
    },
    "83s" : {
      "fold" : 0.99939999999999996
    },
    "84o" : {
      "fold" : 1
    },
    "84s" : {
      "call" : 0.0016999999999999997,
      "fold" : 0.99750000000000005
    },
    "85o" : {
      "fold" : 1
    },
    "85s" : {
      "fold" : 0.999
    },
    "86o" : {
      "fold" : 0.99990000000000001
    },
    "86s" : {
      "fold" : 0.99960000000000004
    },
    "87o" : {
      "fold" : 0.99970000000000003
    },
    "87s" : {
      "call" : 0.0134,
      "fold" : 0.98609999999999998
    },
    "88" : {
      "call" : 0.97709999999999997,
      "fold" : 0.017899999999999999,
      "raise25x" : 0.0048999999999999998
    },
    "92o" : {
      "fold" : 0.99990000000000001
    },
    "92s" : {
      "call" : 0.0054000000000000003,
      "fold" : 0.99450000000000005
    },
    "93o" : {
      "fold" : 1
    },
    "93s" : {
      "fold" : 1
    },
    "94o" : {
      "fold" : 1
    },
    "94s" : {
      "fold" : 0.99990000000000001
    },
    "95o" : {
      "fold" : 1
    },
    "95s" : {
      "call" : 0.0027000000000000001,
      "fold" : 0.99680000000000002
    },
    "96o" : {
      "fold" : 1
    },
    "96s" : {
      "fold" : 0.99990000000000001
    },
    "97o" : {
      "fold" : 0.99990000000000001
    },
    "97s" : {
      "fold" : 0.99929999999999997
    },
    "98o" : {
      "fold" : 0.99960000000000004
    },
    "98s" : {
      "call" : 0.034200000000000001,
      "fold" : 0.96309999999999996,
      "raise25x" : 0.0027000000000000001
    },
    "99" : {
      "call" : 0.64839999999999998,
      "raise25x" : 0.35160000000000002
    },
    "A2o" : {
      "call" : 0.0184,
      "fold" : 0.98150000000000004
    },
    "A2s" : {
      "call" : 0.0038,
      "fold" : 0.9889,
      "raise25x" : 0.0072999999999999992
    },
    "A3o" : {
      "call" : 0.0019,
      "fold" : 0.99739999999999995
    },
    "A3s" : {
      "call" : 0.071499999999999966,
      "fold" : 0.92849999999999999
    },
    "A4o" : {
      "fold" : 0.99980000000000002
    },
    "A4s" : {
      "call" : 0.078099999999999989,
      "fold" : 0.8982,
      "raise25x" : 0.023600000000000003
    },
    "A5o" : {
      "call" : 0.0024000000000000002,
      "fold" : 0.99729999999999996
    },
    "A5s" : {
      "call" : 0.090499999999999997,
      "fold" : 0.90849999999999997
    },
    "A6o" : {
      "call" : 0.0099000000000000008,
      "fold" : 0.98799999999999999,
      "raise25x" : 0.0021000000000000003
    },
    "A6s" : {
      "call" : 0.028899999999999999,
      "fold" : 0.97099999999999997
    },
    "A7o" : {
      "call" : 0.0038999999999999998,
      "fold" : 0.99609999999999999
    },
    "A7s" : {
      "call" : 0.0424,
      "fold" : 0.95050000000000001,
      "raise25x" : 0.0070999999999999995
    },
    "A8o" : {
      "call" : 0.0052000000000000006,
      "fold" : 0.99229999999999996,
      "raise25x" : 0.0025000000000000001
    },
    "A8s" : {
      "call" : 0.036299999999999999,
      "fold" : 0.88180000000000003,
      "raise25x" : 0.081900000000000014
    },
    "A9o" : {
      "call" : 0.0070999999999999995,
      "fold" : 0.99250000000000005
    },
    "A9s" : {
      "call" : 0.0246,
      "fold" : 0.85299999999999998,
      "raise25x" : 0.12239999999999999
    },
    "AA" : {
      "call" : 0.12770000000000001,
      "raise25x" : 0.87229999999999996
    },
    "AJo" : {
      "call" : 0.084499999999999992,
      "fold" : 0.90720000000000001,
      "raise25x" : 0.0083000000000000001
    },
    "AJs" : {
      "call" : 0.096599999999999991,
      "fold" : 0.0106,
      "raise25x" : 0.89280000000000004
    },
    "AKo" : {
      "call" : 0.72929999999999995,
      "raise25x" : 0.2707
    },
    "AKs" : {
      "call" : 0.99099999999999999,
      "raise25x" : 0.0088000000000000005
    },
    "AQo" : {
      "call" : 0.30759999999999998,
      "fold" : 0.1024,
      "raise25x" : 0.58999999999999997
    },
    "AQs" : {
      "call" : 0.99950000000000006
    },
    "ATo" : {
      "call" : 0.51539999999999997,
      "fold" : 0.4834,
      "raise25x" : 0.0012000000000000001
    },
    "ATs" : {
      "call" : 0.73899999999999999,
      "fold" : 0.26090000000000002
    },
    "J2o" : {
      "fold" : 0.99990000000000001
    },
    "J2s" : {
      "call" : 0.0027000000000000001,
      "fold" : 0.99690000000000001
    },
    "J3o" : {
      "fold" : 0.99990000000000001
    },
    "J3s" : {
      "call" : 0.0030000000000000001,
      "fold" : 0.99519999999999997,
      "raise25x" : 0.0018
    },
    "J4o" : {
      "fold" : 1
    },
    "J4s" : {
      "fold" : 0.99970000000000003
    },
    "J5o" : {
      "fold" : 0.99980000000000002
    },
    "J5s" : {
      "fold" : 0.99929999999999997
    },
    "J6o" : {
      "fold" : 0.99990000000000001
    },
    "J6s" : {
      "call" : 0.0048000000000000004,
      "fold" : 0.99390000000000001,
      "raise25x" : 0.0013000000000000002
    },
    "J7o" : {
      "fold" : 0.99990000000000001
    },
    "J7s" : {
      "call" : 0.0018,
      "fold" : 0.99790000000000001
    },
    "J8o" : {
      "call" : 0.0030000000000000001,
      "fold" : 0.99680000000000002
    },
    "J8s" : {
      "call" : 0.0013000000000000002,
      "fold" : 0.9859,
      "raise25x" : 0.0129
    },
    "J9o" : {
      "call" : 0.0019,
      "fold" : 0.99809999999999999
    },
    "J9s" : {
      "call" : 0.0097999999999999997,
      "fold" : 0.98999999999999999
    },
    "JJ" : {
      "call" : 0.98550000000000004,
      "raise25x" : 0.014499999999999999
    },
    "JTo" : {
      "fold" : 0.99829999999999997
    },
    "JTs" : {
      "call" : 0.0097000000000000003,