{
  "format" : "NLHE_MTT_8MAX",
  "hands" : {
    "22" : {
      "fold" : 0.99990000000000001
    },
    "32o" : {
      "fold" : 1
    },
    "32s" : {
      "fold" : 1
    },
    "33" : {
      "fold" : 1
    },
    "42o" : {
      "fold" : 1
    },
    "42s" : {
      "fold" : 1
    },
    "43o" : {
      "fold" : 1
    },
    "43s" : {
      "fold" : 1
    },
    "44" : {
      "fold" : 0.99870000000000003,
      "shove" : 0.0011999999999999999
    },
    "52o" : {
      "fold" : 1
    },
    "52s" : {
      "fold" : 1
    },
    "53o" : {
      "fold" : 1
    },
    "53s" : {
      "fold" : 1
    },
    "54o" : {
      "fold" : 1
    },
    "54s" : {
      "fold" : 0.99990000000000001
    },
    "55" : {
      "fold" : 0.99539999999999995,
      "shove" : 0.0045999999999999999
    },
    "62o" : {
      "fold" : 1
    },
    "62s" : {
      "fold" : 1
    },
    "63o" : {
      "fold" : 1
    },
    "63s" : {
      "fold" : 1
    },
    "64o" : {
      "fold" : 1
    },
    "64s" : {
      "fold" : 1
    },
    "65o" : {
      "fold" : 1
    },
    "65s" : {
      "fold" : 1
    },
    "66" : {
      "fold" : 0.85499999999999998,
      "raise25x" : 0.1295,
      "shove" : 0.0155
    },
    "72o" : {
      "fold" : 1
    },
    "72s" : {
      "fold" : 1
    },
    "73o" : {
      "fold" : 1
    },
    "73s" : {
      "fold" : 1
    },
    "74o" : {
      "fold" : 1
    },
    "74s" : {
      "fold" : 0.99990000000000001
    },
    "75o" : {
      "fold" : 1
    },
    "75s" : {
      "fold" : 1
    },
    "76o" : {
      "fold" : 1
    },
    "76s" : {
      "fold" : 0.99970000000000003
    },
    "77" : {
      "raise25x" : 0.88090000000000002,
      "shove" : 0.1191
    },
    "82o" : {
      "fold" : 1
    },
    "82s" : {
      "fold" : 1
    },
    "83o" : {
      "fold" : 1
    },
    "83s" : {
      "fold" : 1
    },
    "84o" : {
      "fold" : 1
    },
    "84s" : {
      "fold" : 1
    },
    "85o" : {
      "fold" : 1
    },
    "85s" : {
      "fold" : 0.99990000000000001
    },
    "86o" : {
      "fold" : 1
    },
    "86s" : {
      "fold" : 1
    },
    "87o" : {
      "fold" : 1
    },
    "87s" : {
      "fold" : 1
    },
    "88" : {
      "raise25x" : 0.93600000000000005,
      "shove" : 0.064000000000000001
    },
    "92o" : {
      "fold" : 1
    },
    "92s" : {
      "fold" : 1
    },
    "93o" : {
      "fold" : 1
    },
    "93s" : {
      "fold" : 1
    },
    "94o" : {
      "fold" : 1
    },
    "94s" : {
      "fold" : 1
    },
    "95o" : {
      "fold" : 1
    },
    "95s" : {
      "fold" : 0.99990000000000001
    },
    "96o" : {
      "fold" : 1
    },
    "96s" : {
      "fold" : 1
    },
    "97o" : {
      "fold" : 1
    },
    "97s" : {
      "fold" : 0.99980000000000002
    },
    "98o" : {
      "fold" : 1
    },
    "98s" : {
      "fold" : 0.99950000000000006
    },
    "99" : {
      "raise25x" : 0.1275,
      "shove" : 0.87250000000000005
    },
    "A2o" : {
      "fold" : 0.99990000000000001
    },
    "A2s" : {
      "fold" : 0.99670000000000003,
      "raise25x" : 0.0016999999999999999,
      "shove" : 0.0016999999999999999
    },
    "A3o" : {
      "fold" : 0.99950000000000006
    },
    "A3s" : {
      "fold" : 0.999
    },
    "A4o" : {
      "fold" : 0.99990000000000001
    },
    "A4s" : {
      "fold" : 0.95350000000000001,
      "raise25x" : 0.0344,
      "shove" : 0.0121
    },
    "A5o" : {
      "fold" : 1
    },
    "A5s" : {
      "fold" : 0.89129999999999998,
      "raise25x" : 0.043999999999999997,
      "shove" : 0.064699999999999994
    },
    "A6o" : {
      "fold" : 0.99960000000000004
    },
    "A6s" : {
      "fold" : 0.98729999999999996,
      "raise25x" : 0.0076,
      "shove" : 0.0051000000000000004
    },
    "A7o" : {
      "fold" : 0.99719999999999998,
      "raise25x" : 0.0025999999999999999
    },
    "A7s" : {
      "fold" : 0.35249999999999998,
      "raise25x" : 0.6331,
      "shove" : 0.014500000000000001
    },
    "A8o" : {
      "fold" : 0.99909999999999999
    },
    "A8s" : {
      "fold" : 0.11940000000000001,
      "raise25x" : 0.86990000000000001,
      "shove" : 0.010699999999999999
    },
    "A9o" : {
      "fold" : 0.98880000000000001,
      "raise25x" : 0.0101
    },
    "A9s" : {
      "raise25x" : 0.9284,
      "shove" : 0.071599999999999997
    },
    "AA" : {
      "raise25x" : 0.99929999999999997
    },
    "AJo" : {
      "raise25x" : 0.99960000000000004
    },
    "AJs" : {
      "raise25x" : 0.95169999999999999,
      "shove" : 0.048300000000000003
    },
    "AKo" : {
      "raise25x" : 0.25009999999999999,
      "shove" : 0.74990000000000001
    },
    "AKs" : {
      "raise25x" : 0.36449999999999999,
      "shove" : 0.63549999999999995
    },
    "AQo" : {
      "raise25x" : 0.90110000000000001,
      "shove" : 0.098900000000000002
    },
    "AQs" : {
      "raise25x" : 0.015699999999999999,
      "shove" : 0.98429999999999995
    },
    "ATo" : {
      "raise25x" : 0.99450000000000005,
      "shove" : 0.0054999999999999997
    },
    "ATs" : {
      "raise25x" : 0.68930000000000002,
      "shove" : 0.31069999999999998
    },
    "J2o" : {
      "fold" : 1
    },
    "J2s" : {
      "fold" : 0.99980000000000002
    },
    "J3o" : {
      "fold" : 1
    },
    "J3s" : {
      "fold" : 0.99990000000000001
    },
    "J4o" : {
      "fold" : 1
    },
    "J4s" : {
      "fold" : 1
    },
    "J5o" : {
      "fold" : 1
    },
    "J5s" : {
      "fold" : 1
    },
    "J6o" : {
      "fold" : 1
    },
    "J6s" : {
      "fold" : 0.99990000000000001
    },
    "J7o" : {
      "fold" : 1
    },
    "J7s" : {
      "fold" : 0.99990000000000001
    },
    "J8o" : {
      "fold" : 1
    },
    "J8s" : {
      "fold" : 0.99939999999999996
    },
    "J9o" : {
      "fold" : 0.99980000000000002
    },
    "J9s" : {
      "fold" : 0.99750000000000005,
      "raise25x" : 0.0016999999999999999
    },
    "JJ" : {
      "raise25x" : 0.67300000000000004,
      "shove" : 0.32700000000000001
    },
    "JTo" : {
      "fold" : 0.99770000000000003,
      "raise25x" : 0.0019
    },
    "JTs" : {
      "fold" : 0.65839999999999999,
      "raise25x" : 0.12429999999999999,
      "shove" : 0.21729999999999999
    },
    "K2o" : {
      "fold" : 1
    },
    "K2s" : {
      "fold" : 0.99919999999999998
    },
    "K3o" : {
      "fold" : 1
    },
    "K3s" : {
      "fold" : 0.99950000000000006
    },
    "K4o" : {
      "fold" : 1
    },
    "K4s" : {
      "fold" : 0.99919999999999998
    },
    "K5o" : {
      "fold" : 1
    },
    "K5s" : {
      "fold" : 0.99990000000000001
    },
    "K6o" : {
      "fold" : 1
    },
    "K6s" : {
      "fold" : 0.998
    },
    "K7o" : {
      "fold" : 1
    },
    "K7s" : {
      "fold" : 0.99439999999999995,
      "raise25x" : 0.0045999999999999999
    },
    "K8o" : {
      "fold" : 0.99980000000000002
    },
    "K8s" : {
      "fold" : 0.99690000000000001,
      "raise25x" : 0.0027000000000000001
    },
    "K9o" : {
      "fold" : 0.99880000000000002
    },
    "K9s" : {
      "fold" : 0.878,
      "raise25x" : 0.095299999999999996,
      "shove" : 0.026700000000000002
    },
    "KJo" : {
      "fold" : 0.0458,
      "raise25x" : 0.9536
    },
    "KJs" : {
      "raise25x" : 0.4622,
      "shove" : 0.53779999999999994
    },
    "KK" : {
      "raise25x" : 0.99919999999999998
    },
    "KQo" : {
      "raise25x" : 0.99990000000000001
    },
    "KQs" : {
      "raise25x" : 0.0025000000000000001,
      "shove" : 0.99750000000000005
    },
    "KTo" : {
      "fold" : 0.99360000000000004,
      "raise25x" : 0.0063
    },
    "KTs" : {
      "fold" : 0.1905,
      "raise25x" : 0.6623,
      "shove" : 0.1472
    },
    "Q2o" : {
      "fold" : 1
    },
    "Q2s" : {
      "fold" : 0.99990000000000001
    },
    "Q3o" : {
      "fold" : 1
    },
    "Q3s" : {
      "fold" : 1
    },
    "Q4o" : {
      "fold" : 1
    },
    "Q4s" : {
      "fold" : 0.99990000000000001
    },
    "Q5o" : {
      "fold" : 1
    },