{
  "format" : "NLHE_MTT_9MAX",
  "hands" : {
    "22" : {
      "call" : 1
    },
    "33" : {
      "call" : 1
    },
    "44" : {
      "call" : 1
    },
    "54s" : {
      "call" : 1
    },
    "55" : {
      "call" : 0.99490000000000001,
      "fold" : 0.0051000000000000004
    },
    "65s" : {
      "call" : 1
    },
    "66" : {
      "call" : 0.95009999999999994,
      "fold" : 0.0499
    },
    "76s" : {
      "call" : 0.89470000000000005,
      "raise25x" : 0.1053
    },
    "77" : {
      "call" : 0.72009999999999996,
      "fold" : 0.27989999999999998
    },
    "87s" : {
      "call" : 1
    },
    "88" : {
      "call" : 0.85019999999999996,
      "fold" : 0.069800000000000001,
      "raise25x" : 0.080000000000000002
    },
    "98s" : {
      "call" : 1
    },
    "99" : {
      "call" : 0.95009999999999994,
      "raise25x" : 0.0499
    },
    "A3s" : {
      "call" : 0.32450000000000001,
      "fold" : 0.55079999999999996,
      "raise25x" : 0.12470000000000001
    },
    "A4s" : {
      "call" : 0.75009999999999999,
      "raise25x" : 0.24990000000000001
    },
    "A5s" : {
      "call" : 0.68500000000000005,
      "raise25x" : 0.315
    },
    "A6s" : {
      "call" : 0.1249,
      "fold" : 0.86509999999999998,
      "raise25x" : 0.01
    },
    "A7s" : {
      "fold" : 0.92500000000000004,
      "raise25x" : 0.074999999999999997
    },
    "A8s" : {
      "call" : 0.17000000000000001,
      "fold" : 0.755,
      "raise25x" : 0.074999999999999997
    },
    "A9s" : {
      "call" : 1
    },
    "AA" : {
      "raise25x" : 1
    },
    "AJs" : {
      "call" : 0.94020000000000004,
      "raise25x" : 0.059799999999999999
    },
    "AKo" : {
      "call" : 0.29499999999999998,
      "raise25x" : 0.14499999999999999,
      "shove" : 0.56000000000000005
    },
    "AKs" : {
      "raise25x" : 1
    },
    "AQo" : {
      "call" : 0.55230000000000001,
      "fold" : 0.069400000000000003,
      "raise25x" : 0.37830000000000003
    },
    "AQs" : {
      "call" : 1
    },
    "ATs" : {
      "call" : 0.59009999999999996,
      "raise25x" : 0.40989999999999999
    },
    "JJ" : {
      "call" : 0.625,
      "raise25x" : 0.375
    },
    "JTs" : {
      "call" : 1
    },
    "K9s" : {
      "fold" : 0.85499999999999998,
      "raise25x" : 0.14499999999999999
    },
    "KJs" : {
      "call" : 0.52000000000000002,
      "raise25x" : 0.47999999999999998
    },
    "KK" : {
      "raise25x" : 0.5151,
      "shove" : 0.4849
    },
    "KQs" : {
      "call" : 0.85499999999999998,
      "raise25x" : 0.14499999999999999
    },
    "KTs" : {
      "call" : 0.80510000000000004,
      "raise25x" : 0.19489999999999999
    },
    "QJs" : {
      "call" : 0.8901,
      "fold" : 0.1099
    },
    "QQ" : {
      "call" : 0.55989999999999995,
      "raise25x" : 0.44009999999999999
    },
    "QTs" : {
      "call" : 0.90500000000000003,
      "fold" : 0.095000000000000001
    },
    "T8s" : {
      "call" : 0.38479999999999998,
      "fold" : 0.61519999999999997
    },
    "T9s" : {
      "call" : 1
    },
    "TT" : {
      "call" : 0.8901,
      "raise25x" : 0.1099
    }
  },
  "id" : "mtt_9max_80bb_utg1_vs3bet_vs_co",
  "source" : {
    "description" : "Adapted from RangeConverter 8-max baseline.",
    "publisher" : {
      "accessedDate" : "2026-06-01",
      "name" : "RangeConverter",
      "product" : "Free Poker Charts — 8 max 1bb ante MTT GTO Ranges",
      "treeParams" : "2.5x open, 3.5x 3bet IP, 4.5x 3bet OOP, 2.3x 4bet IP, 2.75x 4bet OOP, SB vs BB 3.2bb",
      "url" : "https:\/\/rangeconverter.com\/free-poker-charts"
    },
    "solver" : {
      "assumptions" : "Frequencies rounded to nearest 25% per source. ChipEV (non-ICM). 1bb (12.5%) big-blind ante. Adapted from 8-max UTG (9-max UTG+1 plays the same role as 8-max UTG)."
    },
    "type" : "published"
  },
  "spot" : {
    "anteType" : "bigBlindAnte",
    "facingAction" : "vs3Bet",
    "opponentPosition" : "CO",
    "position" : "UTG1",
    "stackDepthBB" : 80
  }
}