{
  "format" : "NLHE_MTT_9MAX",
  "hands" : {
    "55" : {
      "call" : 1
    },
    "66" : {
      "call" : 0.85040000000000004,
      "shove" : 0.14960000000000001
    },
    "77" : {
      "call" : 0.37,
      "fold" : 0.40500000000000003,
      "shove" : 0.22500000000000001
    },
    "88" : {
      "call" : 0.54000000000000004,
      "fold" : 0.46000000000000002
    },
    "99" : {
      "call" : 1
    },
    "A4s" : {
      "call" : 0.31,
      "shove" : 0.68999999999999995
    },
    "A5s" : {
      "call" : 0.039899999999999998,
      "shove" : 0.96009999999999995
    },
    "AA" : {
      "call" : 0.33989999999999998,
      "shove" : 0.66010000000000002
    },
    "AJs" : {
      "call" : 0.78500000000000003,
      "shove" : 0.215
    },
    "AKo" : {
      "shove" : 1
    },
    "AKs" : {
      "shove" : 1
    },
    "AQo" : {
      "call" : 0.67010000000000003,
      "fold" : 0.32990000000000003
    },
    "AQs" : {
      "call" : 1
    },
    "ATs" : {
      "call" : 0.68999999999999995,
      "shove" : 0.31
    },
    "JJ" : {
      "shove" : 1
    },
    "JTs" : {
      "call" : 0.39500000000000002,
      "fold" : 0.60499999999999998
    },
    "KJs" : {
      "call" : 1
    },
    "KK" : {
      "shove" : 1
    },
    "KQs" : {
      "call" : 0.97009999999999996,
      "shove" : 0.029899999999999999
    },
    "KTs" : {
      "call" : 1
    },
    "QJs" : {
      "call" : 0.1799,
      "fold" : 0.82010000000000005
    },
    "QQ" : {
      "shove" : 1
    },
    "QTs" : {
      "call" : 0.38,
      "fold" : 0.62
    },
    "T8s" : {
      "call" : 0.28520000000000001,
      "fold" : 0.71479999999999999
    },
    "T9s" : {
      "call" : 0.63490000000000002,
      "fold" : 0.36509999999999998
    },
    "TT" : {
      "call" : 0.38,
      "shove" : 0.62
    }
  },
  "id" : "mtt_9max_35bb_utg_vs3bet_vs_lj",
  "source" : {
    "description" : "Adapted from RangeConverter 8-max baseline.",
    "publisher" : {
      "accessedDate" : "2026-06-01",
      "name" : "RangeConverter",
      "product" : "Free Poker Charts — 8 max 1bb ante MTT GTO Ranges",
      "treeParams" : "2.5x open, 3.5x 3bet IP, 4.5x 3bet OOP, 2.3x 4bet IP, 2.75x 4bet OOP, SB vs BB 3.2bb",
      "url" : "https:\/\/rangeconverter.com\/free-poker-charts"
    },
    "solver" : {
      "assumptions" : "Frequencies rounded to nearest 25% per source. ChipEV (non-ICM). 1bb (12.5%) big-blind ante. Adapted from 8-max UTG; weakest combos (54s, 65s, 76s, 87s, 98s, A2s, A3s, JTo, K7s, K8s, T9o) demoted to fold to reach the 9-max UTG VPIP band."
    },
    "type" : "published"
  },
  "spot" : {
    "anteType" : "bigBlindAnte",
    "facingAction" : "vs3Bet",
    "opponentPosition" : "LJ",
    "position" : "UTG",
    "stackDepthBB" : 35
  }
}