{
  "format" : "NLHE_MTT_8MAX",
  "hands" : {
    "55" : {
      "call" : 0.014999999999999999,
      "fold" : 0.98499999999999999
    },
    "66" : {
      "call" : 0.17000000000000001,
      "fold" : 0.82999999999999996
    },
    "77" : {
      "call" : 0.2863,
      "fold" : 0.7137
    },
    "88" : {
      "call" : 0.4249,
      "raise3x" : 0.57509999999999994
    },
    "99" : {
      "call" : 0.33989999999999998,
      "raise3x" : 0.43509999999999999,
      "shove" : 0.22500000000000001
    },
    "A5s" : {
      "call" : 0.095000000000000001,
      "fold" : 0.90500000000000003
    },
    "A8s" : {
      "call" : 0.1149,
      "fold" : 0.39510000000000001,
      "raise3x" : 0.48999999999999999
    },
    "A9s" : {
      "call" : 0.069800000000000001,
      "raise3x" : 0.93020000000000003
    },
    "AA" : {
      "call" : 0.1099,
      "raise3x" : 0.8901
    },
    "AJo" : {
      "call" : 0.1149,
      "raise3x" : 0.8851
    },
    "AJs" : {
      "call" : 1
    },
    "AKo" : {
      "raise3x" : 0.32990000000000003,
      "shove" : 0.67010000000000003
    },
    "AKs" : {
      "raise3x" : 1
    },
    "AQo" : {
      "call" : 0.32840000000000003,
      "raise3x" : 0.39300000000000002,
      "shove" : 0.27860000000000001
    },
    "AQs" : {
      "call" : 0.1749,
      "raise3x" : 0.82509999999999994
    },
    "ATs" : {
      "call" : 0.52500000000000002,
      "raise3x" : 0.47499999999999998
    },
    "JJ" : {
      "call" : 0.18990000000000001,
      "raise3x" : 0.75519999999999998,
      "shove" : 0.054899999999999997
    },
    "JTs" : {
      "call" : 0.2261,
      "fold" : 0.76890000000000003,
      "raise3x" : 0.0050000000000000001
    },
    "KJs" : {
      "call" : 0.65510000000000002,
      "shove" : 0.34489999999999998
    },
    "KK" : {
      "call" : 0.069800000000000001,
      "raise3x" : 0.93020000000000003
    },
    "KQo" : {
      "call" : 0.1249,
      "fold" : 0.4501,
      "raise3x" : 0.42499999999999999
    },
    "KQs" : {
      "call" : 0.83999999999999997,
      "shove" : 0.16
    },
    "KTs" : {
      "call" : 0.1249,
      "raise3x" : 0.87509999999999999
    },
    "QJs" : {
      "call" : 0.13980000000000001,
      "shove" : 0.86019999999999996
    },
    "QQ" : {
      "call" : 0.064799999999999996,
      "raise3x" : 0.93520000000000003
    },
    "QTs" : {
      "call" : 0.41489999999999999,
      "raise3x" : 0.58509999999999995
    },
    "T9s" : {
      "call" : 0.074999999999999997,
      "fold" : 0.92500000000000004
    },
    "TT" : {
      "call" : 0.12989999999999999,
      "raise3x" : 0.18990000000000001,
      "shove" : 0.68020000000000003
    }
  },
  "id" : "mtt_8max_25bb_lj_vsopen",
  "source" : {
    "description" : "RangeConverter free PDF — 8-max 25bb 1bb ante (12.5%).",
    "publisher" : {
      "accessedDate" : "2026-06-01",
      "name" : "RangeConverter",
      "product" : "Free Poker Charts — 8 max 1bb ante MTT GTO Ranges",
      "treeParams" : "poker.academy CE-Symmetric Regular @ 25bb (GTO ChipEV, 1bb ante)",
      "url" : "https:\/\/rangeconverter.com\/free-poker-charts"
    },
    "solver" : {
      "assumptions" : "Frequencies rounded to nearest 25% per source. ChipEV (non-ICM). 1bb (12.5%) big-blind ante."
    },
    "type" : "published"
  },
  "spot" : {
    "anteType" : "bigBlindAnte",
    "facingAction" : "vsOpen",
    "position" : "LJ",
    "stackDepthBB" : 25
  }
}