{
  "format" : "NLHE_MTT_9MAX",
  "hands" : {
    "44" : {
      "call" : 0.42749999999999999,
      "fold" : 0.57250000000000001
    },
    "55" : {
      "call" : 0.59189999999999998,
      "fold" : 0.40810000000000002
    },
    "66" : {
      "call" : 0.79600000000000004,
      "fold" : 0.20399999999999999
    },
    "76s" : {
      "call" : 0.38669999999999999,
      "fold" : 0.61329999999999996
    },
    "77" : {
      "call" : 1
    },
    "87s" : {
      "call" : 0.6633,
      "fold" : 0.3367
    },
    "88" : {
      "call" : 1
    },
    "99" : {
      "call" : 1
    },
    "A3s" : {
      "call" : 0.98399999999999999,
      "shove" : 0.016
    },
    "A4s" : {
      "call" : 0.38600000000000001,
      "shove" : 0.61399999999999999
    },
    "A5s" : {
      "call" : 0.096000000000000002,
      "shove" : 0.90400000000000003
    },
    "A6s" : {
      "call" : 0.0218,
      "fold" : 0.97819999999999996
    },
    "A7s" : {
      "call" : 0.29399999999999998,
      "fold" : 0.70599999999999996
    },
    "A8s" : {
      "call" : 1
    },
    "A9s" : {
      "call" : 0.97009999999999996,
      "fold" : 0.029899999999999999
    },
    "AA" : {
      "call" : 1
    },
    "AJo" : {
      "call" : 0.37790000000000001,
      "fold" : 0.62209999999999999
    },
    "AJs" : {
      "call" : 1
    },
    "AKo" : {
      "shove" : 1
    },
    "AKs" : {
      "call" : 0.2979,
      "shove" : 0.70209999999999995
    },
    "AQo" : {
      "call" : 1
    },
    "AQs" : {
      "call" : 1
    },
    "ATs" : {
      "call" : 1
    },
    "J9s" : {
      "call" : 0.035900000000000001,
      "fold" : 0.96409999999999996
    },
    "JJ" : {
      "shove" : 1
    },
    "JTs" : {
      "call" : 1
    },
    "K6s" : {
      "call" : 0.3619,
      "fold" : 0.6381
    },
    "K9s" : {
      "call" : 0.69810000000000005,
      "fold" : 0.3019
    },
    "KJo" : {
      "call" : 0.188,
      "fold" : 0.81200000000000006
    },
    "KJs" : {
      "call" : 1
    },
    "KK" : {
      "call" : 0.82010000000000005,
      "shove" : 0.1799
    },
    "KQo" : {
      "call" : 0.53210000000000002,
      "fold" : 0.46789999999999998
    },
    "KQs" : {
      "call" : 1
    },
    "KTs" : {
      "call" : 1
    },
    "QJs" : {
      "call" : 1
    },
    "QQ" : {
      "shove" : 1
    },
    "QTs" : {
      "call" : 1
    },
    "T9s" : {
      "call" : 1
    },
    "TT" : {
      "call" : 1
    }
  },
  "id" : "mtt_9max_50bb_lj_vs3bet_vs_sb",
  "source" : {
    "description" : "Adapted from RangeConverter 8-max baseline.",
    "publisher" : {
      "accessedDate" : "2026-06-01",
      "name" : "RangeConverter",
      "product" : "Free Poker Charts — 8 max 1bb ante MTT GTO Ranges",
      "treeParams" : "2.5x open, 3.5x 3bet IP, 4.5x 3bet OOP, 2.3x 4bet IP, 2.75x 4bet OOP, SB vs BB 3.2bb",
      "url" : "https:\/\/rangeconverter.com\/free-poker-charts"
    },
    "solver" : {
      "assumptions" : "Frequencies rounded to nearest 25% per source. ChipEV (non-ICM). 1bb (12.5%) big-blind ante. Copied verbatim from 8-max LJ (same effective seat in 9-max)."
    },
    "type" : "published"
  },
  "spot" : {
    "anteType" : "bigBlindAnte",
    "facingAction" : "vs3Bet",
    "opponentPosition" : "SB",
    "position" : "LJ",
    "stackDepthBB" : 50
  }
}