{
  "format" : "NLHE_MTT_8MAX",
  "hands" : {
    "22" : {
      "call" : 1
    },
    "33" : {
      "call" : 1
    },
    "44" : {
      "call" : 1
    },
    "55" : {
      "call" : 1
    },
    "66" : {
      "call" : 1
    },
    "76s" : {
      "call" : 0.83499999999999996,
      "fold" : 0.16500000000000001
    },
    "77" : {
      "call" : 0.75009999999999999,
      "raise3x" : 0.24990000000000001
    },
    "87s" : {
      "call" : 0.92500000000000004,
      "raise3x" : 0.074999999999999997
    },
    "88" : {
      "call" : 0.70009999999999994,
      "raise3x" : 0.26500000000000001,
      "shove" : 0.0349
    },
    "98s" : {
      "call" : 0.97509999999999997,
      "raise3x" : 0.024899999999999999
    },
    "99" : {
      "call" : 0.43009999999999998,
      "raise3x" : 0.55000000000000004,
      "shove" : 0.019900000000000001
    },
    "A2s" : {
      "call" : 0.32500000000000001,
      "raise3x" : 0.67500000000000004
    },
    "A3s" : {
      "call" : 0.40989999999999999,
      "raise3x" : 0.59009999999999996
    },
    "A4s" : {
      "call" : 0.92500000000000004,
      "raise3x" : 0.074999999999999997
    },
    "A5s" : {
      "call" : 1
    },
    "A6s" : {
      "call" : 0.83499999999999996,
      "raise3x" : 0.16500000000000001
    },
    "A7s" : {
      "call" : 0.85499999999999998,
      "raise3x" : 0.14499999999999999
    },
    "A8o" : {
      "fold" : 0.77000000000000002,
      "raise3x" : 0.23000000000000001
    },
    "A8s" : {
      "call" : 1
    },
    "A9o" : {
      "call" : 0.215,
      "raise3x" : 0.78500000000000003
    },
    "A9s" : {
      "call" : 1
    },
    "AA" : {
      "call" : 0.16,
      "raise3x" : 0.83999999999999997
    },
    "AJo" : {
      "call" : 0.83999999999999997,
      "raise3x" : 0.16
    },
    "AJs" : {
      "call" : 1
    },
    "AKo" : {
      "raise3x" : 1
    },
    "AKs" : {
      "raise3x" : 1
    },
    "AQo" : {
      "call" : 0.4899,
      "raise3x" : 0.43509999999999999,
      "shove" : 0.074999999999999997
    },
    "AQs" : {
      "call" : 0.62,
      "raise3x" : 0.38
    },
    "ATo" : {
      "call" : 0.60999999999999999,
      "raise3x" : 0.39000000000000001
    },
    "ATs" : {
      "call" : 1
    },
    "J8s" : {
      "call" : 0.44500000000000001,
      "raise3x" : 0.55500000000000005
    },
    "J9s" : {
      "call" : 0.81510000000000005,
      "raise3x" : 0.18490000000000001
    },
    "JJ" : {
      "call" : 0.1749,
      "raise3x" : 0.82509999999999994
    },
    "JTo" : {
      "fold" : 0.92000000000000004,
      "raise3x" : 0.080000000000000002
    },
    "JTs" : {
      "call" : 1
    },
    "K7s" : {
      "call" : 0.53500000000000003,
      "raise3x" : 0.46500000000000002
    },
    "K8s" : {
      "call" : 0.59509999999999996,
      "raise3x" : 0.40489999999999998
    },
    "K9s" : {
      "call" : 1
    },
    "KJo" : {
      "call" : 0.68999999999999995,
      "raise3x" : 0.31
    },
    "KJs" : {
      "call" : 0.62509999999999999,
      "raise3x" : 0.2049,
      "shove" : 0.17000000000000001
    },
    "KK" : {
      "raise3x" : 1
    },
    "KQo" : {
      "call" : 0.78500000000000003,
      "raise3x" : 0.215
    },
    "KQs" : {
      "call" : 1
    },
    "KTo" : {
      "call" : 0.67010000000000003,
      "raise3x" : 0.32990000000000003
    },
    "KTs" : {
      "call" : 1
    },
    "Q8s" : {
      "call" : 0.26490000000000002,
      "raise3x" : 0.73509999999999998
    },
    "Q9s" : {
      "call" : 0.81010000000000004,
      "raise3x" : 0.18990000000000001
    },
    "QJo" : {
      "call" : 0.49490000000000001,
      "raise3x" : 0.50509999999999999
    },
    "QJs" : {
      "call" : 1
    },
    "QQ" : {
      "call" : 0.13980000000000001,
      "raise3x" : 0.86019999999999996
    },
    "QTo" : {
      "call" : 0.19089999999999999,
      "fold" : 0.62819999999999998,
      "raise3x" : 0.18090000000000001
    },
    "QTs" : {
      "call" : 1
    },
    "T8s" : {
      "call" : 0.77500000000000002,
      "raise3x" : 0.22500000000000001
    },
    "T9s" : {
      "call" : 1
    },
    "TT" : {
      "call" : 0.044900000000000002,
      "raise3x" : 0.95509999999999995
    }
  },
  "id" : "mtt_8max_35bb_btn_vsopen_vs_co",
  "source" : {
    "description" : "RangeConverter free PDF — 8-max 35bb 1bb ante (12.5%).",
    "publisher" : {
      "accessedDate" : "2026-06-01",
      "name" : "RangeConverter",
      "product" : "Free Poker Charts — 8 max 1bb ante MTT GTO Ranges",
      "treeParams" : "poker.academy CE-Symmetric Regular @ 35bb (GTO ChipEV, 1bb ante)",
      "url" : "https:\/\/rangeconverter.com\/free-poker-charts"
    },
    "solver" : {
      "assumptions" : "Frequencies rounded to nearest 25% per source. ChipEV (non-ICM). 1bb (12.5%) big-blind ante."
    },
    "type" : "published"
  },
  "spot" : {
    "anteType" : "bigBlindAnte",
    "facingAction" : "vsOpen",
    "opponentPosition" : "CO",
    "position" : "BTN",
    "stackDepthBB" : 35
  }
}