{
  "format" : "NLHE_MTT_8MAX",
  "hands" : {
    "22" : {
      "fold" : 0.99990000000000001
    },
    "32o" : {
      "fold" : 1
    },
    "32s" : {
      "fold" : 0.99950000000000006
    },
    "33" : {
      "fold" : 0.99660000000000004,
      "shove" : 0.0033
    },
    "42o" : {
      "fold" : 1
    },
    "42s" : {
      "fold" : 1
    },
    "43o" : {
      "fold" : 1
    },
    "43s" : {
      "fold" : 1
    },
    "44" : {
      "call" : 0.0356,
      "fold" : 0.94610000000000005,
      "shove" : 0.0184
    },
    "52o" : {
      "fold" : 1
    },
    "52s" : {
      "call" : 0.0011000000000000001,
      "fold" : 0.99829999999999997
    },
    "53o" : {
      "fold" : 1
    },
    "53s" : {
      "call" : 0.0067000000000000002,
      "fold" : 0.99270000000000003
    },
    "54o" : {
      "fold" : 0.99990000000000001
    },
    "54s" : {
      "call" : 0.0045999999999999999,
      "fold" : 0.99529999999999996
    },
    "55" : {
      "fold" : 0.91910000000000003,
      "shove" : 0.080799999999999997
    },
    "62o" : {
      "fold" : 1
    },
    "62s" : {
      "fold" : 0.99960000000000004
    },
    "63o" : {
      "fold" : 1
    },
    "63s" : {
      "call" : 0.0016000000000000001,
      "fold" : 0.99739999999999995
    },
    "64o" : {
      "fold" : 1
    },
    "64s" : {
      "fold" : 0.99829999999999997,
      "shove" : 0.0016000000000000001
    },
    "65o" : {
      "fold" : 0.99770000000000003,
      "shove" : 0.0023
    },
    "65s" : {
      "call" : 0.0339,
      "fold" : 0.96589999999999998
    },
    "66" : {
      "call" : 0.048300000000000003,
      "fold" : 0.94579999999999997,
      "shove" : 0.0058999999999999999
    },
    "72o" : {
      "fold" : 1
    },
    "72s" : {
      "fold" : 0.99990000000000001
    },
    "73o" : {
      "fold" : 1
    },
    "73s" : {
      "fold" : 0.99890000000000001
    },
    "74o" : {
      "fold" : 1
    },
    "74s" : {
      "fold" : 0.99139999999999995,
      "shove" : 0.0085000000000000006
    },
    "75o" : {
      "fold" : 1
    },
    "75s" : {
      "call" : 0.0395,
      "fold" : 0.95830000000000004,
      "shove" : 0.0022000000000000001
    },
    "76o" : {
      "fold" : 0.99970000000000003
    },
    "76s" : {
      "call" : 0.0061999999999999998,
      "fold" : 0.9869,
      "shove" : 0.0068999999999999999
    },
    "77" : {
      "call" : 0.033099999999999997,
      "fold" : 0.87560000000000004,
      "shove" : 0.091300000000000006
    },
    "82o" : {
      "fold" : 1
    },
    "82s" : {
      "call" : 0.0011000000000000001,
      "fold" : 0.998
    },
    "83o" : {
      "fold" : 1
    },
    "83s" : {
      "call" : 0.0019,
      "fold" : 0.99780000000000002
    },
    "84o" : {
      "fold" : 1
    },
    "84s" : {
      "call" : 0.0011999999999999999,
      "fold" : 0.99819999999999998
    },
    "85o" : {
      "fold" : 0.99980000000000002
    },
    "85s" : {
      "fold" : 0.99650000000000005,
      "shove" : 0.0025999999999999999
    },
    "86o" : {
      "fold" : 0.99990000000000001
    },
    "86s" : {
      "call" : 0.0019,
      "fold" : 0.99809999999999999
    },
    "87o" : {
      "fold" : 0.99919999999999998
    },
    "87s" : {
      "fold" : 0.99990000000000001
    },
    "88" : {
      "call" : 0.089300000000000004,
      "shove" : 0.91069999999999995
    },
    "92o" : {
      "fold" : 1
    },
    "92s" : {
      "fold" : 0.99880000000000002
    },
    "93o" : {
      "fold" : 1
    },
    "93s" : {
      "fold" : 0.99550000000000005,
      "shove" : 0.0044999999999999997
    },
    "94o" : {
      "fold" : 0.99990000000000001
    },
    "94s" : {
      "fold" : 0.99919999999999998
    },
    "95o" : {
      "fold" : 0.99970000000000003
    },
    "95s" : {
      "call" : 0.014800000000000001,
      "fold" : 0.98429999999999995
    },
    "96o" : {
      "fold" : 0.99990000000000001
    },
    "96s" : {
      "call" : 0.0012999999999999999,
      "fold" : 0.99029999999999996,
      "shove" : 0.0083999999999999995
    },
    "97o" : {
      "fold" : 0.99980000000000002
    },
    "97s" : {
      "call" : 0.0028,
      "fold" : 0.99409999999999998,
      "shove" : 0.0030999999999999999
    },
    "98o" : {
      "fold" : 0.99990000000000001
    },
    "98s" : {
      "call" : 0.023199999999999998,
      "fold" : 0.9728,
      "shove" : 0.0040000000000000001
    },
    "99" : {
      "call" : 0.88039999999999996,
      "shove" : 0.1196
    },
    "A2o" : {
      "fold" : 0.99839999999999995,
      "shove" : 0.0014
    },
    "A2s" : {
      "call" : 0.2379,
      "fold" : 0.75860000000000005,
      "shove" : 0.0035000000000000001
    },
    "A3o" : {
      "call" : 0.0016000000000000001,
      "fold" : 0.99819999999999998
    },
    "A3s" : {
      "call" : 0.037699999999999997,
      "fold" : 0.94989999999999997,
      "shove" : 0.0124
    },
    "A4o" : {
      "call" : 0.0019,
      "fold" : 0.99099999999999999,
      "shove" : 0.0071000000000000004
    },
    "A4s" : {
      "call" : 0.23649999999999999,
      "fold" : 0.73580000000000001,
      "shove" : 0.027699999999999999
    },
    "A5o" : {
      "call" : 0.0106,
      "fold" : 0.98850000000000005
    },
    "A5s" : {
      "call" : 0.18659999999999999,
      "fold" : 0.68959999999999999,
      "shove" : 0.1239
    },
    "A6o" : {
      "fold" : 0.99660000000000004,
      "shove" : 0.0030999999999999999
    },
    "A6s" : {
      "call" : 0.0309,
      "fold" : 0.96560000000000001,
      "shove" : 0.0033999999999999998
    },
    "A7o" : {
      "call" : 0.0115,
      "fold" : 0.98799999999999999
    },
    "A7s" : {
      "call" : 0.20180000000000001,
      "fold" : 0.79059999999999997,
      "shove" : 0.0076
    },
    "A8o" : {
      "call" : 0.0012999999999999999,
      "fold" : 0.99590000000000001,
      "shove" : 0.0028
    },
    "A8s" : {
      "call" : 0.017999999999999999,
      "fold" : 0.9698,
      "shove" : 0.012200000000000001
    },
    "A9o" : {
      "call" : 0.0184,
      "fold" : 0.97799999999999998,
      "shove" : 0.0035999999999999999
    },
    "A9s" : {
      "call" : 0.0057000000000000002,
      "fold" : 0.98609999999999998,
      "shove" : 0.0082000000000000007
    },
    "AA" : {
      "call" : 0.8407,
      "shove" : 0.1593
    },
    "AJo" : {
      "call" : 0.67810000000000004,
      "fold" : 0.31929999999999997,
      "shove" : 0.0025999999999999999
    },
    "AJs" : {
      "call" : 0.83909999999999996,
      "shove" : 0.16089999999999999
    },
    "AKo" : {
      "call" : 0.6532,
      "shove" : 0.3468
    },
    "AKs" : {
      "call" : 0.0028,
      "shove" : 0.997
    },
    "AQo" : {
      "call" : 0.45479999999999998,
      "shove" : 0.54510000000000003
    },
    "AQs" : {
      "call" : 0.80930000000000002,
      "shove" : 0.19070000000000001
    },
    "ATo" : {
      "call" : 0.035900000000000001,
      "fold" : 0.90239999999999998,
      "shove" : 0.061699999999999998
    },
    "ATs" : {
      "call" : 0.85450000000000004,
      "fold" : 0.0076,
      "shove" : 0.13789999999999999
    },
    "J2o" : {
      "fold" : 1
    },
    "J2s" : {
      "fold" : 0.99970000000000003
    },
    "J3o" : {
      "fold" : 1
    },
    "J3s" : {
      "call" : 0.044299999999999999,
      "fold" : 0.9506,
      "shove" : 0.0051000000000000004
    },
    "J4o" : {
      "fold" : 0.99990000000000001
    },
    "J4s" : {
      "call" : 0.0016000000000000001,
      "fold" : 0.99829999999999997
    },
    "J5o" : {
      "fold" : 0.99909999999999999
    },
    "J5s" : {
      "fold" : 0.99939999999999996
    },
    "J6o" : {
      "fold" : 0.99970000000000003
    },
    "J6s" : {
      "call" : 0.0011999999999999999,
      "fold" : 0.99850000000000005
    },
    "J7o" : {
      "fold" : 0.99970000000000003
    },
    "J7s" : {
      "call" : 0.0067999999999999996,
      "fold" : 0.99029999999999996,
      "shove" : 0.0028999999999999998
    },
    "J8o" : {
      "fold" : 0.99850000000000005,
      "shove" : 0.0015
    },