{
  "format" : "NLHE_MTT_8MAX",
  "hands" : {
    "22" : {
      "call" : 0.1578,
      "fold" : 0.84219999999999995
    },
    "33" : {
      "call" : 0.2039,
      "fold" : 0.79610000000000003
    },
    "44" : {
      "call" : 0.29160000000000003,
      "fold" : 0.70840000000000003
    },
    "53s" : {
      "fold" : 0.99980000000000002
    },
    "55" : {
      "call" : 0.064699999999999994,
      "fold" : 0.93530000000000002
    },
    "65s" : {
      "fold" : 0.99990000000000001
    },
    "66" : {
      "call" : 0.18959999999999999,
      "fold" : 0.81040000000000001
    },
    "72s" : {
      "call" : 0.0033999999999999998,
      "fold" : 0.99660000000000004
    },
    "73s" : {
      "call" : 0.0018,
      "fold" : 0.99819999999999998
    },
    "76s" : {
      "call" : 0.014500000000000001,
      "fold" : 0.98550000000000004
    },
    "77" : {
      "call" : 0.13020000000000001,
      "fold" : 0.86980000000000002
    },
    "83s" : {
      "call" : 0.0040000000000000001,
      "fold" : 0.996
    },
    "85s" : {
      "fold" : 0.99990000000000001
    },
    "86s" : {
      "call" : 0.0037000000000000002,
      "fold" : 0.99629999999999996
    },
    "87s" : {
      "call" : 0.017100000000000001,
      "fold" : 0.9829
    },
    "88" : {
      "call" : 0.073200000000000001,
      "fold" : 0.92679999999999996
    },
    "96s" : {
      "fold" : 0.99950000000000006
    },
    "97s" : {
      "call" : 0.021399999999999999,
      "fold" : 0.97860000000000003
    },
    "98s" : {
      "call" : 0.0041000000000000003,
      "fold" : 0.99590000000000001
    },
    "99" : {
      "call" : 0.6371,
      "fold" : 0.3629
    },
    "A2s" : {
      "call" : 0.068500000000000005,
      "fold" : 0.93149999999999999
    },
    "A3o" : {
      "call" : 0.029100000000000001,
      "fold" : 0.97089999999999999
    },
    "A3s" : {
      "call" : 0.29959999999999998,
      "fold" : 0.70040000000000002
    },
    "A4o" : {
      "call" : 0.043700000000000003,
      "fold" : 0.95630000000000004
    },
    "A4s" : {
      "call" : 0.060600000000000001,
      "fold" : 0.93940000000000001
    },
    "A5o" : {
      "call" : 0.055899999999999998,
      "fold" : 0.94410000000000005
    },
    "A5s" : {
      "call" : 0.28389999999999999,
      "fold" : 0.71609999999999996
    },
    "A6o" : {
      "call" : 0.033399999999999999,
      "fold" : 0.96660000000000001
    },
    "A6s" : {
      "call" : 0.002,
      "fold" : 0.998
    },
    "A7o" : {
      "call" : 0.0118,
      "fold" : 0.98819999999999997
    },
    "A7s" : {
      "call" : 0.034000000000000002,
      "fold" : 0.96599999999999997
    },
    "A8o" : {
      "fold" : 0.99929999999999997
    },
    "A8s" : {
      "call" : 0.29599999999999999,
      "fold" : 0.70399999999999996
    },
    "A9o" : {
      "call" : 0.050700000000000002,
      "fold" : 0.94930000000000003
    },
    "A9s" : {
      "call" : 0.033599999999999998,
      "fold" : 0.96640000000000004
    },
    "AA" : {
      "call" : 1
    },
    "AJo" : {
      "call" : 0.10059999999999999,
      "fold" : 0.89939999999999998
    },
    "AJs" : {
      "call" : 0.28549999999999998,
      "fold" : 0.71450000000000002
    },
    "AKo" : {
      "call" : 0.99990000000000001
    },
    "AKs" : {
      "call" : 0.99970000000000003
    },
    "AQo" : {
      "call" : 0.44290000000000002,
      "fold" : 0.55710000000000004
    },
    "AQs" : {
      "call" : 0.69999999999999996,
      "fold" : 0.29999999999999999
    },
    "ATo" : {
      "call" : 0.028799999999999999,
      "fold" : 0.97119999999999995
    },
    "ATs" : {
      "call" : 0.038699999999999998,
      "fold" : 0.96130000000000004
    },
    "J3s" : {
      "call" : 0.0041000000000000003,
      "fold" : 0.99590000000000001
    },
    "J4s" : {
      "call" : 0.039899999999999998,
      "fold" : 0.96009999999999995
    },
    "J5s" : {
      "call" : 0.017100000000000001,
      "fold" : 0.9829
    },
    "J6s" : {
      "call" : 0.014500000000000001,
      "fold" : 0.98550000000000004
    },
    "J8o" : {
      "fold" : 0.99909999999999999
    },
    "J8s" : {
      "call" : 0.0058999999999999999,
      "fold" : 0.99409999999999998
    },
    "J9o" : {
      "call" : 0.0011999999999999999,
      "fold" : 0.99880000000000002
    },
    "J9s" : {
      "call" : 0.091200000000000003,
      "fold" : 0.90880000000000005
    },
    "JJ" : {
      "call" : 0.99860000000000004,
      "fold" : 0.0014
    },
    "JTo" : {
      "fold" : 0.99909999999999999
    },
    "JTs" : {
      "call" : 0.044699999999999997,
      "fold" : 0.95530000000000004
    },
    "K2s" : {
      "call" : 0.0030999999999999999,
      "fold" : 0.99690000000000001
    },
    "K3s" : {
      "call" : 0.0206,
      "fold" : 0.97940000000000005
    },
    "K4s" : {
      "call" : 0.16569999999999999,
      "fold" : 0.83430000000000004
    },
    "K6s" : {
      "fold" : 0.99980000000000002
    },
    "K7s" : {
      "call" : 0.35420000000000001,
      "fold" : 0.64580000000000004
    },
    "K8o" : {
      "call" : 0.0027000000000000001,
      "fold" : 0.99729999999999996
    },
    "K8s" : {
      "call" : 0.0144,
      "fold" : 0.98560000000000003
    },
    "K9o" : {
      "call" : 0.0057999999999999996,
      "fold" : 0.99419999999999997
    },
    "K9s" : {
      "call" : 0.070199999999999999,
      "fold" : 0.92979999999999996
    },
    "KJo" : {
      "call" : 0.0025000000000000001,
      "fold" : 0.99750000000000005
    },
    "KJs" : {
      "call" : 0.12970000000000001,
      "fold" : 0.87029999999999996
    },
    "KK" : {
      "call" : 1
    },
    "KQo" : {
      "call" : 0.049599999999999998,
      "fold" : 0.95040000000000002
    },
    "KQs" : {
      "call" : 0.62139999999999995,
      "fold" : 0.37859999999999999
    },
    "KTo" : {
      "call" : 0.0195,
      "fold" : 0.98050000000000004
    },
    "KTs" : {
      "call" : 0.0141,
      "fold" : 0.9859
    },
    "Q3s" : {
      "call" : 0.0016999999999999999,
      "fold" : 0.99829999999999997
    },
    "Q4s" : {
      "call" : 0.0066,
      "fold" : 0.99339999999999995
    },
    "Q5s" : {
      "call" : 0.17829999999999999,
      "fold" : 0.82169999999999999
    },
    "Q6s" : {
      "fold" : 0.99929999999999997
    },
    "Q7s" : {
      "call" : 0.21959999999999999,
      "fold" : 0.78039999999999998
    },
    "Q8s" : {
      "call" : 0.1007,
      "fold" : 0.89929999999999999
    },
    "Q9s" : {
      "call" : 0.012699999999999999,
      "fold" : 0.98729999999999996
    },
    "QJo" : {
      "fold" : 1
    },
    "QJs" : {
      "call" : 0.1043,
      "fold" : 0.89570000000000005
    },
    "QQ" : {
      "call" : 0.99990000000000001
    },
    "QTo" : {
      "call" : 0.023800000000000002,
      "fold" : 0.97619999999999996
    },
    "QTs" : {
      "call" : 0.0123,
      "fold" : 0.98770000000000002
    },
    "T2s" : {
      "call" : 0.0028999999999999998,
      "fold" : 0.99709999999999999
    },
    "T5s" : {
      "call" : 0.0086,
      "fold" : 0.99139999999999995
    },
    "T7s" : {
      "call" : 0.026200000000000001,
      "fold" : 0.9738
    },
    "T8s" : {
      "call" : 0.0016000000000000001,
      "fold" : 0.99839999999999995
    },
    "T9s" : {
      "fold" : 0.99950000000000006
    },
    "TT" : {
      "call" : 0.62519999999999998,
      "fold" : 0.37480000000000002
    }
  },
  "id" : "mtt_8max_50bb_utg1_vs3betjam",
  "source" : {
    "description" : "RangeConverter free PDF — 8-max 50bb 1bb ante (12.5%).",
    "publisher" : {
      "accessedDate" : "2026-05-25",
      "name" : "RangeConverter",
      "product" : "Free Poker Charts — 8 max 1bb ante MTT GTO Ranges",
      "treeParams" : "HRC v3 Advanced ChipEV @ 50bb: open 2.2bb + 1.0bb; BU 2.2bb + 1.0bb; SB 2.8bb + 1.0bb; 3-bet IP 2.5x + 1.0x; 3-bet BB-vs-others 3.3x + 1.0x; 4-bet IP 90.0%, all-in",
      "url" : "https:\/\/rangeconverter.com\/free-poker-charts"
    },