{
  "format" : "NLHE_MTT_8MAX",
  "hands" : {
    "22" : {
      "call" : 1
    },
    "33" : {
      "call" : 0.61399999999999999,
      "shove" : 0.38600000000000001
    },
    "44" : {
      "call" : 0.94410000000000005,
      "shove" : 0.055899999999999998
    },
    "54s" : {
      "call" : 1
    },
    "55" : {
      "call" : 0.35799999999999998,
      "shove" : 0.64200000000000002
    },
    "65s" : {
      "call" : 1
    },
    "66" : {
      "call" : 1
    },
    "76s" : {
      "call" : 1
    },
    "77" : {
      "call" : 0.64410000000000001,
      "shove" : 0.35589999999999999
    },
    "86s" : {
      "call" : 1
    },
    "87s" : {
      "call" : 1
    },
    "88" : {
      "call" : 0.82999999999999996,
      "shove" : 0.17000000000000001
    },
    "97s" : {
      "call" : 1
    },
    "98s" : {
      "call" : 1
    },
    "99" : {
      "call" : 0.42199999999999999,
      "shove" : 0.57799999999999996
    },
    "A2s" : {
      "shove" : 1
    },
    "A3s" : {
      "shove" : 1
    },
    "A4s" : {
      "call" : 0.34410000000000002,
      "shove" : 0.65590000000000004
    },
    "A5s" : {
      "call" : 0.72409999999999997,
      "shove" : 0.27589999999999998
    },
    "A6s" : {
      "call" : 1
    },
    "A7s" : {
      "call" : 1
    },
    "A8s" : {
      "call" : 1
    },
    "A9o" : {
      "call" : 0.029899999999999999,
      "fold" : 0.97009999999999996
    },
    "A9s" : {
      "call" : 1
    },
    "AA" : {
      "call" : 0.88009999999999999,
      "shove" : 0.11990000000000001
    },
    "AJo" : {
      "call" : 1
    },
    "AJs" : {
      "call" : 1
    },
    "AKo" : {
      "shove" : 1
    },
    "AKs" : {
      "shove" : 1
    },
    "AQo" : {
      "call" : 0.192,
      "shove" : 0.80800000000000005
    },
    "AQs" : {
      "call" : 1
    },
    "ATo" : {
      "call" : 1
    },
    "ATs" : {
      "call" : 1
    },
    "J9s" : {
      "call" : 1
    },
    "JJ" : {
      "shove" : 1
    },
    "JTs" : {
      "call" : 1
    },
    "K4s" : {
      "call" : 1
    },
    "K5s" : {
      "call" : 1
    },
    "K6s" : {
      "call" : 1
    },
    "K7s" : {
      "call" : 1
    },
    "K8s" : {
      "call" : 1
    },
    "K9s" : {
      "call" : 1
    },
    "KJo" : {
      "call" : 0.89219999999999999,
      "shove" : 0.10780000000000001
    },
    "KJs" : {
      "shove" : 1
    },
    "KK" : {
      "shove" : 1
    },
    "KQo" : {
      "call" : 0.94410000000000005,
      "shove" : 0.055899999999999998
    },
    "KQs" : {
      "call" : 0.89800000000000002,
      "shove" : 0.10199999999999999
    },
    "KTo" : {
      "call" : 0.37609999999999999,
      "fold" : 0.62390000000000001
    },
    "KTs" : {
      "call" : 1
    },
    "Q6s" : {
      "call" : 0.91810000000000003,
      "fold" : 0.081900000000000001
    },
    "Q8s" : {
      "call" : 1
    },
    "Q9s" : {
      "call" : 1
    },
    "QJo" : {
      "call" : 0.86809999999999998,
      "fold" : 0.13189999999999999
    },
    "QJs" : {
      "shove" : 1
    },
    "QQ" : {
      "shove" : 1
    },
    "QTo" : {
      "call" : 0.0339,
      "fold" : 0.96609999999999996
    },
    "QTs" : {
      "call" : 1
    },
    "T8s" : {
      "call" : 1
    },
    "T9s" : {
      "call" : 1
    },
    "TT" : {
      "shove" : 1
    }
  },
  "id" : "mtt_8max_50bb_co_vs3bet_vs_btn",
  "source" : {
    "description" : "RangeConverter free PDF — 8-max 50bb 1bb ante (12.5%).",
    "publisher" : {
      "accessedDate" : "2026-06-01",
      "name" : "RangeConverter",
      "product" : "Free Poker Charts — 8 max 1bb ante MTT GTO Ranges",
      "treeParams" : "poker.academy CE-Symmetric Regular @ 50bb (GTO ChipEV, 1bb ante)",
      "url" : "https:\/\/rangeconverter.com\/free-poker-charts"
    },
    "solver" : {
      "assumptions" : "Frequencies rounded to nearest 25% per source. ChipEV (non-ICM). 1bb (12.5%) big-blind ante."
    },
    "type" : "published"
  },
  "spot" : {
    "anteType" : "bigBlindAnte",
    "facingAction" : "vs3Bet",
    "opponentPosition" : "BTN",
    "position" : "CO",
    "stackDepthBB" : 50
  }
}