{
  "format" : "NLHE_MTT_9MAX",
  "hands" : {
    "22" : {
      "call" : 1
    },
    "32s" : {
      "call" : 1
    },
    "33" : {
      "call" : 1
    },
    "42s" : {
      "call" : 1
    },
    "43s" : {
      "call" : 1
    },
    "44" : {
      "call" : 1
    },
    "52s" : {
      "call" : 1
    },
    "53o" : {
      "call" : 0.37609999999999999,
      "fold" : 0.62390000000000001
    },
    "53s" : {
      "call" : 1
    },
    "54o" : {
      "call" : 1
    },
    "54s" : {
      "call" : 0.4385,
      "raise25x" : 0.5615
    },
    "55" : {
      "call" : 1
    },
    "62s" : {
      "call" : 1
    },
    "63s" : {
      "call" : 1
    },
    "64s" : {
      "call" : 1
    },
    "65o" : {
      "call" : 1
    },
    "65s" : {
      "call" : 0.60129999999999995,
      "raise25x" : 0.3987
    },
    "66" : {
      "call" : 1
    },
    "73s" : {
      "call" : 1
    },
    "74s" : {
      "call" : 1
    },
    "75o" : {
      "call" : 0.027800000000000002,
      "fold" : 0.97219999999999995
    },
    "75s" : {
      "call" : 1
    },
    "76o" : {
      "call" : 1
    },
    "76s" : {
      "call" : 0.5171,
      "raise25x" : 0.4829
    },
    "77" : {
      "call" : 1
    },
    "82s" : {
      "call" : 1
    },
    "83s" : {
      "call" : 1
    },
    "84s" : {
      "call" : 1
    },
    "85s" : {
      "call" : 1
    },
    "86o" : {
      "call" : 0.67010000000000003,
      "fold" : 0.32990000000000003
    },
    "86s" : {
      "call" : 0.90820000000000001,
      "raise25x" : 0.091799999999999993
    },
    "87o" : {
      "call" : 1
    },
    "87s" : {
      "call" : 0.60640000000000005,
      "raise25x" : 0.39360000000000001
    },
    "88" : {
      "call" : 1
    },
    "92s" : {
      "call" : 1
    },
    "93s" : {
      "call" : 1
    },
    "94s" : {
      "call" : 1
    },
    "95s" : {
      "call" : 1
    },
    "96s" : {
      "call" : 1
    },
    "97o" : {
      "call" : 0.27589999999999998,
      "fold" : 0.72409999999999997
    },
    "97s" : {
      "call" : 1
    },
    "98o" : {
      "call" : 1
    },
    "98s" : {
      "call" : 0.94410000000000005,
      "raise25x" : 0.055899999999999991
    },
    "99" : {
      "call" : 1
    },
    "A2s" : {
      "call" : 1
    },
    "A3o" : {
      "call" : 0.019899999999999998,
      "fold" : 0.98009999999999997
    },
    "A3s" : {
      "call" : 0.98399999999999999,
      "raise25x" : 0.016
    },
    "A4o" : {
      "call" : 1
    },
    "A4s" : {
      "call" : 0.54210000000000003,
      "raise25x" : 0.45789999999999997
    },
    "A5o" : {
      "call" : 1
    },
    "A5s" : {
      "call" : 0.44969999999999999,
      "raise25x" : 0.55030000000000001
    },
    "A6o" : {
      "call" : 0.10780000000000001,
      "fold" : 0.89219999999999999
    },
    "A6s" : {
      "call" : 1
    },
    "A7o" : {
      "call" : 0.79020000000000001,
      "fold" : 0.20979999999999999
    },
    "A7s" : {
      "call" : 0.90190000000000003,
      "raise25x" : 0.098099999999999993
    },
    "A8o" : {
      "call" : 1
    },
    "A8s" : {
      "call" : 0.83179999999999998,
      "raise25x" : 0.16819999999999999
    },
    "A9o" : {
      "call" : 1
    },
    "A9s" : {
      "call" : 0.61370000000000002,
      "raise25x" : 0.38629999999999998
    },
    "AA" : {
      "raise25x" : 1
    },
    "AJo" : {
      "call" : 0.93810000000000004,
      "raise25x" : 0.061899999999999997
    },
    "AJs" : {
      "call" : 0.85409999999999997,
      "raise25x" : 0.1459
    },
    "AKo" : {
      "call" : 0.57430000000000003,
      "raise25x" : 0.42570000000000002
    },
    "AKs" : {
      "raise25x" : 1
    },
    "AQo" : {
      "call" : 1
    },
    "AQs" : {
      "call" : 1
    },
    "ATo" : {
      "call" : 1
    },
    "ATs" : {
      "raise25x" : 1
    },
    "J2s" : {
      "call" : 1
    },
    "J3s" : {
      "call" : 1
    },
    "J4s" : {
      "call" : 1
    },
    "J5s" : {
      "call" : 1
    },
    "J6s" : {
      "call" : 1
    },
    "J7s" : {
      "call" : 1
    },
    "J8s" : {
      "call" : 1
    },
    "J9o" : {
      "call" : 1
    },
    "J9s" : {
      "call" : 0.91610000000000003,
      "raise25x" : 0.083900000000000002
    },
    "JJ" : {
      "call" : 0.8599,
      "raise25x" : 0.1401
    },
    "JTo" : {
      "call" : 1
    },
    "JTs" : {
      "call" : 0.79559999999999997,
      "raise25x" : 0.2044
    },
    "K2s" : {
      "call" : 1
    },
    "K3s" : {
      "call" : 1
    },
    "K4s" : {
      "call" : 1
    },
    "K5s" : {
      "call" : 1
    },
    "K6o" : {
      "call" : 1
    },
    "K6s" : {
      "call" : 0.93810000000000004,
      "raise25x" : 0.061899999999999997
    },
    "K7o" : {
      "call" : 0.14999999999999999,
      "fold" : 0.84999999999999998
    },
    "K7s" : {
      "call" : 1
    },
    "K8o" : {
      "call" : 0.90010000000000001,
      "fold" : 0.099900000000000003
    },
    "K8s" : {
      "call" : 1
    },
    "K9o" : {
      "call" : 1
    },
    "K9s" : {
      "call" : 1
    },
    "KJo" : {
      "call" : 1
    },
    "KJs" : {
      "call" : 0.4859,
      "raise25x" : 0.5141
    },
    "KK" : {
      "raise25x" : 1
    },
    "KQo" : {
      "call" : 1
    },
    "KQs" : {
      "call" : 0.28760000000000002,
      "raise25x" : 0.71240000000000003
    },
    "KTo" : {
      "call" : 1
    },
    "KTs" : {
      "call" : 0.76160000000000005,
      "raise25x" : 0.2384
    },
    "Q2s" : {
      "call" : 1
    },
    "Q3s" : {
      "call" : 1
    },
    "Q4s" : {
      "call" : 1
    },
    "Q5s" : {
      "call" : 1
    },
    "Q6s" : {
      "call" : 1
    },
    "Q7s" : {
      "call" : 1
    },
    "Q8s" : {
      "call" : 1
    },
    "Q9o" : {
      "call" : 1
    },
    "Q9s" : {
      "call" : 0.89380000000000004,
      "raise25x" : 0.1062
    },
    "QJo" : {
      "call" : 1
    },
    "QJs" : {
      "call" : 0.2641,
      "raise25x" : 0.7359
    },
    "QQ" : {
      "call" : 0.3488,
      "raise25x" : 0.6512
    },
    "QTo" : {
      "call" : 1
    },
    "QTs" : {
      "call" : 0.81969999999999998,
      "raise25x" : 0.18029999999999999
    },
    "T2s" : {
      "call" : 1
    },
    "T3s" : {
      "call" : 1
    },
    "T4s" : {
      "call" : 1
    },
    "T5s" : {
      "call" : 1
    },
    "T6s" : {
      "call" : 1
    },
    "T7s" : {
      "call" : 1
    },
    "T8o" : {
      "call" : 1
    },
    "T8s" : {
      "call" : 0.87380000000000002,
      "raise25x" : 0.12620000000000001
    },
    "T9o" : {
      "call" : 1
    },
    "T9s" : {
      "call" : 0.86780000000000002,
      "raise25x" : 0.13220000000000001
    },
    "TT" : {
      "call" : 1
    }
  },
  "id" : "mtt_9max_70bb_bb_vsopen_vs_utg1",
  "source" : {
    "description" : "Adapted from RangeConverter 8-max baseline.",
    "publisher" : {
      "accessedDate" : "2026-06-01",
      "name" : "RangeConverter",
      "product" : "Free Poker Charts — 8 max 1bb ante MTT GTO Ranges",
      "treeParams" : "2.5x open, 3.5x 3bet IP, 4.5x 3bet OOP, 2.3x 4bet IP, 2.75x 4bet OOP, SB vs BB 3.2bb",
      "url" : "https:\/\/rangeconverter.com\/free-poker-charts"
    },
    "solver" : {
      "assumptions" : "Frequencies rounded to nearest 25% per source. ChipEV (non-ICM). 1bb (12.5%) big-blind ante. Copied verbatim from 8-max BB (same effective seat in 9-max)."
    },
    "type" : "published"
  },
  "spot" : {
    "anteType" : "bigBlindAnte",
    "facingAction" : "vsOpen",
    "opponentPosition" : "UTG1",
    "position" : "BB",
    "stackDepthBB" : 70
  }
}