{
  "format" : "NLHE_MTT_8MAX",
  "hands" : {
    "22" : {
      "call" : 1
    },
    "33" : {
      "call" : 1
    },
    "44" : {
      "call" : 1
    },
    "54s" : {
      "call" : 0.71809999999999996,
      "fold" : 0.28189999999999998
    },
    "55" : {
      "call" : 0.99209999999999998,
      "raise3x" : 0.0079000000000000008
    },
    "65s" : {
      "call" : 0.63219999999999998,
      "fold" : 0.087900000000000006,
      "raise3x" : 0.27989999999999998
    },
    "66" : {
      "call" : 0.8901,
      "raise3x" : 0.1099
    },
    "76s" : {
      "call" : 0.71609999999999996,
      "fold" : 0.16,
      "raise3x" : 0.1239
    },
    "77" : {
      "call" : 0.86809999999999998,
      "raise3x" : 0.13189999999999999
    },
    "86s" : {
      "call" : 0.01,
      "fold" : 0.98999999999999999
    },
    "87s" : {
      "call" : 0.65010000000000001,
      "fold" : 0.34989999999999999
    },
    "88" : {
      "call" : 0.78600000000000003,
      "raise3x" : 0.214
    },
    "97s" : {
      "call" : 0.027799999999999998,
      "fold" : 0.97219999999999995
    },
    "98s" : {
      "call" : 0.81399999999999995,
      "raise3x" : 0.186
    },
    "99" : {
      "call" : 0.66610000000000003,
      "raise3x" : 0.33389999999999997
    },
    "A2s" : {
      "call" : 0.2979,
      "fold" : 0.70209999999999995
    },
    "A3s" : {
      "call" : 1
    },
    "A4s" : {
      "call" : 0.78600000000000003,
      "raise3x" : 0.214
    },
    "A5s" : {
      "call" : 0.59609999999999996,
      "raise3x" : 0.40389999999999998
    },
    "A6s" : {
      "call" : 0.72409999999999997,
      "raise3x" : 0.27589999999999998
    },
    "A7s" : {
      "call" : 0.60209999999999997,
      "raise3x" : 0.39789999999999998
    },
    "A8s" : {
      "call" : 0.4899,
      "raise3x" : 0.5101
    },
    "A9s" : {
      "call" : 0.252,
      "raise3x" : 0.748
    },
    "AA" : {
      "raise3x" : 1
    },
    "AJo" : {
      "call" : 0.58609999999999995,
      "raise3x" : 0.41389999999999999
    },
    "AJs" : {
      "call" : 0.82799999999999996,
      "raise3x" : 0.17199999999999999
    },
    "AKo" : {
      "call" : 0.47999999999999998,
      "raise3x" : 0.52000000000000002
    },
    "AKs" : {
      "raise3x" : 1
    },
    "AQo" : {
      "call" : 0.65410000000000001,
      "raise3x" : 0.34589999999999999
    },
    "AQs" : {
      "call" : 0.32390000000000002,
      "raise3x" : 0.67610000000000003
    },
    "ATo" : {
      "call" : 0.19239999999999999,
      "fold" : 0.43280000000000002,
      "raise3x" : 0.37480000000000002
    },
    "ATs" : {
      "call" : 0.66200000000000003,
      "raise3x" : 0.33800000000000002
    },
    "J9s" : {
      "call" : 0.72599999999999998,
      "raise3x" : 0.27400000000000002
    },
    "JJ" : {
      "call" : 0.626,
      "raise3x" : 0.374
    },
    "JTs" : {
      "call" : 0.83209999999999995,
      "raise3x" : 0.16789999999999999
    },
    "K5s" : {
      "call" : 0.025999999999999999,
      "fold" : 0.97399999999999998
    },
    "K6s" : {
      "call" : 0.15190000000000001,
      "fold" : 0.84809999999999997
    },
    "K7s" : {
      "call" : 0.17599999999999999,
      "fold" : 0.82399999999999995
    },
    "K8s" : {
      "call" : 0.46210000000000001,
      "fold" : 0.30790000000000001,
      "raise3x" : 0.23000000000000001
    },
    "K9s" : {
      "call" : 0.45190000000000002,
      "raise3x" : 0.54810000000000003
    },
    "KJo" : {
      "call" : 0.2099,
      "fold" : 0.55010000000000003,
      "raise3x" : 0.23999999999999999
    },
    "KJs" : {
      "call" : 0.70809999999999995,
      "raise3x" : 0.29189999999999999
    },
    "KK" : {
      "raise3x" : 1
    },
    "KQo" : {
      "call" : 0.52000000000000002,
      "raise3x" : 0.47999999999999998
    },
    "KQs" : {
      "call" : 0.86019999999999996,
      "raise3x" : 0.13980000000000001
    },
    "KTs" : {
      "call" : 0.61209999999999998,
      "raise3x" : 0.38790000000000002
    },
    "Q9s" : {
      "call" : 0.79120000000000001,
      "raise3x" : 0.20880000000000001
    },
    "QJs" : {
      "call" : 0.85209999999999997,
      "raise3x" : 0.1479
    },
    "QQ" : {
      "call" : 0.2581,
      "raise3x" : 0.7419
    },
    "QTs" : {
      "call" : 0.97819999999999996,
      "raise3x" : 0.0218
    },
    "T8s" : {
      "call" : 0.68159999999999998,
      "fold" : 0.0057999999999999996,
      "raise3x" : 0.31259999999999999
    },
    "T9s" : {
      "call" : 0.79200000000000004,
      "raise3x" : 0.20799999999999999
    },
    "TT" : {
      "call" : 0.59799999999999998,
      "raise3x" : 0.40200000000000002
    }
  },
  "id" : "mtt_8max_60bb_co_vsopen_vs_utg1",
  "source" : {
    "description" : "RangeConverter free PDF — 8-max 60bb 1bb ante (12.5%).",
    "publisher" : {
      "accessedDate" : "2026-06-01",
      "name" : "RangeConverter",
      "product" : "Free Poker Charts — 8 max 1bb ante MTT GTO Ranges",
      "treeParams" : "poker.academy CE-Symmetric Regular @ 60bb (GTO ChipEV, 1bb ante)",
      "url" : "https:\/\/rangeconverter.com\/free-poker-charts"
    },
    "solver" : {
      "assumptions" : "Frequencies rounded to nearest 25% per source. ChipEV (non-ICM). 1bb (12.5%) big-blind ante."
    },
    "type" : "published"
  },
  "spot" : {
    "anteType" : "bigBlindAnte",
    "facingAction" : "vsOpen",
    "opponentPosition" : "UTG1",
    "position" : "CO",
    "stackDepthBB" : 60
  }
}