{
  "format" : "NLHE_MTT_9MAX",
  "hands" : {
    "22" : {
      "call" : 0.079899999999999999,
      "fold" : 0.92010000000000003
    },
    "33" : {
      "call" : 0.1099,
      "fold" : 0.8901
    },
    "44" : {
      "call" : 0.39500000000000002,
      "fold" : 0.60499999999999998
    },
    "55" : {
      "call" : 0.73009999999999997,
      "fold" : 0.26989999999999997
    },
    "66" : {
      "call" : 1
    },
    "77" : {
      "call" : 0.78000000000000003,
      "raise25x" : 0.22
    },
    "88" : {
      "call" : 0.625,
      "raise25x" : 0.375
    },
    "98s" : {
      "call" : 0.50260000000000005,
      "fold" : 0.49740000000000001
    },
    "99" : {
      "call" : 0.4249,
      "raise25x" : 0.57509999999999994
    },
    "A4s" : {
      "call" : 0.23499999999999999,
      "fold" : 0.76500000000000001
    },
    "A5s" : {
      "call" : 0.69999999999999996,
      "raise25x" : 0.29999999999999999
    },
    "A6s" : {
      "fold" : 0.61499999999999999,
      "raise25x" : 0.38500000000000001
    },
    "A7s" : {
      "call" : 0.4899,
      "raise25x" : 0.5101
    },
    "A8s" : {
      "call" : 0.68999999999999995,
      "raise25x" : 0.31
    },
    "A9s" : {
      "call" : 0.67010000000000003,
      "raise25x" : 0.32990000000000003
    },
    "AA" : {
      "call" : 0.215,
      "raise25x" : 0.78500000000000003
    },
    "AJo" : {
      "call" : 0.45500000000000002,
      "raise25x" : 0.54500000000000004
    },
    "AJs" : {
      "call" : 1
    },
    "AKo" : {
      "raise25x" : 1
    },
    "AKs" : {
      "raise25x" : 1
    },
    "AQo" : {
      "call" : 0.69350000000000001,
      "raise25x" : 0.30649999999999999
    },
    "AQs" : {
      "raise25x" : 1
    },
    "ATo" : {
      "call" : 0.2049,
      "raise25x" : 0.79510000000000003
    },
    "ATs" : {
      "call" : 1
    },
    "J9s" : {
      "call" : 0.18990000000000001,
      "fold" : 0.60019999999999996,
      "raise25x" : 0.2099
    },
    "JJ" : {
      "call" : 0.084999999999999992,
      "raise25x" : 0.91500000000000004
    },
    "JTs" : {
      "call" : 0.66010000000000002,
      "raise25x" : 0.33989999999999998
    },
    "K8s" : {
      "fold" : 0.83499999999999996,
      "raise25x" : 0.16500000000000001
    },
    "K9s" : {
      "raise25x" : 1
    },
    "KJo" : {
      "call" : 0.0746,
      "fold" : 0.63170000000000004,
      "raise25x" : 0.29370000000000002
    },
    "KJs" : {
      "call" : 1
    },
    "KK" : {
      "raise25x" : 1
    },
    "KQo" : {
      "call" : 0.56989999999999996,
      "raise25x" : 0.43009999999999998
    },
    "KQs" : {
      "call" : 1
    },
    "KTs" : {
      "call" : 1
    },
    "Q9s" : {
      "call" : 0.1149,
      "raise25x" : 0.8851
    },
    "QJs" : {
      "call" : 1
    },
    "QQ" : {
      "raise25x" : 1
    },
    "QTs" : {
      "call" : 0.64510000000000001,
      "raise25x" : 0.35489999999999999
    },
    "T9s" : {
      "call" : 0.77000000000000002,
      "raise25x" : 0.23000000000000001
    },
    "TT" : {
      "call" : 0.064799999999999996,
      "raise25x" : 0.93520000000000003
    }
  },
  "id" : "mtt_9max_30bb_co_vsopen_vs_lj",
  "source" : {
    "description" : "Adapted from RangeConverter 8-max baseline.",
    "publisher" : {
      "accessedDate" : "2026-06-01",
      "name" : "RangeConverter",
      "product" : "Free Poker Charts — 8 max 1bb ante MTT GTO Ranges",
      "treeParams" : "2.5x open, 3.5x 3bet IP, 4.5x 3bet OOP, 2.3x 4bet IP, 2.75x 4bet OOP, SB vs BB 3.2bb",
      "url" : "https:\/\/rangeconverter.com\/free-poker-charts"
    },
    "solver" : {
      "assumptions" : "Frequencies rounded to nearest 25% per source. ChipEV (non-ICM). 1bb (12.5%) big-blind ante. Copied verbatim from 8-max CO (same effective seat in 9-max)."
    },
    "type" : "published"
  },
  "spot" : {
    "anteType" : "bigBlindAnte",
    "facingAction" : "vsOpen",
    "opponentPosition" : "LJ",
    "position" : "CO",
    "stackDepthBB" : 30
  }
}