{
  "format" : "NLHE_MTT_8MAX",
  "hands" : {
    "44" : {
      "fold" : 0.58009999999999995,
      "raise25x" : 0.4199
    },
    "54s" : {
      "fold" : 0.67010000000000003,
      "raise25x" : 0.32990000000000003
    },
    "55" : {
      "raise25x" : 1
    },
    "65s" : {
      "fold" : 0.55989999999999995,
      "raise25x" : 0.44009999999999999
    },
    "66" : {
      "raise25x" : 1
    },
    "76s" : {
      "raise25x" : 1
    },
    "77" : {
      "raise25x" : 1
    },
    "87s" : {
      "raise25x" : 1
    },
    "88" : {
      "raise25x" : 1
    },
    "97s" : {
      "fold" : 0.315,
      "raise25x" : 0.68500000000000005
    },
    "98s" : {
      "raise25x" : 1
    },
    "99" : {
      "raise25x" : 1
    },
    "A2s" : {
      "raise25x" : 1
    },
    "A3s" : {
      "raise25x" : 1
    },
    "A4s" : {
      "raise25x" : 1
    },
    "A5s" : {
      "raise25x" : 1
    },
    "A6s" : {
      "raise25x" : 1
    },
    "A7s" : {
      "raise25x" : 1
    },
    "A8o" : {
      "fold" : 0.80010000000000003,
      "raise25x" : 0.19989999999999999
    },
    "A8s" : {
      "raise25x" : 1
    },
    "A9o" : {
      "raise25x" : 1
    },
    "A9s" : {
      "raise25x" : 1
    },
    "AA" : {
      "raise25x" : 1
    },
    "AJo" : {
      "raise25x" : 1
    },
    "AJs" : {
      "raise25x" : 1
    },
    "AKo" : {
      "raise25x" : 1
    },
    "AKs" : {
      "raise25x" : 1
    },
    "AQo" : {
      "raise25x" : 1
    },
    "AQs" : {
      "raise25x" : 1
    },
    "ATo" : {
      "raise25x" : 1
    },
    "ATs" : {
      "raise25x" : 1
    },
    "J8s" : {
      "raise25x" : 1
    },
    "J9s" : {
      "raise25x" : 1
    },
    "JJ" : {
      "raise25x" : 1
    },
    "JTo" : {
      "fold" : 0.45000000000000001,
      "raise25x" : 0.55000000000000004
    },
    "JTs" : {
      "raise25x" : 1
    },
    "K6s" : {
      "raise25x" : 1
    },
    "K7s" : {
      "raise25x" : 1
    },
    "K8s" : {
      "raise25x" : 1
    },
    "K9s" : {
      "raise25x" : 1
    },
    "KJo" : {
      "raise25x" : 1
    },
    "KJs" : {
      "raise25x" : 1
    },
    "KK" : {
      "raise25x" : 1
    },
    "KQo" : {
      "raise25x" : 1
    },
    "KQs" : {
      "raise25x" : 1
    },
    "KTo" : {
      "raise25x" : 1
    },
    "KTs" : {
      "raise25x" : 1
    },
    "Q8s" : {
      "raise25x" : 1
    },
    "Q9s" : {
      "raise25x" : 1
    },
    "QJo" : {
      "raise25x" : 1
    },
    "QJs" : {
      "raise25x" : 1
    },
    "QQ" : {
      "raise25x" : 1
    },
    "QTo" : {
      "fold" : 0.23499999999999999,
      "raise25x" : 0.76500000000000001
    },
    "QTs" : {
      "raise25x" : 1
    },
    "T7s" : {
      "fold" : 0.76500000000000001,
      "raise25x" : 0.23499999999999999
    },
    "T8s" : {
      "raise25x" : 1
    },
    "T9s" : {
      "raise25x" : 1
    },
    "TT" : {
      "raise25x" : 1
    }
  },
  "id" : "mtt_8max_35bb_lj_unopened",
  "source" : {
    "description" : "RangeConverter free PDF — 8-max 35bb 1bb ante (12.5%).",
    "publisher" : {
      "accessedDate" : "2026-06-01",
      "name" : "RangeConverter",
      "product" : "Free Poker Charts — 8 max 1bb ante MTT GTO Ranges",
      "treeParams" : "poker.academy CE-Symmetric Regular @ 35bb (GTO ChipEV, 1bb ante)",
      "url" : "https:\/\/rangeconverter.com\/free-poker-charts"
    },
    "solver" : {
      "assumptions" : "Frequencies rounded to nearest 25% per source. ChipEV (non-ICM). 1bb (12.5%) big-blind ante."
    },
    "type" : "published"
  },
  "spot" : {
    "anteType" : "bigBlindAnte",
    "facingAction" : "unopened",
    "position" : "LJ",
    "stackDepthBB" : 35
  }
}