{
  "format" : "NLHE_MTT_8MAX",
  "hands" : {
    "22" : {
      "call" : 0.081500000000000003,
      "fold" : 0.91849999999999998
    },
    "33" : {
      "call" : 0.075300000000000006,
      "fold" : 0.92469999999999997
    },
    "42s" : {
      "fold" : 0.99909999999999999
    },
    "43o" : {
      "fold" : 1
    },
    "43s" : {
      "fold" : 0.99919999999999998
    },
    "44" : {
      "call" : 0.0058999999999999999,
      "fold" : 0.99409999999999998
    },
    "52s" : {
      "fold" : 0.99909999999999999
    },
    "53s" : {
      "call" : 0.0071999999999999998,
      "fold" : 0.99280000000000002
    },
    "54s" : {
      "call" : 0.031600000000000003,
      "fold" : 0.96840000000000004
    },
    "55" : {
      "call" : 0.48599999999999999,
      "fold" : 0.51400000000000001
    },
    "62s" : {
      "call" : 0.047300000000000002,
      "fold" : 0.95269999999999999
    },
    "63o" : {
      "fold" : 0.99960000000000004
    },
    "65s" : {
      "fold" : 0.99939999999999996
    },
    "66" : {
      "call" : 0.80349999999999999,
      "fold" : 0.19650000000000001
    },
    "72s" : {
      "fold" : 0.99980000000000002
    },
    "73s" : {
      "fold" : 0.99950000000000006
    },
    "74o" : {
      "fold" : 0.99970000000000003
    },
    "74s" : {
      "fold" : 0.99939999999999996
    },
    "76o" : {
      "fold" : 0.99990000000000001
    },
    "76s" : {
      "fold" : 0.99909999999999999
    },
    "77" : {
      "call" : 0.82899999999999996,
      "fold" : 0.17100000000000001
    },
    "82s" : {
      "fold" : 1
    },
    "83s" : {
      "fold" : 0.99919999999999998
    },
    "84o" : {
      "fold" : 1
    },
    "84s" : {
      "fold" : 0.99950000000000006
    },
    "85s" : {
      "call" : 0.0033999999999999998,
      "fold" : 0.99660000000000004
    },
    "86o" : {
      "fold" : 1
    },
    "86s" : {
      "fold" : 1
    },
    "87s" : {
      "fold" : 0.99939999999999996
    },
    "88" : {
      "call" : 0.97909999999999997,
      "fold" : 0.020899999999999998
    },
    "92o" : {
      "fold" : 1
    },
    "92s" : {
      "fold" : 0.99970000000000003
    },
    "93o" : {
      "fold" : 0.99980000000000002
    },
    "93s" : {
      "call" : 0.002,
      "fold" : 0.998
    },
    "94s" : {
      "call" : 0.0011000000000000001,
      "fold" : 0.99890000000000001
    },
    "95s" : {
      "fold" : 1
    },
    "96s" : {
      "fold" : 0.99990000000000001
    },
    "97o" : {
      "fold" : 1
    },
    "98s" : {
      "fold" : 0.99939999999999996
    },
    "99" : {
      "call" : 0.99990000000000001
    },
    "A2o" : {
      "call" : 0.0012999999999999999,
      "fold" : 0.99870000000000003
    },
    "A2s" : {
      "call" : 0.080100000000000005,
      "fold" : 0.91990000000000005
    },
    "A3o" : {
      "call" : 0.0025999999999999999,
      "fold" : 0.99739999999999995
    },
    "A3s" : {
      "call" : 0.072499999999999995,
      "fold" : 0.92749999999999999
    },
    "A4o" : {
      "fold" : 0.99929999999999997
    },
    "A4s" : {
      "call" : 0.0054000000000000003,
      "fold" : 0.99460000000000004
    },
    "A5o" : {
      "call" : 0.0097000000000000003,
      "fold" : 0.99029999999999996
    },
    "A5s" : {
      "call" : 0.0091000000000000004,
      "fold" : 0.9909
    },
    "A6o" : {
      "call" : 0.0101,
      "fold" : 0.9899
    },
    "A6s" : {
      "call" : 0.52510000000000001,
      "fold" : 0.47489999999999999
    },
    "A7o" : {
      "call" : 0.0012999999999999999,
      "fold" : 0.99870000000000003
    },
    "A7s" : {
      "call" : 0.24310000000000001,
      "fold" : 0.75690000000000002
    },
    "A8o" : {
      "call" : 0.0094000000000000004,
      "fold" : 0.99060000000000004
    },
    "A8s" : {
      "call" : 0.96450000000000002,
      "fold" : 0.035499999999999997
    },
    "A9o" : {
      "call" : 0.0298,
      "fold" : 0.97019999999999995
    },
    "A9s" : {
      "call" : 0.4239,
      "fold" : 0.57609999999999995
    },
    "AA" : {
      "call" : 1
    },
    "AJo" : {
      "call" : 1
    },
    "AJs" : {
      "call" : 0.97719999999999996,
      "fold" : 0.022800000000000001
    },
    "AKo" : {
      "call" : 1
    },
    "AKs" : {
      "call" : 1
    },
    "AQo" : {
      "call" : 1
    },
    "AQs" : {
      "call" : 0.99990000000000001
    },
    "ATo" : {
      "call" : 0.93769999999999998,
      "fold" : 0.062300000000000001
    },
    "ATs" : {
      "call" : 1
    },
    "J2s" : {
      "fold" : 0.99990000000000001
    },
    "J3o" : {
      "call" : 0.0014,
      "fold" : 0.99860000000000004
    },
    "J3s" : {
      "fold" : 0.999
    },
    "J4s" : {
      "call" : 0.0106,
      "fold" : 0.98939999999999995
    },
    "J5o" : {
      "call" : 0.0050000000000000001,
      "fold" : 0.995
    },
    "J5s" : {
      "fold" : 0.99980000000000002
    },
    "J6s" : {
      "fold" : 1
    },
    "J7o" : {
      "fold" : 0.99990000000000001
    },
    "J7s" : {
      "fold" : 1
    },
    "J8o" : {
      "fold" : 0.99980000000000002
    },
    "J8s" : {
      "call" : 0.02,
      "fold" : 0.97999999999999998
    },
    "J9o" : {
      "call" : 0.0051999999999999998,
      "fold" : 0.99480000000000002
    },
    "J9s" : {
      "call" : 0.014800000000000001,
      "fold" : 0.98519999999999996
    },
    "JJ" : {
      "call" : 0.99950000000000006
    },
    "JTo" : {
      "call" : 0.0079000000000000008,
      "fold" : 0.99209999999999998
    },
    "JTs" : {
      "call" : 0.012800000000000001,
      "fold" : 0.98719999999999997
    },
    "K2o" : {
      "fold" : 0.99909999999999999
    },
    "K2s" : {
      "call" : 0.0012999999999999999,
      "fold" : 0.99870000000000003
    },
    "K3o" : {
      "call" : 0.0015,
      "fold" : 0.99850000000000005
    },
    "K3s" : {
      "fold" : 1
    },
    "K4s" : {
      "call" : 0.049399999999999999,
      "fold" : 0.9506
    },
    "K5o" : {
      "call" : 0.0014,
      "fold" : 0.99860000000000004
    },
    "K5s" : {
      "call" : 0.0079000000000000008,
      "fold" : 0.99209999999999998
    },
    "K6o" : {
      "fold" : 0.99929999999999997
    },
    "K6s" : {
      "call" : 0.019400000000000001,
      "fold" : 0.98060000000000003
    },
    "K7o" : {
      "fold" : 0.99960000000000004
    },
    "K7s" : {
      "call" : 0.0067999999999999996,
      "fold" : 0.99319999999999997
    },
    "K8o" : {
      "call" : 0.0048999999999999998,
      "fold" : 0.99509999999999998
    },
    "K8s" : {
      "call" : 0.021299999999999999,
      "fold" : 0.97870000000000001
    },
    "K9o" : {
      "call" : 0.0083999999999999995,
      "fold" : 0.99160000000000004
    },
    "K9s" : {
      "call" : 0.15340000000000001,
      "fold" : 0.84660000000000002
    },
    "KJo" : {
      "call" : 0.0048999999999999998,
      "fold" : 0.99509999999999998
    },
    "KJs" : {
      "call" : 0.753,
      "fold" : 0.247
    },
    "KK" : {
      "call" : 1
    },
    "KQo" : {
      "call" : 0.26929999999999998,
      "fold" : 0.73070000000000002
    },
    "KQs" : {
      "call" : 0.25059999999999999,
      "fold" : 0.74939999999999996
    },
    "KTo" : {
      "call" : 0.0016999999999999999,
      "fold" : 0.99829999999999997
    },
    "KTs" : {
      "call" : 0.067100000000000007,
      "fold" : 0.93289999999999995
    },
    "Q2s" : {
      "call" : 0.0101,
      "fold" : 0.9899
    },
    "Q3o" : {
      "fold" : 0.99970000000000003
    },
    "Q3s" : {
      "fold" : 1
    },
    "Q4s" : {
      "call" : 0.076600000000000001,
      "fold" : 0.9234
    },
    "Q5o" : {
      "fold" : 0.99990000000000001
    },
    "Q5s" : {
      "call" : 0.0027000000000000001,
      "fold" : 0.99729999999999996
    },
    "Q6s" : {
      "call" : 0.0166,
      "fold" : 0.98340000000000005
    },
    "Q7o" : {
      "call" : 0.0011999999999999999,
      "fold" : 0.99880000000000002
    },
    "Q7s" : {
      "call" : 0.0051999999999999998,
      "fold" : 0.99480000000000002
    },
    "Q8o" : {
      "fold" : 0.99960000000000004
    },