{
  "format" : "NLHE_MTT_8MAX",
  "hands" : {
    "44" : {
      "call" : 1
    },
    "55" : {
      "call" : 1
    },
    "66" : {
      "call" : 1
    },
    "76s" : {
      "call" : 1
    },
    "77" : {
      "call" : 1
    },
    "87s" : {
      "call" : 1
    },
    "88" : {
      "call" : 1
    },
    "98s" : {
      "call" : 1
    },
    "99" : {
      "call" : 1
    },
    "A3s" : {
      "shove" : 1
    },
    "A4s" : {
      "shove" : 1
    },
    "A5s" : {
      "shove" : 1
    },
    "A6s" : {
      "call" : 0.96409999999999996,
      "fold" : 0.035900000000000001
    },
    "A7s" : {
      "call" : 0.51910000000000001,
      "fold" : 0.4032,
      "shove" : 0.077700000000000005
    },
    "A8s" : {
      "call" : 1
    },
    "A9s" : {
      "call" : 1
    },
    "AA" : {
      "call" : 0.36009999999999998,
      "shove" : 0.63990000000000002
    },
    "AJo" : {
      "call" : 0.21190000000000001,
      "fold" : 0.78810000000000002
    },
    "AJs" : {
      "call" : 1
    },
    "AKo" : {
      "shove" : 1
    },
    "AKs" : {
      "shove" : 1
    },
    "AQo" : {
      "call" : 1
    },
    "AQs" : {
      "call" : 1
    },
    "ATs" : {
      "call" : 1
    },
    "J9s" : {
      "call" : 0.11799999999999999,
      "fold" : 0.88200000000000001
    },
    "JJ" : {
      "call" : 0.53600000000000003,
      "shove" : 0.46400000000000002
    },
    "JTs" : {
      "call" : 1
    },
    "K6s" : {
      "call" : 1
    },
    "K8s" : {
      "call" : 0.087900000000000006,
      "fold" : 0.91210000000000002
    },
    "K9s" : {
      "call" : 1
    },
    "KJs" : {
      "call" : 1
    },
    "KK" : {
      "shove" : 1
    },
    "KQo" : {
      "call" : 0.55000000000000004,
      "fold" : 0.45000000000000001
    },
    "KQs" : {
      "call" : 1
    },
    "KTs" : {
      "call" : 1
    },
    "Q9s" : {
      "call" : 0.0378,
      "fold" : 0.96220000000000006
    },
    "QJs" : {
      "call" : 1
    },
    "QQ" : {
      "shove" : 1
    },
    "QTs" : {
      "call" : 1
    },
    "T8s" : {
      "call" : 0.4461,
      "fold" : 0.55389999999999995
    },
    "T9s" : {
      "call" : 1
    },
    "TT" : {
      "call" : 1
    }
  },
  "id" : "mtt_8max_50bb_utg1_vs3bet_vs_co",
  "source" : {
    "description" : "RangeConverter free PDF — 8-max 50bb 1bb ante (12.5%).",
    "publisher" : {
      "accessedDate" : "2026-06-01",
      "name" : "RangeConverter",
      "product" : "Free Poker Charts — 8 max 1bb ante MTT GTO Ranges",
      "treeParams" : "poker.academy CE-Symmetric Regular @ 50bb (GTO ChipEV, 1bb ante)",
      "url" : "https:\/\/rangeconverter.com\/free-poker-charts"
    },
    "solver" : {
      "assumptions" : "Frequencies rounded to nearest 25% per source. ChipEV (non-ICM). 1bb (12.5%) big-blind ante."
    },
    "type" : "published"
  },
  "spot" : {
    "anteType" : "bigBlindAnte",
    "facingAction" : "vs3Bet",
    "opponentPosition" : "CO",
    "position" : "UTG1",
    "stackDepthBB" : 50
  }
}