{
  "format" : "NLHE_MTT_9MAX",
  "hands" : {
    "22" : {
      "call" : 1
    },
    "33" : {
      "call" : 1
    },
    "44" : {
      "call" : 1
    },
    "54s" : {
      "call" : 1
    },
    "55" : {
      "call" : 1
    },
    "65s" : {
      "call" : 1
    },
    "66" : {
      "call" : 1
    },
    "76s" : {
      "call" : 1
    },
    "77" : {
      "call" : 0.97509999999999997,
      "raise25x" : 0.024899999999999999
    },
    "87s" : {
      "call" : 1
    },
    "88" : {
      "call" : 0.89510000000000001,
      "raise25x" : 0.10489999999999999
    },
    "98s" : {
      "call" : 0.66010000000000002,
      "fold" : 0.33989999999999998
    },
    "99" : {
      "call" : 0.95009999999999994,
      "raise25x" : 0.0499
    },
    "A3s" : {
      "call" : 0.61009999999999998,
      "fold" : 0.255,
      "raise25x" : 0.13489999999999999
    },
    "A4s" : {
      "call" : 0.65010000000000001,
      "raise25x" : 0.34989999999999999
    },
    "A5s" : {
      "call" : 0.67500000000000004,
      "raise25x" : 0.32500000000000001
    },
    "A6s" : {
      "call" : 0.54510000000000003,
      "fold" : 0.26989999999999997,
      "raise25x" : 0.185
    },
    "A7s" : {
      "fold" : 0.76500000000000001,
      "raise25x" : 0.23499999999999999
    },
    "A8s" : {
      "call" : 0.77500000000000002,
      "raise25x" : 0.22500000000000001
    },
    "A9s" : {
      "call" : 1
    },
    "AA" : {
      "raise25x" : 1
    },
    "AJo" : {
      "fold" : 0.82010000000000005,
      "raise25x" : 0.1799
    },
    "AJs" : {
      "call" : 1
    },
    "AKo" : {
      "call" : 0.039899999999999998,
      "raise25x" : 0.185,
      "shove" : 0.77510000000000001
    },
    "AKs" : {
      "raise25x" : 1
    },
    "AQo" : {
      "call" : 0.58009999999999995,
      "raise25x" : 0.4199
    },
    "AQs" : {
      "call" : 1
    },
    "ATs" : {
      "call" : 0.58009999999999995,
      "raise25x" : 0.4199
    },
    "J9s" : {
      "call" : 0.63990000000000002,
      "fold" : 0.36009999999999998
    },
    "JJ" : {
      "call" : 0.40999999999999998,
      "raise25x" : 0.34999999999999998,
      "shove" : 0.23999999999999999
    },
    "JTs" : {
      "call" : 1
    },
    "K6s" : {
      "call" : 0.83350000000000002,
      "fold" : 0.151,
      "raise25x" : 0.0155
    },
    "K9s" : {
      "call" : 0.80010000000000003,
      "raise25x" : 0.19989999999999999
    },
    "KJs" : {
      "call" : 0.41489999999999999,
      "raise25x" : 0.58509999999999995
    },
    "KK" : {
      "raise25x" : 1
    },
    "KQo" : {
      "call" : 0.40300000000000002,
      "fold" : 0.41299999999999998,
      "raise25x" : 0.184
    },
    "KQs" : {
      "call" : 1
    },
    "KTs" : {
      "call" : 0.63490000000000002,
      "raise25x" : 0.36509999999999998
    },
    "QJs" : {
      "call" : 0.90500000000000003,
      "raise25x" : 0.095000000000000001
    },
    "QQ" : {
      "call" : 0.074999999999999997,
      "raise25x" : 0.60999999999999999,
      "shove" : 0.315
    },
    "QTs" : {
      "call" : 1
    },
    "T8s" : {
      "call" : 1
    },
    "T9s" : {
      "call" : 1
    },
    "TT" : {
      "call" : 0.60499999999999998,
      "raise25x" : 0.39500000000000002
    }
  },
  "id" : "mtt_9max_80bb_lj_vs3bet_vs_co",
  "source" : {
    "description" : "Adapted from RangeConverter 8-max baseline.",
    "publisher" : {
      "accessedDate" : "2026-06-01",
      "name" : "RangeConverter",
      "product" : "Free Poker Charts — 8 max 1bb ante MTT GTO Ranges",
      "treeParams" : "2.5x open, 3.5x 3bet IP, 4.5x 3bet OOP, 2.3x 4bet IP, 2.75x 4bet OOP, SB vs BB 3.2bb",
      "url" : "https:\/\/rangeconverter.com\/free-poker-charts"
    },
    "solver" : {
      "assumptions" : "Frequencies rounded to nearest 25% per source. ChipEV (non-ICM). 1bb (12.5%) big-blind ante. Copied verbatim from 8-max LJ (same effective seat in 9-max)."
    },
    "type" : "published"
  },
  "spot" : {
    "anteType" : "bigBlindAnte",
    "facingAction" : "vs3Bet",
    "opponentPosition" : "CO",
    "position" : "LJ",
    "stackDepthBB" : 80
  }
}