{
  "format" : "NLHE_MTT_8MAX",
  "hands" : {
    "55" : {
      "fold" : 0.67400000000000004,
      "raise25x" : 0.32600000000000001
    },
    "66" : {
      "raise25x" : 1
    },
    "77" : {
      "raise25x" : 1
    },
    "88" : {
      "raise25x" : 1
    },
    "99" : {
      "raise25x" : 1
    },
    "A4s" : {
      "raise25x" : 1
    },
    "A5s" : {
      "raise25x" : 1
    },
    "A6s" : {
      "fold" : 0.64600000000000002,
      "raise25x" : 0.35399999999999998
    },
    "A7s" : {
      "raise25x" : 1
    },
    "A8s" : {
      "raise25x" : 1
    },
    "A9s" : {
      "raise25x" : 1
    },
    "AA" : {
      "raise25x" : 1
    },
    "AJo" : {
      "raise25x" : 1
    },
    "AJs" : {
      "raise25x" : 1
    },
    "AKo" : {
      "raise25x" : 1
    },
    "AKs" : {
      "raise25x" : 1
    },
    "AQo" : {
      "raise25x" : 1
    },
    "AQs" : {
      "raise25x" : 1
    },
    "ATo" : {
      "fold" : 0.44400000000000001,
      "raise25x" : 0.55600000000000005
    },
    "ATs" : {
      "raise25x" : 1
    },
    "J9s" : {
      "fold" : 0.23999999999999999,
      "raise25x" : 0.76000000000000001
    },
    "JJ" : {
      "raise25x" : 1
    },
    "JTs" : {
      "raise25x" : 1
    },
    "K8s" : {
      "fold" : 0.53400000000000003,
      "raise25x" : 0.46600000000000003
    },
    "K9s" : {
      "raise25x" : 1
    },
    "KJo" : {
      "fold" : 0.57589999999999997,
      "raise25x" : 0.42409999999999998
    },
    "KJs" : {
      "raise25x" : 1
    },
    "KK" : {
      "raise25x" : 1
    },
    "KQo" : {
      "raise25x" : 1
    },
    "KQs" : {
      "raise25x" : 1
    },
    "KTs" : {
      "raise25x" : 1
    },
    "Q9s" : {
      "fold" : 0.31790000000000002,
      "raise25x" : 0.68210000000000004
    },
    "QJs" : {
      "raise25x" : 1
    },
    "QQ" : {
      "raise25x" : 1
    },
    "QTs" : {
      "raise25x" : 1
    },
    "T9s" : {
      "raise25x" : 1
    },
    "TT" : {
      "raise25x" : 1
    }
  },
  "id" : "mtt_8max_50bb_utg_unopened",
  "source" : {
    "description" : "RangeConverter free PDF — 8-max 50bb 1bb ante (12.5%).",
    "publisher" : {
      "accessedDate" : "2026-06-01",
      "name" : "RangeConverter",
      "product" : "Free Poker Charts — 8 max 1bb ante MTT GTO Ranges",
      "treeParams" : "poker.academy CE-Symmetric Regular @ 50bb (GTO ChipEV, 1bb ante)",
      "url" : "https:\/\/rangeconverter.com\/free-poker-charts"
    },
    "solver" : {
      "assumptions" : "Frequencies rounded to nearest 25% per source. ChipEV (non-ICM). 1bb (12.5%) big-blind ante."
    },
    "type" : "published"
  },
  "spot" : {
    "anteType" : "bigBlindAnte",
    "facingAction" : "unopened",
    "position" : "UTG",
    "stackDepthBB" : 50
  }
}