{
  "format" : "NLHE_MTT_8MAX",
  "hands" : {
    "22" : {
      "call" : 0.16619999999999999,
      "fold" : 0.83379999999999999
    },
    "33" : {
      "call" : 0.3584,
      "fold" : 0.64159999999999995
    },
    "44" : {
      "call" : 0.1386,
      "fold" : 0.86140000000000005
    },
    "54s" : {
      "call" : 1
    },
    "55" : {
      "call" : 0.16389999999999999,
      "fold" : 0.83609999999999995
    },
    "65s" : {
      "call" : 1
    },
    "66" : {
      "call" : 0.58199999999999996,
      "fold" : 0.41799999999999998
    },
    "76s" : {
      "call" : 1
    },
    "77" : {
      "call" : 0.46789999999999998,
      "fold" : 0.53210000000000002
    },
    "87s" : {
      "call" : 1
    },
    "88" : {
      "call" : 0.58199999999999996,
      "fold" : 0.41799999999999998
    },
    "98s" : {
      "call" : 1
    },
    "99" : {
      "call" : 0.51400000000000001,
      "fold" : 0.48599999999999999
    },
    "A3s" : {
      "fold" : 0.20799999999999999,
      "raise3x" : 0.79200000000000004
    },
    "A4s" : {
      "call" : 1
    },
    "A5s" : {
      "call" : 1
    },
    "A7s" : {
      "call" : 0.2379,
      "fold" : 0.7621
    },
    "A8s" : {
      "call" : 0.52000000000000002,
      "raise3x" : 0.47999999999999998
    },
    "A9s" : {
      "call" : 0.8861,
      "raise3x" : 0.1139
    },
    "AA" : {
      "raise3x" : 1
    },
    "AJs" : {
      "call" : 1
    },
    "AKo" : {
      "call" : 0.74009999999999998,
      "raise3x" : 0.25990000000000002
    },
    "AKs" : {
      "call" : 1
    },
    "AQo" : {
      "fold" : 0.87009999999999998,
      "raise3x" : 0.12989999999999999
    },
    "AQs" : {
      "call" : 1
    },
    "ATs" : {
      "call" : 1
    },
    "JJ" : {
      "call" : 1
    },
    "JTs" : {
      "call" : 0.7742,
      "fold" : 0.2258
    },
    "K8s" : {
      "fold" : 0.94620000000000004,
      "raise3x" : 0.053800000000000001
    },
    "K9s" : {
      "fold" : 0.92210000000000003,
      "raise3x" : 0.077899999999999997
    },
    "KJs" : {
      "call" : 0.62809999999999999,
      "raise3x" : 0.37190000000000001
    },
    "KK" : {
      "call" : 0.78410000000000002,
      "raise3x" : 0.21590000000000001
    },
    "KQs" : {
      "call" : 1
    },
    "KTs" : {
      "call" : 0.84830000000000005,
      "fold" : 0.023900000000000001,
      "raise3x" : 0.1278
    },
    "QJs" : {
      "call" : 1
    },
    "QQ" : {
      "call" : 1
    },
    "QTs" : {
      "call" : 0.95620000000000005,
      "fold" : 0.043799999999999999
    },
    "T9s" : {
      "call" : 0.5101,
      "fold" : 0.4899
    },
    "TT" : {
      "call" : 1
    }
  },
  "id" : "mtt_8max_100bb_utg1_vs3bet_vs_bb",
  "source" : {
    "description" : "RangeConverter free PDF — 8-max 100bb 1bb ante (12.5%).",
    "publisher" : {
      "accessedDate" : "2026-06-01",
      "name" : "RangeConverter",
      "product" : "Free Poker Charts — 8 max 1bb ante MTT GTO Ranges",
      "treeParams" : "poker.academy CE-Symmetric Regular @ 100bb (GTO ChipEV, 1bb ante)",
      "url" : "https:\/\/rangeconverter.com\/free-poker-charts"
    },
    "solver" : {
      "assumptions" : "Frequencies rounded to nearest 25% per source. ChipEV (non-ICM). 1bb (12.5%) big-blind ante."
    },
    "type" : "published"
  },
  "spot" : {
    "anteType" : "bigBlindAnte",
    "facingAction" : "vs3Bet",
    "opponentPosition" : "BB",
    "position" : "UTG1",
    "stackDepthBB" : 100
  }
}