{
  "format" : "NLHE_MTT_9MAX",
  "hands" : {
    "55" : {
      "call" : 0.26989999999999997,
      "fold" : 0.73009999999999997
    },
    "66" : {
      "call" : 0.70409999999999995,
      "fold" : 0.2959
    },
    "76s" : {
      "call" : 0.26300000000000001,
      "fold" : 0.73699999999999999
    },
    "77" : {
      "call" : 1
    },
    "87s" : {
      "call" : 0.68469999999999998,
      "fold" : 0.31530000000000002
    },
    "88" : {
      "call" : 1
    },
    "99" : {
      "call" : 1
    },
    "A3s" : {
      "call" : 0.85599999999999998,
      "fold" : 0.14399999999999999
    },
    "A4s" : {
      "call" : 1
    },
    "A5s" : {
      "call" : 1
    },
    "A6s" : {
      "call" : 0.2059,
      "fold" : 0.79410000000000003
    },
    "A7s" : {
      "call" : 0.94810000000000005,
      "fold" : 0.051899999999999988
    },
    "A8s" : {
      "call" : 1
    },
    "A9s" : {
      "call" : 1
    },
    "AA" : {
      "call" : 1
    },
    "AJo" : {
      "call" : 0.22189999999999999,
      "fold" : 0.77810000000000001
    },
    "AJs" : {
      "call" : 1
    },
    "AKo" : {
      "shove" : 1
    },
    "AKs" : {
      "call" : 0.22,
      "shove" : 0.78000000000000003
    },
    "AQo" : {
      "call" : 1
    },
    "AQs" : {
      "call" : 1
    },
    "ATs" : {
      "call" : 1
    },
    "J9s" : {
      "call" : 0.11990000000000001,
      "fold" : 0.88009999999999999
    },
    "JJ" : {
      "call" : 1
    },
    "JTs" : {
      "call" : 1
    },
    "K6s" : {
      "call" : 0.27800000000000002,
      "fold" : 0.72199999999999998
    },
    "K9s" : {
      "call" : 0.96799999999999997,
      "fold" : 0.032000000000000001
    },
    "KJo" : {
      "call" : 0.32200000000000001,
      "fold" : 0.67800000000000005
    },
    "KJs" : {
      "call" : 1
    },
    "KK" : {
      "call" : 0.69399999999999995,
      "shove" : 0.30599999999999999
    },
    "KQo" : {
      "call" : 0.60609999999999997,
      "fold" : 0.39389999999999997
    },
    "KQs" : {
      "call" : 1
    },
    "KTs" : {
      "call" : 1
    },
    "QJs" : {
      "call" : 1
    },
    "QQ" : {
      "call" : 0.33389999999999997,
      "shove" : 0.66610000000000003
    },
    "QTs" : {
      "call" : 1
    },
    "T9s" : {
      "call" : 1
    },
    "TT" : {
      "call" : 1
    }
  },
  "id" : "mtt_9max_50bb_lj_vs3bet_vs_bb",
  "source" : {
    "description" : "Adapted from RangeConverter 8-max baseline.",
    "publisher" : {
      "accessedDate" : "2026-06-01",
      "name" : "RangeConverter",
      "product" : "Free Poker Charts — 8 max 1bb ante MTT GTO Ranges",
      "treeParams" : "2.5x open, 3.5x 3bet IP, 4.5x 3bet OOP, 2.3x 4bet IP, 2.75x 4bet OOP, SB vs BB 3.2bb",
      "url" : "https:\/\/rangeconverter.com\/free-poker-charts"
    },
    "solver" : {
      "assumptions" : "Frequencies rounded to nearest 25% per source. ChipEV (non-ICM). 1bb (12.5%) big-blind ante. Copied verbatim from 8-max LJ (same effective seat in 9-max)."
    },
    "type" : "published"
  },
  "spot" : {
    "anteType" : "bigBlindAnte",
    "facingAction" : "vs3Bet",
    "opponentPosition" : "BB",
    "position" : "LJ",
    "stackDepthBB" : 50
  }
}