{
  "format" : "NLHE_MTT_9MAX",
  "hands" : {
    "22" : {
      "call" : 1
    },
    "33" : {
      "call" : 1
    },
    "44" : {
      "call" : 1
    },
    "55" : {
      "call" : 1
    },
    "66" : {
      "call" : 1
    },
    "77" : {
      "call" : 1
    },
    "88" : {
      "call" : 1
    },
    "99" : {
      "call" : 1
    },
    "A4s" : {
      "call" : 0.82999999999999996,
      "raise25x" : 0.17000000000000001
    },
    "A5s" : {
      "call" : 0.81399999999999995,
      "raise25x" : 0.186
    },
    "A6s" : {
      "call" : 0.36199999999999999,
      "fold" : 0.61019999999999996,
      "raise25x" : 0.027800000000000002
    },
    "A7s" : {
      "call" : 0.19839999999999999,
      "fold" : 0.6875,
      "raise25x" : 0.11409999999999999
    },
    "A8s" : {
      "call" : 0.38719999999999999,
      "fold" : 0.23350000000000001,
      "raise25x" : 0.37930000000000003
    },
    "A9s" : {
      "call" : 1
    },
    "AA" : {
      "raise25x" : 1
    },
    "AJo" : {
      "fold" : 0.96609999999999996,
      "raise25x" : 0.0339
    },
    "AJs" : {
      "call" : 1
    },
    "AKo" : {
      "call" : 0.28799999999999998,
      "raise25x" : 0.1139,
      "shove" : 0.59809999999999997
    },
    "AKs" : {
      "raise25x" : 1
    },
    "AQo" : {
      "call" : 0.72599999999999998,
      "raise25x" : 0.27400000000000002
    },
    "AQs" : {
      "call" : 1
    },
    "ATs" : {
      "call" : 0.86809999999999998,
      "raise25x" : 0.13189999999999999
    },
    "J9s" : {
      "call" : 0.15190000000000001,
      "fold" : 0.84809999999999997
    },
    "JJ" : {
      "call" : 0.67010000000000003,
      "raise25x" : 0.32990000000000003
    },
    "JTs" : {
      "call" : 1
    },
    "K6s" : {
      "call" : 1
    },
    "K9s" : {
      "call" : 0.49199999999999999,
      "fold" : 0.30599999999999999,
      "raise25x" : 0.20200000000000001
    },
    "KJs" : {
      "call" : 0.4899,
      "raise25x" : 0.5101
    },
    "KK" : {
      "raise25x" : 0.48599999999999999,
      "shove" : 0.51400000000000001
    },
    "KQs" : {
      "call" : 1
    },
    "KTs" : {
      "call" : 0.82010000000000005,
      "raise25x" : 0.1799
    },
    "QJs" : {
      "call" : 1
    },
    "QQ" : {
      "call" : 0.55000000000000004,
      "raise25x" : 0.43009999999999998,
      "shove" : 0.019899999999999998
    },
    "QTs" : {
      "call" : 1
    },
    "T8s" : {
      "call" : 0.54710000000000003,
      "fold" : 0.45290000000000002
    },
    "T9s" : {
      "call" : 1
    },
    "TT" : {
      "call" : 0.81200000000000006,
      "raise25x" : 0.188
    }
  },
  "id" : "mtt_9max_60bb_utg_vs3bet_vs_hj",
  "source" : {
    "description" : "Adapted from RangeConverter 8-max baseline.",
    "publisher" : {
      "accessedDate" : "2026-06-01",
      "name" : "RangeConverter",
      "product" : "Free Poker Charts — 8 max 1bb ante MTT GTO Ranges",
      "treeParams" : "2.5x open, 3.5x 3bet IP, 4.5x 3bet OOP, 2.3x 4bet IP, 2.75x 4bet OOP, SB vs BB 3.2bb",
      "url" : "https:\/\/rangeconverter.com\/free-poker-charts"
    },
    "solver" : {
      "assumptions" : "Frequencies rounded to nearest 25% per source. ChipEV (non-ICM). 1bb (12.5%) big-blind ante. Adapted from 8-max UTG; weakest combos (54s, 65s, 76s, 87s, 98s, A2s, A3s, JTo, K7s, K8s, T9o) demoted to fold to reach the 9-max UTG VPIP band."
    },
    "type" : "published"
  },
  "spot" : {
    "anteType" : "bigBlindAnte",
    "facingAction" : "vs3Bet",
    "opponentPosition" : "HJ",
    "position" : "UTG",
    "stackDepthBB" : 60
  }
}