{
  "format" : "NLHE_MTT_9MAX",
  "hands" : {
    "33" : {
      "call" : 0.039,
      "fold" : 0.96099999999999997
    },
    "43s" : {
      "call" : 0.0060000000000000001,
      "fold" : 0.99399999999999999
    },
    "44" : {
      "call" : 0.35820000000000002,
      "fold" : 0.64180000000000004
    },
    "55" : {
      "call" : 0.13120000000000001,
      "fold" : 0.86880000000000002
    },
    "64s" : {
      "call" : 0.013300000000000001,
      "fold" : 0.98670000000000002
    },
    "66" : {
      "call" : 0.070499999999999979,
      "fold" : 0.92949999999999999
    },
    "75s" : {
      "call" : 0.0018,
      "fold" : 0.99819999999999998
    },
    "77" : {
      "call" : 0.031899999999999998,
      "fold" : 0.96809999999999996
    },
    "86s" : {
      "call" : 0.0023,
      "fold" : 0.99770000000000003
    },
    "88" : {
      "call" : 0.20810000000000001,
      "fold" : 0.79190000000000005
    },
    "97s" : {
      "call" : 0.0998,
      "fold" : 0.9002
    },
    "99" : {
      "call" : 0.32779999999999998,
      "fold" : 0.67220000000000002
    },
    "A2o" : {
      "call" : 0.031699999999999999,
      "fold" : 0.96830000000000005
    },
    "A3o" : {
      "call" : 0.0011000000000000001,
      "fold" : 0.99890000000000001
    },
    "A4o" : {
      "call" : 0.0030999999999999999,
      "fold" : 0.99690000000000001
    },
    "A4s" : {
      "call" : 0.049099999999999998,
      "fold" : 0.95089999999999997
    },
    "A5o" : {
      "call" : 0.0051000000000000004,
      "fold" : 0.99490000000000001
    },
    "A5s" : {
      "call" : 0.017899999999999999,
      "fold" : 0.98209999999999997
    },
    "A6o" : {
      "call" : 0.059399999999999994,
      "fold" : 0.94059999999999999
    },
    "A6s" : {
      "call" : 0.0161,
      "fold" : 0.9839
    },
    "A7o" : {
      "call" : 0.0091999999999999998,
      "fold" : 0.99080000000000001
    },
    "A7s" : {
      "call" : 0.041299999999999996,
      "fold" : 0.9587
    },
    "A8o" : {
      "call" : 0.0286,
      "fold" : 0.97140000000000004
    },
    "A8s" : {
      "call" : 0.032399999999999998,
      "fold" : 0.96760000000000002
    },
    "A9o" : {
      "call" : 0.0114,
      "fold" : 0.98860000000000003
    },
    "A9s" : {
      "call" : 0.18740000000000001,
      "fold" : 0.81259999999999999
    },
    "AA" : {
      "call" : 1
    },
    "AJo" : {
      "call" : 0.0067999999999999988,
      "fold" : 0.99319999999999997
    },
    "AJs" : {
      "call" : 0.074899999999999994,
      "fold" : 0.92510000000000003
    },
    "AKo" : {
      "call" : 0.99939999999999996
    },
    "AKs" : {
      "call" : 0.99760000000000004,
      "fold" : 0.0024000000000000002
    },
    "AQo" : {
      "call" : 0.40300000000000002,
      "fold" : 0.59699999999999998
    },
    "AQs" : {
      "call" : 0.8145,
      "fold" : 0.1855
    },
    "ATo" : {
      "call" : 0.027900000000000001,
      "fold" : 0.97209999999999996
    },
    "ATs" : {
      "call" : 0.33560000000000001,
      "fold" : 0.66439999999999999
    },
    "J3s" : {
      "fold" : 0.99960000000000004
    },
    "J4s" : {
      "call" : 0.0060000000000000001,
      "fold" : 0.99399999999999999
    },
    "J5s" : {
      "fold" : 0.99970000000000003
    },
    "J6s" : {
      "call" : 0.027399999999999997,
      "fold" : 0.97260000000000002
    },
    "J7s" : {
      "call" : 0.016999999999999998,
      "fold" : 0.98299999999999998
    },
    "J8o" : {
      "fold" : 0.99909999999999999
    },
    "J8s" : {
      "call" : 0.25659999999999999,
      "fold" : 0.74339999999999995
    },
    "J9o" : {
      "call" : 0.0038,
      "fold" : 0.99619999999999997
    },
    "J9s" : {
      "call" : 0.0027000000000000001,
      "fold" : 0.99729999999999996
    },
    "JJ" : {
      "call" : 0.94359999999999999,
      "fold" : 0.056399999999999992
    },
    "JTs" : {
      "call" : 0.042599999999999999,
      "fold" : 0.95740000000000003
    },
    "K3s" : {
      "call" : 0.0022000000000000001,
      "fold" : 0.99780000000000002
    },
    "K4s" : {
      "call" : 0.0071999999999999998,
      "fold" : 0.99280000000000002
    },
    "K5s" : {
      "call" : 0.077600000000000002,
      "fold" : 0.9224
    },
    "K6s" : {
      "call" : 0.0086,
      "fold" : 0.99139999999999995
    },
    "K7o" : {
      "call" : 0.0012000000000000001,
      "fold" : 0.99880000000000002
    },
    "K8o" : {
      "call" : 0.0112,
      "fold" : 0.98880000000000001
    },
    "K9o" : {
      "call" : 0.0036999999999999997,
      "fold" : 0.99629999999999996
    },
    "K9s" : {
      "call" : 0.027300000000000001,
      "fold" : 0.97270000000000001
    },
    "KJo" : {
      "call" : 0.021399999999999995,
      "fold" : 0.97860000000000003
    },
    "KJs" : {
      "call" : 0.097599999999999992,
      "fold" : 0.90239999999999998
    },
    "KK" : {
      "call" : 1
    },
    "KQo" : {
      "call" : 0.016499999999999997,
      "fold" : 0.98350000000000004
    },
    "KQs" : {
      "call" : 0.158,
      "fold" : 0.84199999999999997
    },
    "KTo" : {
      "call" : 0.0040000000000000001,
      "fold" : 0.996
    },
    "KTs" : {
      "call" : 0.54600000000000004,
      "fold" : 0.45400000000000001
    },
    "Q3s" : {
      "fold" : 0.99990000000000001
    },
    "Q4s" : {
      "call" : 0.0014,
      "fold" : 0.99860000000000004
    },
    "Q5s" : {
      "call" : 0.012500000000000001,
      "fold" : 0.98750000000000004
    },
    "Q6s" : {
      "call" : 0.033099999999999984,
      "fold" : 0.96689999999999998
    },
    "Q7s" : {
      "call" : 0.056600000000000004,
      "fold" : 0.94340000000000002
    },
    "Q8s" : {
      "call" : 0.16270000000000001,
      "fold" : 0.83730000000000004
    },
    "Q9o" : {
      "call" : 0.0025000000000000001,
      "fold" : 0.99750000000000005
    },
    "Q9s" : {
      "call" : 0.50049999999999994,
      "fold" : 0.4995
    },
    "QJo" : {
      "call" : 0.0013000000000000002,
      "fold" : 0.99870000000000003
    },
    "QJs" : {
      "call" : 0.037499999999999999,
      "fold" : 0.96250000000000002
    },
    "QQ" : {
      "call" : 0.99490000000000001,
      "fold" : 0.0051000000000000004
    },
    "QTo" : {
      "call" : 0.0011000000000000001,
      "fold" : 0.99890000000000001
    },
    "QTs" : {
      "call" : 0.0061999999999999998,
      "fold" : 0.99380000000000002
    },
    "T7s" : {
      "fold" : 0.999
    },
    "T8s" : {
      "call" : 0.1772,
      "fold" : 0.82279999999999998
    },
    "T9s" : {
      "call" : 0.7833,
      "fold" : 0.2167
    },
    "TT" : {
      "call" : 0.94430000000000003,
      "fold" : 0.0557
    }
  },
  "id" : "mtt_9max_50bb_utg_vs3betjam",
  "source" : {
    "description" : "Adapted from RangeConverter 8-max baseline.",
    "publisher" : {
      "accessedDate" : "2026-06-01",
      "name" : "RangeConverter",
      "product" : "Free Poker Charts — 8 max 1bb ante MTT GTO Ranges",
      "treeParams" : "2.5x open, 3.5x 3bet IP, 4.5x 3bet OOP, 2.3x 4bet IP, 2.75x 4bet OOP, SB vs BB 3.2bb",
      "url" : "https:\/\/rangeconverter.com\/free-poker-charts"
    },
    "solver" : {
      "assumptions" : "Frequencies rounded to nearest 25% per source. ChipEV (non-ICM). 1bb (12.5%) big-blind ante. Adapted from 8-max UTG; weakest combos (54s, 65s, 76s, 87s, 98s, A2s, A3s, JTo, K7s, K8s, T9o) demoted to fold to reach the 9-max UTG VPIP band."
    },
    "type" : "published"
  },
  "spot" : {
    "anteType" : "bigBlindAnte",
    "facingAction" : "vs3BetJam",
    "position" : "UTG",
    "stackDepthBB" : 50
  }
}