{
  "format" : "NLHE_MTT_9MAX",
  "hands" : {
    "22" : {
      "call" : 0.72789999999999999,
      "fold" : 0.15939999999999999,
      "shove" : 0.1125
    },
    "33" : {
      "call" : 0.4602,
      "fold" : 0.046899999999999997,
      "raise25x" : 0.0013000000000000002,
      "shove" : 0.49149999999999999
    },
    "44" : {
      "call" : 0.97030000000000005,
      "fold" : 0.023799999999999998,
      "raise25x" : 0.0013000000000000002,
      "shove" : 0.0045999999999999999
    },
    "55" : {
      "call" : 0.33040000000000003,
      "fold" : 0.069500000000000034,
      "raise25x" : 0.018599999999999998,
      "shove" : 0.58150000000000002
    },
    "64s" : {
      "call" : 0.66820000000000002,
      "fold" : 0.28789999999999999,
      "shove" : 0.043400000000000001
    },
    "66" : {
      "call" : 0.99439999999999995,
      "fold" : 0.0022000000000000001,
      "shove" : 0.0027000000000000001
    },
    "74s" : {
      "call" : 0.44379999999999997,
      "fold" : 0.1492,
      "shove" : 0.40689999999999998
    },
    "75s" : {
      "call" : 0.89539999999999997,
      "fold" : 0.085099999999999995,
      "shove" : 0.0195
    },
    "77" : {
      "call" : 0.871,
      "fold" : 0.032000000000000001,
      "raise25x" : 0.0023,
      "shove" : 0.09459999999999999
    },
    "84s" : {
      "call" : 0.58509999999999995,
      "fold" : 0.13750000000000001,
      "shove" : 0.27689999999999998
    },
    "86s" : {
      "call" : 0.46060000000000001,
      "fold" : 0.50560000000000005,
      "raise25x" : 0.0022000000000000001,
      "shove" : 0.031699999999999999
    },
    "88" : {
      "call" : 0.94630000000000003,
      "fold" : 0.0111,
      "raise25x" : 0.0030000000000000001,
      "shove" : 0.039600000000000003
    },
    "95s" : {
      "call" : 0.69630000000000003,
      "fold" : 0.30330000000000001
    },
    "96s" : {
      "call" : 0.76859999999999995,
      "fold" : 0.23119999999999999
    },
    "99" : {
      "call" : 0.97789999999999999,
      "fold" : 0.0067999999999999988,
      "raise25x" : 0.012,
      "shove" : 0.0033
    },
    "A2o" : {
      "call" : 0.93940000000000001,
      "fold" : 0.056600000000000004,
      "raise25x" : 0.0027000000000000001,
      "shove" : 0.0013000000000000002
    },
    "A3o" : {
      "call" : 0.88800000000000001,
      "fold" : 0.1103,
      "shove" : 0.0016999999999999997
    },
    "A4o" : {
      "call" : 0.80159999999999998,
      "fold" : 0.17580000000000001,
      "shove" : 0.0224
    },
    "A4s" : {
      "call" : 0.98160000000000003,
      "fold" : 0.016499999999999997,
      "raise25x" : 0.0014
    },
    "A5o" : {
      "call" : 0.96830000000000005,
      "fold" : 0.026200000000000001,
      "shove" : 0.0045999999999999999
    },
    "A5s" : {
      "call" : 0.42559999999999998,
      "fold" : 0.03160000000000001,
      "raise25x" : 0.0048000000000000004,
      "shove" : 0.53800000000000003
    },
    "A6o" : {
      "call" : 0.95730000000000004,
      "fold" : 0.0057999999999999996,
      "shove" : 0.036799999999999999
    },
    "A6s" : {
      "call" : 0.96250000000000002,
      "fold" : 0.033999999999999996,
      "shove" : 0.0033
    },
    "A7o" : {
      "call" : 0.89190000000000003,
      "fold" : 0.10730000000000001
    },
    "A7s" : {
      "call" : 0.88260000000000005,
      "fold" : 0.064399999999999999,
      "raise25x" : 0.0034999999999999996,
      "shove" : 0.049500000000000002
    },
    "A8o" : {
      "call" : 0.77210000000000001,
      "fold" : 0.1953,
      "raise25x" : 0.0077999999999999996,
      "shove" : 0.024799999999999999
    },
    "A8s" : {
      "call" : 0.98350000000000004,
      "fold" : 0.0143,
      "shove" : 0.0021000000000000003
    },
    "A9o" : {
      "call" : 0.97489999999999999,
      "fold" : 0.0184,
      "shove" : 0.0067000000000000002
    },
    "A9s" : {
      "call" : 0.96050000000000002,
      "fold" : 0.036299999999999999,
      "raise25x" : 0.0015,
      "shove" : 0.0016999999999999997
    },
    "AA" : {
      "raise25x" : 0.60840000000000005,
      "shove" : 0.3916
    },
    "AJo" : {
      "call" : 0.99450000000000005,
      "fold" : 0.0011000000000000001,
      "shove" : 0.0042000000000000006
    },
    "AJs" : {
      "call" : 0.98850000000000005,
      "fold" : 0.0070999999999999995,
      "raise25x" : 0.0038
    },
    "AKo" : {
      "call" : 0.86150000000000004,
      "raise25x" : 0.085900000000000004,
      "shove" : 0.052600000000000001
    },
    "AKs" : {
      "call" : 0.36870000000000003,
      "fold" : 0.0048000000000000004,
      "raise25x" : 0.018700000000000001,
      "shove" : 0.6079
    },
    "AQo" : {
      "call" : 0.94140000000000001,
      "raise25x" : 0.053700000000000005,
      "shove" : 0.0040999999999999995
    },
    "AQs" : {
      "call" : 0.95909999999999995,
      "fold" : 0.0060000000000000001,
      "raise25x" : 0.0135,
      "shove" : 0.021299999999999999
    },
    "ATo" : {
      "call" : 0.97609999999999997,
      "raise25x" : 0.017100000000000001,
      "shove" : 0.0059000000000000007
    },
    "ATs" : {
      "call" : 0.75539999999999996,
      "fold" : 0.077299999999999994,
      "raise25x" : 0.086200000000000013,
      "shove" : 0.081099999999999992
    },
    "J4s" : {
      "call" : 0.70679999999999998,
      "fold" : 0.2034,
      "raise25x" : 0.068000000000000033,
      "shove" : 0.021700000000000001
    },
    "J6s" : {
      "call" : 0.60609999999999997,
      "fold" : 0.376,
      "shove" : 0.0172
    },
    "J7s" : {
      "call" : 0.86990000000000001,
      "fold" : 0.076700000000000004,
      "raise25x" : 0.039699999999999999,
      "shove" : 0.0138
    },
    "J8s" : {
      "call" : 0.86399999999999999,
      "fold" : 0.1164,
      "raise25x" : 0.0035999999999999999,
      "shove" : 0.016
    },
    "J9o" : {
      "call" : 0.52280000000000004,
      "fold" : 0.47039999999999998,
      "raise25x" : 0.0011000000000000001,
      "shove" : 0.0057000000000000011
    },
    "J9s" : {
      "call" : 0.96530000000000005,
      "fold" : 0.023199999999999998,
      "raise25x" : 0.0088000000000000005,
      "shove" : 0.0026000000000000003
    },
    "JJ" : {
      "call" : 0.86839999999999995,
      "fold" : 0.0015,
      "raise25x" : 0.0027000000000000001,
      "shove" : 0.12740000000000001
    },
    "JTs" : {
      "call" : 0.91400000000000003,
      "fold" : 0.076700000000000004,
      "raise25x" : 0.0030000000000000001,
      "shove" : 0.0061999999999999998
    },
    "K2s" : {
      "call" : 0.53990000000000005,
      "fold" : 0.4546,
      "raise25x" : 0.0028,
      "shove" : 0.0027000000000000001
    },
    "K3s" : {
      "call" : 0.84360000000000002,
      "fold" : 0.15260000000000001,
      "shove" : 0.0036999999999999997
    },
    "K4s" : {
      "call" : 0.27300000000000002,
      "fold" : 0.72689999999999999
    },
    "K5s" : {
      "call" : 0.58479999999999999,
      "fold" : 0.33610000000000001,
      "shove" : 0.078800000000000009
    },
    "K6s" : {
      "call" : 0.58679999999999999,
      "fold" : 0.41010000000000002,
      "shove" : 0.0030000000000000001
    },
    "K7o" : {
      "call" : 0.33050000000000002,
      "fold" : 0.66930000000000001
    },
    "K8o" : {
      "call" : 0.15920000000000001,
      "fold" : 0.84060000000000001
    },
    "K9o" : {
      "call" : 0.99139999999999995,
      "fold" : 0.0077000000000000002
    },
    "K9s" : {
      "call" : 0.72840000000000005,
      "fold" : 0.26350000000000001,
      "shove" : 0.0072999999999999992
    },
    "KJo" : {
      "call" : 0.99629999999999996,
      "fold" : 0.0032000000000000002
    },
    "KJs" : {
      "call" : 0.9425,
      "fold" : 0.0091000000000000004,
      "shove" : 0.047400000000000005
    },
    "KK" : {
      "call" : 0.35149999999999998,
      "raise25x" : 0.1158,
      "shove" : 0.53269999999999995
    },
    "KQo" : {
      "call" : 0.99250000000000005,
      "fold" : 0.0014,
      "raise25x" : 0.0035999999999999999,
      "shove" : 0.0025000000000000001
    },