{
  "format" : "NLHE_MTT_9MAX",
  "hands" : {
    "22" : {
      "call" : 1
    },
    "33" : {
      "call" : 1
    },
    "44" : {
      "call" : 0.75009999999999999,
      "shove" : 0.24990000000000001
    },
    "54s" : {
      "call" : 0.83499999999999996,
      "fold" : 0.16500000000000001
    },
    "55" : {
      "call" : 0.80510000000000004,
      "raise25x" : 0.19489999999999999
    },
    "65s" : {
      "call" : 0.55989999999999995,
      "fold" : 0.44009999999999999
    },
    "66" : {
      "call" : 0.81510000000000005,
      "raise25x" : 0.18490000000000001
    },
    "76s" : {
      "call" : 1
    },
    "77" : {
      "call" : 0.0746,
      "raise25x" : 0.4279,
      "shove" : 0.4975
    },
    "87s" : {
      "call" : 1
    },
    "88" : {
      "raise25x" : 0.38500000000000001,
      "shove" : 0.61499999999999999
    },
    "98s" : {
      "call" : 1
    },
    "99" : {
      "raise25x" : 0.36509999999999998,
      "shove" : 0.63490000000000002
    },
    "A2s" : {
      "call" : 0.30859999999999999,
      "raise25x" : 0.59179999999999999,
      "shove" : 0.099599999999999994
    },
    "A3s" : {
      "call" : 1
    },
    "A4s" : {
      "call" : 0.74019999999999997,
      "raise25x" : 0.13489999999999999,
      "shove" : 0.1249
    },
    "A5s" : {
      "call" : 0.60999999999999999,
      "raise25x" : 0.39000000000000001
    },
    "A6s" : {
      "call" : 0.93520000000000003,
      "raise25x" : 0.064799999999999996
    },
    "A7o" : {
      "fold" : 0.66510000000000002,
      "raise25x" : 0.33489999999999998
    },
    "A7s" : {
      "call" : 1
    },
    "A8o" : {
      "raise25x" : 1
    },
    "A8s" : {
      "call" : 1
    },
    "A9o" : {
      "call" : 0.32990000000000003,
      "raise25x" : 0.67010000000000003
    },
    "A9s" : {
      "call" : 1
    },
    "AA" : {
      "raise25x" : 1
    },
    "AJo" : {
      "raise25x" : 0.27489999999999998,
      "shove" : 0.72509999999999997
    },
    "AJs" : {
      "raise25x" : 1
    },
    "AKo" : {
      "raise25x" : 0.78000000000000003,
      "shove" : 0.22
    },
    "AKs" : {
      "raise25x" : 1
    },
    "AQo" : {
      "shove" : 1
    },
    "AQs" : {
      "raise25x" : 1
    },
    "ATo" : {
      "call" : 0.63,
      "raise25x" : 0.37
    },
    "ATs" : {
      "call" : 1
    },
    "J8s" : {
      "call" : 0.91500000000000004,
      "raise25x" : 0.084999999999999992
    },
    "J9s" : {
      "call" : 1
    },
    "JJ" : {
      "raise25x" : 1
    },
    "JTo" : {
      "call" : 0.52010000000000001,
      "fold" : 0.1799,
      "raise25x" : 0.29999999999999999
    },
    "JTs" : {
      "shove" : 1
    },
    "K5s" : {
      "call" : 0.84999999999999998,
      "raise25x" : 0.14999999999999999
    },
    "K6s" : {
      "call" : 0.89510000000000001,
      "raise25x" : 0.10489999999999999
    },
    "K7s" : {
      "call" : 0.36509999999999998,
      "raise25x" : 0.63490000000000002
    },
    "K8s" : {
      "call" : 1
    },
    "K9s" : {
      "call" : 1
    },
    "KJo" : {
      "call" : 0.52500000000000002,
      "raise25x" : 0.47499999999999998
    },
    "KJs" : {
      "call" : 0.79020000000000001,
      "shove" : 0.20979999999999999
    },
    "KK" : {
      "raise25x" : 1
    },
    "KQo" : {
      "call" : 0.38009999999999999,
      "raise25x" : 0.064799999999999996,
      "shove" : 0.55510000000000004
    },
    "KQs" : {
      "call" : 0.14999999999999999,
      "raise25x" : 0.84999999999999998
    },
    "KTo" : {
      "call" : 0.74009999999999998,
      "raise25x" : 0.25990000000000002
    },
    "KTs" : {
      "call" : 0.080000000000000002,
      "shove" : 0.92000000000000004
    },
    "Q7s" : {
      "fold" : 0.98999999999999999,
      "raise25x" : 0.01
    },
    "Q8s" : {
      "call" : 0.73509999999999998,
      "raise25x" : 0.26490000000000002
    },
    "Q9s" : {
      "call" : 1
    },
    "QJo" : {
      "call" : 0.58509999999999995,
      "raise25x" : 0.41489999999999999
    },
    "QJs" : {
      "call" : 0.68500000000000005,
      "shove" : 0.315
    },
    "QQ" : {
      "raise25x" : 1
    },
    "QTo" : {
      "call" : 0.60999999999999999,
      "raise25x" : 0.39000000000000001
    },
    "QTs" : {
      "call" : 0.084999999999999992,
      "shove" : 0.91500000000000004
    },
    "T8s" : {
      "call" : 1
    },
    "T9s" : {
      "call" : 1
    },
    "TT" : {
      "raise25x" : 1
    }
  },
  "id" : "mtt_9max_35bb_sb_vsopen_vs_co",
  "source" : {
    "description" : "Adapted from RangeConverter 8-max baseline.",
    "publisher" : {
      "accessedDate" : "2026-06-01",
      "name" : "RangeConverter",
      "product" : "Free Poker Charts — 8 max 1bb ante MTT GTO Ranges",
      "treeParams" : "2.5x open, 3.5x 3bet IP, 4.5x 3bet OOP, 2.3x 4bet IP, 2.75x 4bet OOP, SB vs BB 3.2bb",
      "url" : "https:\/\/rangeconverter.com\/free-poker-charts"
    },
    "solver" : {
      "assumptions" : "Frequencies rounded to nearest 25% per source. ChipEV (non-ICM). 1bb (12.5%) big-blind ante. Copied verbatim from 8-max SB (same effective seat in 9-max)."
    },
    "type" : "published"
  },
  "spot" : {
    "anteType" : "bigBlindAnte",
    "facingAction" : "vsOpen",
    "opponentPosition" : "CO",
    "position" : "SB",
    "stackDepthBB" : 35
  }
}