{
  "format" : "NLHE_MTT_8MAX",
  "hands" : {
    "22" : {
      "fold" : 1
    },
    "32o" : {
      "fold" : 1
    },
    "32s" : {
      "fold" : 1
    },
    "33" : {
      "fold" : 0.99980000000000002
    },
    "42o" : {
      "fold" : 1
    },
    "42s" : {
      "fold" : 1
    },
    "43o" : {
      "fold" : 1
    },
    "43s" : {
      "fold" : 0.99980000000000002
    },
    "44" : {
      "fold" : 0.98309999999999997,
      "raise25x" : 0.016899999999999998
    },
    "52o" : {
      "fold" : 1
    },
    "52s" : {
      "fold" : 1
    },
    "53o" : {
      "fold" : 1
    },
    "53s" : {
      "fold" : 1
    },
    "54o" : {
      "fold" : 1
    },
    "54s" : {
      "fold" : 1
    },
    "55" : {
      "fold" : 0.1056,
      "raise25x" : 0.89439999999999997
    },
    "62o" : {
      "fold" : 1
    },
    "62s" : {
      "fold" : 1
    },
    "63o" : {
      "fold" : 1
    },
    "63s" : {
      "fold" : 0.99990000000000001
    },
    "64o" : {
      "fold" : 1
    },
    "64s" : {
      "fold" : 1
    },
    "65o" : {
      "fold" : 1
    },
    "65s" : {
      "fold" : 1
    },
    "66" : {
      "raise25x" : 0.99950000000000006
    },
    "72o" : {
      "fold" : 1
    },
    "72s" : {
      "fold" : 1
    },
    "73o" : {
      "fold" : 1
    },
    "73s" : {
      "fold" : 1
    },
    "74o" : {
      "fold" : 1
    },
    "74s" : {
      "fold" : 1
    },
    "75o" : {
      "fold" : 1
    },
    "75s" : {
      "fold" : 1
    },
    "76o" : {
      "fold" : 1
    },
    "76s" : {
      "fold" : 0.99970000000000003
    },
    "77" : {
      "fold" : 0.0012999999999999999,
      "raise25x" : 0.99870000000000003
    },
    "82o" : {
      "fold" : 1
    },
    "82s" : {
      "fold" : 0.99990000000000001
    },
    "83o" : {
      "fold" : 1
    },
    "83s" : {
      "fold" : 1
    },
    "84o" : {
      "fold" : 1
    },
    "84s" : {
      "fold" : 1
    },
    "85o" : {
      "fold" : 1
    },
    "85s" : {
      "fold" : 1
    },
    "86o" : {
      "fold" : 1
    },
    "86s" : {
      "fold" : 0.99909999999999999
    },
    "87o" : {
      "fold" : 1
    },
    "87s" : {
      "fold" : 0.99970000000000003
    },
    "88" : {
      "raise25x" : 1
    },
    "92o" : {
      "fold" : 1
    },
    "92s" : {
      "fold" : 1
    },
    "93o" : {
      "fold" : 1
    },
    "93s" : {
      "fold" : 1
    },
    "94o" : {
      "fold" : 1
    },
    "94s" : {
      "fold" : 1
    },
    "95o" : {
      "fold" : 1
    },
    "95s" : {
      "fold" : 1
    },
    "96o" : {
      "fold" : 1
    },
    "96s" : {
      "fold" : 0.99990000000000001
    },
    "97o" : {
      "fold" : 1
    },
    "97s" : {
      "fold" : 1
    },
    "98o" : {
      "fold" : 1
    },
    "98s" : {
      "fold" : 0.99709999999999999,
      "raise25x" : 0.0028999999999999998
    },
    "99" : {
      "raise25x" : 1
    },
    "A2o" : {
      "fold" : 0.8095,
      "raise25x" : 0.1905
    },
    "A2s" : {
      "fold" : 0.024500000000000001,
      "raise25x" : 0.97550000000000003
    },
    "A3o" : {
      "fold" : 0.020400000000000001,
      "raise25x" : 0.97960000000000003
    },
    "A3s" : {
      "fold" : 0.59299999999999997,
      "raise25x" : 0.40699999999999997
    },
    "A4o" : {
      "fold" : 0.1229,
      "raise25x" : 0.87709999999999999
    },
    "A4s" : {
      "fold" : 0.45279999999999998,
      "raise25x" : 0.54720000000000002
    },
    "A5o" : {
      "fold" : 0.014800000000000001,
      "raise25x" : 0.98519999999999996
    },
    "A5s" : {
      "fold" : 0.161,
      "raise25x" : 0.83899999999999997
    },
    "A6o" : {
      "fold" : 0.0083000000000000001,
      "raise25x" : 0.99170000000000003
    },
    "A6s" : {
      "fold" : 0.091300000000000006,
      "raise25x" : 0.90869999999999995
    },
    "A7o" : {
      "raise25x" : 0.99970000000000003
    },
    "A7s" : {
      "raise25x" : 0.99939999999999996
    },
    "A8o" : {
      "raise25x" : 1
    },
    "A8s" : {
      "raise25x" : 1
    },
    "A9o" : {
      "raise25x" : 1
    },
    "A9s" : {
      "raise25x" : 0.99990000000000001
    },
    "AA" : {
      "raise25x" : 1
    },
    "AJo" : {
      "raise25x" : 1
    },
    "AJs" : {
      "raise25x" : 1
    },
    "AKo" : {
      "raise25x" : 1
    },
    "AKs" : {
      "raise25x" : 1
    },
    "AQo" : {
      "raise25x" : 1
    },
    "AQs" : {
      "raise25x" : 1
    },
    "ATo" : {
      "raise25x" : 1
    },
    "ATs" : {
      "raise25x" : 1
    },
    "J2o" : {
      "fold" : 1
    },
    "J2s" : {
      "fold" : 0.99990000000000001
    },
    "J3o" : {
      "fold" : 1
    },
    "J3s" : {
      "fold" : 1
    },
    "J4o" : {
      "fold" : 1
    },
    "J4s" : {
      "fold" : 0.99850000000000005,
      "raise25x" : 0.0015
    },
    "J5o" : {
      "fold" : 1
    },
    "J5s" : {
      "fold" : 1
    },
    "J6o" : {
      "fold" : 1
    },
    "J6s" : {
      "fold" : 0.99970000000000003
    },
    "J7o" : {
      "fold" : 1
    },
    "J7s" : {
      "fold" : 0.93669999999999998,
      "raise25x" : 0.063299999999999995
    },
    "J8o" : {
      "fold" : 1
    },
    "J8s" : {
      "fold" : 0.99960000000000004
    },
    "J9o" : {
      "fold" : 1
    },
    "J9s" : {
      "fold" : 0.99870000000000003,
      "raise25x" : 0.0012999999999999999
    },
    "JJ" : {
      "raise25x" : 1
    },
    "JTo" : {
      "fold" : 0.96909999999999996,
      "raise25x" : 0.0309
    },
    "JTs" : {
      "fold" : 0.22170000000000001,
      "raise25x" : 0.77829999999999999
    },
    "K2o" : {
      "fold" : 1
    },
    "K2s" : {
      "fold" : 0.99909999999999999
    },
    "K3o" : {
      "fold" : 1
    },
    "K3s" : {
      "fold" : 0.99990000000000001
    },
    "K4o" : {
      "fold" : 1
    },
    "K4s" : {
      "fold" : 0.99929999999999997
    },
    "K5o" : {
      "fold" : 1
    },
    "K5s" : {
      "fold" : 0.96619999999999995,
      "raise25x" : 0.033799999999999997
    },
    "K6o" : {
      "fold" : 0.99980000000000002
    },
    "K6s" : {
      "fold" : 0.98640000000000005,
      "raise25x" : 0.013599999999999999
    },
    "K7o" : {
      "fold" : 0.99839999999999995,
      "raise25x" : 0.0016000000000000001
    },
    "K7s" : {
      "fold" : 0.1714,
      "raise25x" : 0.8286
    },
    "K8o" : {
      "fold" : 1
    },
    "K8s" : {
      "fold" : 0.84360000000000002,
      "raise25x" : 0.15640000000000001
    },
    "K9o" : {
      "fold" : 0.011299999999999999,
      "raise25x" : 0.98870000000000002
    },
    "K9s" : {
      "fold" : 0.0293,
      "raise25x" : 0.97070000000000001
    },
    "KJo" : {
      "raise25x" : 1
    },
    "KJs" : {
      "raise25x" : 0.99990000000000001
    },
    "KK" : {
      "raise25x" : 1
    },
    "KQo" : {
      "raise25x" : 0.99970000000000003
    },
    "KQs" : {
      "raise25x" : 1
    },
    "KTo" : {
      "raise25x" : 0.99990000000000001
    },
    "KTs" : {
      "fold" : 0.0041000000000000003,
      "raise25x" : 0.99590000000000001
    },
    "Q2o" : {
      "fold" : 1
    },
    "Q2s" : {
      "fold" : 1
    },
    "Q3o" : {
      "fold" : 1
    },
    "Q3s" : {
      "fold" : 0.99980000000000002
    },
    "Q4o" : {
      "fold" : 1
    },
    "Q4s" : {
      "fold" : 0.99950000000000006
    },
    "Q5o" : {
      "fold" : 1
    },
    "Q5s" : {
      "fold" : 1
    },
    "Q6o" : {
      "fold" : 1
    },
    "Q6s" : {
      "fold" : 1
    },
    "Q7o" : {
      "fold" : 1
    },
    "Q7s" : {
      "fold" : 1
    },
    "Q8o" : {
      "fold" : 0.98299999999999998,
      "raise25x" : 0.017000000000000001
    },
    "Q8s" : {
      "fold" : 0.91820000000000002,
      "raise25x" : 0.081799999999999998
    },
    "Q9o" : {
      "fold" : 0.99970000000000003
    },
    "Q9s" : {
      "fold" : 0.99990000000000001
    },
    "QJo" : {
      "raise25x" : 0.99970000000000003
    },
    "QJs" : {
      "raise25x" : 1
    },
    "QQ" : {
      "raise25x" : 1
    },
    "QTo" : {
      "fold" : 0.025000000000000001,