{
  "format" : "NLHE_MTT_8MAX",
  "hands" : {
    "44" : {
      "call" : 1
    },
    "54s" : {
      "call" : 0.13980000000000001,
      "fold" : 0.86019999999999996
    },
    "55" : {
      "call" : 1
    },
    "65s" : {
      "call" : 0.77000000000000002,
      "fold" : 0.23000000000000001
    },
    "66" : {
      "call" : 0.86019999999999996,
      "shove" : 0.13980000000000001
    },
    "76s" : {
      "call" : 1
    },
    "77" : {
      "call" : 0.16500000000000001,
      "shove" : 0.83499999999999996
    },
    "87s" : {
      "call" : 0.2049,
      "fold" : 0.79510000000000003
    },
    "88" : {
      "call" : 0.77500000000000002,
      "shove" : 0.22500000000000001
    },
    "98s" : {
      "call" : 0.53000000000000003,
      "fold" : 0.46999999999999997
    },
    "99" : {
      "call" : 0.84999999999999998,
      "shove" : 0.14999999999999999
    },
    "A2s" : {
      "call" : 0.97509999999999997,
      "shove" : 0.024899999999999999
    },
    "A3s" : {
      "call" : 0.87009999999999998,
      "shove" : 0.12989999999999999
    },
    "A4s" : {
      "call" : 0.54000000000000004,
      "shove" : 0.46000000000000002
    },
    "A5s" : {
      "call" : 0.23000000000000001,
      "shove" : 0.77000000000000002
    },
    "A6s" : {
      "call" : 0.69999999999999996,
      "shove" : 0.29999999999999999
    },
    "A7s" : {
      "call" : 0.65010000000000001,
      "shove" : 0.34989999999999999
    },
    "A8s" : {
      "call" : 1
    },
    "A9o" : {
      "call" : 0.014999999999999999,
      "fold" : 0.98499999999999999
    },
    "A9s" : {
      "call" : 1
    },
    "AA" : {
      "call" : 1
    },
    "AJo" : {
      "call" : 0.63990000000000002,
      "shove" : 0.36009999999999998
    },
    "AJs" : {
      "call" : 1
    },
    "AKo" : {
      "shove" : 1
    },
    "AKs" : {
      "shove" : 1
    },
    "AQo" : {
      "shove" : 1
    },
    "AQs" : {
      "call" : 0.50509999999999999,
      "shove" : 0.49490000000000001
    },
    "ATo" : {
      "call" : 1
    },
    "ATs" : {
      "call" : 1
    },
    "J9s" : {
      "call" : 0.82010000000000005,
      "fold" : 0.1799
    },
    "JJ" : {
      "shove" : 1
    },
    "JTs" : {
      "call" : 1
    },
    "K5s" : {
      "call" : 1
    },
    "K6s" : {
      "call" : 1
    },
    "K7s" : {
      "call" : 0.87509999999999999,
      "fold" : 0.1249
    },
    "K9s" : {
      "call" : 1
    },
    "KJo" : {
      "call" : 1
    },
    "KJs" : {
      "call" : 1
    },
    "KK" : {
      "call" : 1
    },
    "KQo" : {
      "call" : 0.90500000000000003,
      "shove" : 0.095000000000000001
    },
    "KQs" : {
      "shove" : 1
    },
    "KTs" : {
      "call" : 1
    },
    "Q8s" : {
      "call" : 0.4199,
      "fold" : 0.58009999999999995
    },
    "Q9s" : {
      "call" : 1
    },
    "QJo" : {
      "call" : 0.44009999999999999,
      "fold" : 0.55989999999999995
    },
    "QJs" : {
      "call" : 0.53000000000000003,
      "shove" : 0.46999999999999997
    },
    "QQ" : {
      "call" : 0.245,
      "shove" : 0.755
    },
    "QTs" : {
      "call" : 1
    },
    "T9s" : {
      "call" : 1
    },
    "TT" : {
      "call" : 0.32000000000000001,
      "shove" : 0.68000000000000005
    }
  },
  "id" : "mtt_8max_35bb_co_vs3bet_vs_sb",
  "source" : {
    "description" : "RangeConverter free PDF — 8-max 35bb 1bb ante (12.5%).",
    "publisher" : {
      "accessedDate" : "2026-06-01",
      "name" : "RangeConverter",
      "product" : "Free Poker Charts — 8 max 1bb ante MTT GTO Ranges",
      "treeParams" : "poker.academy CE-Symmetric Regular @ 35bb (GTO ChipEV, 1bb ante)",
      "url" : "https:\/\/rangeconverter.com\/free-poker-charts"
    },
    "solver" : {
      "assumptions" : "Frequencies rounded to nearest 25% per source. ChipEV (non-ICM). 1bb (12.5%) big-blind ante."
    },
    "type" : "published"
  },
  "spot" : {
    "anteType" : "bigBlindAnte",
    "facingAction" : "vs3Bet",
    "opponentPosition" : "SB",
    "position" : "CO",
    "stackDepthBB" : 35
  }
}