{
  "format" : "NLHE_MTT_8MAX",
  "hands" : {
    "22" : {
      "call" : 0.86499999999999999,
      "fold" : 0.13500000000000001
    },
    "33" : {
      "call" : 1
    },
    "44" : {
      "call" : 1
    },
    "55" : {
      "call" : 0.98999999999999999,
      "raise3x" : 0.01
    },
    "65s" : {
      "call" : 0.10489999999999999,
      "fold" : 0.89510000000000001
    },
    "66" : {
      "call" : 1
    },
    "76s" : {
      "call" : 0.59509999999999996,
      "fold" : 0.40489999999999998
    },
    "77" : {
      "call" : 0.85499999999999998,
      "raise3x" : 0.14499999999999999
    },
    "87s" : {
      "call" : 0.77500000000000002,
      "raise3x" : 0.22500000000000001
    },
    "88" : {
      "call" : 0.72009999999999996,
      "raise3x" : 0.27989999999999998
    },
    "98s" : {
      "call" : 0.96509999999999996,
      "raise3x" : 0.0349
    },
    "99" : {
      "call" : 0.55500000000000005,
      "raise3x" : 0.44500000000000001
    },
    "A3s" : {
      "call" : 0.66510000000000002,
      "raise3x" : 0.33489999999999998
    },
    "A4s" : {
      "call" : 0.8901,
      "raise3x" : 0.1099
    },
    "A5s" : {
      "call" : 0.62,
      "raise3x" : 0.38
    },
    "A6s" : {
      "call" : 0.49490000000000001,
      "raise3x" : 0.50509999999999999
    },
    "A7s" : {
      "call" : 0.56489999999999996,
      "raise3x" : 0.43509999999999999
    },
    "A8s" : {
      "call" : 0.80010000000000003,
      "raise3x" : 0.19989999999999999
    },
    "A9o" : {
      "fold" : 0.83499999999999996,
      "raise3x" : 0.16500000000000001
    },
    "A9s" : {
      "call" : 0.81510000000000005,
      "raise3x" : 0.18490000000000001
    },
    "AA" : {
      "call" : 0.069800000000000001,
      "raise3x" : 0.93020000000000003
    },
    "AJo" : {
      "call" : 0.55000000000000004,
      "raise3x" : 0.45000000000000001
    },
    "AJs" : {
      "call" : 1
    },
    "AKo" : {
      "raise3x" : 1
    },
    "AKs" : {
      "raise3x" : 1
    },
    "AQo" : {
      "call" : 0.77500000000000002,
      "raise3x" : 0.22500000000000001
    },
    "AQs" : {
      "call" : 0.43509999999999999,
      "raise3x" : 0.56489999999999996
    },
    "ATo" : {
      "call" : 0.34489999999999998,
      "raise3x" : 0.65510000000000002
    },
    "ATs" : {
      "call" : 1
    },
    "J9s" : {
      "call" : 0.75009999999999999,
      "raise3x" : 0.24990000000000001
    },
    "JJ" : {
      "call" : 0.10489999999999999,
      "raise3x" : 0.89510000000000001
    },
    "JTs" : {
      "call" : 0.92500000000000004,
      "raise3x" : 0.074999999999999997
    },
    "K8s" : {
      "call" : 0.4501,
      "fold" : 0.25490000000000002,
      "raise3x" : 0.29499999999999998
    },
    "K9s" : {
      "call" : 0.24990000000000001,
      "raise3x" : 0.75009999999999999
    },
    "KJo" : {
      "call" : 0.72509999999999997,
      "raise3x" : 0.27489999999999998
    },
    "KJs" : {
      "call" : 1
    },
    "KK" : {
      "raise3x" : 1
    },
    "KQo" : {
      "call" : 0.76500000000000001,
      "raise3x" : 0.23499999999999999
    },
    "KQs" : {
      "call" : 1
    },
    "KTo" : {
      "fold" : 0.8851,
      "raise3x" : 0.1149
    },
    "KTs" : {
      "call" : 1
    },
    "Q8s" : {
      "fold" : 0.63990000000000002,
      "raise3x" : 0.36009999999999998
    },
    "Q9s" : {
      "call" : 0.36509999999999998,
      "raise3x" : 0.63490000000000002
    },
    "QJo" : {
      "fold" : 0.82010000000000005,
      "raise3x" : 0.1799
    },
    "QJs" : {
      "call" : 1
    },
    "QQ" : {
      "call" : 0.014999999999999999,
      "raise3x" : 0.98499999999999999
    },
    "QTo" : {
      "fold" : 0.8901,
      "raise3x" : 0.1099
    },
    "QTs" : {
      "call" : 1
    },
    "T8s" : {
      "call" : 0.45000000000000001,
      "raise3x" : 0.55000000000000004
    },
    "T9s" : {
      "call" : 0.78000000000000003,
      "raise3x" : 0.22
    },
    "TT" : {
      "call" : 0.26989999999999997,
      "raise3x" : 0.73009999999999997
    }
  },
  "id" : "mtt_8max_35bb_btn_vsopen_vs_lj",
  "source" : {
    "description" : "RangeConverter free PDF — 8-max 35bb 1bb ante (12.5%).",
    "publisher" : {
      "accessedDate" : "2026-06-01",
      "name" : "RangeConverter",
      "product" : "Free Poker Charts — 8 max 1bb ante MTT GTO Ranges",
      "treeParams" : "poker.academy CE-Symmetric Regular @ 35bb (GTO ChipEV, 1bb ante)",
      "url" : "https:\/\/rangeconverter.com\/free-poker-charts"
    },
    "solver" : {
      "assumptions" : "Frequencies rounded to nearest 25% per source. ChipEV (non-ICM). 1bb (12.5%) big-blind ante."
    },
    "type" : "published"
  },
  "spot" : {
    "anteType" : "bigBlindAnte",
    "facingAction" : "vsOpen",
    "opponentPosition" : "LJ",
    "position" : "BTN",
    "stackDepthBB" : 35
  }
}