{
  "format" : "NLHE_MTT_9MAX",
  "hands" : {
    "22" : {
      "call" : 0.0035999999999999999,
      "fold" : 0.99629999999999996
    },
    "32o" : {
      "fold" : 1
    },
    "32s" : {
      "call" : 0.0016999999999999997,
      "fold" : 0.99809999999999999
    },
    "33" : {
      "fold" : 0.99960000000000004
    },
    "42o" : {
      "fold" : 1
    },
    "42s" : {
      "call" : 0.0015,
      "fold" : 0.99829999999999997
    },
    "43o" : {
      "fold" : 0.99970000000000003
    },
    "43s" : {
      "fold" : 0.99860000000000004
    },
    "44" : {
      "call" : 0.0018,
      "fold" : 0.998
    },
    "52o" : {
      "fold" : 0.99990000000000001
    },
    "52s" : {
      "fold" : 0.999
    },
    "53o" : {
      "fold" : 1
    },
    "53s" : {
      "call" : 0.05439999999999999,
      "fold" : 0.94520000000000004
    },
    "54o" : {
      "fold" : 0.99990000000000001
    },
    "54s" : {
      "call" : 0.0016000000000000001,
      "fold" : 0.99790000000000001
    },
    "55" : {
      "call" : 0.23930000000000001,
      "fold" : 0.7601
    },
    "62o" : {
      "fold" : 1
    },
    "62s" : {
      "fold" : 0.99950000000000006
    },
    "63o" : {
      "fold" : 1
    },
    "63s" : {
      "fold" : 0.99919999999999998
    },
    "64o" : {
      "fold" : 0.99950000000000006
    },
    "64s" : {
      "call" : 0.0014,
      "fold" : 0.99519999999999997,
      "raise25x" : 0.0033
    },
    "65o" : {
      "fold" : 0.99990000000000001
    },
    "65s" : {
      "fold" : 0.99339999999999995,
      "shove" : 0.0060000000000000001
    },
    "66" : {
      "call" : 0.24759999999999999,
      "fold" : 0.73939999999999995,
      "raise25x" : 0.0015,
      "shove" : 0.011599999999999999
    },
    "72o" : {
      "fold" : 1
    },
    "72s" : {
      "fold" : 0.99990000000000001
    },
    "73o" : {
      "fold" : 1
    },
    "73s" : {
      "fold" : 0.99960000000000004
    },
    "74o" : {
      "fold" : 0.99970000000000003
    },
    "74s" : {
      "fold" : 0.99890000000000001
    },
    "75o" : {
      "fold" : 0.99990000000000001
    },
    "75s" : {
      "fold" : 0.99970000000000003
    },
    "76o" : {
      "fold" : 0.99990000000000001
    },
    "76s" : {
      "call" : 0.0106,
      "fold" : 0.98740000000000006,
      "raise25x" : 0.0019
    },
    "77" : {
      "call" : 0.89849999999999997,
      "fold" : 0.093399999999999997,
      "shove" : 0.0080000000000000002
    },
    "82o" : {
      "fold" : 1
    },
    "82s" : {
      "fold" : 0.99990000000000001
    },
    "83o" : {
      "fold" : 1
    },
    "83s" : {
      "call" : 0.0027000000000000001,
      "fold" : 0.99729999999999996
    },
    "84o" : {
      "fold" : 0.99990000000000001
    },
    "84s" : {
      "fold" : 0.99929999999999997
    },
    "85o" : {
      "fold" : 1
    },
    "85s" : {
      "fold" : 0.99609999999999999,
      "raise25x" : 0.0013000000000000002,
      "shove" : 0.0018
    },
    "86o" : {
      "fold" : 0.99990000000000001
    },
    "86s" : {
      "call" : 0.051700000000000003,
      "fold" : 0.94599999999999995,
      "shove" : 0.0022000000000000001
    },
    "87o" : {
      "call" : 0.0013000000000000002,
      "fold" : 0.99860000000000004
    },
    "87s" : {
      "call" : 0.1542,
      "fold" : 0.84519999999999995
    },
    "88" : {
      "call" : 0.42609999999999998,
      "fold" : 0.17829999999999999,
      "raise25x" : 0.2432,
      "shove" : 0.1525
    },
    "92o" : {
      "fold" : 0.99990000000000001
    },
    "92s" : {
      "fold" : 0.99939999999999996
    },
    "93o" : {
      "fold" : 1
    },
    "93s" : {
      "fold" : 0.99939999999999996
    },
    "94o" : {
      "fold" : 1
    },
    "94s" : {
      "call" : 0.0013000000000000002,
      "fold" : 0.99839999999999995
    },
    "95o" : {
      "fold" : 1
    },
    "95s" : {
      "call" : 0.008199999999999999,
      "fold" : 0.99139999999999995
    },
    "96o" : {
      "fold" : 0.99990000000000001
    },
    "96s" : {
      "call" : 0.0111,
      "fold" : 0.98750000000000004
    },
    "97o" : {
      "fold" : 1
    },
    "97s" : {
      "call" : 0.049000000000000002,
      "fold" : 0.9234,
      "raise25x" : 0.0138,
      "shove" : 0.0138
    },
    "98o" : {
      "fold" : 0.99980000000000002
    },
    "98s" : {
      "call" : 0.0091999999999999998,
      "fold" : 0.98960000000000004,
      "shove" : 0.0011000000000000001
    },
    "99" : {
      "call" : 0.071999999999999981,
      "raise25x" : 0.62329999999999997,
      "shove" : 0.30459999999999998
    },
    "A2o" : {
      "fold" : 0.99990000000000001
    },
    "A2s" : {
      "call" : 0.0025000000000000001,
      "fold" : 0.996
    },
    "A3o" : {
      "fold" : 0.999
    },
    "A3s" : {
      "call" : 0.0022000000000000001,
      "fold" : 0.99680000000000002
    },
    "A4o" : {
      "fold" : 0.999
    },
    "A4s" : {
      "fold" : 0.99339999999999995,
      "shove" : 0.0053
    },
    "A5o" : {
      "fold" : 0.99709999999999999,
      "raise25x" : 0.0022000000000000001
    },
    "A5s" : {
      "call" : 0.074099999999999985,
      "fold" : 0.92510000000000003
    },
    "A6o" : {
      "call" : 0.010699999999999998,
      "fold" : 0.98719999999999997,
      "shove" : 0.002
    },
    "A6s" : {
      "call" : 0.0104,
      "fold" : 0.98019999999999996,
      "raise25x" : 0.0048999999999999998,
      "shove" : 0.0044999999999999997
    },
    "A7o" : {
      "call" : 0.0060999999999999995,
      "fold" : 0.99029999999999996,
      "raise25x" : 0.0024000000000000002,
      "shove" : 0.0012000000000000001
    },
    "A7s" : {
      "call" : 0.0465,
      "fold" : 0.86450000000000005,
      "raise25x" : 0.0141,
      "shove" : 0.074899999999999994
    },
    "A8o" : {
      "call" : 0.0055999999999999991,
      "fold" : 0.99339999999999995
    },
    "A8s" : {
      "call" : 0.072700000000000015,
      "fold" : 0.90569999999999995,
      "raise25x" : 0.0038,
      "shove" : 0.0178
    },
    "A9o" : {
      "call" : 0.037999999999999999,
      "fold" : 0.9597,
      "shove" : 0.0023
    },
    "A9s" : {
      "call" : 0.15179999999999999,
      "fold" : 0.76629999999999998,
      "raise25x" : 0.0053,
      "shove" : 0.076599999999999988
    },
    "AA" : {
      "raise25x" : 0.99199999999999999,
      "shove" : 0.0080000000000000002
    },
    "AJo" : {
      "call" : 0.83030000000000004,
      "raise25x" : 0.16139999999999999,
      "shove" : 0.0079000000000000008
    },
    "AJs" : {
      "call" : 0.91639999999999999,
      "raise25x" : 0.023300000000000001,
      "shove" : 0.060299999999999999
    },
    "AKo" : {
      "call" : 0.51900000000000002,
      "raise25x" : 0.22889999999999999,
      "shove" : 0.25209999999999999
    },
    "AKs" : {
      "raise25x" : 0.0044999999999999997,
      "shove" : 0.99550000000000005
    },
    "AQo" : {
      "call" : 0.71870000000000001,
      "raise25x" : 0.26750000000000002,
      "shove" : 0.013900000000000001
    },
    "AQs" : {
      "call" : 0.82679999999999998,
      "raise25x" : 0.096599999999999991,
      "shove" : 0.076499999999999999
    },
    "ATo" : {
      "call" : 0.49519999999999997,
      "fold" : 0.495,
      "raise25x" : 0.0077000000000000002,
      "shove" : 0.0021000000000000003
    },
    "ATs" : {
      "call" : 0.46989999999999998,
      "fold" : 0.25180000000000002,
      "raise25x" : 0.089900000000000008,
      "shove" : 0.1885
    },
    "J2o" : {
      "fold" : 0.99990000000000001
    },
    "J2s" : {
      "fold" : 0.99590000000000001,
      "raise25x" : 0.0036999999999999997
    },
    "J3o" : {
      "fold" : 1
    },
    "J3s" : {
      "call" : 0.0030999999999999999,
      "fold" : 0.99409999999999998,
      "shove" : 0.0027000000000000001
    },
    "J4o" : {
      "fold" : 0.99919999999999998
    },
    "J4s" : {
      "fold" : 0.99950000000000006
    },
    "J5o" : {
      "fold" : 1
    },
    "J5s" : {
      "call" : 0.0026000000000000003,
      "fold" : 0.99729999999999996
    },