{
  "format" : "NLHE_MTT_8MAX",
  "hands" : {
    "22" : {
      "call" : 1
    },
    "33" : {
      "call" : 0.56330000000000002,
      "fold" : 0.43669999999999998
    },
    "44" : {
      "call" : 0.318,
      "fold" : 0.68200000000000005
    },
    "54s" : {
      "call" : 1
    },
    "55" : {
      "call" : 0.12379999999999999,
      "fold" : 0.87619999999999998
    },
    "65s" : {
      "call" : 1
    },
    "66" : {
      "call" : 0.61399999999999999,
      "fold" : 0.38600000000000001
    },
    "76s" : {
      "call" : 1
    },
    "77" : {
      "call" : 0.46400000000000002,
      "fold" : 0.53600000000000003
    },
    "87s" : {
      "call" : 1
    },
    "88" : {
      "call" : 0.65800000000000003,
      "fold" : 0.34200000000000003
    },
    "98s" : {
      "call" : 1
    },
    "99" : {
      "call" : 0.54000000000000004,
      "fold" : 0.46000000000000002
    },
    "A3s" : {
      "fold" : 0.31390000000000001,
      "raise3x" : 0.68610000000000004
    },
    "A4s" : {
      "call" : 0.84599999999999997,
      "raise3x" : 0.154
    },
    "A5s" : {
      "call" : 1
    },
    "A6s" : {
      "call" : 0.188,
      "fold" : 0.81200000000000006
    },
    "A7s" : {
      "call" : 0.19589999999999999,
      "fold" : 0.73009999999999997,
      "raise3x" : 0.073999999999999996
    },
    "A8s" : {
      "call" : 0.10199999999999999,
      "fold" : 0.55389999999999995,
      "raise3x" : 0.34410000000000002
    },
    "A9s" : {
      "call" : 0.32790000000000002,
      "fold" : 0.67210000000000003
    },
    "AA" : {
      "raise3x" : 1
    },
    "AJs" : {
      "call" : 1
    },
    "AKo" : {
      "call" : 0.74399999999999999,
      "raise3x" : 0.25600000000000001
    },
    "AKs" : {
      "call" : 1
    },
    "AQo" : {
      "call" : 0.2059,
      "fold" : 0.62619999999999998,
      "raise3x" : 0.16789999999999999
    },
    "AQs" : {
      "call" : 1
    },
    "ATs" : {
      "call" : 1
    },
    "JJ" : {
      "call" : 0.95199999999999996,
      "raise3x" : 0.048000000000000001
    },
    "JTs" : {
      "call" : 0.77000000000000002,
      "fold" : 0.23000000000000001
    },
    "K9s" : {
      "fold" : 0.81399999999999995,
      "raise3x" : 0.186
    },
    "KJs" : {
      "call" : 0.78000000000000003,
      "raise3x" : 0.22
    },
    "KK" : {
      "call" : 0.60399999999999998,
      "raise3x" : 0.39600000000000002
    },
    "KQs" : {
      "call" : 1
    },
    "KTs" : {
      "call" : 0.62,
      "raise3x" : 0.38
    },
    "QJs" : {
      "call" : 1
    },
    "QQ" : {
      "call" : 1
    },
    "QTs" : {
      "call" : 0.93600000000000005,
      "fold" : 0.064000000000000001
    },
    "T9s" : {
      "call" : 0.8861,
      "fold" : 0.1139
    },
    "TT" : {
      "call" : 1
    }
  },
  "id" : "mtt_8max_100bb_utg1_vs3bet_vs_sb",
  "source" : {
    "description" : "RangeConverter free PDF — 8-max 100bb 1bb ante (12.5%).",
    "publisher" : {
      "accessedDate" : "2026-06-01",
      "name" : "RangeConverter",
      "product" : "Free Poker Charts — 8 max 1bb ante MTT GTO Ranges",
      "treeParams" : "poker.academy CE-Symmetric Regular @ 100bb (GTO ChipEV, 1bb ante)",
      "url" : "https:\/\/rangeconverter.com\/free-poker-charts"
    },
    "solver" : {
      "assumptions" : "Frequencies rounded to nearest 25% per source. ChipEV (non-ICM). 1bb (12.5%) big-blind ante."
    },
    "type" : "published"
  },
  "spot" : {
    "anteType" : "bigBlindAnte",
    "facingAction" : "vs3Bet",
    "opponentPosition" : "SB",
    "position" : "UTG1",
    "stackDepthBB" : 100
  }
}