{
  "format" : "NLHE_MTT_8MAX",
  "hands" : {
    "22" : {
      "call" : 0.91900000000000004,
      "fold" : 0.0654,
      "shove" : 0.0155
    },
    "32s" : {
      "call" : 0.82330000000000003,
      "fold" : 0.16569999999999999,
      "shove" : 0.010999999999999999
    },
    "33" : {
      "call" : 0.61899999999999999,
      "fold" : 0.094100000000000003,
      "shove" : 0.28689999999999999
    },
    "42s" : {
      "call" : 0.86750000000000005,
      "fold" : 0.10639999999999999,
      "shove" : 0.026100000000000002
    },
    "44" : {
      "call" : 0.83199999999999996,
      "fold" : 0.14230000000000001,
      "shove" : 0.025700000000000001
    },
    "53o" : {
      "call" : 0.74250000000000005,
      "fold" : 0.25750000000000001
    },
    "53s" : {
      "call" : 0.54290000000000005,
      "fold" : 0.24410000000000001,
      "shove" : 0.21299999999999999
    },
    "54s" : {
      "call" : 0.4763,
      "fold" : 0.41439999999999999,
      "shove" : 0.10920000000000001
    },
    "55" : {
      "call" : 0.29699999999999999,
      "fold" : 0.0066,
      "shove" : 0.69640000000000002
    },
    "62s" : {
      "call" : 0.2288,
      "fold" : 0.7681,
      "shove" : 0.0030999999999999999
    },
    "64s" : {
      "call" : 0.7611,
      "fold" : 0.17180000000000001,
      "shove" : 0.067100000000000007
    },
    "66" : {
      "call" : 0.71760000000000002,
      "fold" : 0.060299999999999999,
      "shove" : 0.222
    },
    "72s" : {
      "call" : 0.29799999999999999,
      "fold" : 0.64859999999999995,
      "shove" : 0.053400000000000003
    },
    "73o" : {
      "call" : 0.1116,
      "fold" : 0.88790000000000002
    },
    "73s" : {
      "call" : 0.8206,
      "fold" : 0.17580000000000001,
      "shove" : 0.0035999999999999999
    },
    "74s" : {
      "call" : 0.50170000000000003,
      "fold" : 0.36049999999999999,
      "shove" : 0.13780000000000001
    },
    "75o" : {
      "call" : 0.42680000000000001,
      "fold" : 0.57130000000000003,
      "shove" : 0.0019
    },
    "75s" : {
      "call" : 0.64559999999999995,
      "fold" : 0.34999999999999998,
      "shove" : 0.0044000000000000003
    },
    "76o" : {
      "call" : 0.79200000000000004,
      "fold" : 0.20749999999999999
    },
    "76s" : {
      "call" : 0.58289999999999997,
      "fold" : 0.1893,
      "shove" : 0.2278
    },
    "77" : {
      "call" : 0.88629999999999998,
      "fold" : 0.062399999999999997,
      "shove" : 0.051299999999999998
    },
    "82s" : {
      "call" : 0.53769999999999996,
      "fold" : 0.32479999999999998,
      "shove" : 0.13750000000000001
    },
    "83o" : {
      "call" : 0.13300000000000001,
      "fold" : 0.86639999999999995
    },
    "83s" : {
      "call" : 0.3881,
      "fold" : 0.43159999999999998,
      "shove" : 0.18029999999999999
    },
    "84o" : {
      "call" : 0.41870000000000002,
      "fold" : 0.57930000000000004,
      "shove" : 0.002
    },
    "84s" : {
      "call" : 0.22520000000000001,
      "fold" : 0.77290000000000003,
      "shove" : 0.002
    },
    "85o" : {
      "call" : 0.73719999999999997,
      "fold" : 0.26269999999999999
    },
    "85s" : {
      "call" : 0.68030000000000002,
      "fold" : 0.29980000000000001,
      "shove" : 0.019900000000000001
    },
    "86o" : {
      "call" : 0.0101,
      "fold" : 0.9899
    },
    "86s" : {
      "call" : 0.44219999999999998,
      "fold" : 0.55220000000000002,
      "shove" : 0.0057000000000000002
    },
    "87s" : {
      "call" : 0.94830000000000003,
      "fold" : 0.049700000000000001,
      "shove" : 0.0019
    },
    "88" : {
      "call" : 0.75590000000000002,
      "fold" : 0.073300000000000004,
      "shove" : 0.17080000000000001
    },
    "93o" : {
      "call" : 0.11,
      "fold" : 0.88870000000000005,
      "shove" : 0.0014
    },
    "93s" : {
      "call" : 0.90569999999999995,
      "fold" : 0.067299999999999999,
      "shove" : 0.0269
    },
    "94s" : {
      "call" : 0.30980000000000002,
      "fold" : 0.68989999999999996
    },
    "95s" : {
      "call" : 0.51329999999999998,
      "fold" : 0.48559999999999998,
      "shove" : 0.0011999999999999999
    },
    "96s" : {
      "call" : 0.40889999999999999,
      "fold" : 0.073200000000000001,
      "shove" : 0.51790000000000003
    },
    "97o" : {
      "call" : 0.47849999999999998,
      "fold" : 0.52090000000000003
    },
    "97s" : {
      "call" : 0.44340000000000002,
      "fold" : 0.55100000000000005,
      "shove" : 0.0057000000000000002
    },
    "98o" : {
      "call" : 0.59019999999999995,
      "fold" : 0.40699999999999997,
      "shove" : 0.0028
    },
    "98s" : {
      "call" : 0.23669999999999999,
      "fold" : 0.68110000000000004,
      "shove" : 0.082199999999999995
    },
    "99" : {
      "call" : 0.91149999999999998,
      "fold" : 0.0028999999999999998,
      "shove" : 0.085599999999999996
    },
    "A2o" : {
      "call" : 0.88680000000000003,
      "fold" : 0.072900000000000006,
      "shove" : 0.0402
    },
    "A2s" : {
      "call" : 0.77829999999999999,
      "fold" : 0.1885,
      "shove" : 0.0332
    },
    "A3o" : {
      "call" : 0.98540000000000005,
      "fold" : 0.0092999999999999992,
      "shove" : 0.0053
    },
    "A3s" : {
      "call" : 0.8548,
      "fold" : 0.1288,
      "shove" : 0.016400000000000001
    },
    "A4o" : {
      "call" : 0.91830000000000001,
      "fold" : 0.042900000000000001,
      "shove" : 0.038800000000000001
    },
    "A4s" : {
      "call" : 0.89570000000000005,
      "fold" : 0.1027,
      "shove" : 0.0016999999999999999
    },
    "A5o" : {
      "call" : 0.97689999999999999,
      "fold" : 0.0223
    },
    "A5s" : {
      "call" : 0.73099999999999998,
      "fold" : 0.20080000000000001,
      "shove" : 0.068199999999999997
    },
    "A6o" : {
      "call" : 0.96940000000000004,
      "fold" : 0.028799999999999999,
      "shove" : 0.0018
    },
    "A6s" : {
      "call" : 0.74139999999999995,
      "fold" : 0.0054000000000000003,
      "shove" : 0.25309999999999999
    },
    "A7o" : {
      "call" : 0.84250000000000003,
      "fold" : 0.1137,
      "shove" : 0.043799999999999999
    },
    "A7s" : {
      "call" : 0.64900000000000002,
      "fold" : 0.090200000000000002,
      "shove" : 0.26079999999999998
    },
    "A8o" : {
      "call" : 0.97089999999999999,
      "shove" : 0.029100000000000001
    },
    "A8s" : {
      "call" : 0.70279999999999998,
      "fold" : 0.0814,
      "shove" : 0.21579999999999999
    },
    "A9o" : {
      "call" : 0.97430000000000005,
      "fold" : 0.0184,
      "shove" : 0.0073000000000000001
    },
    "A9s" : {
      "call" : 0.93620000000000003,
      "fold" : 0.049500000000000002,
      "shove" : 0.0143
    },
    "AA" : "jam",
    "AJo" : {
      "call" : 0.52680000000000005,
      "shove" : 0.47310000000000002
    },
    "AJs" : {
      "call" : 0.47460000000000002,
      "fold" : 0.0070000000000000001,
      "shove" : 0.51839999999999997
    },
    "AKo" : "jam",
    "AKs" : {
      "call" : 0.0041999999999999997,
      "fold" : 0.0016999999999999999,
      "shove" : 0.99409999999999998
    },
    "AQo" : {
      "call" : 0.13070000000000001,
      "shove" : 0.86909999999999998
    },
    "AQs" : {
      "call" : 0.3211,
      "shove" : 0.67879999999999996
    },
    "ATo" : {
      "call" : 0.87729999999999997,
      "shove" : 0.1226
    },
    "ATs" : {
      "call" : 0.68740000000000001,
      "fold" : 0.033099999999999997,
      "shove" : 0.27950000000000003
    },
    "J2s" : {
      "call" : 0.0309,
      "fold" : 0.96879999999999999
    },
    "J3s" : {
      "call" : 0.50460000000000005,
      "fold" : 0.45479999999999998,
      "shove" : 0.0407
    },
    "J4o" : {
      "call" : 0.46489999999999998,
      "fold" : 0.53029999999999999,
      "shove" : 0.0047000000000000002
    },
    "J4s" : {
      "call" : 0.2341,
      "fold" : 0.76319999999999999,
      "shove" : 0.0027000000000000001
    },
    "J5s" : {
      "call" : 0.19620000000000001,