{
  "format" : "NLHE_MTT_8MAX",
  "hands" : {
    "54s" : {
      "call" : 1
    },
    "55" : {
      "call" : 0.82030000000000003,
      "fold" : 0.064799999999999996,
      "shove" : 0.1149
    },
    "65s" : {
      "call" : 1
    },
    "66" : {
      "call" : 0.81010000000000004,
      "shove" : 0.18990000000000001
    },
    "76s" : {
      "call" : 1
    },
    "77" : {
      "call" : 0.52510000000000001,
      "fold" : 0.22500000000000001,
      "shove" : 0.24990000000000001
    },
    "87s" : {
      "call" : 1
    },
    "88" : {
      "call" : 1
    },
    "98s" : {
      "call" : 0.19989999999999999,
      "fold" : 0.80010000000000003
    },
    "99" : {
      "call" : 0.78000000000000003,
      "shove" : 0.22
    },
    "A3s" : {
      "call" : 0.35489999999999999,
      "fold" : 0.64510000000000001
    },
    "A4s" : {
      "call" : 0.29999999999999999,
      "shove" : 0.69999999999999996
    },
    "A5s" : {
      "shove" : 1
    },
    "A9s" : {
      "call" : 0.089999999999999997,
      "fold" : 0.91000000000000003
    },
    "AA" : {
      "call" : 0.45000000000000001,
      "shove" : 0.55000000000000004
    },
    "AJs" : {
      "call" : 1
    },
    "AKo" : {
      "shove" : 1
    },
    "AKs" : {
      "shove" : 1
    },
    "AQo" : {
      "call" : 0.87509999999999999,
      "shove" : 0.1249
    },
    "AQs" : {
      "call" : 1
    },
    "ATs" : {
      "call" : 0.82509999999999994,
      "shove" : 0.1749
    },
    "JJ" : {
      "shove" : 1
    },
    "JTs" : {
      "call" : 0.90500000000000003,
      "fold" : 0.095000000000000001
    },
    "K6s" : {
      "call" : 1
    },
    "K7s" : {
      "call" : 0.0448,
      "fold" : 0.95520000000000005
    },
    "K9s" : {
      "call" : 0.17000000000000001,
      "fold" : 0.82999999999999996
    },
    "KJs" : {
      "call" : 1
    },
    "KK" : {
      "shove" : 1
    },
    "KQs" : {
      "call" : 1
    },
    "KTs" : {
      "call" : 1
    },
    "QJs" : {
      "call" : 0.55500000000000005,
      "shove" : 0.44500000000000001
    },
    "QQ" : {
      "shove" : 1
    },
    "QTs" : {
      "call" : 1
    },
    "T9s" : {
      "call" : 1
    },
    "TT" : {
      "shove" : 1
    }
  },
  "id" : "mtt_8max_35bb_utg1_vs3bet",
  "source" : {
    "description" : "RangeConverter free PDF — 8-max 35bb 1bb ante (12.5%).",
    "publisher" : {
      "accessedDate" : "2026-06-01",
      "name" : "RangeConverter",
      "product" : "Free Poker Charts — 8 max 1bb ante MTT GTO Ranges",
      "treeParams" : "poker.academy CE-Symmetric Regular @ 35bb (GTO ChipEV, 1bb ante)",
      "url" : "https:\/\/rangeconverter.com\/free-poker-charts"
    },
    "solver" : {
      "assumptions" : "Frequencies rounded to nearest 25% per source. ChipEV (non-ICM). 1bb (12.5%) big-blind ante."
    },
    "type" : "published"
  },
  "spot" : {
    "anteType" : "bigBlindAnte",
    "facingAction" : "vs3Bet",
    "position" : "UTG1",
    "stackDepthBB" : 35
  }
}