{
  "format" : "NLHE_MTT_8MAX",
  "hands" : {
    "44" : {
      "call" : 0.72460000000000002,
      "fold" : 0.27539999999999998
    },
    "54s" : {
      "call" : 1
    },
    "55" : {
      "call" : 0.80510000000000004,
      "fold" : 0.19489999999999999
    },
    "65s" : {
      "call" : 0.74050000000000005,
      "fold" : 0.25950000000000001
    },
    "66" : {
      "call" : 1
    },
    "76s" : {
      "call" : 0.8851,
      "fold" : 0.1149
    },
    "77" : {
      "call" : 1
    },
    "87s" : {
      "call" : 0.56489999999999996,
      "fold" : 0.43509999999999999
    },
    "88" : {
      "call" : 1
    },
    "98s" : {
      "call" : 0.10489999999999999,
      "fold" : 0.89510000000000001
    },
    "99" : {
      "call" : 1
    },
    "A3s" : {
      "call" : 0.72509999999999997,
      "fold" : 0.27489999999999998
    },
    "A4s" : {
      "call" : 0.67500000000000004,
      "shove" : 0.32500000000000001
    },
    "A5s" : {
      "call" : 0.625,
      "shove" : 0.375
    },
    "A7s" : {
      "call" : 0.28489999999999999,
      "fold" : 0.71509999999999996
    },
    "A8s" : {
      "call" : 1
    },
    "A9s" : {
      "call" : 1
    },
    "AA" : {
      "call" : 1
    },
    "AJo" : {
      "call" : 1
    },
    "AJs" : {
      "call" : 1
    },
    "AKo" : {
      "shove" : 1
    },
    "AKs" : {
      "shove" : 1
    },
    "AQo" : {
      "call" : 0.92500000000000004,
      "shove" : 0.074999999999999997
    },
    "AQs" : {
      "call" : 1
    },
    "ATs" : {
      "call" : 1
    },
    "J9s" : {
      "call" : 0.46000000000000002,
      "fold" : 0.54000000000000004
    },
    "JJ" : {
      "call" : 0.01,
      "shove" : 0.98999999999999999
    },
    "JTs" : {
      "call" : 1
    },
    "K6s" : {
      "call" : 0.76000000000000001,
      "fold" : 0.23999999999999999
    },
    "K9s" : {
      "call" : 1
    },
    "KJo" : {
      "call" : 0.014999999999999999,
      "fold" : 0.98499999999999999
    },
    "KJs" : {
      "call" : 1
    },
    "KK" : {
      "call" : 1
    },
    "KQo" : {
      "call" : 1
    },
    "KQs" : {
      "call" : 1
    },
    "KTs" : {
      "call" : 1
    },
    "Q9s" : {
      "call" : 0.24990000000000001,
      "fold" : 0.75009999999999999
    },
    "QJs" : {
      "call" : 0.19489999999999999,
      "shove" : 0.80510000000000004
    },
    "QQ" : {
      "call" : 0.26490000000000002,
      "shove" : 0.73509999999999998
    },
    "QTs" : {
      "call" : 1
    },
    "T9s" : {
      "call" : 1
    },
    "TT" : {
      "call" : 0.5101,
      "shove" : 0.4899
    }
  },
  "id" : "mtt_8max_40bb_lj_vs3bet_vs_sb",
  "source" : {
    "description" : "RangeConverter free PDF — 8-max 40bb 1bb ante (12.5%).",
    "publisher" : {
      "accessedDate" : "2026-06-01",
      "name" : "RangeConverter",
      "product" : "Free Poker Charts — 8 max 1bb ante MTT GTO Ranges",
      "treeParams" : "poker.academy CE-Symmetric Regular @ 40bb (GTO ChipEV, 1bb ante)",
      "url" : "https:\/\/rangeconverter.com\/free-poker-charts"
    },
    "solver" : {
      "assumptions" : "Frequencies rounded to nearest 25% per source. ChipEV (non-ICM). 1bb (12.5%) big-blind ante."
    },
    "type" : "published"
  },
  "spot" : {
    "anteType" : "bigBlindAnte",
    "facingAction" : "vs3Bet",
    "opponentPosition" : "SB",
    "position" : "LJ",
    "stackDepthBB" : 40
  }
}