{
  "format" : "NLHE_MTT_8MAX",
  "hands" : {
    "44" : {
      "fold" : 0.1749,
      "raise25x" : 0.82509999999999994
    },
    "55" : {
      "raise25x" : 1
    },
    "65s" : {
      "fold" : 0.099900000000000003,
      "raise25x" : 0.90010000000000001
    },
    "66" : {
      "raise25x" : 1
    },
    "76s" : {
      "raise25x" : 1
    },
    "77" : {
      "raise25x" : 1
    },
    "86s" : {
      "fold" : 0.65510000000000002,
      "raise25x" : 0.34489999999999998
    },
    "87s" : {
      "raise25x" : 1
    },
    "88" : {
      "raise25x" : 1
    },
    "97s" : {
      "raise25x" : 1
    },
    "98s" : {
      "raise25x" : 1
    },
    "99" : {
      "raise25x" : 1
    },
    "A2s" : {
      "raise25x" : 1
    },
    "A3s" : {
      "raise25x" : 1
    },
    "A4s" : {
      "raise25x" : 1
    },
    "A5s" : {
      "raise25x" : 1
    },
    "A6s" : {
      "raise25x" : 1
    },
    "A7o" : {
      "fold" : 0.43509999999999999,
      "raise25x" : 0.56489999999999996
    },
    "A7s" : {
      "raise25x" : 1
    },
    "A8o" : {
      "raise25x" : 1
    },
    "A8s" : {
      "raise25x" : 1
    },
    "A9o" : {
      "raise25x" : 1
    },
    "A9s" : {
      "raise25x" : 1
    },
    "AA" : {
      "raise25x" : 1
    },
    "AJo" : {
      "raise25x" : 1
    },
    "AJs" : {
      "raise25x" : 1
    },
    "AKo" : {
      "raise25x" : 1
    },
    "AKs" : {
      "raise25x" : 1
    },
    "AQo" : {
      "raise25x" : 1
    },
    "AQs" : {
      "raise25x" : 1
    },
    "ATo" : {
      "raise25x" : 1
    },
    "ATs" : {
      "raise25x" : 1
    },
    "J8s" : {
      "raise25x" : 1
    },
    "J9s" : {
      "raise25x" : 1
    },
    "JJ" : {
      "raise25x" : 1
    },
    "JTo" : {
      "raise25x" : 1
    },
    "JTs" : {
      "raise25x" : 1
    },
    "K4s" : {
      "fold" : 0.97509999999999997,
      "raise25x" : 0.024899999999999999
    },
    "K5s" : {
      "raise25x" : 1
    },
    "K6s" : {
      "raise25x" : 1
    },
    "K7s" : {
      "raise25x" : 1
    },
    "K8s" : {
      "raise25x" : 1
    },
    "K9o" : {
      "fold" : 0.69999999999999996,
      "raise25x" : 0.29999999999999999
    },
    "K9s" : {
      "raise25x" : 1
    },
    "KJo" : {
      "raise25x" : 1
    },
    "KJs" : {
      "raise25x" : 1
    },
    "KK" : {
      "raise25x" : 1
    },
    "KQo" : {
      "raise25x" : 1
    },
    "KQs" : {
      "raise25x" : 1
    },
    "KTo" : {
      "raise25x" : 1
    },
    "KTs" : {
      "raise25x" : 1
    },
    "Q6s" : {
      "raise25x" : 1
    },
    "Q7s" : {
      "raise25x" : 1
    },
    "Q8s" : {
      "raise25x" : 1
    },
    "Q9s" : {
      "raise25x" : 1
    },
    "QJo" : {
      "raise25x" : 1
    },
    "QJs" : {
      "raise25x" : 1
    },
    "QQ" : {
      "raise25x" : 1
    },
    "QTo" : {
      "raise25x" : 1
    },
    "QTs" : {
      "raise25x" : 1
    },
    "T7s" : {
      "raise25x" : 1
    },
    "T8s" : {
      "raise25x" : 1
    },
    "T9s" : {
      "raise25x" : 1
    },
    "TT" : {
      "raise25x" : 1
    }
  },
  "id" : "mtt_8max_25bb_hj_unopened",
  "source" : {
    "description" : "RangeConverter free PDF — 8-max 25bb 1bb ante (12.5%).",
    "publisher" : {
      "accessedDate" : "2026-06-01",
      "name" : "RangeConverter",
      "product" : "Free Poker Charts — 8 max 1bb ante MTT GTO Ranges",
      "treeParams" : "poker.academy CE-Symmetric Regular @ 25bb (GTO ChipEV, 1bb ante)",
      "url" : "https:\/\/rangeconverter.com\/free-poker-charts"
    },
    "solver" : {
      "assumptions" : "Frequencies rounded to nearest 25% per source. ChipEV (non-ICM). 1bb (12.5%) big-blind ante."
    },
    "type" : "published"
  },
  "spot" : {
    "anteType" : "bigBlindAnte",
    "facingAction" : "unopened",
    "position" : "HJ",
    "stackDepthBB" : 25
  }
}