{
  "format" : "NLHE_MTT_8MAX",
  "hands" : {
    "22" : {
      "call" : 1
    },
    "32s" : {
      "call" : 1
    },
    "33" : {
      "call" : 1
    },
    "42s" : {
      "call" : 1
    },
    "43s" : {
      "call" : 1
    },
    "44" : {
      "call" : 1
    },
    "52s" : {
      "call" : 1
    },
    "53o" : {
      "call" : 0.52000000000000002,
      "fold" : 0.47999999999999998
    },
    "53s" : {
      "call" : 1
    },
    "54o" : {
      "call" : 1
    },
    "54s" : {
      "call" : 0.77000000000000002,
      "raise3x" : 0.23000000000000001
    },
    "55" : {
      "call" : 1
    },
    "62s" : {
      "call" : 1
    },
    "63s" : {
      "call" : 1
    },
    "64o" : {
      "call" : 0.5,
      "fold" : 0.5
    },
    "64s" : {
      "call" : 1
    },
    "65o" : {
      "call" : 1
    },
    "65s" : {
      "call" : 0.39500000000000002,
      "raise3x" : 0.60499999999999998
    },
    "66" : {
      "call" : 1
    },
    "72s" : {
      "call" : 1
    },
    "73s" : {
      "call" : 1
    },
    "74s" : {
      "call" : 1
    },
    "75o" : {
      "call" : 0.245,
      "fold" : 0.755
    },
    "75s" : {
      "call" : 1
    },
    "76o" : {
      "call" : 1
    },
    "76s" : {
      "call" : 0.14499999999999999,
      "raise3x" : 0.85499999999999998
    },
    "77" : {
      "call" : 1
    },
    "82s" : {
      "call" : 1
    },
    "83s" : {
      "call" : 1
    },
    "84s" : {
      "call" : 1
    },
    "85s" : {
      "call" : 1
    },
    "86o" : {
      "call" : 0.8901,
      "fold" : 0.1099
    },
    "86s" : {
      "call" : 0.78500000000000003,
      "raise3x" : 0.215
    },
    "87o" : {
      "call" : 1
    },
    "87s" : {
      "call" : 0.59009999999999996,
      "raise3x" : 0.40989999999999999
    },
    "88" : {
      "call" : 0.84999999999999998,
      "raise3x" : 0.14999999999999999
    },
    "92s" : {
      "call" : 1
    },
    "93s" : {
      "call" : 1
    },
    "94s" : {
      "call" : 1
    },
    "95s" : {
      "call" : 1
    },
    "96s" : {
      "call" : 1
    },
    "97o" : {
      "call" : 1
    },
    "97s" : {
      "call" : 0.96509999999999996,
      "raise3x" : 0.0349
    },
    "98o" : {
      "call" : 1
    },
    "98s" : {
      "call" : 0.86519999999999997,
      "raise3x" : 0.1348
    },
    "99" : {
      "call" : 0.73509999999999998,
      "raise3x" : 0.26490000000000002
    },
    "A2o" : {
      "call" : 1
    },
    "A2s" : {
      "call" : 1
    },
    "A3o" : {
      "call" : 1
    },
    "A3s" : {
      "call" : 1
    },
    "A4o" : {
      "call" : 1
    },
    "A4s" : {
      "call" : 0.67500000000000004,
      "raise3x" : 0.32500000000000001
    },
    "A5o" : {
      "call" : 1
    },
    "A5s" : {
      "call" : 0.18490000000000001,
      "raise3x" : 0.81510000000000005
    },
    "A6o" : {
      "call" : 1
    },
    "A6s" : {
      "call" : 0.81010000000000004,
      "raise3x" : 0.18990000000000001
    },
    "A7o" : {
      "call" : 1
    },
    "A7s" : {
      "call" : 0.65510000000000002,
      "raise3x" : 0.34489999999999998
    },
    "A8o" : {
      "call" : 1
    },
    "A8s" : {
      "call" : 0.4199,
      "raise3x" : 0.58009999999999995
    },
    "A9o" : {
      "call" : 0.72009999999999996,
      "raise3x" : 0.27989999999999998
    },
    "A9s" : {
      "call" : 1
    },
    "AA" : {
      "raise3x" : 1
    },
    "AJo" : {
      "call" : 1
    },
    "AJs" : {
      "call" : 0.59509999999999996,
      "raise3x" : 0.40489999999999998
    },
    "AKo" : {
      "raise3x" : 1
    },
    "AKs" : {
      "raise3x" : 1
    },
    "AQo" : {
      "call" : 0.5,
      "raise3x" : 0.5
    },
    "AQs" : {
      "raise3x" : 1
    },
    "ATo" : {
      "call" : 0.97009999999999996,
      "raise3x" : 0.029899999999999999
    },
    "ATs" : {
      "call" : 0.82999999999999996,
      "raise3x" : 0.17000000000000001
    },
    "J2s" : {
      "call" : 1
    },
    "J3s" : {
      "call" : 1
    },
    "J4s" : {
      "call" : 1
    },
    "J5s" : {
      "call" : 1
    },
    "J6s" : {
      "call" : 1
    },
    "J7s" : {
      "call" : 1
    },
    "J8o" : {
      "call" : 1
    },
    "J8s" : {
      "call" : 0.52500000000000002,
      "raise3x" : 0.47499999999999998
    },
    "J9o" : {
      "call" : 1
    },
    "J9s" : {
      "raise3x" : 1
    },
    "JJ" : {
      "raise3x" : 1
    },
    "JTo" : {
      "call" : 1
    },
    "JTs" : {
      "raise3x" : 1
    },
    "K2s" : {
      "call" : 1
    },
    "K3s" : {
      "call" : 1
    },
    "K4s" : {
      "call" : 1
    },
    "K5o" : {
      "call" : 1
    },
    "K5s" : {
      "call" : 1
    },
    "K6o" : {
      "call" : 1
    },
    "K6s" : {
      "call" : 0.8901,
      "raise3x" : 0.1099
    },
    "K7o" : {
      "call" : 1
    },
    "K7s" : {
      "call" : 1
    },
    "K8o" : {
      "call" : 1
    },
    "K8s" : {
      "call" : 1
    },
    "K9o" : {
      "call" : 1
    },
    "K9s" : {
      "call" : 0.315,
      "raise3x" : 0.68500000000000005
    },
    "KJo" : {
      "call" : 0.81010000000000004,
      "raise3x" : 0.18990000000000001
    },
    "KJs" : {
      "call" : 0.69499999999999995,
      "raise3x" : 0.30499999999999999
    },
    "KK" : {
      "raise3x" : 1
    },
    "KQo" : {
      "call" : 0.79510000000000003,
      "raise3x" : 0.2049
    },
    "KQs" : {
      "call" : 0.315,
      "raise3x" : 0.68500000000000005
    },
    "KTo" : {
      "call" : 1
    },
    "KTs" : {
      "call" : 0.20979999999999999,
      "raise3x" : 0.79020000000000001
    },
    "Q2s" : {
      "call" : 1
    },
    "Q3s" : {
      "call" : 1
    },
    "Q4s" : {
      "call" : 1
    },
    "Q5s" : {
      "call" : 1
    },
    "Q6o" : {
      "call" : 0.22,
      "fold" : 0.78000000000000003
    },
    "Q6s" : {
      "call" : 1
    },
    "Q7s" : {
      "call" : 1
    },
    "Q8o" : {
      "call" : 1
    },
    "Q8s" : {
      "call" : 0.98499999999999999,
      "raise3x" : 0.014999999999999999
    },
    "Q9o" : {
      "call" : 1
    },
    "Q9s" : {
      "call" : 1
    },
    "QJo" : {
      "call" : 1
    },
    "QJs" : {
      "call" : 0.60499999999999998,
      "raise3x" : 0.39500000000000002
    },
    "QQ" : {
      "raise3x" : 1
    },
    "QTo" : {
      "call" : 1
    },
    "QTs" : {
      "call" : 0.22,
      "raise3x" : 0.78000000000000003
    },
    "T2s" : {
      "call" : 1
    },
    "T3s" : {
      "call" : 1
    },
    "T4s" : {
      "call" : 1
    },
    "T5s" : {
      "call" : 1
    },
    "T6s" : {
      "call" : 1
    },
    "T7s" : {
      "call" : 1
    },
    "T8o" : {
      "call" : 1
    },
    "T8s" : {
      "call" : 0.44500000000000001,
      "raise3x" : 0.55500000000000005
    },
    "T9o" : {
      "call" : 1
    },
    "T9s" : {
      "raise3x" : 1
    },
    "TT" : {
      "call" : 0.38,
      "raise3x" : 0.62
    }
  },
  "id" : "mtt_8max_80bb_bb_vsopen_vs_hj",
  "source" : {
    "description" : "RangeConverter free PDF — 8-max 80bb 1bb ante (12.5%).",
    "publisher" : {
      "accessedDate" : "2026-06-01",
      "name" : "RangeConverter",
      "product" : "Free Poker Charts — 8 max 1bb ante MTT GTO Ranges",
      "treeParams" : "poker.academy CE-Symmetric Regular @ 80bb (GTO ChipEV, 1bb ante)",
      "url" : "https:\/\/rangeconverter.com\/free-poker-charts"
    },
    "solver" : {
      "assumptions" : "Frequencies rounded to nearest 25% per source. ChipEV (non-ICM). 1bb (12.5%) big-blind ante."
    },
    "type" : "published"
  },
  "spot" : {
    "anteType" : "bigBlindAnte",
    "facingAction" : "vsOpen",
    "opponentPosition" : "HJ",
    "position" : "BB",
    "stackDepthBB" : 80
  }
}