{
  "format" : "NLHE_MTT_8MAX",
  "hands" : {
    "22" : {
      "call" : 1
    },
    "33" : {
      "call" : 0.18990000000000001,
      "shove" : 0.81010000000000004
    },
    "44" : {
      "call" : 0.26989999999999997,
      "raise3x" : 0.215,
      "shove" : 0.5151
    },
    "54s" : {
      "call" : 0.58509999999999995,
      "fold" : 0.41489999999999999
    },
    "55" : {
      "call" : 0.36509999999999998,
      "raise3x" : 0.4199,
      "shove" : 0.215
    },
    "65s" : {
      "call" : 0.625,
      "fold" : 0.375
    },
    "66" : {
      "raise3x" : 0.26490000000000002,
      "shove" : 0.73509999999999998
    },
    "76s" : {
      "call" : 0.74009999999999998,
      "fold" : 0.25990000000000002
    },
    "77" : {
      "raise3x" : 0.029899999999999999,
      "shove" : 0.97009999999999996
    },
    "87s" : {
      "call" : 0.59999999999999998,
      "fold" : 0.40000000000000002
    },
    "88" : {
      "shove" : 1
    },
    "98s" : {
      "call" : 1
    },
    "99" : {
      "raise3x" : 0.91500000000000004,
      "shove" : 0.085000000000000006
    },
    "A2s" : {
      "call" : 0.42499999999999999,
      "shove" : 0.57499999999999996
    },
    "A3s" : {
      "call" : 0.58009999999999995,
      "shove" : 0.4199
    },
    "A4s" : {
      "call" : 1
    },
    "A5o" : {
      "fold" : 0.40989999999999999,
      "raise3x" : 0.59009999999999996
    },
    "A5s" : {
      "call" : 0.054899999999999997,
      "shove" : 0.94510000000000005
    },
    "A6o" : {
      "fold" : 0.72009999999999996,
      "raise3x" : 0.27989999999999998
    },
    "A6s" : {
      "call" : 1
    },
    "A7o" : {
      "call" : 0.18990000000000001,
      "raise3x" : 0.81010000000000004
    },
    "A7s" : {
      "shove" : 1
    },
    "A8o" : {
      "call" : 0.44009999999999999,
      "raise3x" : 0.55989999999999995
    },
    "A8s" : {
      "call" : 0.69499999999999995,
      "raise3x" : 0.30499999999999999
    },
    "A9o" : {
      "call" : 0.32500000000000001,
      "raise3x" : 0.67500000000000004
    },
    "A9s" : {
      "call" : 1
    },
    "AA" : {
      "call" : 0.1749,
      "raise3x" : 0.82509999999999994
    },
    "AJo" : {
      "shove" : 1
    },
    "AJs" : {
      "raise3x" : 1
    },
    "AKo" : {
      "raise3x" : 0.79510000000000003,
      "shove" : 0.2049
    },
    "AKs" : {
      "raise3x" : 1
    },
    "AQo" : {
      "shove" : 1
    },
    "AQs" : {
      "raise3x" : 1
    },
    "ATo" : {
      "call" : 0.3382,
      "raise3x" : 0.15909999999999999,
      "shove" : 0.50270000000000004
    },
    "ATs" : {
      "call" : 0.13980000000000001,
      "raise3x" : 0.86019999999999996
    },
    "J8s" : {
      "call" : 0.95009999999999994,
      "raise3x" : 0.0499
    },
    "J9s" : {
      "call" : 1
    },
    "JJ" : {
      "raise3x" : 1
    },
    "JTo" : {
      "call" : 0.53500000000000003,
      "raise3x" : 0.46500000000000002
    },
    "JTs" : {
      "shove" : 1
    },
    "K5s" : {
      "call" : 1
    },
    "K6s" : {
      "call" : 0.38,
      "raise3x" : 0.62
    },
    "K7s" : {
      "call" : 1
    },
    "K8s" : {
      "call" : 1
    },
    "K9s" : {
      "call" : 1
    },
    "KJo" : {
      "call" : 0.40989999999999999,
      "raise3x" : 0.59009999999999996
    },
    "KJs" : {
      "call" : 0.73509999999999998,
      "shove" : 0.26490000000000002
    },
    "KK" : {
      "raise3x" : 1
    },
    "KQo" : {
      "raise3x" : 0.315,
      "shove" : 0.68500000000000005
    },
    "KQs" : {
      "raise3x" : 1
    },
    "KTo" : {
      "call" : 0.72509999999999997,
      "raise3x" : 0.27489999999999998
    },
    "KTs" : {
      "call" : 0.12989999999999999,
      "raise3x" : 0.1099,
      "shove" : 0.76019999999999999
    },
    "Q6s" : {
      "call" : 0.185,
      "fold" : 0.41499999999999998,
      "raise3x" : 0.40000000000000002
    },
    "Q8s" : {
      "call" : 1
    },
    "Q9s" : {
      "call" : 1
    },
    "QJo" : {
      "call" : 0.56989999999999996,
      "raise3x" : 0.43009999999999998
    },
    "QJs" : {
      "call" : 0.17000000000000001,
      "shove" : 0.82999999999999996
    },
    "QQ" : {
      "raise3x" : 1
    },
    "QTo" : {
      "call" : 0.625,
      "raise3x" : 0.375
    },
    "QTs" : {
      "call" : 0.019900000000000001,
      "shove" : 0.98009999999999997
    },
    "T8s" : {
      "call" : 1
    },
    "T9s" : {
      "call" : 1
    },
    "TT" : {
      "raise3x" : 1
    }
  },
  "id" : "mtt_8max_35bb_sb_vsopen",
  "source" : {
    "description" : "RangeConverter free PDF — 8-max 35bb 1bb ante (12.5%).",
    "publisher" : {
      "accessedDate" : "2026-06-01",
      "name" : "RangeConverter",
      "product" : "Free Poker Charts — 8 max 1bb ante MTT GTO Ranges",
      "treeParams" : "poker.academy CE-Symmetric Regular @ 35bb (GTO ChipEV, 1bb ante)",
      "url" : "https:\/\/rangeconverter.com\/free-poker-charts"
    },
    "solver" : {
      "assumptions" : "Frequencies rounded to nearest 25% per source. ChipEV (non-ICM). 1bb (12.5%) big-blind ante."
    },
    "type" : "published"
  },
  "spot" : {
    "anteType" : "bigBlindAnte",
    "facingAction" : "vsOpen",
    "position" : "SB",
    "stackDepthBB" : 35
  }
}