{
  "format" : "NLHE_MTT_8MAX",
  "hands" : {
    "22" : {
      "call" : 0.94279999999999997,
      "fold" : 0.057200000000000001
    },
    "33" : {
      "call" : 0.96850000000000003,
      "fold" : 0.0315
    },
    "44" : {
      "call" : 0.93210000000000004,
      "fold" : 0.067900000000000002
    },
    "66" : {
      "call" : 1
    },
    "74s" : {
      "fold" : 1
    },
    "75s" : {
      "call" : 0.0045999999999999999,
      "fold" : 0.99539999999999995
    },
    "77" : {
      "call" : 0.99719999999999998,
      "fold" : 0.0028
    },
    "86s" : {
      "call" : 0.0022000000000000001,
      "fold" : 0.99780000000000002
    },
    "88" : {
      "call" : 1
    },
    "96s" : {
      "call" : 0.0018,
      "fold" : 0.99819999999999998
    },
    "97s" : {
      "call" : 0.010999999999999999,
      "fold" : 0.98899999999999999
    },
    "98s" : {
      "call" : 0.0048999999999999998,
      "fold" : 0.99509999999999998
    },
    "99" : {
      "call" : 1
    },
    "A2o" : {
      "call" : 0.0027000000000000001,
      "fold" : 0.99729999999999996
    },
    "A2s" : {
      "call" : 0.079200000000000007,
      "fold" : 0.92079999999999995
    },
    "A3o" : {
      "call" : 0.0419,
      "fold" : 0.95809999999999995
    },
    "A3s" : {
      "call" : 0.0053,
      "fold" : 0.99470000000000003
    },
    "A4o" : {
      "call" : 0.017299999999999999,
      "fold" : 0.98270000000000002
    },
    "A4s" : {
      "call" : 0.19009999999999999,
      "fold" : 0.80989999999999995
    },
    "A5o" : {
      "call" : 0.1019,
      "fold" : 0.89810000000000001
    },
    "A5s" : {
      "call" : 0.49349999999999999,
      "fold" : 0.50649999999999995
    },
    "A6o" : {
      "call" : 0.62319999999999998,
      "fold" : 0.37680000000000002
    },
    "A6s" : {
      "call" : 0.96560000000000001,
      "fold" : 0.0344
    },
    "A7o" : {
      "call" : 0.60550000000000004,
      "fold" : 0.39450000000000002
    },
    "A7s" : {
      "call" : 0.97119999999999995,
      "fold" : 0.028799999999999999
    },
    "A8o" : {
      "call" : 0.94269999999999998,
      "fold" : 0.057299999999999997
    },
    "A8s" : {
      "call" : 0.99990000000000001
    },
    "A9o" : {
      "call" : 0.99550000000000005,
      "fold" : 0.0044999999999999997
    },
    "A9s" : {
      "call" : 1
    },
    "AA" : {
      "call" : 1
    },
    "AJo" : {
      "call" : 1
    },
    "AJs" : {
      "call" : 1
    },
    "AKo" : {
      "call" : 1
    },
    "AKs" : {
      "call" : 0.99980000000000002
    },
    "AQo" : {
      "call" : 1
    },
    "AQs" : {
      "call" : 1
    },
    "ATo" : {
      "call" : 1
    },
    "ATs" : {
      "call" : 0.99980000000000002
    },
    "J3s" : {
      "call" : 0.014800000000000001,
      "fold" : 0.98519999999999996
    },
    "J4s" : {
      "call" : 0.0044999999999999997,
      "fold" : 0.99550000000000005
    },
    "J7s" : {
      "fold" : 0.99990000000000001
    },
    "J8s" : {
      "call" : 0.0018,
      "fold" : 0.99819999999999998
    },
    "J9o" : {
      "fold" : 0.99990000000000001
    },
    "J9s" : {
      "call" : 0.067799999999999999,
      "fold" : 0.93220000000000003
    },
    "JJ" : {
      "call" : 1
    },
    "JTo" : {
      "call" : 0.0023999999999999998,
      "fold" : 0.99760000000000004
    },
    "JTs" : {
      "call" : 0.52710000000000001,
      "fold" : 0.47289999999999999
    },
    "K2s" : {
      "call" : 0.0064000000000000003,
      "fold" : 0.99360000000000004
    },
    "K3s" : {
      "call" : 0.0022000000000000001,
      "fold" : 0.99780000000000002
    },
    "K4s" : {
      "call" : 0.0016000000000000001,
      "fold" : 0.99839999999999995
    },
    "K5o" : {
      "fold" : 0.99939999999999996
    },
    "K5s" : {
      "call" : 0.0038,
      "fold" : 0.99619999999999997
    },
    "K6o" : {
      "call" : 0.0023999999999999998,
      "fold" : 0.99760000000000004
    },
    "K6s" : {
      "call" : 0.0083000000000000001,
      "fold" : 0.99170000000000003
    },
    "K7o" : {
      "call" : 0.0032000000000000002,
      "fold" : 0.99680000000000002
    },
    "K7s" : {
      "call" : 0.099199999999999997,
      "fold" : 0.90080000000000005
    },
    "K8o" : {
      "fold" : 0.99970000000000003
    },
    "K8s" : {
      "call" : 0.0082000000000000007,
      "fold" : 0.99180000000000001
    },
    "K9o" : {
      "call" : 0.0016000000000000001,
      "fold" : 0.99839999999999995
    },
    "K9s" : {
      "call" : 0.30099999999999999,
      "fold" : 0.69899999999999995
    },
    "KJo" : {
      "call" : 0.0161,
      "fold" : 0.9839
    },
    "KJs" : {
      "call" : 0.99270000000000003,
      "fold" : 0.0073000000000000001
    },
    "KK" : {
      "call" : 1
    },
    "KQo" : {
      "call" : 0.69010000000000005,
      "fold" : 0.30990000000000001
    },
    "KQs" : {
      "call" : 0.9768,
      "fold" : 0.023199999999999998
    },
    "KTo" : {
      "call" : 0.021499999999999998,
      "fold" : 0.97850000000000004
    },
    "KTs" : {
      "call" : 0.86319999999999997,
      "fold" : 0.1368
    },
    "Q3s" : {
      "call" : 0.0019,
      "fold" : 0.99809999999999999
    },
    "Q4s" : {
      "call" : 0.0023,
      "fold" : 0.99770000000000003
    },
    "Q5s" : {
      "fold" : 0.99980000000000002
    },
    "Q6s" : {
      "fold" : 0.99980000000000002
    },
    "Q7o" : {
      "fold" : 0.99980000000000002
    },
    "Q7s" : {
      "call" : 0.019099999999999999,
      "fold" : 0.98089999999999999
    },
    "Q8o" : {
      "fold" : 0.99950000000000006
    },
    "Q8s" : {
      "call" : 0.0057999999999999996,
      "fold" : 0.99419999999999997
    },
    "Q9o" : {
      "fold" : 0.99929999999999997
    },
    "Q9s" : {
      "fold" : 0.99919999999999998
    },
    "QJo" : {
      "call" : 0.0097000000000000003,
      "fold" : 0.99029999999999996
    },
    "QJs" : {
      "call" : 0.1739,
      "fold" : 0.82609999999999995
    },
    "QQ" : {
      "call" : 1
    },
    "QTo" : {
      "call" : 0.0054999999999999997,
      "fold" : 0.99450000000000005
    },
    "QTs" : {
      "call" : 0.1293,
      "fold" : 0.87070000000000003
    },
    "T5s" : {
      "call" : 0.0054999999999999997,
      "fold" : 0.99450000000000005
    },
    "T7s" : {
      "call" : 0.0041999999999999997,
      "fold" : 0.99580000000000002
    },
    "T8o" : {
      "fold" : 0.99950000000000006
    },
    "T9s" : {
      "call" : 0.19289999999999999,
      "fold" : 0.80710000000000004
    },
    "TT" : {
      "call" : 1
    }
  },
  "id" : "mtt_8max_20bb_btn_vs3betjam",
  "source" : {
    "description" : "RangeConverter free PDF — 8-max 20bb 1bb ante (12.5%).",
    "publisher" : {
      "accessedDate" : "2026-05-25",
      "name" : "RangeConverter",
      "product" : "Free Poker Charts — 8 max 1bb ante MTT GTO Ranges",
      "treeParams" : "HRC v3 Advanced ChipEV @ 20bb: open 2.0bb; BU 2.0bb; SB 2.0bb; 3-bet IP all-in; 3-bet BB-vs-others all-in; 4-bet IP all-in",
      "url" : "https:\/\/rangeconverter.com\/free-poker-charts"
    },
    "solver" : {
      "assumptions" : "Frequencies rounded to nearest 25% per source. ChipEV (non-ICM). 1bb (12.5%) big-blind ante."
    },
    "type" : "published"
  },
  "spot" : {
    "anteType" : "bigBlindAnte",
    "facingAction" : "vs3BetJam",
    "position" : "BTN",
    "stackDepthBB" : 20
  }
}