{
  "format" : "NLHE_MTT_8MAX",
  "hands" : {
    "22" : {
      "call" : 1
    },
    "33" : {
      "call" : 1
    },
    "44" : {
      "call" : 1
    },
    "54s" : {
      "call" : 1
    },
    "55" : {
      "call" : 1
    },
    "65s" : {
      "call" : 0.90500000000000003,
      "raise3x" : 0.095000000000000001
    },
    "66" : {
      "call" : 1
    },
    "76s" : {
      "call" : 0.87509999999999999,
      "raise3x" : 0.1249
    },
    "77" : {
      "call" : 0.81510000000000005,
      "raise3x" : 0.18490000000000001
    },
    "86s" : {
      "call" : 0.65010000000000001,
      "fold" : 0.34989999999999999
    },
    "87s" : {
      "call" : 0.73509999999999998,
      "raise3x" : 0.26490000000000002
    },
    "88" : {
      "call" : 0.63990000000000002,
      "raise3x" : 0.36009999999999998
    },
    "97s" : {
      "call" : 0.83499999999999996,
      "fold" : 0.16500000000000001
    },
    "98s" : {
      "call" : 0.78500000000000003,
      "raise3x" : 0.215
    },
    "99" : {
      "call" : 0.59999999999999998,
      "raise3x" : 0.40000000000000002
    },
    "A2s" : {
      "call" : 1
    },
    "A3s" : {
      "call" : 1
    },
    "A4s" : {
      "call" : 0.90010000000000001,
      "raise3x" : 0.099900000000000003
    },
    "A5s" : {
      "call" : 0.625,
      "raise3x" : 0.375
    },
    "A6s" : {
      "call" : 0.755,
      "raise3x" : 0.245
    },
    "A7s" : {
      "call" : 0.50509999999999999,
      "raise3x" : 0.49490000000000001
    },
    "A8s" : {
      "call" : 0.87509999999999999,
      "raise3x" : 0.1249
    },
    "A9s" : {
      "call" : 0.58009999999999995,
      "raise3x" : 0.4199
    },
    "AA" : {
      "raise3x" : 1
    },
    "AJo" : {
      "call" : 0.37,
      "raise3x" : 0.63
    },
    "AJs" : {
      "call" : 1
    },
    "AKo" : {
      "raise3x" : 0.86519999999999997,
      "shove" : 0.1348
    },
    "AKs" : {
      "raise3x" : 1
    },
    "AQo" : {
      "call" : 0.31159999999999999,
      "raise3x" : 0.63829999999999998,
      "shove" : 0.050099999999999999
    },
    "AQs" : {
      "raise3x" : 1
    },
    "ATo" : {
      "call" : 0.4899,
      "raise3x" : 0.5101
    },
    "ATs" : {
      "call" : 1
    },
    "J8s" : {
      "call" : 0.315,
      "fold" : 0.26989999999999997,
      "raise3x" : 0.41510000000000002
    },
    "J9s" : {
      "call" : 0.59509999999999996,
      "raise3x" : 0.40489999999999998
    },
    "JJ" : {
      "raise3x" : 1
    },
    "JTs" : {
      "call" : 0.60999999999999999,
      "raise3x" : 0.39000000000000001
    },
    "K5s" : {
      "call" : 0.14499999999999999,
      "fold" : 0.85499999999999998
    },
    "K6s" : {
      "call" : 0.90010000000000001,
      "raise3x" : 0.099900000000000003
    },
    "K7s" : {
      "call" : 0.61719999999999997,
      "fold" : 0.25359999999999999,
      "raise3x" : 0.12920000000000001
    },
    "K8s" : {
      "call" : 1
    },
    "K9s" : {
      "call" : 0.17000000000000001,
      "raise3x" : 0.82999999999999996
    },
    "KJo" : {
      "call" : 0.73009999999999997,
      "raise3x" : 0.26989999999999997
    },
    "KJs" : {
      "call" : 0.94510000000000005,
      "shove" : 0.054899999999999997
    },
    "KK" : {
      "raise3x" : 1
    },
    "KQo" : {
      "call" : 0.74509999999999998,
      "raise3x" : 0.25490000000000002
    },
    "KQs" : {
      "call" : 1
    },
    "KTo" : {
      "call" : 0.215,
      "fold" : 0.66510000000000002,
      "raise3x" : 0.11990000000000001
    },
    "KTs" : {
      "raise3x" : 1
    },
    "Q8s" : {
      "call" : 0.94020000000000004,
      "raise3x" : 0.059799999999999999
    },
    "Q9s" : {
      "call" : 0.97509999999999997,
      "raise3x" : 0.024899999999999999
    },
    "QJo" : {
      "call" : 0.26989999999999997,
      "fold" : 0.6401,
      "raise3x" : 0.089999999999999997
    },
    "QJs" : {
      "call" : 0.65010000000000001,
      "shove" : 0.34989999999999999
    },
    "QQ" : {
      "raise3x" : 1
    },
    "QTs" : {
      "call" : 0.90500000000000003,
      "raise3x" : 0.095000000000000001
    },
    "T8s" : {
      "call" : 0.76000000000000001,
      "raise3x" : 0.23999999999999999
    },
    "T9s" : {
      "call" : 0.54500000000000004,
      "raise3x" : 0.45500000000000002
    },
    "TT" : {
      "call" : 0.099500000000000005,
      "raise3x" : 0.79120000000000001,
      "shove" : 0.10929999999999999
    }
  },
  "id" : "mtt_8max_40bb_sb_vsopen_vs_lj",
  "source" : {
    "description" : "RangeConverter free PDF — 8-max 40bb 1bb ante (12.5%).",
    "publisher" : {
      "accessedDate" : "2026-06-01",
      "name" : "RangeConverter",
      "product" : "Free Poker Charts — 8 max 1bb ante MTT GTO Ranges",
      "treeParams" : "poker.academy CE-Symmetric Regular @ 40bb (GTO ChipEV, 1bb ante)",
      "url" : "https:\/\/rangeconverter.com\/free-poker-charts"
    },
    "solver" : {
      "assumptions" : "Frequencies rounded to nearest 25% per source. ChipEV (non-ICM). 1bb (12.5%) big-blind ante."
    },
    "type" : "published"
  },
  "spot" : {
    "anteType" : "bigBlindAnte",
    "facingAction" : "vsOpen",
    "opponentPosition" : "LJ",
    "position" : "SB",
    "stackDepthBB" : 40
  }
}