{
  "format" : "NLHE_MTT_8MAX",
  "hands" : {
    "22" : {
      "call" : 1
    },
    "33" : {
      "call" : 0.98399999999999999,
      "raise3x" : 0.016
    },
    "43s" : {
      "call" : 0.17519999999999999,
      "fold" : 0.82479999999999998
    },
    "44" : {
      "call" : 0.99209999999999998,
      "raise3x" : 0.0079000000000000008
    },
    "53s" : {
      "call" : 0.99419999999999997,
      "fold" : 0.0057999999999999996
    },
    "54s" : {
      "call" : 1
    },
    "55" : {
      "call" : 1
    },
    "64s" : {
      "call" : 0.58609999999999995,
      "fold" : 0.41389999999999999
    },
    "65s" : {
      "call" : 1
    },
    "66" : {
      "call" : 1
    },
    "75s" : {
      "call" : 0.99419999999999997,
      "fold" : 0.0057999999999999996
    },
    "76s" : {
      "call" : 1
    },
    "77" : {
      "call" : 1
    },
    "86s" : {
      "call" : 1
    },
    "87s" : {
      "call" : 1
    },
    "88" : {
      "call" : 0.94199999999999995,
      "raise3x" : 0.058000000000000003
    },
    "96s" : {
      "call" : 1
    },
    "97s" : {
      "call" : 1
    },
    "98s" : {
      "call" : 1
    },
    "99" : {
      "call" : 0.75819999999999999,
      "raise3x" : 0.0218,
      "shove" : 0.22
    },
    "A2s" : {
      "call" : 0.77210000000000001,
      "shove" : 0.22789999999999999
    },
    "A3s" : {
      "call" : 0.4899,
      "shove" : 0.5101
    },
    "A4s" : {
      "call" : 0.90210000000000001,
      "shove" : 0.097900000000000001
    },
    "A5o" : {
      "call" : 0.182,
      "fold" : 0.81220000000000003,
      "raise3x" : 0.0057999999999999996
    },
    "A5s" : {
      "call" : 1
    },
    "A6s" : {
      "call" : 1
    },
    "A7s" : {
      "call" : 1
    },
    "A8o" : {
      "call" : 0.9042,
      "fold" : 0.051999999999999998,
      "raise3x" : 0.043799999999999999
    },
    "A8s" : {
      "call" : 1
    },
    "A9o" : {
      "call" : 1
    },
    "A9s" : {
      "call" : 1
    },
    "AA" : {
      "call" : 1
    },
    "AJo" : {
      "call" : 0.98009999999999997,
      "raise3x" : 0.019900000000000001
    },
    "AJs" : {
      "call" : 1
    },
    "AKo" : {
      "shove" : 1
    },
    "AKs" : {
      "raise3x" : 0.33600000000000002,
      "shove" : 0.66400000000000003
    },
    "AQo" : {
      "call" : 0.35870000000000002,
      "raise3x" : 0.056000000000000001,
      "shove" : 0.58530000000000004
    },
    "AQs" : {
      "call" : 1
    },
    "ATo" : {
      "call" : 0.97819999999999996,
      "raise3x" : 0.0218
    },
    "ATs" : {
      "call" : 1
    },
    "J7s" : {
      "call" : 1
    },
    "J8s" : {
      "call" : 1
    },
    "J9s" : {
      "call" : 1
    },
    "JJ" : {
      "raise3x" : 0.0057999999999999996,
      "shove" : 0.99419999999999997
    },
    "JTo" : {
      "call" : 0.98609999999999998,
      "raise3x" : 0.013899999999999999
    },
    "JTs" : {
      "call" : 0.65800000000000003,
      "shove" : 0.34200000000000003
    },
    "K2s" : {
      "call" : 0.94999999999999996,
      "raise3x" : 0.050000000000000003
    },
    "K3s" : {
      "call" : 1
    },
    "K4s" : {
      "call" : 1
    },
    "K5s" : {
      "call" : 1
    },
    "K6s" : {
      "call" : 1
    },
    "K7s" : {
      "call" : 1
    },
    "K8s" : {
      "call" : 1
    },
    "K9o" : {
      "call" : 0.085999999999999993,
      "fold" : 0.90400000000000003,
      "raise3x" : 0.01
    },
    "K9s" : {
      "call" : 1
    },
    "KJo" : {
      "call" : 0.98999999999999999,
      "raise3x" : 0.01
    },
    "KJs" : {
      "call" : 1
    },
    "KK" : {
      "call" : 0.71199999999999997,
      "raise3x" : 0.28799999999999998
    },
    "KQo" : {
      "call" : 1
    },
    "KQs" : {
      "call" : 1
    },
    "KTo" : {
      "call" : 0.96609999999999996,
      "raise3x" : 0.025999999999999999,
      "shove" : 0.0079000000000000008
    },
    "KTs" : {
      "call" : 1
    },
    "Q3s" : {
      "call" : 0.071900000000000006,
      "fold" : 0.92810000000000004
    },
    "Q4s" : {
      "call" : 0.74029999999999996,
      "fold" : 0.25390000000000001,
      "raise3x" : 0.0057999999999999996
    },
    "Q5s" : {
      "call" : 1
    },
    "Q6s" : {
      "call" : 1
    },
    "Q7s" : {
      "call" : 1
    },
    "Q8s" : {
      "call" : 1
    },
    "Q9s" : {
      "call" : 1
    },
    "QJo" : {
      "call" : 0.67220000000000002,
      "raise3x" : 0.0057999999999999996,
      "shove" : 0.32200000000000001
    },
    "QJs" : {
      "call" : 1
    },
    "QQ" : {
      "call" : 0.74609999999999999,
      "raise3x" : 0.1799,
      "shove" : 0.073999999999999996
    },
    "QTo" : {
      "call" : 0.95409999999999995,
      "raise3x" : 0.045900000000000003
    },
    "QTs" : {
      "call" : 0.85409999999999997,
      "shove" : 0.1459
    },
    "T7s" : {
      "call" : 1
    },
    "T8s" : {
      "call" : 1
    },
    "T9o" : {
      "call" : 0.22,
      "fold" : 0.78000000000000003
    },
    "T9s" : {
      "call" : 1
    },
    "TT" : {
      "raise3x" : 0.0118,
      "shove" : 0.98819999999999997
    }
  },
  "id" : "mtt_8max_60bb_btn_vs3bet_vs_bb",
  "source" : {
    "description" : "RangeConverter free PDF — 8-max 60bb 1bb ante (12.5%).",
    "publisher" : {
      "accessedDate" : "2026-06-01",
      "name" : "RangeConverter",
      "product" : "Free Poker Charts — 8 max 1bb ante MTT GTO Ranges",
      "treeParams" : "poker.academy CE-Symmetric Regular @ 60bb (GTO ChipEV, 1bb ante)",
      "url" : "https:\/\/rangeconverter.com\/free-poker-charts"
    },
    "solver" : {
      "assumptions" : "Frequencies rounded to nearest 25% per source. ChipEV (non-ICM). 1bb (12.5%) big-blind ante."
    },
    "type" : "published"
  },
  "spot" : {
    "anteType" : "bigBlindAnte",
    "facingAction" : "vs3Bet",
    "opponentPosition" : "BB",
    "position" : "BTN",
    "stackDepthBB" : 60
  }
}