{
  "format" : "NLHE_MTT_8MAX",
  "hands" : {
    "22" : {
      "call" : 1
    },
    "33" : {
      "call" : 1
    },
    "44" : {
      "call" : 1
    },
    "54s" : {
      "call" : 1
    },
    "55" : {
      "call" : 1
    },
    "65s" : {
      "call" : 1
    },
    "66" : {
      "call" : 1
    },
    "76s" : {
      "call" : 1
    },
    "77" : {
      "call" : 1
    },
    "87s" : {
      "call" : 1
    },
    "88" : {
      "call" : 0.90210000000000001,
      "raise3x" : 0.097900000000000001
    },
    "97s" : {
      "call" : 1
    },
    "98s" : {
      "call" : 1
    },
    "99" : {
      "call" : 1
    },
    "A2s" : {
      "call" : 0.014,
      "fold" : 0.98599999999999999
    },
    "A3s" : {
      "call" : 0.96609999999999996,
      "raise3x" : 0.0339
    },
    "A4s" : {
      "call" : 0.93420000000000003,
      "raise3x" : 0.013899999999999999,
      "shove" : 0.051900000000000002
    },
    "A5s" : {
      "call" : 0.68010000000000004,
      "raise3x" : 0.30599999999999999,
      "shove" : 0.013899999999999999
    },
    "A6s" : {
      "call" : 0.59189999999999998,
      "fold" : 0.3921,
      "raise3x" : 0.016
    },
    "A7s" : {
      "call" : 0.54010000000000002,
      "fold" : 0.22589999999999999,
      "raise3x" : 0.23400000000000001
    },
    "A8s" : {
      "call" : 0.61809999999999998,
      "raise3x" : 0.38190000000000002
    },
    "A9s" : {
      "call" : 1
    },
    "AA" : {
      "raise3x" : 1
    },
    "AJo" : {
      "call" : 0.33879999999999999,
      "fold" : 0.3306,
      "raise3x" : 0.3306
    },
    "AJs" : {
      "call" : 1
    },
    "AKo" : {
      "raise3x" : 0.23000000000000001,
      "shove" : 0.77000000000000002
    },
    "AKs" : {
      "raise3x" : 1
    },
    "AQo" : {
      "call" : 0.78000000000000003,
      "raise3x" : 0.22
    },
    "AQs" : {
      "call" : 1
    },
    "ATs" : {
      "call" : 0.97219999999999995,
      "raise3x" : 0.027799999999999998
    },
    "J9s" : {
      "call" : 1
    },
    "JJ" : {
      "call" : 0.47999999999999998,
      "raise3x" : 0.22800000000000001,
      "shove" : 0.29199999999999998
    },
    "JTs" : {
      "call" : 1
    },
    "K5s" : {
      "call" : 1
    },
    "K6s" : {
      "call" : 1
    },
    "K7s" : {
      "call" : 0.42409999999999998,
      "fold" : 0.57589999999999997
    },
    "K8s" : {
      "call" : 0.01,
      "fold" : 0.98999999999999999
    },
    "K9s" : {
      "call" : 0.93600000000000005,
      "raise3x" : 0.064000000000000001
    },
    "KJs" : {
      "call" : 0.65410000000000001,
      "raise3x" : 0.34589999999999999
    },
    "KK" : {
      "raise3x" : 1
    },
    "KQo" : {
      "call" : 0.61209999999999998,
      "fold" : 0.1159,
      "raise3x" : 0.27200000000000002
    },
    "KQs" : {
      "call" : 1
    },
    "KTs" : {
      "call" : 0.67800000000000005,
      "raise3x" : 0.32200000000000001
    },
    "Q9s" : {
      "call" : 0.33200000000000002,
      "fold" : 0.66800000000000004
    },
    "QJs" : {
      "call" : 1
    },
    "QQ" : {
      "raise3x" : 0.60999999999999999,
      "shove" : 0.39000000000000001
    },
    "QTs" : {
      "call" : 1
    },
    "T8s" : {
      "call" : 1
    },
    "T9s" : {
      "call" : 1
    },
    "TT" : {
      "call" : 0.41599999999999998,
      "raise3x" : 0.58399999999999996
    }
  },
  "id" : "mtt_8max_60bb_lj_vs3bet",
  "source" : {
    "description" : "RangeConverter free PDF — 8-max 60bb 1bb ante (12.5%).",
    "publisher" : {
      "accessedDate" : "2026-06-01",
      "name" : "RangeConverter",
      "product" : "Free Poker Charts — 8 max 1bb ante MTT GTO Ranges",
      "treeParams" : "poker.academy CE-Symmetric Regular @ 60bb (GTO ChipEV, 1bb ante)",
      "url" : "https:\/\/rangeconverter.com\/free-poker-charts"
    },
    "solver" : {
      "assumptions" : "Frequencies rounded to nearest 25% per source. ChipEV (non-ICM). 1bb (12.5%) big-blind ante."
    },
    "type" : "published"
  },
  "spot" : {
    "anteType" : "bigBlindAnte",
    "facingAction" : "vs3Bet",
    "position" : "LJ",
    "stackDepthBB" : 60
  }
}