{
  "format" : "NLHE_MTT_9MAX",
  "hands" : {
    "44" : {
      "shove" : 1
    },
    "55" : {
      "raise25x" : 0.069800000000000001,
      "shove" : 0.93020000000000003
    },
    "66" : {
      "raise25x" : 0.45500000000000002,
      "shove" : 0.54500000000000004
    },
    "77" : {
      "raise25x" : 0.82509999999999994,
      "shove" : 0.1749
    },
    "88" : {
      "raise25x" : 1
    },
    "99" : {
      "raise25x" : 1
    },
    "A2s" : {
      "raise25x" : 1
    },
    "A3s" : {
      "raise25x" : 1
    },
    "A4s" : {
      "raise25x" : 0.75009999999999999,
      "shove" : 0.24990000000000001
    },
    "A5s" : {
      "shove" : 1
    },
    "A6s" : {
      "raise25x" : 1
    },
    "A7o" : {
      "fold" : 0.4249,
      "raise25x" : 0.57509999999999994
    },
    "A7s" : {
      "raise25x" : 0.19989999999999999,
      "shove" : 0.80010000000000003
    },
    "A8o" : {
      "raise25x" : 1
    },
    "A8s" : {
      "raise25x" : 0.59009999999999996,
      "shove" : 0.40989999999999999
    },
    "A9o" : {
      "raise25x" : 0.61499999999999999,
      "shove" : 0.38500000000000001
    },
    "A9s" : {
      "raise25x" : 1
    },
    "AA" : {
      "raise25x" : 1
    },
    "AJo" : {
      "raise25x" : 0.084999999999999992,
      "shove" : 0.91500000000000004
    },
    "AJs" : {
      "raise25x" : 1
    },
    "AKo" : {
      "raise25x" : 1
    },
    "AKs" : {
      "raise25x" : 1
    },
    "AQo" : {
      "raise25x" : 0.32500000000000001,
      "shove" : 0.67500000000000004
    },
    "AQs" : {
      "raise25x" : 1
    },
    "ATo" : {
      "raise25x" : 0.215,
      "shove" : 0.78500000000000003
    },
    "ATs" : {
      "raise25x" : 1
    },
    "J9s" : {
      "raise25x" : 1
    },
    "JJ" : {
      "raise25x" : 1
    },
    "JTo" : {
      "fold" : 0.43509999999999999,
      "raise25x" : 0.56489999999999996
    },
    "JTs" : {
      "shove" : 1
    },
    "K7s" : {
      "fold" : 0.73009999999999997,
      "raise25x" : 0.26989999999999997
    },
    "K8s" : {
      "fold" : 0.55500000000000005,
      "raise25x" : 0.44500000000000001
    },
    "K9s" : {
      "raise25x" : 1
    },
    "KJo" : {
      "raise25x" : 1
    },
    "KJs" : {
      "raise25x" : 0.18990000000000001,
      "shove" : 0.81010000000000004
    },
    "KK" : {
      "raise25x" : 1
    },
    "KQo" : {
      "raise25x" : 0.26989999999999997,
      "shove" : 0.73009999999999997
    },
    "KQs" : {
      "raise25x" : 1
    },
    "KTo" : {
      "raise25x" : 1
    },
    "KTs" : {
      "shove" : 1
    },
    "Q8s" : {
      "raise25x" : 1
    },
    "Q9s" : {
      "raise25x" : 1
    },
    "QJo" : {
      "raise25x" : 1
    },
    "QJs" : {
      "shove" : 1
    },
    "QQ" : {
      "raise25x" : 1
    },
    "QTo" : {
      "raise25x" : 1
    },
    "QTs" : {
      "shove" : 1
    },
    "T8s" : {
      "fold" : 0.019899999999999998,
      "raise25x" : 0.98009999999999997
    },
    "T9s" : {
      "raise25x" : 0.315,
      "shove" : 0.68500000000000005
    },
    "TT" : {
      "raise25x" : 1
    }
  },
  "id" : "mtt_9max_15bb_hj_unopened",
  "source" : {
    "description" : "Adapted from RangeConverter 8-max baseline.",
    "publisher" : {
      "accessedDate" : "2026-06-01",
      "name" : "RangeConverter",
      "product" : "Free Poker Charts — 8 max 1bb ante MTT GTO Ranges",
      "treeParams" : "2.5x open, 3.5x 3bet IP, 4.5x 3bet OOP, 2.3x 4bet IP, 2.75x 4bet OOP, SB vs BB 3.2bb",
      "url" : "https:\/\/rangeconverter.com\/free-poker-charts"
    },
    "solver" : {
      "assumptions" : "Frequencies rounded to nearest 25% per source. ChipEV (non-ICM). 1bb (12.5%) big-blind ante. Copied verbatim from 8-max HJ (same effective seat in 9-max)."
    },
    "type" : "published"
  },
  "spot" : {
    "anteType" : "bigBlindAnte",
    "facingAction" : "unopened",
    "position" : "HJ",
    "stackDepthBB" : 15
  }
}