{
  "format" : "NLHE_MTT_8MAX",
  "hands" : {
    "54s" : {
      "call" : 1
    },
    "55" : {
      "call" : 0.71930000000000005,
      "fold" : 0.1004,
      "shove" : 0.18029999999999999
    },
    "65s" : {
      "call" : 1
    },
    "66" : {
      "call" : 0.72509999999999997,
      "shove" : 0.27489999999999998
    },
    "76s" : {
      "call" : 1
    },
    "77" : {
      "call" : 0.76000000000000001,
      "fold" : 0.23999999999999999
    },
    "87s" : {
      "call" : 1
    },
    "88" : {
      "call" : 1
    },
    "98s" : {
      "call" : 0.24990000000000001,
      "fold" : 0.75009999999999999
    },
    "99" : {
      "call" : 1
    },
    "A3s" : {
      "call" : 0.16,
      "shove" : 0.83999999999999997
    },
    "A4s" : {
      "shove" : 1
    },
    "A5s" : {
      "shove" : 1
    },
    "A8s" : {
      "call" : 0.024899999999999999,
      "fold" : 0.97509999999999997
    },
    "A9s" : {
      "call" : 0.64510000000000001,
      "fold" : 0.35489999999999999
    },
    "AA" : {
      "call" : 0.45000000000000001,
      "shove" : 0.55000000000000004
    },
    "AJs" : {
      "call" : 1
    },
    "AKo" : {
      "shove" : 1
    },
    "AKs" : {
      "shove" : 1
    },
    "AQo" : {
      "call" : 1
    },
    "AQs" : {
      "call" : 1
    },
    "ATs" : {
      "call" : 1
    },
    "JJ" : {
      "shove" : 1
    },
    "JTs" : {
      "call" : 1
    },
    "K6s" : {
      "call" : 0.55710000000000004,
      "fold" : 0.44290000000000002
    },
    "K9s" : {
      "call" : 0.33489999999999998,
      "fold" : 0.66510000000000002
    },
    "KJs" : {
      "call" : 1
    },
    "KK" : {
      "shove" : 1
    },
    "KQs" : {
      "call" : 1
    },
    "KTs" : {
      "call" : 1
    },
    "QJs" : {
      "call" : 0.60499999999999998,
      "shove" : 0.39500000000000002
    },
    "QQ" : {
      "shove" : 1
    },
    "QTs" : {
      "call" : 1
    },
    "T8s" : {
      "call" : 0.19489999999999999,
      "fold" : 0.80510000000000004
    },
    "T9s" : {
      "call" : 1
    },
    "TT" : {
      "shove" : 1
    }
  },
  "id" : "mtt_8max_40bb_utg1_vs3bet_vs_hj",
  "source" : {
    "description" : "RangeConverter free PDF — 8-max 40bb 1bb ante (12.5%).",
    "publisher" : {
      "accessedDate" : "2026-06-01",
      "name" : "RangeConverter",
      "product" : "Free Poker Charts — 8 max 1bb ante MTT GTO Ranges",
      "treeParams" : "poker.academy CE-Symmetric Regular @ 40bb (GTO ChipEV, 1bb ante)",
      "url" : "https:\/\/rangeconverter.com\/free-poker-charts"
    },
    "solver" : {
      "assumptions" : "Frequencies rounded to nearest 25% per source. ChipEV (non-ICM). 1bb (12.5%) big-blind ante."
    },
    "type" : "published"
  },
  "spot" : {
    "anteType" : "bigBlindAnte",
    "facingAction" : "vs3Bet",
    "opponentPosition" : "HJ",
    "position" : "UTG1",
    "stackDepthBB" : 40
  }
}