{
  "format" : "NLHE_MTT_9MAX",
  "hands" : {
    "22" : {
      "call" : 1
    },
    "33" : {
      "call" : 1
    },
    "44" : {
      "call" : 1
    },
    "54s" : {
      "call" : 0.56410000000000005,
      "raise25x" : 0.43590000000000001
    },
    "55" : {
      "call" : 1
    },
    "65s" : {
      "call" : 0.56200000000000006,
      "raise25x" : 0.438
    },
    "66" : {
      "call" : 0.59609999999999996,
      "raise25x" : 0.40389999999999998
    },
    "76s" : {
      "call" : 0.18990000000000001,
      "raise25x" : 0.81010000000000004
    },
    "77" : {
      "call" : 0.39789999999999998,
      "raise25x" : 0.60209999999999997
    },
    "86s" : {
      "call" : 0.67210000000000003,
      "raise25x" : 0.32790000000000002
    },
    "87s" : {
      "call" : 0.46000000000000002,
      "raise25x" : 0.54000000000000004
    },
    "88" : {
      "call" : 0.55810000000000004,
      "raise25x" : 0.44190000000000002
    },
    "97s" : {
      "call" : 0.72199999999999998,
      "raise25x" : 0.27800000000000002
    },
    "98s" : {
      "call" : 0.38790000000000002,
      "raise25x" : 0.61209999999999998
    },
    "99" : {
      "call" : 0.60209999999999997,
      "raise25x" : 0.39789999999999998
    },
    "A2s" : {
      "call" : 1
    },
    "A3s" : {
      "call" : 0.98009999999999997,
      "raise25x" : 0.019899999999999998
    },
    "A4s" : {
      "call" : 0.17599999999999999,
      "raise25x" : 0.82399999999999995
    },
    "A5s" : {
      "raise25x" : 1
    },
    "A6s" : {
      "call" : 0.80620000000000003,
      "raise25x" : 0.1938
    },
    "A7s" : {
      "call" : 0.32200000000000001,
      "raise25x" : 0.67800000000000005
    },
    "A8o" : {
      "call" : 1
    },
    "A8s" : {
      "call" : 0.075800000000000006,
      "raise25x" : 0.92420000000000002
    },
    "A9o" : {
      "call" : 1
    },
    "A9s" : {
      "call" : 0.2379,
      "raise25x" : 0.7621
    },
    "AA" : {
      "raise25x" : 1
    },
    "AJo" : {
      "call" : 0.38,
      "raise25x" : 0.62
    },
    "AJs" : {
      "raise25x" : 1
    },
    "AKo" : {
      "raise25x" : 1
    },
    "AKs" : {
      "raise25x" : 1
    },
    "AQo" : {
      "call" : 0.68810000000000004,
      "raise25x" : 0.31190000000000001
    },
    "AQs" : {
      "raise25x" : 1
    },
    "ATo" : {
      "call" : 0.15190000000000001,
      "raise25x" : 0.84809999999999997
    },
    "ATs" : {
      "call" : 0.30790000000000001,
      "raise25x" : 0.69210000000000005
    },
    "J7s" : {
      "call" : 1
    },
    "J8s" : {
      "call" : 0.68999999999999995,
      "raise25x" : 0.31
    },
    "J9s" : {
      "call" : 0.218,
      "raise25x" : 0.78200000000000003
    },
    "JJ" : {
      "raise25x" : 1
    },
    "JTo" : {
      "call" : 0.67800000000000005,
      "raise25x" : 0.32200000000000001
    },
    "JTs" : {
      "call" : 0.14399999999999999,
      "raise25x" : 0.85599999999999998
    },
    "K3s" : {
      "call" : 1
    },
    "K4s" : {
      "call" : 1
    },
    "K5s" : {
      "call" : 0.80010000000000003,
      "raise25x" : 0.19989999999999999
    },
    "K6s" : {
      "raise25x" : 1
    },
    "K7s" : {
      "call" : 1
    },
    "K8s" : {
      "call" : 0.99209999999999998,
      "raise25x" : 0.0079000000000000008
    },
    "K9o" : {
      "call" : 0.59799999999999998,
      "fold" : 0.40200000000000002
    },
    "K9s" : {
      "raise25x" : 1
    },
    "KJo" : {
      "call" : 0.4899,
      "raise25x" : 0.5101
    },
    "KJs" : {
      "raise25x" : 1
    },
    "KK" : {
      "raise25x" : 1
    },
    "KQo" : {
      "call" : 0.16600000000000001,
      "raise25x" : 0.83399999999999996
    },
    "KQs" : {
      "raise25x" : 1
    },
    "KTo" : {
      "call" : 0.69399999999999995,
      "raise25x" : 0.30599999999999999
    },
    "KTs" : {
      "call" : 0.17000000000000001,
      "raise25x" : 0.82999999999999996
    },
    "Q5s" : {
      "call" : 0.38600000000000001,
      "fold" : 0.61399999999999999
    },
    "Q6s" : {
      "call" : 1
    },
    "Q7s" : {
      "call" : 1
    },
    "Q8s" : {
      "call" : 1
    },
    "Q9s" : {
      "call" : 0.057999999999999996,
      "raise25x" : 0.94199999999999995
    },
    "QJo" : {
      "call" : 0.71599999999999997,
      "raise25x" : 0.28399999999999997
    },
    "QJs" : {
      "call" : 0.087900000000000006,
      "raise25x" : 0.91210000000000002
    },
    "QQ" : {
      "raise25x" : 1
    },
    "QTo" : {
      "call" : 0.75209999999999999,
      "raise25x" : 0.24790000000000001
    },
    "QTs" : {
      "call" : 0.122,
      "raise25x" : 0.878
    },
    "T7s" : {
      "call" : 0.46000000000000002,
      "raise25x" : 0.54000000000000004
    },
    "T8s" : {
      "call" : 0.096000000000000002,
      "raise25x" : 0.90400000000000003
    },
    "T9o" : {
      "call" : 0.32000000000000001,
      "fold" : 0.68000000000000005
    },
    "T9s" : {
      "raise25x" : 1
    },
    "TT" : {
      "call" : 0.31390000000000001,
      "raise25x" : 0.68610000000000004
    }
  },
  "id" : "mtt_9max_100bb_sb_vsopen",
  "source" : {
    "description" : "Adapted from RangeConverter 8-max baseline.",
    "publisher" : {
      "accessedDate" : "2026-06-01",
      "name" : "RangeConverter",
      "product" : "Free Poker Charts — 8 max 1bb ante MTT GTO Ranges",
      "treeParams" : "2.5x open, 3.5x 3bet IP, 4.5x 3bet OOP, 2.3x 4bet IP, 2.75x 4bet OOP, SB vs BB 3.2bb",
      "url" : "https:\/\/rangeconverter.com\/free-poker-charts"
    },
    "solver" : {
      "assumptions" : "Frequencies rounded to nearest 25% per source. ChipEV (non-ICM). 1bb (12.5%) big-blind ante. Copied verbatim from 8-max SB (same effective seat in 9-max)."
    },
    "type" : "published"
  },
  "spot" : {
    "anteType" : "bigBlindAnte",
    "facingAction" : "vsOpen",
    "position" : "SB",
    "stackDepthBB" : 100
  }
}