{
  "format" : "NLHE_MTT_8MAX",
  "hands" : {
    "22" : {
      "call" : 0.47399999999999998,
      "fold" : 0.52600000000000002
    },
    "33" : {
      "call" : 0.55600000000000005,
      "fold" : 0.44400000000000001
    },
    "44" : {
      "call" : 0.88009999999999999,
      "fold" : 0.11990000000000001
    },
    "54s" : {
      "call" : 1
    },
    "55" : {
      "call" : 0.82230000000000003,
      "fold" : 0.1239,
      "raise3x" : 0.053800000000000001
    },
    "65s" : {
      "call" : 1
    },
    "66" : {
      "call" : 1
    },
    "76s" : {
      "call" : 1
    },
    "77" : {
      "call" : 1
    },
    "87s" : {
      "call" : 1
    },
    "88" : {
      "call" : 1
    },
    "97s" : {
      "call" : 0.029899999999999999,
      "fold" : 0.97009999999999996
    },
    "98s" : {
      "call" : 1
    },
    "99" : {
      "call" : 1
    },
    "A2s" : {
      "call" : 0.20000000000000001,
      "raise3x" : 0.80000000000000004
    },
    "A3s" : {
      "call" : 1
    },
    "A4s" : {
      "call" : 1
    },
    "A5s" : {
      "call" : 1
    },
    "A6s" : {
      "call" : 0.91610000000000003,
      "raise3x" : 0.083900000000000002
    },
    "A7s" : {
      "call" : 0.84419999999999995,
      "raise3x" : 0.15579999999999999
    },
    "A8s" : {
      "call" : 0.97819999999999996,
      "raise3x" : 0.0218
    },
    "A9s" : {
      "call" : 1
    },
    "AA" : {
      "call" : 0.22189999999999999,
      "raise3x" : 0.77810000000000001
    },
    "AJo" : {
      "call" : 0.73199999999999998,
      "raise3x" : 0.26800000000000002
    },
    "AJs" : {
      "call" : 1
    },
    "AKo" : {
      "call" : 0.37,
      "raise3x" : 0.63
    },
    "AKs" : {
      "call" : 0.68210000000000004,
      "raise3x" : 0.31790000000000002
    },
    "AQo" : {
      "call" : 1
    },
    "AQs" : {
      "call" : 1
    },
    "ATo" : {
      "fold" : 0.76400000000000001,
      "raise3x" : 0.23599999999999999
    },
    "ATs" : {
      "call" : 1
    },
    "J8s" : {
      "call" : 0.438,
      "fold" : 0.56200000000000006
    },
    "J9s" : {
      "call" : 1
    },
    "JJ" : {
      "call" : 0.94810000000000005,
      "raise3x" : 0.051900000000000002
    },
    "JTs" : {
      "call" : 1
    },
    "K5s" : {
      "fold" : 0.70999999999999996,
      "raise3x" : 0.28999999999999998
    },
    "K6s" : {
      "call" : 0.96609999999999996,
      "raise3x" : 0.0339
    },
    "K7s" : {
      "call" : 0.3332,
      "fold" : 0.42330000000000001,
      "raise3x" : 0.24349999999999999
    },
    "K8s" : {
      "call" : 0.50009999999999999,
      "fold" : 0.13189999999999999,
      "raise3x" : 0.36799999999999999
    },
    "K9s" : {
      "call" : 0.74609999999999999,
      "raise3x" : 0.25390000000000001
    },
    "KJo" : {
      "call" : 0.27200000000000002,
      "fold" : 0.72799999999999998
    },
    "KJs" : {
      "call" : 1
    },
    "KK" : {
      "raise3x" : 1
    },
    "KQo" : {
      "call" : 0.84599999999999997,
      "raise3x" : 0.154
    },
    "KQs" : {
      "call" : 1
    },
    "KTs" : {
      "call" : 1
    },
    "Q9s" : {
      "call" : 1
    },
    "QJs" : {
      "call" : 1
    },
    "QQ" : {
      "call" : 0.56799999999999995,
      "raise3x" : 0.432
    },
    "QTs" : {
      "call" : 1
    },
    "T8s" : {
      "call" : 1
    },
    "T9s" : {
      "call" : 1
    },
    "TT" : {
      "call" : 0.96009999999999995,
      "raise3x" : 0.039899999999999998
    }
  },
  "id" : "mtt_8max_100bb_co_vs3bet_vs_sb",
  "source" : {
    "description" : "RangeConverter free PDF — 8-max 100bb 1bb ante (12.5%).",
    "publisher" : {
      "accessedDate" : "2026-06-01",
      "name" : "RangeConverter",
      "product" : "Free Poker Charts — 8 max 1bb ante MTT GTO Ranges",
      "treeParams" : "poker.academy CE-Symmetric Regular @ 100bb (GTO ChipEV, 1bb ante)",
      "url" : "https:\/\/rangeconverter.com\/free-poker-charts"
    },
    "solver" : {
      "assumptions" : "Frequencies rounded to nearest 25% per source. ChipEV (non-ICM). 1bb (12.5%) big-blind ante."
    },
    "type" : "published"
  },
  "spot" : {
    "anteType" : "bigBlindAnte",
    "facingAction" : "vs3Bet",
    "opponentPosition" : "SB",
    "position" : "CO",
    "stackDepthBB" : 100
  }
}