{
  "format" : "NLHE_MTT_9MAX",
  "hands" : {
    "22" : {
      "call" : 1
    },
    "33" : {
      "call" : 1
    },
    "44" : {
      "call" : 1
    },
    "54s" : {
      "call" : 0.68999999999999995,
      "raise25x" : 0.31
    },
    "55" : {
      "call" : 0.95509999999999995,
      "raise25x" : 0.044900000000000002
    },
    "65s" : {
      "call" : 0.59009999999999996,
      "raise25x" : 0.40989999999999999
    },
    "66" : {
      "call" : 0.81010000000000004,
      "raise25x" : 0.18990000000000001
    },
    "76s" : {
      "call" : 0.54500000000000004,
      "raise25x" : 0.45500000000000002
    },
    "77" : {
      "call" : 0.66010000000000002,
      "raise25x" : 0.33989999999999998
    },
    "86s" : {
      "call" : 0.18990000000000001,
      "fold" : 0.81010000000000004
    },
    "87s" : {
      "call" : 0.73009999999999997,
      "raise25x" : 0.26989999999999997
    },
    "88" : {
      "call" : 0.56989999999999996,
      "raise25x" : 0.43009999999999998
    },
    "97s" : {
      "call" : 0.56989999999999996,
      "raise25x" : 0.43009999999999998
    },
    "98s" : {
      "call" : 0.85499999999999998,
      "raise25x" : 0.14499999999999999
    },
    "99" : {
      "call" : 0.55500000000000005,
      "raise25x" : 0.44500000000000001
    },
    "A2s" : {
      "call" : 1
    },
    "A3s" : {
      "call" : 0.77000000000000002,
      "raise25x" : 0.23000000000000001
    },
    "A4s" : {
      "call" : 0.59509999999999996,
      "raise25x" : 0.40489999999999998
    },
    "A5s" : {
      "call" : 0.12989999999999999,
      "raise25x" : 0.87009999999999998
    },
    "A6s" : {
      "call" : 0.26490000000000002,
      "raise25x" : 0.73509999999999998
    },
    "A7s" : {
      "call" : 0.52000000000000002,
      "raise25x" : 0.47999999999999998
    },
    "A8s" : {
      "call" : 0.16,
      "raise25x" : 0.83999999999999997
    },
    "A9s" : {
      "call" : 0.40000000000000002,
      "raise25x" : 0.59999999999999998
    },
    "AA" : {
      "raise25x" : 1
    },
    "AJo" : {
      "call" : 0.41489999999999999,
      "raise25x" : 0.58509999999999995
    },
    "AJs" : {
      "call" : 0.49490000000000001,
      "raise25x" : 0.50509999999999999
    },
    "AKo" : {
      "call" : 0.039899999999999998,
      "raise25x" : 0.96009999999999995
    },
    "AKs" : {
      "raise25x" : 1
    },
    "AQo" : {
      "call" : 0.4899,
      "raise25x" : 0.5101
    },
    "AQs" : {
      "raise25x" : 1
    },
    "ATo" : {
      "call" : 0.44009999999999999,
      "raise25x" : 0.55989999999999995
    },
    "ATs" : {
      "call" : 0.83499999999999996,
      "raise25x" : 0.16500000000000001
    },
    "J8s" : {
      "call" : 0.23999999999999999,
      "raise25x" : 0.76000000000000001
    },
    "J9s" : {
      "call" : 0.5151,
      "raise25x" : 0.4849
    },
    "JJ" : {
      "call" : 0.054900000000000004,
      "raise25x" : 0.94510000000000005
    },
    "JTo" : {
      "call" : 0.014999999999999999,
      "fold" : 0.92059999999999997,
      "raise25x" : 0.064399999999999999
    },
    "JTs" : {
      "call" : 0.55989999999999995,
      "raise25x" : 0.44009999999999999
    },
    "K5s" : {
      "call" : 0.16500000000000001,
      "fold" : 0.83499999999999996
    },
    "K6s" : {
      "call" : 0.56989999999999996,
      "raise25x" : 0.43009999999999998
    },
    "K7s" : {
      "call" : 0.5151,
      "raise25x" : 0.4849
    },
    "K8s" : {
      "call" : 0.44500000000000001,
      "raise25x" : 0.55500000000000005
    },
    "K9s" : {
      "call" : 0.22500000000000001,
      "raise25x" : 0.77500000000000002
    },
    "KJo" : {
      "call" : 0.64510000000000001,
      "raise25x" : 0.35489999999999999
    },
    "KJs" : {
      "call" : 0.28999999999999998,
      "raise25x" : 0.70999999999999996
    },
    "KK" : {
      "raise25x" : 1
    },
    "KQo" : {
      "call" : 0.56489999999999996,
      "raise25x" : 0.43509999999999999
    },
    "KQs" : {
      "call" : 0.34989999999999999,
      "raise25x" : 0.65010000000000001
    },
    "KTo" : {
      "call" : 0.1749,
      "fold" : 0.53510000000000002,
      "raise25x" : 0.28999999999999998
    },
    "KTs" : {
      "call" : 0.47499999999999998,
      "raise25x" : 0.52500000000000002
    },
    "Q8s" : {
      "call" : 0.26989999999999997,
      "fold" : 0.73009999999999997
    },
    "Q9s" : {
      "call" : 0.46500000000000002,
      "raise25x" : 0.53500000000000003
    },
    "QJo" : {
      "call" : 0.1399,
      "fold" : 0.74019999999999997,
      "raise25x" : 0.11990000000000001
    },
    "QJs" : {
      "call" : 0.87509999999999999,
      "raise25x" : 0.1249
    },
    "QQ" : {
      "raise25x" : 1
    },
    "QTo" : {
      "call" : 0.039899999999999998,
      "fold" : 0.92520000000000002,
      "raise25x" : 0.0349
    },
    "QTs" : {
      "call" : 0.68000000000000005,
      "raise25x" : 0.32000000000000001
    },
    "T8s" : {
      "call" : 0.5101,
      "raise25x" : 0.4899
    },
    "T9s" : {
      "call" : 0.40989999999999999,
      "raise25x" : 0.59009999999999996
    },
    "TT" : {
      "call" : 0.37,
      "raise25x" : 0.63
    }
  },
  "id" : "mtt_9max_80bb_btn_vsopen_vs_hj",
  "source" : {
    "description" : "Adapted from RangeConverter 8-max baseline.",
    "publisher" : {
      "accessedDate" : "2026-06-01",
      "name" : "RangeConverter",
      "product" : "Free Poker Charts — 8 max 1bb ante MTT GTO Ranges",
      "treeParams" : "2.5x open, 3.5x 3bet IP, 4.5x 3bet OOP, 2.3x 4bet IP, 2.75x 4bet OOP, SB vs BB 3.2bb",
      "url" : "https:\/\/rangeconverter.com\/free-poker-charts"
    },
    "solver" : {
      "assumptions" : "Frequencies rounded to nearest 25% per source. ChipEV (non-ICM). 1bb (12.5%) big-blind ante. Copied verbatim from 8-max BTN (same effective seat in 9-max)."
    },
    "type" : "published"
  },
  "spot" : {
    "anteType" : "bigBlindAnte",
    "facingAction" : "vsOpen",
    "opponentPosition" : "HJ",
    "position" : "BTN",
    "stackDepthBB" : 80
  }
}