{
  "format" : "NLHE_MTT_8MAX",
  "hands" : {
    "22" : {
      "call" : 1
    },
    "33" : {
      "call" : 1
    },
    "44" : {
      "call" : 1
    },
    "54s" : {
      "call" : 0.4839,
      "fold" : 0.5161
    },
    "55" : {
      "call" : 1
    },
    "65s" : {
      "call" : 0.79220000000000002,
      "fold" : 0.077899999999999997,
      "raise3x" : 0.12989999999999999
    },
    "66" : {
      "call" : 0.7681,
      "raise3x" : 0.2319
    },
    "76s" : {
      "call" : 0.35399999999999998,
      "raise3x" : 0.64600000000000002
    },
    "77" : {
      "call" : 0.85809999999999997,
      "raise3x" : 0.1419
    },
    "86s" : {
      "call" : 0.57809999999999995,
      "fold" : 0.11990000000000001,
      "raise3x" : 0.30199999999999999
    },
    "87s" : {
      "call" : 0.44190000000000002,
      "raise3x" : 0.55810000000000004
    },
    "88" : {
      "call" : 0.34799999999999998,
      "raise3x" : 0.65200000000000002
    },
    "97s" : {
      "call" : 0.52790000000000004,
      "raise3x" : 0.47210000000000002
    },
    "98s" : {
      "call" : 0.16,
      "raise3x" : 0.83999999999999997
    },
    "99" : {
      "raise3x" : 1
    },
    "A2s" : {
      "call" : 1
    },
    "A3s" : {
      "call" : 0.84419999999999995,
      "raise3x" : 0.15579999999999999
    },
    "A4s" : {
      "call" : 0.39600000000000002,
      "raise3x" : 0.60399999999999998
    },
    "A5o" : {
      "call" : 0.2379,
      "fold" : 0.7621
    },
    "A5s" : {
      "call" : 0.019900000000000001,
      "raise3x" : 0.98009999999999997
    },
    "A6s" : {
      "call" : 0.25600000000000001,
      "raise3x" : 0.74399999999999999
    },
    "A7o" : {
      "call" : 0.54000000000000004,
      "fold" : 0.46000000000000002
    },
    "A7s" : {
      "call" : 0.055899999999999998,
      "raise3x" : 0.94410000000000005
    },
    "A8o" : {
      "call" : 0.85409999999999997,
      "raise3x" : 0.1459
    },
    "A8s" : {
      "call" : 0.32390000000000002,
      "raise3x" : 0.67610000000000003
    },
    "A9o" : {
      "call" : 0.32200000000000001,
      "raise3x" : 0.67800000000000005
    },
    "A9s" : {
      "call" : 0.53600000000000003,
      "raise3x" : 0.46400000000000002
    },
    "AA" : {
      "raise3x" : 1
    },
    "AJo" : {
      "call" : 0.61399999999999999,
      "raise3x" : 0.38600000000000001
    },
    "AJs" : {
      "raise3x" : 1
    },
    "AKo" : {
      "raise3x" : 1
    },
    "AKs" : {
      "raise3x" : 1
    },
    "AQo" : {
      "call" : 0.1099,
      "raise3x" : 0.8901
    },
    "AQs" : {
      "raise3x" : 1
    },
    "ATo" : {
      "raise3x" : 1
    },
    "ATs" : {
      "call" : 0.80410000000000004,
      "raise3x" : 0.19589999999999999
    },
    "J7s" : {
      "call" : 0.81610000000000005,
      "fold" : 0.18390000000000001
    },
    "J8s" : {
      "call" : 0.57799999999999996,
      "raise3x" : 0.42199999999999999
    },
    "J9s" : {
      "call" : 0.31,
      "raise3x" : 0.68999999999999995
    },
    "JJ" : {
      "raise3x" : 1
    },
    "JTo" : {
      "call" : 0.74560000000000004,
      "raise3x" : 0.25440000000000002
    },
    "JTs" : {
      "call" : 0.23999999999999999,
      "raise3x" : 0.76000000000000001
    },
    "K2s" : {
      "call" : 0.47399999999999998,
      "fold" : 0.52600000000000002
    },
    "K3s" : {
      "call" : 1
    },
    "K4s" : {
      "call" : 1
    },
    "K5s" : {
      "call" : 0.30599999999999999,
      "raise3x" : 0.69399999999999995
    },
    "K6s" : {
      "call" : 0.053800000000000001,
      "raise3x" : 0.94620000000000004
    },
    "K7s" : {
      "call" : 0.38600000000000001,
      "raise3x" : 0.61399999999999999
    },
    "K8s" : {
      "call" : 0.98009999999999997,
      "raise3x" : 0.019900000000000001
    },
    "K9o" : {
      "call" : 0.64600000000000002,
      "fold" : 0.35399999999999998
    },
    "K9s" : {
      "call" : 0.24390000000000001,
      "raise3x" : 0.75609999999999999
    },
    "KJo" : {
      "call" : 0.023900000000000001,
      "raise3x" : 0.97609999999999997
    },
    "KJs" : {
      "call" : 0.63600000000000001,
      "raise3x" : 0.36399999999999999
    },
    "KK" : {
      "raise3x" : 1
    },
    "KQo" : {
      "call" : 0.0659,
      "raise3x" : 0.93410000000000004
    },
    "KQs" : {
      "call" : 0.66400000000000003,
      "raise3x" : 0.33600000000000002
    },
    "KTo" : {
      "call" : 0.46999999999999997,
      "raise3x" : 0.53000000000000003
    },
    "KTs" : {
      "call" : 0.32390000000000002,
      "raise3x" : 0.67610000000000003
    },
    "Q5s" : {
      "call" : 0.78600000000000003,
      "fold" : 0.214
    },
    "Q6s" : {
      "call" : 0.8276,
      "raise3x" : 0.1724
    },
    "Q7s" : {
      "call" : 1
    },
    "Q8s" : {
      "call" : 0.72199999999999998,
      "raise3x" : 0.27800000000000002
    },
    "Q9s" : {
      "call" : 0.47210000000000002,
      "raise3x" : 0.52790000000000004
    },
    "QJo" : {
      "call" : 0.37,
      "raise3x" : 0.63
    },
    "QJs" : {
      "call" : 0.71809999999999996,
      "raise3x" : 0.28189999999999998
    },
    "QQ" : {
      "raise3x" : 1
    },
    "QTo" : {
      "call" : 0.60999999999999999,
      "raise3x" : 0.39000000000000001
    },
    "QTs" : {
      "call" : 0.46789999999999998,
      "raise3x" : 0.53210000000000002
    },
    "T7s" : {
      "call" : 0.60719999999999996,
      "raise3x" : 0.39279999999999998
    },
    "T8s" : {
      "call" : 0.39789999999999998,
      "raise3x" : 0.60209999999999997
    },
    "T9o" : {
      "call" : 0.2979,
      "fold" : 0.70209999999999995
    },
    "T9s" : {
      "call" : 0.067900000000000002,
      "raise3x" : 0.93210000000000004
    },
    "TT" : {
      "raise3x" : 1
    }
  },
  "id" : "mtt_8max_60bb_sb_vsopen",
  "source" : {
    "description" : "RangeConverter free PDF — 8-max 60bb 1bb ante (12.5%).",
    "publisher" : {
      "accessedDate" : "2026-06-01",
      "name" : "RangeConverter",
      "product" : "Free Poker Charts — 8 max 1bb ante MTT GTO Ranges",
      "treeParams" : "poker.academy CE-Symmetric Regular @ 60bb (GTO ChipEV, 1bb ante)",
      "url" : "https:\/\/rangeconverter.com\/free-poker-charts"
    },
    "solver" : {
      "assumptions" : "Frequencies rounded to nearest 25% per source. ChipEV (non-ICM). 1bb (12.5%) big-blind ante."
    },
    "type" : "published"
  },
  "spot" : {
    "anteType" : "bigBlindAnte",
    "facingAction" : "vsOpen",
    "position" : "SB",
    "stackDepthBB" : 60
  }
}