{
  "format" : "NLHE_MTT_9MAX",
  "hands" : {
    "22" : {
      "call" : 1
    },
    "33" : {
      "call" : 1
    },
    "44" : {
      "call" : 1
    },
    "54s" : {
      "call" : 1
    },
    "55" : {
      "call" : 0.79469999999999996,
      "fold" : 0.20530000000000001
    },
    "65s" : {
      "call" : 1
    },
    "66" : {
      "call" : 0.86019999999999996,
      "fold" : 0.13980000000000001
    },
    "76s" : {
      "call" : 0.82509999999999994,
      "raise25x" : 0.1749
    },
    "77" : {
      "call" : 0.58999999999999997,
      "fold" : 0.40000000000000002,
      "raise25x" : 0.01
    },
    "87s" : {
      "call" : 1
    },
    "88" : {
      "call" : 0.61009999999999998,
      "fold" : 0.34999999999999998,
      "raise25x" : 0.039899999999999998
    },
    "98s" : {
      "call" : 0.61880000000000002,
      "fold" : 0.38119999999999998
    },
    "99" : {
      "call" : 0.7802,
      "fold" : 0.1099,
      "raise25x" : 0.1099
    },
    "A4s" : {
      "call" : 0.48759999999999998,
      "fold" : 0.2586,
      "raise25x" : 0.25380000000000003
    },
    "A5s" : {
      "call" : 0.63490000000000002,
      "raise25x" : 0.36509999999999998
    },
    "AA" : {
      "raise25x" : 1
    },
    "AJs" : {
      "call" : 0.60499999999999998,
      "raise25x" : 0.39500000000000002
    },
    "AKo" : {
      "call" : 0.17000000000000001,
      "raise25x" : 0.0349,
      "shove" : 0.79510000000000003
    },
    "AKs" : {
      "raise25x" : 1
    },
    "AQo" : {
      "call" : 0.22500000000000001,
      "fold" : 0.43009999999999998,
      "raise25x" : 0.34489999999999998
    },
    "AQs" : {
      "call" : 1
    },
    "ATs" : {
      "call" : 0.86519999999999997,
      "raise25x" : 0.1348
    },
    "JJ" : {
      "call" : 0.62,
      "raise25x" : 0.37,
      "shove" : 0.01
    },
    "JTs" : {
      "call" : 0.63,
      "fold" : 0.37
    },
    "KJs" : {
      "call" : 0.82010000000000005,
      "raise25x" : 0.1799
    },
    "KK" : {
      "raise25x" : 0.315,
      "shove" : 0.68500000000000005
    },
    "KQs" : {
      "call" : 0.65010000000000001,
      "raise25x" : 0.34989999999999999
    },
    "KTs" : {
      "call" : 0.71509999999999996,
      "raise25x" : 0.28489999999999999
    },
    "QJs" : {
      "call" : 0.58009999999999995,
      "fold" : 0.4199
    },
    "QQ" : {
      "call" : 0.46500000000000002,
      "raise25x" : 0.53500000000000003
    },
    "QTs" : {
      "call" : 0.28999999999999998,
      "fold" : 0.70999999999999996
    },
    "T9s" : {
      "call" : 0.80010000000000003,
      "fold" : 0.19989999999999999
    },
    "TT" : {
      "call" : 0.94020000000000004,
      "raise25x" : 0.059799999999999999
    }
  },
  "id" : "mtt_9max_80bb_utg1_vs3bet",
  "source" : {
    "description" : "Adapted from RangeConverter 8-max baseline.",
    "publisher" : {
      "accessedDate" : "2026-06-01",
      "name" : "RangeConverter",
      "product" : "Free Poker Charts — 8 max 1bb ante MTT GTO Ranges",
      "treeParams" : "2.5x open, 3.5x 3bet IP, 4.5x 3bet OOP, 2.3x 4bet IP, 2.75x 4bet OOP, SB vs BB 3.2bb",
      "url" : "https:\/\/rangeconverter.com\/free-poker-charts"
    },
    "solver" : {
      "assumptions" : "Frequencies rounded to nearest 25% per source. ChipEV (non-ICM). 1bb (12.5%) big-blind ante. Adapted from 8-max UTG (9-max UTG+1 plays the same role as 8-max UTG)."
    },
    "type" : "published"
  },
  "spot" : {
    "anteType" : "bigBlindAnte",
    "facingAction" : "vs3Bet",
    "position" : "UTG1",
    "stackDepthBB" : 80
  }
}