{
  "format" : "NLHE_MTT_8MAX",
  "hands" : {
    "22" : {
      "call" : 0.32500000000000001,
      "fold" : 0.67500000000000004
    },
    "33" : {
      "call" : 0.28999999999999998,
      "fold" : 0.70999999999999996
    },
    "44" : {
      "call" : 0.53500000000000003,
      "fold" : 0.46500000000000002
    },
    "55" : {
      "call" : 0.68500000000000005,
      "fold" : 0.315
    },
    "66" : {
      "call" : 1
    },
    "77" : {
      "call" : 0.82999999999999996,
      "raise3x" : 0.17000000000000001
    },
    "88" : {
      "call" : 0.68500000000000005,
      "raise3x" : 0.315
    },
    "98s" : {
      "call" : 0.375,
      "fold" : 0.625
    },
    "99" : {
      "call" : 0.57509999999999994,
      "raise3x" : 0.4249
    },
    "A4s" : {
      "call" : 0.059799999999999999,
      "fold" : 0.94020000000000004
    },
    "A5s" : {
      "call" : 0.69999999999999996,
      "raise3x" : 0.29999999999999999
    },
    "A6s" : {
      "fold" : 0.74009999999999998,
      "raise3x" : 0.25990000000000002
    },
    "A7s" : {
      "call" : 0.27489999999999998,
      "fold" : 0.43509999999999999,
      "raise3x" : 0.28999999999999998
    },
    "A8s" : {
      "call" : 0.55989999999999995,
      "raise3x" : 0.44009999999999999
    },
    "A9s" : {
      "call" : 0.65510000000000002,
      "raise3x" : 0.34489999999999998
    },
    "AA" : {
      "call" : 0.064799999999999996,
      "raise3x" : 0.93520000000000003
    },
    "AJo" : {
      "call" : 0.45000000000000001,
      "raise3x" : 0.55000000000000004
    },
    "AJs" : {
      "call" : 1
    },
    "AKo" : {
      "raise3x" : 1
    },
    "AKs" : {
      "call" : 0.024899999999999999,
      "raise3x" : 0.97509999999999997
    },
    "AQo" : {
      "call" : 0.63490000000000002,
      "raise3x" : 0.36509999999999998
    },
    "AQs" : {
      "call" : 0.65010000000000001,
      "raise3x" : 0.34989999999999999
    },
    "ATo" : {
      "fold" : 0.215,
      "raise3x" : 0.78500000000000003
    },
    "ATs" : {
      "call" : 1
    },
    "J9s" : {
      "call" : 0.074999999999999997,
      "fold" : 0.86019999999999996,
      "raise3x" : 0.064799999999999996
    },
    "JJ" : {
      "call" : 0.029899999999999999,
      "raise3x" : 0.97009999999999996
    },
    "JTs" : {
      "call" : 0.69499999999999995,
      "raise3x" : 0.30499999999999999
    },
    "K9s" : {
      "call" : 0.080000000000000002,
      "raise3x" : 0.92000000000000004
    },
    "KJo" : {
      "fold" : 0.79020000000000001,
      "raise3x" : 0.20979999999999999
    },
    "KJs" : {
      "call" : 1
    },
    "KK" : {
      "raise3x" : 1
    },
    "KQo" : {
      "call" : 0.52000000000000002,
      "raise3x" : 0.47999999999999998
    },
    "KQs" : {
      "call" : 1
    },
    "KTs" : {
      "call" : 0.88009999999999999,
      "raise3x" : 0.11990000000000001
    },
    "Q9s" : {
      "call" : 0.16,
      "fold" : 0.27989999999999998,
      "raise3x" : 0.56010000000000004
    },
    "QJs" : {
      "call" : 0.83499999999999996,
      "raise3x" : 0.16500000000000001
    },
    "QQ" : {
      "raise3x" : 1
    },
    "QTs" : {
      "call" : 0.60999999999999999,
      "raise3x" : 0.39000000000000001
    },
    "T8s" : {
      "fold" : 0.84999999999999998,
      "raise3x" : 0.14999999999999999
    },
    "T9s" : {
      "call" : 0.755,
      "raise3x" : 0.245
    },
    "TT" : {
      "call" : 0.22,
      "raise3x" : 0.78000000000000003
    }
  },
  "id" : "mtt_8max_30bb_co_vsopen_vs_utg1",
  "source" : {
    "description" : "RangeConverter free PDF — 8-max 30bb 1bb ante (12.5%).",
    "publisher" : {
      "accessedDate" : "2026-06-01",
      "name" : "RangeConverter",
      "product" : "Free Poker Charts — 8 max 1bb ante MTT GTO Ranges",
      "treeParams" : "poker.academy CE-Symmetric Regular @ 30bb (GTO ChipEV, 1bb ante)",
      "url" : "https:\/\/rangeconverter.com\/free-poker-charts"
    },
    "solver" : {
      "assumptions" : "Frequencies rounded to nearest 25% per source. ChipEV (non-ICM). 1bb (12.5%) big-blind ante."
    },
    "type" : "published"
  },
  "spot" : {
    "anteType" : "bigBlindAnte",
    "facingAction" : "vsOpen",
    "opponentPosition" : "UTG1",
    "position" : "CO",
    "stackDepthBB" : 30
  }
}