{
  "format" : "NLHE_MTT_9MAX",
  "hands" : {
    "22" : {
      "call" : 1
    },
    "33" : {
      "call" : 1
    },
    "44" : {
      "call" : 1
    },
    "54s" : {
      "call" : 1
    },
    "55" : {
      "call" : 1
    },
    "65s" : {
      "call" : 1
    },
    "66" : {
      "call" : 1
    },
    "76s" : {
      "call" : 1
    },
    "77" : {
      "call" : 0.87409999999999999,
      "raise25x" : 0.12590000000000001
    },
    "86s" : {
      "call" : 1
    },
    "87s" : {
      "call" : 1
    },
    "88" : {
      "call" : 0.8861,
      "raise25x" : 0.1139
    },
    "97s" : {
      "call" : 1
    },
    "98s" : {
      "call" : 1
    },
    "99" : {
      "call" : 0.72799999999999998,
      "raise25x" : 0.27200000000000002
    },
    "A2s" : {
      "call" : 0.67600000000000005,
      "raise25x" : 0.32400000000000001
    },
    "A3s" : {
      "call" : 0.95789999999999997,
      "shove" : 0.042099999999999999
    },
    "A4s" : {
      "call" : 0.44490000000000002,
      "shove" : 0.55510000000000004
    },
    "A5s" : {
      "call" : 0.58399999999999996,
      "shove" : 0.41599999999999998
    },
    "A6s" : {
      "call" : 1
    },
    "A7s" : {
      "call" : 0.82210000000000005,
      "raise25x" : 0.1779
    },
    "A8s" : {
      "call" : 1
    },
    "A9s" : {
      "call" : 1
    },
    "AA" : {
      "raise25x" : 1
    },
    "AJo" : {
      "call" : 0.74399999999999999,
      "raise25x" : 0.25600000000000001
    },
    "AJs" : {
      "call" : 1
    },
    "AKo" : {
      "raise25x" : 0.37790000000000001,
      "shove" : 0.62209999999999999
    },
    "AKs" : {
      "raise25x" : 1
    },
    "AQo" : {
      "call" : 0.69399999999999995,
      "raise25x" : 0.30599999999999999
    },
    "AQs" : {
      "call" : 1
    },
    "ATo" : {
      "call" : 0.20799999999999999,
      "fold" : 0.45600000000000002,
      "raise25x" : 0.33600000000000002
    },
    "ATs" : {
      "call" : 1
    },
    "J8s" : {
      "call" : 0.46999999999999997,
      "fold" : 0.53000000000000003
    },
    "J9s" : {
      "call" : 1
    },
    "JJ" : {
      "raise25x" : 0.20979999999999999,
      "shove" : 0.79020000000000001
    },
    "JTs" : {
      "call" : 1
    },
    "K5s" : {
      "call" : 0.82969999999999999,
      "raise25x" : 0.17030000000000001
    },
    "K6s" : {
      "call" : 1
    },
    "K7s" : {
      "call" : 0.24990000000000001,
      "fold" : 0.75009999999999999
    },
    "K8s" : {
      "call" : 0.4199,
      "fold" : 0.58009999999999995
    },
    "K9s" : {
      "call" : 0.84599999999999997,
      "raise25x" : 0.154
    },
    "KJo" : {
      "call" : 0.1139,
      "fold" : 0.63219999999999998,
      "raise25x" : 0.25390000000000001
    },
    "KJs" : {
      "call" : 1
    },
    "KK" : {
      "raise25x" : 1
    },
    "KQo" : {
      "call" : 0.80010000000000003,
      "raise25x" : 0.19989999999999999
    },
    "KQs" : {
      "call" : 1
    },
    "KTs" : {
      "call" : 1
    },
    "Q8s" : {
      "call" : 0.70409999999999995,
      "fold" : 0.2959
    },
    "Q9s" : {
      "call" : 1
    },
    "QJs" : {
      "call" : 1
    },
    "QQ" : {
      "raise25x" : 0.86019999999999996,
      "shove" : 0.13980000000000001
    },
    "QTs" : {
      "call" : 1
    },
    "T8s" : {
      "call" : 1
    },
    "T9s" : {
      "call" : 1
    },
    "TT" : {
      "call" : 0.49809999999999999,
      "raise25x" : 0.38200000000000001,
      "shove" : 0.11990000000000001
    }
  },
  "id" : "mtt_9max_60bb_hj_vs3bet_vs_co",
  "source" : {
    "description" : "Adapted from RangeConverter 8-max baseline.",
    "publisher" : {
      "accessedDate" : "2026-06-01",
      "name" : "RangeConverter",
      "product" : "Free Poker Charts — 8 max 1bb ante MTT GTO Ranges",
      "treeParams" : "2.5x open, 3.5x 3bet IP, 4.5x 3bet OOP, 2.3x 4bet IP, 2.75x 4bet OOP, SB vs BB 3.2bb",
      "url" : "https:\/\/rangeconverter.com\/free-poker-charts"
    },
    "solver" : {
      "assumptions" : "Frequencies rounded to nearest 25% per source. ChipEV (non-ICM). 1bb (12.5%) big-blind ante. Copied verbatim from 8-max HJ (same effective seat in 9-max)."
    },
    "type" : "published"
  },
  "spot" : {
    "anteType" : "bigBlindAnte",
    "facingAction" : "vs3Bet",
    "opponentPosition" : "CO",
    "position" : "HJ",
    "stackDepthBB" : 60
  }
}