{
  "format" : "NLHE_MTT_9MAX",
  "hands" : {
    "22" : {
      "call" : 1
    },
    "32s" : {
      "call" : 1
    },
    "33" : {
      "call" : 1
    },
    "42s" : {
      "call" : 1
    },
    "43s" : {
      "call" : 1
    },
    "44" : {
      "call" : 1
    },
    "52s" : {
      "call" : 1
    },
    "53o" : {
      "call" : 0.68400000000000005,
      "fold" : 0.316
    },
    "53s" : {
      "call" : 1
    },
    "54o" : {
      "call" : 1
    },
    "54s" : {
      "call" : 0.46789999999999998,
      "raise25x" : 0.53210000000000002
    },
    "55" : {
      "call" : 1
    },
    "62s" : {
      "call" : 1
    },
    "63s" : {
      "call" : 1
    },
    "64o" : {
      "call" : 0.32600000000000001,
      "fold" : 0.67400000000000004
    },
    "64s" : {
      "call" : 1
    },
    "65o" : {
      "call" : 1
    },
    "65s" : {
      "call" : 0.55389999999999995,
      "raise25x" : 0.4461
    },
    "66" : {
      "call" : 1
    },
    "72s" : {
      "call" : 1
    },
    "73s" : {
      "call" : 1
    },
    "74s" : {
      "call" : 1
    },
    "75o" : {
      "call" : 0.4199,
      "fold" : 0.58009999999999995
    },
    "75s" : {
      "call" : 1
    },
    "76o" : {
      "call" : 1
    },
    "76s" : {
      "call" : 0.27800000000000002,
      "raise25x" : 0.72199999999999998
    },
    "77" : {
      "call" : 1
    },
    "82s" : {
      "call" : 1
    },
    "83s" : {
      "call" : 1
    },
    "84s" : {
      "call" : 1
    },
    "85s" : {
      "call" : 1
    },
    "86o" : {
      "call" : 1
    },
    "86s" : {
      "call" : 0.88800000000000001,
      "raise25x" : 0.112
    },
    "87o" : {
      "call" : 1
    },
    "87s" : {
      "call" : 0.55989999999999995,
      "raise25x" : 0.44009999999999999
    },
    "88" : {
      "call" : 1
    },
    "92s" : {
      "call" : 1
    },
    "93s" : {
      "call" : 1
    },
    "94s" : {
      "call" : 1
    },
    "95s" : {
      "call" : 1
    },
    "96s" : {
      "call" : 1
    },
    "97o" : {
      "call" : 1
    },
    "97s" : {
      "call" : 1
    },
    "98o" : {
      "call" : 1
    },
    "98s" : {
      "call" : 0.87409999999999999,
      "raise25x" : 0.12590000000000001
    },
    "99" : {
      "call" : 1
    },
    "A2o" : {
      "call" : 1
    },
    "A2s" : {
      "call" : 1
    },
    "A3o" : {
      "call" : 1
    },
    "A3s" : {
      "call" : 1
    },
    "A4o" : {
      "call" : 1
    },
    "A4s" : {
      "call" : 0.80200000000000005,
      "raise25x" : 0.19800000000000001
    },
    "A5o" : {
      "call" : 1
    },
    "A5s" : {
      "call" : 0.39389999999999997,
      "raise25x" : 0.60609999999999997
    },
    "A6o" : {
      "call" : 1
    },
    "A6s" : {
      "call" : 1
    },
    "A7o" : {
      "call" : 1
    },
    "A7s" : {
      "call" : 0.70999999999999996,
      "raise25x" : 0.28999999999999998
    },
    "A8o" : {
      "call" : 1
    },
    "A8s" : {
      "call" : 0.40200000000000002,
      "raise25x" : 0.59799999999999998
    },
    "A9o" : {
      "call" : 1
    },
    "A9s" : {
      "raise25x" : 1
    },
    "AA" : {
      "raise25x" : 1
    },
    "AJo" : {
      "call" : 1
    },
    "AJs" : {
      "call" : 1
    },
    "AKo" : {
      "call" : 0.1099,
      "raise25x" : 0.8901
    },
    "AKs" : {
      "raise25x" : 1
    },
    "AQo" : {
      "call" : 0.77810000000000001,
      "raise25x" : 0.22189999999999999
    },
    "AQs" : {
      "call" : 0.27989999999999998,
      "raise25x" : 0.72009999999999996
    },
    "ATo" : {
      "call" : 0.80410000000000004,
      "raise25x" : 0.19589999999999999
    },
    "ATs" : {
      "call" : 0.92000000000000004,
      "raise25x" : 0.080000000000000002
    },
    "J2s" : {
      "call" : 1
    },
    "J3s" : {
      "call" : 1
    },
    "J4s" : {
      "call" : 1
    },
    "J5s" : {
      "call" : 1
    },
    "J6s" : {
      "call" : 1
    },
    "J7s" : {
      "call" : 1
    },
    "J8o" : {
      "call" : 1
    },
    "J8s" : {
      "call" : 0.96409999999999996,
      "raise25x" : 0.035900000000000001
    },
    "J9o" : {
      "call" : 1
    },
    "J9s" : {
      "call" : 0.5,
      "raise25x" : 0.5
    },
    "JJ" : {
      "call" : 0.29999999999999999,
      "raise25x" : 0.69999999999999996
    },
    "JTo" : {
      "call" : 1
    },
    "JTs" : {
      "call" : 0.37790000000000001,
      "raise25x" : 0.62209999999999999
    },
    "K2s" : {
      "call" : 1
    },
    "K3s" : {
      "call" : 1
    },
    "K4o" : {
      "call" : 1
    },
    "K4s" : {
      "call" : 1
    },
    "K5o" : {
      "call" : 1
    },
    "K5s" : {
      "call" : 1
    },
    "K6o" : {
      "call" : 1
    },
    "K6s" : {
      "call" : 0.4899,
      "raise25x" : 0.5101
    },
    "K7o" : {
      "call" : 1
    },
    "K7s" : {
      "call" : 0.94199999999999995,
      "raise25x" : 0.057999999999999996
    },
    "K8o" : {
      "call" : 1
    },
    "K8s" : {
      "call" : 1
    },
    "K9o" : {
      "call" : 1
    },
    "K9s" : {
      "call" : 0.49590000000000001,
      "raise25x" : 0.50409999999999999
    },
    "KJo" : {
      "call" : 1
    },
    "KJs" : {
      "call" : 0.31,
      "raise25x" : 0.68999999999999995
    },
    "KK" : {
      "raise25x" : 1
    },
    "KQo" : {
      "call" : 0.97819999999999996,
      "raise25x" : 0.0218
    },
    "KQs" : {
      "call" : 0.79410000000000003,
      "raise25x" : 0.2059
    },
    "KTo" : {
      "call" : 1
    },
    "KTs" : {
      "raise25x" : 1
    },
    "Q2s" : {
      "call" : 1
    },
    "Q3s" : {
      "call" : 1
    },
    "Q4s" : {
      "call" : 1
    },
    "Q5o" : {
      "call" : 0.33600000000000002,
      "fold" : 0.66400000000000003
    },
    "Q5s" : {
      "call" : 1
    },
    "Q6o" : {
      "call" : 1
    },
    "Q6s" : {
      "call" : 1
    },
    "Q7o" : {
      "call" : 0.58609999999999995,
      "fold" : 0.41389999999999999
    },
    "Q7s" : {
      "call" : 1
    },
    "Q8o" : {
      "call" : 1
    },
    "Q8s" : {
      "call" : 1
    },
    "Q9o" : {
      "call" : 1
    },
    "Q9s" : {
      "call" : 1
    },
    "QJo" : {
      "call" : 1
    },
    "QJs" : {
      "raise25x" : 1
    },
    "QQ" : {
      "raise25x" : 1
    },
    "QTo" : {
      "call" : 1
    },
    "QTs" : {
      "call" : 0.46000000000000002,
      "raise25x" : 0.54000000000000004
    },
    "T2s" : {
      "call" : 1
    },
    "T3s" : {
      "call" : 1
    },
    "T4s" : {
      "call" : 1
    },
    "T5s" : {
      "call" : 1
    },
    "T6s" : {
      "call" : 1
    },
    "T7s" : {
      "call" : 1
    },
    "T8o" : {
      "call" : 1
    },
    "T8s" : {
      "call" : 0.754,
      "raise25x" : 0.246
    },
    "T9o" : {
      "call" : 1
    },
    "T9s" : {
      "call" : 0.33600000000000002,
      "raise25x" : 0.66400000000000003
    },
    "TT" : {
      "call" : 0.81399999999999995,
      "raise25x" : 0.186
    }
  },
  "id" : "mtt_9max_70bb_bb_vsopen_vs_lj",
  "source" : {
    "description" : "Adapted from RangeConverter 8-max baseline.",
    "publisher" : {
      "accessedDate" : "2026-06-01",
      "name" : "RangeConverter",
      "product" : "Free Poker Charts — 8 max 1bb ante MTT GTO Ranges",
      "treeParams" : "2.5x open, 3.5x 3bet IP, 4.5x 3bet OOP, 2.3x 4bet IP, 2.75x 4bet OOP, SB vs BB 3.2bb",
      "url" : "https:\/\/rangeconverter.com\/free-poker-charts"
    },
    "solver" : {
      "assumptions" : "Frequencies rounded to nearest 25% per source. ChipEV (non-ICM). 1bb (12.5%) big-blind ante. Copied verbatim from 8-max BB (same effective seat in 9-max)."
    },
    "type" : "published"
  },
  "spot" : {
    "anteType" : "bigBlindAnte",
    "facingAction" : "vsOpen",
    "opponentPosition" : "LJ",
    "position" : "BB",
    "stackDepthBB" : 70
  }
}