{
  "format" : "NLHE_MTT_9MAX",
  "hands" : {
    "22" : {
      "call" : 1
    },
    "33" : {
      "call" : 1
    },
    "44" : {
      "call" : 1
    },
    "54s" : {
      "call" : 0.83999999999999997,
      "raise25x" : 0.16
    },
    "55" : {
      "call" : 1
    },
    "65s" : {
      "call" : 0.59509999999999996,
      "raise25x" : 0.40489999999999998
    },
    "66" : {
      "call" : 0.93020000000000003,
      "raise25x" : 0.069800000000000001
    },
    "76s" : {
      "call" : 0.67500000000000004,
      "raise25x" : 0.32500000000000001
    },
    "77" : {
      "call" : 0.80510000000000004,
      "raise25x" : 0.19489999999999999
    },
    "86s" : {
      "call" : 0.30499999999999999,
      "fold" : 0.69499999999999995
    },
    "87s" : {
      "call" : 0.74509999999999998,
      "raise25x" : 0.25490000000000002
    },
    "88" : {
      "call" : 0.68500000000000005,
      "raise25x" : 0.315
    },
    "97s" : {
      "call" : 0.62,
      "fold" : 0.23000000000000001,
      "raise25x" : 0.14999999999999999
    },
    "98s" : {
      "call" : 0.82010000000000005,
      "raise25x" : 0.1799
    },
    "99" : {
      "call" : 0.62,
      "raise25x" : 0.38
    },
    "A2s" : {
      "call" : 1
    },
    "A3s" : {
      "call" : 0.86519999999999997,
      "raise25x" : 0.1348
    },
    "A4s" : {
      "call" : 0.76000000000000001,
      "raise25x" : 0.23999999999999999
    },
    "A5s" : {
      "call" : 0.33989999999999998,
      "raise25x" : 0.66010000000000002
    },
    "A6s" : {
      "call" : 0.45500000000000002,
      "raise25x" : 0.54500000000000004
    },
    "A7s" : {
      "call" : 0.68999999999999995,
      "raise25x" : 0.31
    },
    "A8s" : {
      "call" : 0.43009999999999998,
      "raise25x" : 0.56989999999999996
    },
    "A9s" : {
      "call" : 0.26989999999999997,
      "raise25x" : 0.73009999999999997
    },
    "AA" : {
      "raise25x" : 1
    },
    "AJo" : {
      "call" : 0.55989999999999995,
      "raise25x" : 0.44009999999999999
    },
    "AJs" : {
      "call" : 0.80010000000000003,
      "raise25x" : 0.19989999999999999
    },
    "AKo" : {
      "call" : 0.2049,
      "raise25x" : 0.79510000000000003
    },
    "AKs" : {
      "raise25x" : 1
    },
    "AQo" : {
      "call" : 0.63,
      "raise25x" : 0.37
    },
    "AQs" : {
      "raise25x" : 1
    },
    "ATo" : {
      "call" : 0.43009999999999998,
      "raise25x" : 0.56989999999999996
    },
    "ATs" : {
      "call" : 0.65510000000000002,
      "raise25x" : 0.34489999999999998
    },
    "J8s" : {
      "call" : 0.080000000000000002,
      "fold" : 0.59009999999999996,
      "raise25x" : 0.32990000000000003
    },
    "J9s" : {
      "call" : 0.47999999999999998,
      "raise25x" : 0.52000000000000002
    },
    "JJ" : {
      "call" : 0.44009999999999999,
      "raise25x" : 0.55989999999999995
    },
    "JTs" : {
      "call" : 0.68500000000000005,
      "raise25x" : 0.315
    },
    "K5s" : {
      "call" : 0.080000000000000002,
      "fold" : 0.92000000000000004
    },
    "K6s" : {
      "call" : 0.57730000000000004,
      "fold" : 0.054600000000000003,
      "raise25x" : 0.36809999999999998
    },
    "K7s" : {
      "call" : 0.16500000000000001,
      "fold" : 0.60999999999999999,
      "raise25x" : 0.22500000000000001
    },
    "K8s" : {
      "call" : 0.72509999999999997,
      "raise25x" : 0.27489999999999998
    },
    "K9s" : {
      "call" : 0.28999999999999998,
      "raise25x" : 0.70999999999999996
    },
    "KJo" : {
      "call" : 0.53280000000000005,
      "fold" : 0.19589999999999999,
      "raise25x" : 0.27129999999999999
    },
    "KJs" : {
      "call" : 0.4849,
      "raise25x" : 0.5151
    },
    "KK" : {
      "raise25x" : 1
    },
    "KQo" : {
      "call" : 0.625,
      "raise25x" : 0.375
    },
    "KQs" : {
      "call" : 0.55500000000000005,
      "raise25x" : 0.44500000000000001
    },
    "KTo" : {
      "call" : 0.0349,
      "fold" : 0.96509999999999996
    },
    "KTs" : {
      "call" : 0.375,
      "raise25x" : 0.625
    },
    "Q8s" : {
      "call" : 0.07959999999999999,
      "fold" : 0.81089999999999995,
      "raise25x" : 0.1095
    },
    "Q9s" : {
      "call" : 0.68999999999999995,
      "raise25x" : 0.31
    },
    "QJo" : {
      "call" : 0.064600000000000019,
      "fold" : 0.81620000000000004,
      "raise25x" : 0.1192
    },
    "QJs" : {
      "call" : 0.73009999999999997,
      "raise25x" : 0.26989999999999997
    },
    "QQ" : {
      "raise25x" : 1
    },
    "QTs" : {
      "call" : 0.92000000000000004,
      "raise25x" : 0.080000000000000002
    },
    "T8s" : {
      "call" : 0.625,
      "raise25x" : 0.375
    },
    "T9s" : {
      "call" : 0.59009999999999996,
      "raise25x" : 0.40989999999999999
    },
    "TT" : {
      "call" : 0.46000000000000002,
      "raise25x" : 0.54000000000000004
    }
  },
  "id" : "mtt_9max_80bb_btn_vsopen_vs_lj",
  "source" : {
    "description" : "Adapted from RangeConverter 8-max baseline.",
    "publisher" : {
      "accessedDate" : "2026-06-01",
      "name" : "RangeConverter",
      "product" : "Free Poker Charts — 8 max 1bb ante MTT GTO Ranges",
      "treeParams" : "2.5x open, 3.5x 3bet IP, 4.5x 3bet OOP, 2.3x 4bet IP, 2.75x 4bet OOP, SB vs BB 3.2bb",
      "url" : "https:\/\/rangeconverter.com\/free-poker-charts"
    },
    "solver" : {
      "assumptions" : "Frequencies rounded to nearest 25% per source. ChipEV (non-ICM). 1bb (12.5%) big-blind ante. Copied verbatim from 8-max BTN (same effective seat in 9-max)."
    },
    "type" : "published"
  },
  "spot" : {
    "anteType" : "bigBlindAnte",
    "facingAction" : "vsOpen",
    "opponentPosition" : "LJ",
    "position" : "BTN",
    "stackDepthBB" : 80
  }
}