{
  "format" : "NLHE_MTT_9MAX",
  "hands" : {
    "43s" : {
      "call" : 1
    },
    "44" : {
      "shove" : 1
    },
    "53s" : {
      "call" : 1
    },
    "54s" : {
      "call" : 1
    },
    "55" : {
      "shove" : 1
    },
    "64s" : {
      "call" : 1
    },
    "65s" : {
      "call" : 1
    },
    "66" : {
      "shove" : 1
    },
    "75s" : {
      "call" : 1
    },
    "76s" : {
      "call" : 1
    },
    "77" : {
      "call" : 1
    },
    "85s" : {
      "call" : 1
    },
    "86s" : {
      "call" : 1
    },
    "88" : {
      "call" : 1
    },
    "98s" : {
      "call" : 1
    },
    "99" : {
      "call" : 1
    },
    "A2s" : {
      "shove" : 1
    },
    "A3o" : {
      "call" : 1
    },
    "A4o" : {
      "call" : 0.84509999999999996,
      "shove" : 0.15490000000000001
    },
    "A5o" : {
      "call" : 0.99490000000000001,
      "shove" : 0.0051000000000000004
    },
    "A6o" : {
      "call" : 1
    },
    "A7o" : {
      "call" : 1
    },
    "A7s" : {
      "call" : 0.79510000000000003,
      "shove" : 0.2049
    },
    "A8o" : {
      "call" : 0.55010000000000003,
      "shove" : 0.44990000000000002
    },
    "A8s" : {
      "call" : 1
    },
    "A9o" : {
      "call" : 0.36959999999999998,
      "shove" : 0.63039999999999996
    },
    "A9s" : {
      "call" : 1
    },
    "AA" : {
      "call" : 1
    },
    "AJs" : {
      "call" : 0.46500000000000002,
      "shove" : 0.53500000000000003
    },
    "AKo" : {
      "shove" : 1
    },
    "AKs" : {
      "shove" : 1
    },
    "AQo" : {
      "shove" : 1
    },
    "AQs" : {
      "shove" : 1
    },
    "ATo" : {
      "call" : 1
    },
    "ATs" : {
      "call" : 1
    },
    "J3s" : {
      "call" : 0.33050000000000002,
      "fold" : 0.66949999999999998
    },
    "J4s" : {
      "call" : 1
    },
    "J5s" : {
      "call" : 1
    },
    "J8s" : {
      "call" : 1
    },
    "J9o" : {
      "call" : 1
    },
    "J9s" : {
      "call" : 1
    },
    "JJ" : {
      "shove" : 1
    },
    "JTo" : {
      "call" : 1
    },
    "JTs" : {
      "call" : 1
    },
    "K7o" : {
      "call" : 0.5,
      "fold" : 0.5
    },
    "K8o" : {
      "call" : 0.93489999999999995,
      "fold" : 0.065100000000000019
    },
    "K9o" : {
      "call" : 1
    },
    "K9s" : {
      "call" : 1
    },
    "KJo" : {
      "call" : 1
    },
    "KJs" : {
      "call" : 1
    },
    "KK" : {
      "call" : 1
    },
    "KQo" : {
      "call" : 1
    },
    "KQs" : {
      "call" : 1
    },
    "KTo" : {
      "call" : 1
    },
    "KTs" : {
      "call" : 1
    },
    "Q2s" : {
      "call" : 1
    },
    "Q8o" : {
      "call" : 0.36549999999999999,
      "fold" : 0.63449999999999995
    },
    "Q9o" : {
      "call" : 1
    },
    "QJo" : {
      "call" : 0.93500000000000005,
      "shove" : 0.065000000000000002
    },
    "QJs" : {
      "shove" : 1
    },
    "QQ" : {
      "shove" : 1
    },
    "QTo" : {
      "call" : 1
    },
    "T6s" : {
      "call" : 1
    },
    "T8o" : {
      "call" : 0.20880000000000001,
      "fold" : 0.79120000000000001
    },
    "T8s" : {
      "call" : 1
    },
    "T9o" : {
      "call" : 1
    },
    "T9s" : {
      "call" : 1
    },
    "TT" : {
      "call" : 1
    }
  },
  "id" : "mtt_9max_30bb_sb_vs3bet",
  "source" : {
    "description" : "Adapted from RangeConverter 8-max baseline.",
    "publisher" : {
      "accessedDate" : "2026-06-01",
      "name" : "RangeConverter",
      "product" : "Free Poker Charts — 8 max 1bb ante MTT GTO Ranges",
      "treeParams" : "2.5x open, 3.5x 3bet IP, 4.5x 3bet OOP, 2.3x 4bet IP, 2.75x 4bet OOP, SB vs BB 3.2bb",
      "url" : "https:\/\/rangeconverter.com\/free-poker-charts"
    },
    "solver" : {
      "assumptions" : "Frequencies rounded to nearest 25% per source. ChipEV (non-ICM). 1bb (12.5%) big-blind ante. Copied verbatim from 8-max SB (same effective seat in 9-max)."
    },
    "type" : "published"
  },
  "spot" : {
    "anteType" : "bigBlindAnte",
    "facingAction" : "vs3Bet",
    "position" : "SB",
    "stackDepthBB" : 30
  }
}