{
  "format" : "NLHE_MTT_9MAX",
  "hands" : {
    "55" : {
      "call" : 1
    },
    "66" : {
      "call" : 1
    },
    "77" : {
      "call" : 1
    },
    "88" : {
      "call" : 1
    },
    "99" : {
      "call" : 1
    },
    "A4s" : {
      "call" : 0.2059,
      "shove" : 0.79410000000000003
    },
    "A5s" : {
      "call" : 0.46400000000000002,
      "shove" : 0.53600000000000003
    },
    "A6s" : {
      "call" : 1
    },
    "A7s" : {
      "call" : 0.67210000000000003,
      "fold" : 0.32790000000000002
    },
    "A8s" : {
      "call" : 0.79410000000000003,
      "fold" : 0.2059
    },
    "A9s" : {
      "call" : 1
    },
    "AA" : {
      "call" : 0.35199999999999998,
      "shove" : 0.64800000000000002
    },
    "AJs" : {
      "call" : 1
    },
    "AKo" : {
      "shove" : 1
    },
    "AKs" : {
      "shove" : 1
    },
    "AQo" : {
      "call" : 1
    },
    "AQs" : {
      "call" : 1
    },
    "ATs" : {
      "call" : 1
    },
    "JJ" : {
      "call" : 1
    },
    "JTs" : {
      "call" : 0.54810000000000003,
      "fold" : 0.45190000000000002
    },
    "K9s" : {
      "call" : 0.40000000000000002,
      "fold" : 0.59999999999999998
    },
    "KJs" : {
      "call" : 1
    },
    "KK" : {
      "shove" : 1
    },
    "KQo" : {
      "call" : 0.23599999999999999,
      "fold" : 0.76400000000000001
    },
    "KQs" : {
      "call" : 1
    },
    "KTs" : {
      "call" : 1
    },
    "QJs" : {
      "call" : 0.64600000000000002,
      "fold" : 0.35399999999999998
    },
    "QQ" : {
      "call" : 0.41599999999999998,
      "shove" : 0.58399999999999996
    },
    "QTs" : {
      "call" : 0.92600000000000005,
      "fold" : 0.073999999999999996
    },
    "T9s" : {
      "call" : 1
    },
    "TT" : {
      "call" : 1
    }
  },
  "id" : "mtt_9max_50bb_utg_vs3bet_vs_btn",
  "source" : {
    "description" : "Adapted from RangeConverter 8-max baseline.",
    "publisher" : {
      "accessedDate" : "2026-06-01",
      "name" : "RangeConverter",
      "product" : "Free Poker Charts — 8 max 1bb ante MTT GTO Ranges",
      "treeParams" : "2.5x open, 3.5x 3bet IP, 4.5x 3bet OOP, 2.3x 4bet IP, 2.75x 4bet OOP, SB vs BB 3.2bb",
      "url" : "https:\/\/rangeconverter.com\/free-poker-charts"
    },
    "solver" : {
      "assumptions" : "Frequencies rounded to nearest 25% per source. ChipEV (non-ICM). 1bb (12.5%) big-blind ante. Adapted from 8-max UTG; weakest combos (54s, 65s, 76s, 87s, 98s, A2s, A3s, JTo, K7s, K8s, T9o) demoted to fold to reach the 9-max UTG VPIP band."
    },
    "type" : "published"
  },
  "spot" : {
    "anteType" : "bigBlindAnte",
    "facingAction" : "vs3Bet",
    "opponentPosition" : "BTN",
    "position" : "UTG",
    "stackDepthBB" : 50
  }
}