{
  "format" : "NLHE_MTT_9MAX",
  "hands" : {
    "22" : {
      "shove" : 1
    },
    "32s" : {
      "call" : 1
    },
    "33" : {
      "shove" : 1
    },
    "42s" : {
      "call" : 1
    },
    "43s" : {
      "call" : 1
    },
    "44" : {
      "shove" : 1
    },
    "52s" : {
      "call" : 1
    },
    "53o" : {
      "call" : 1
    },
    "53s" : {
      "call" : 1
    },
    "54o" : {
      "call" : 1
    },
    "54s" : {
      "call" : 1
    },
    "55" : {
      "call" : 0.22,
      "shove" : 0.78000000000000003
    },
    "62s" : {
      "call" : 1
    },
    "63s" : {
      "call" : 1
    },
    "64s" : {
      "call" : 1
    },
    "65o" : {
      "call" : 1
    },
    "65s" : {
      "call" : 1
    },
    "66" : {
      "call" : 1
    },
    "72s" : {
      "call" : 1
    },
    "73s" : {
      "call" : 1
    },
    "74s" : {
      "call" : 1
    },
    "75s" : {
      "call" : 1
    },
    "76o" : {
      "call" : 1
    },
    "76s" : {
      "call" : 1
    },
    "77" : {
      "call" : 1
    },
    "82s" : {
      "call" : 1
    },
    "83s" : {
      "call" : 1
    },
    "84s" : {
      "call" : 1
    },
    "85s" : {
      "call" : 1
    },
    "86o" : {
      "call" : 1
    },
    "86s" : {
      "call" : 1
    },
    "87o" : {
      "call" : 1
    },
    "87s" : {
      "call" : 1
    },
    "88" : {
      "call" : 1
    },
    "92s" : {
      "call" : 1
    },
    "93s" : {
      "call" : 1
    },
    "94s" : {
      "call" : 1
    },
    "95s" : {
      "call" : 1
    },
    "96o" : {
      "call" : 0.40489999999999998,
      "fold" : 0.59509999999999996
    },
    "96s" : {
      "call" : 1
    },
    "97o" : {
      "call" : 1
    },
    "97s" : {
      "call" : 1
    },
    "98o" : {
      "call" : 1
    },
    "98s" : {
      "call" : 1
    },
    "99" : {
      "call" : 1
    },
    "A2o" : {
      "shove" : 1
    },
    "A2s" : {
      "shove" : 1
    },
    "A3o" : {
      "shove" : 1
    },
    "A3s" : {
      "call" : 1
    },
    "A4o" : {
      "shove" : 1
    },
    "A4s" : {
      "call" : 1
    },
    "A5o" : {
      "call" : 0.73509999999999998,
      "shove" : 0.26490000000000002
    },
    "A5s" : {
      "call" : 1
    },
    "A6o" : {
      "call" : 0.20979999999999999,
      "shove" : 0.79020000000000001
    },
    "A6s" : {
      "call" : 1
    },
    "A7o" : {
      "call" : 0.13980000000000001,
      "shove" : 0.86019999999999996
    },
    "A7s" : {
      "call" : 1
    },
    "A8o" : {
      "shove" : 1
    },
    "A8s" : {
      "call" : 1
    },
    "A9o" : {
      "shove" : 1
    },
    "A9s" : {
      "shove" : 1
    },
    "AA" : {
      "call" : 1
    },
    "AJo" : {
      "shove" : 1
    },
    "AJs" : {
      "shove" : 1
    },
    "AKo" : {
      "shove" : 1
    },
    "AKs" : {
      "raise25x" : 0.01,
      "shove" : 0.98999999999999999
    },
    "AQo" : {
      "shove" : 1
    },
    "AQs" : {
      "shove" : 1
    },
    "ATo" : {
      "shove" : 1
    },
    "ATs" : {
      "shove" : 1
    },
    "J2s" : {
      "call" : 1
    },
    "J3s" : {
      "call" : 1
    },
    "J4o" : {
      "call" : 0.33660000000000001,
      "fold" : 0.66339999999999999
    },
    "J4s" : {
      "call" : 1
    },
    "J5o" : {
      "call" : 0.75880000000000003,
      "fold" : 0.2412
    },
    "J5s" : {
      "call" : 1
    },
    "J6o" : {
      "call" : 0.64510000000000001,
      "fold" : 0.35489999999999999
    },
    "J6s" : {
      "call" : 1
    },
    "J7o" : {
      "call" : 1
    },
    "J7s" : {
      "call" : 1
    },
    "J8o" : {
      "call" : 1
    },
    "J8s" : {
      "call" : 1
    },
    "J9o" : {
      "call" : 1
    },
    "J9s" : {
      "call" : 1
    },
    "JJ" : {
      "call" : 1
    },
    "JTo" : {
      "call" : 1
    },
    "JTs" : {
      "call" : 1
    },
    "K2o" : {
      "shove" : 1
    },
    "K2s" : {
      "shove" : 1
    },
    "K3o" : {
      "shove" : 1
    },
    "K3s" : {
      "call" : 1
    },
    "K4o" : {
      "call" : 0.80510000000000004,
      "shove" : 0.19489999999999999
    },
    "K4s" : {
      "call" : 1
    },
    "K5o" : {
      "call" : 1
    },
    "K5s" : {
      "call" : 1
    },
    "K6o" : {
      "call" : 1
    },
    "K6s" : {
      "call" : 1
    },
    "K7o" : {
      "call" : 1
    },
    "K7s" : {
      "call" : 1
    },
    "K8o" : {
      "call" : 1
    },
    "K8s" : {
      "call" : 1
    },
    "K9o" : {
      "call" : 1
    },
    "K9s" : {
      "call" : 1
    },
    "KJo" : {
      "call" : 0.66510000000000002,
      "shove" : 0.33489999999999998
    },
    "KJs" : {
      "call" : 1
    },
    "KK" : {
      "call" : 1
    },
    "KQo" : {
      "call" : 0.75380000000000003,
      "shove" : 0.2462
    },
    "KQs" : {
      "call" : 1
    },
    "KTo" : {
      "call" : 0.90010000000000001,
      "shove" : 0.099900000000000003
    },
    "KTs" : {
      "call" : 1
    },
    "Q2o" : {
      "call" : 0.77500000000000002,
      "shove" : 0.22500000000000001
    },
    "Q2s" : {
      "shove" : 1
    },
    "Q3o" : {
      "call" : 0.98999999999999999,
      "shove" : 0.01
    },
    "Q3s" : {
      "call" : 0.46000000000000002,
      "shove" : 0.54000000000000004
    },
    "Q4o" : {
      "call" : 1
    },
    "Q4s" : {
      "call" : 1
    },
    "Q5o" : {
      "call" : 1
    },
    "Q5s" : {
      "call" : 1
    },
    "Q6o" : {
      "call" : 1
    },
    "Q6s" : {
      "call" : 1
    },
    "Q7o" : {
      "call" : 1
    },
    "Q7s" : {
      "call" : 1
    },
    "Q8o" : {
      "call" : 1
    },
    "Q8s" : {
      "call" : 1
    },
    "Q9o" : {
      "call" : 1
    },
    "Q9s" : {
      "call" : 1
    },
    "QJo" : {
      "call" : 1
    },
    "QJs" : {
      "call" : 1
    },
    "QQ" : {
      "call" : 1
    },
    "QTo" : {
      "call" : 1
    },
    "QTs" : {
      "call" : 1
    },
    "T2s" : {
      "call" : 1
    },
    "T3s" : {
      "call" : 1
    },
    "T4s" : {
      "call" : 1
    },
    "T5s" : {
      "call" : 1
    },
    "T6o" : {
      "call" : 0.37,
      "fold" : 0.63
    },
    "T6s" : {
      "call" : 1
    },
    "T7o" : {
      "call" : 1
    },
    "T7s" : {
      "call" : 1
    },
    "T8o" : {
      "call" : 1
    },
    "T8s" : {
      "call" : 1
    },
    "T9o" : {
      "call" : 1
    },
    "T9s" : {
      "call" : 1
    },
    "TT" : {
      "call" : 1
    }
  },
  "id" : "mtt_9max_15bb_bb_vsopen",
  "source" : {
    "description" : "Adapted from RangeConverter 8-max baseline.",
    "publisher" : {
      "accessedDate" : "2026-06-01",
      "name" : "RangeConverter",
      "product" : "Free Poker Charts — 8 max 1bb ante MTT GTO Ranges",
      "treeParams" : "2.5x open, 3.5x 3bet IP, 4.5x 3bet OOP, 2.3x 4bet IP, 2.75x 4bet OOP, SB vs BB 3.2bb",
      "url" : "https:\/\/rangeconverter.com\/free-poker-charts"
    },
    "solver" : {
      "assumptions" : "Frequencies rounded to nearest 25% per source. ChipEV (non-ICM). 1bb (12.5%) big-blind ante. Copied verbatim from 8-max BB (same effective seat in 9-max)."
    },
    "type" : "published"
  },
  "spot" : {
    "anteType" : "bigBlindAnte",
    "facingAction" : "vsOpen",
    "position" : "BB",
    "stackDepthBB" : 15
  }
}