{
  "format" : "NLHE_MTT_9MAX",
  "hands" : {
    "55" : {
      "call" : 1
    },
    "66" : {
      "call" : 0.95509999999999995,
      "shove" : 0.044900000000000002
    },
    "76s" : {
      "call" : 1
    },
    "77" : {
      "call" : 0.65010000000000001,
      "shove" : 0.34989999999999999
    },
    "87s" : {
      "call" : 1
    },
    "88" : {
      "call" : 0.024899999999999999,
      "shove" : 0.97509999999999997
    },
    "98s" : {
      "call" : 1
    },
    "99" : {
      "shove" : 1
    },
    "A2s" : {
      "call" : 1
    },
    "A3s" : {
      "call" : 1
    },
    "A4s" : {
      "call" : 1
    },
    "A5s" : {
      "call" : 0.55000000000000004,
      "shove" : 0.45000000000000001
    },
    "A6s" : {
      "call" : 1
    },
    "A7s" : {
      "shove" : 1
    },
    "A8s" : {
      "call" : 0.59999999999999998,
      "shove" : 0.40000000000000002
    },
    "A9s" : {
      "shove" : 1
    },
    "AA" : {
      "call" : 0.91500000000000004,
      "shove" : 0.084999999999999992
    },
    "AJo" : {
      "call" : 0.67500000000000004,
      "shove" : 0.32500000000000001
    },
    "AJs" : {
      "shove" : 1
    },
    "AKo" : {
      "shove" : 1
    },
    "AKs" : {
      "shove" : 1
    },
    "AQo" : {
      "shove" : 1
    },
    "AQs" : {
      "shove" : 1
    },
    "ATo" : {
      "call" : 0.83499999999999996,
      "shove" : 0.16500000000000001
    },
    "ATs" : {
      "call" : 1
    },
    "J8s" : {
      "call" : 0.5,
      "fold" : 0.5
    },
    "J9s" : {
      "call" : 1
    },
    "JJ" : {
      "call" : 0.245,
      "shove" : 0.755
    },
    "JTs" : {
      "call" : 1
    },
    "K6s" : {
      "call" : 1
    },
    "K7s" : {
      "call" : 0.87009999999999998,
      "fold" : 0.12989999999999999
    },
    "K8s" : {
      "call" : 0.40489999999999998,
      "fold" : 0.59509999999999996
    },
    "K9s" : {
      "call" : 1
    },
    "KJs" : {
      "call" : 1
    },
    "KK" : {
      "shove" : 1
    },
    "KQo" : {
      "call" : 0.78000000000000003,
      "fold" : 0.22
    },
    "KQs" : {
      "call" : 1
    },
    "KTs" : {
      "call" : 1
    },
    "Q9s" : {
      "call" : 1
    },
    "QJs" : {
      "call" : 1
    },
    "QQ" : {
      "call" : 0.39000000000000001,
      "shove" : 0.60999999999999999
    },
    "QTs" : {
      "call" : 1
    },
    "T8s" : {
      "call" : 0.65010000000000001,
      "fold" : 0.34989999999999999
    },
    "T9s" : {
      "call" : 1
    },
    "TT" : {
      "call" : 0.69999999999999996,
      "shove" : 0.29999999999999999
    }
  },
  "id" : "mtt_9max_20bb_lj_vs3bet_vs_btn",
  "source" : {
    "description" : "Adapted from RangeConverter 8-max baseline.",
    "publisher" : {
      "accessedDate" : "2026-06-01",
      "name" : "RangeConverter",
      "product" : "Free Poker Charts — 8 max 1bb ante MTT GTO Ranges",
      "treeParams" : "2.5x open, 3.5x 3bet IP, 4.5x 3bet OOP, 2.3x 4bet IP, 2.75x 4bet OOP, SB vs BB 3.2bb",
      "url" : "https:\/\/rangeconverter.com\/free-poker-charts"
    },
    "solver" : {
      "assumptions" : "Frequencies rounded to nearest 25% per source. ChipEV (non-ICM). 1bb (12.5%) big-blind ante. Copied verbatim from 8-max LJ (same effective seat in 9-max)."
    },
    "type" : "published"
  },
  "spot" : {
    "anteType" : "bigBlindAnte",
    "facingAction" : "vs3Bet",
    "opponentPosition" : "BTN",
    "position" : "LJ",
    "stackDepthBB" : 20
  }
}