{
  "format" : "NLHE_MTT_9MAX",
  "hands" : {
    "44" : {
      "call" : 0.36509999999999998,
      "fold" : 0.63490000000000002
    },
    "55" : {
      "call" : 0.98999999999999999,
      "shove" : 0.01
    },
    "65s" : {
      "call" : 0.90500000000000003,
      "fold" : 0.095000000000000001
    },
    "66" : {
      "call" : 0.94020000000000004,
      "shove" : 0.059799999999999999
    },
    "76s" : {
      "call" : 1
    },
    "77" : {
      "call" : 1
    },
    "87s" : {
      "call" : 1
    },
    "88" : {
      "call" : 1
    },
    "98s" : {
      "call" : 1
    },
    "99" : {
      "call" : 1
    },
    "A2s" : {
      "call" : 0.66000000000000003,
      "shove" : 0.34000000000000002
    },
    "A3s" : {
      "call" : 0.97509999999999997,
      "shove" : 0.024899999999999999
    },
    "A4s" : {
      "call" : 0.43009999999999998,
      "shove" : 0.56989999999999996
    },
    "A5o" : {
      "call" : 0.47499999999999998,
      "fold" : 0.52500000000000002
    },
    "A5s" : {
      "call" : 0.074999999999999997,
      "shove" : 0.92500000000000004
    },
    "A6s" : {
      "call" : 1
    },
    "A7s" : {
      "call" : 1
    },
    "A8o" : {
      "call" : 0.86519999999999997,
      "fold" : 0.1348
    },
    "A8s" : {
      "call" : 1
    },
    "A9o" : {
      "call" : 1
    },
    "A9s" : {
      "call" : 1
    },
    "AA" : {
      "call" : 1
    },
    "AJo" : {
      "call" : 0.19489999999999999,
      "shove" : 0.80510000000000004
    },
    "AJs" : {
      "call" : 1
    },
    "AKo" : {
      "shove" : 1
    },
    "AKs" : {
      "shove" : 1
    },
    "AQo" : {
      "shove" : 1
    },
    "AQs" : {
      "call" : 0.84499999999999997,
      "shove" : 0.155
    },
    "ATo" : {
      "call" : 0.87009999999999998,
      "shove" : 0.12989999999999999
    },
    "ATs" : {
      "call" : 1
    },
    "J9s" : {
      "call" : 1
    },
    "JJ" : {
      "call" : 1
    },
    "JTs" : {
      "call" : 1
    },
    "K5s" : {
      "call" : 0.84499999999999997,
      "fold" : 0.155
    },
    "K6s" : {
      "call" : 1
    },
    "K7s" : {
      "call" : 1
    },
    "K8s" : {
      "call" : 1
    },
    "K9s" : {
      "call" : 1
    },
    "KJo" : {
      "call" : 1
    },
    "KJs" : {
      "call" : 1
    },
    "KK" : {
      "call" : 1
    },
    "KQo" : {
      "call" : 1
    },
    "KQs" : {
      "call" : 0.93020000000000003,
      "shove" : 0.069800000000000001
    },
    "KTo" : {
      "call" : 0.6351,
      "fold" : 0.26000000000000001,
      "shove" : 0.10489999999999999
    },
    "KTs" : {
      "shove" : 1
    },
    "Q8s" : {
      "call" : 0.26490000000000002,
      "fold" : 0.73509999999999998
    },
    "Q9s" : {
      "call" : 1
    },
    "QJo" : {
      "call" : 0.16,
      "fold" : 0.83999999999999997
    },
    "QJs" : {
      "call" : 1
    },
    "QQ" : {
      "call" : 1
    },
    "QTs" : {
      "call" : 1
    },
    "T8s" : {
      "call" : 0.68500000000000005,
      "fold" : 0.315
    },
    "T9s" : {
      "call" : 1
    },
    "TT" : {
      "call" : 1
    }
  },
  "id" : "mtt_9max_25bb_co_vs3bet_vs_bb",
  "source" : {
    "description" : "Adapted from RangeConverter 8-max baseline.",
    "publisher" : {
      "accessedDate" : "2026-06-01",
      "name" : "RangeConverter",
      "product" : "Free Poker Charts — 8 max 1bb ante MTT GTO Ranges",
      "treeParams" : "2.5x open, 3.5x 3bet IP, 4.5x 3bet OOP, 2.3x 4bet IP, 2.75x 4bet OOP, SB vs BB 3.2bb",
      "url" : "https:\/\/rangeconverter.com\/free-poker-charts"
    },
    "solver" : {
      "assumptions" : "Frequencies rounded to nearest 25% per source. ChipEV (non-ICM). 1bb (12.5%) big-blind ante. Copied verbatim from 8-max CO (same effective seat in 9-max)."
    },
    "type" : "published"
  },
  "spot" : {
    "anteType" : "bigBlindAnte",
    "facingAction" : "vs3Bet",
    "opponentPosition" : "BB",
    "position" : "CO",
    "stackDepthBB" : 25
  }
}