{
  "format" : "NLHE_MTT_9MAX",
  "hands" : {
    "22" : {
      "call" : 1
    },
    "32s" : {
      "call" : 1
    },
    "33" : {
      "call" : 1
    },
    "42s" : {
      "call" : 1
    },
    "43s" : {
      "call" : 1
    },
    "44" : {
      "call" : 1
    },
    "52s" : {
      "call" : 1
    },
    "53o" : {
      "call" : 0.50509999999999999,
      "fold" : 0.49490000000000001
    },
    "53s" : {
      "call" : 1
    },
    "54o" : {
      "call" : 1
    },
    "54s" : {
      "call" : 1
    },
    "55" : {
      "call" : 1
    },
    "62s" : {
      "call" : 1
    },
    "63s" : {
      "call" : 1
    },
    "64o" : {
      "call" : 0.245,
      "fold" : 0.755
    },
    "64s" : {
      "call" : 1
    },
    "65o" : {
      "call" : 1
    },
    "65s" : {
      "call" : 1
    },
    "66" : {
      "call" : 1
    },
    "72s" : {
      "call" : 1
    },
    "73s" : {
      "call" : 1
    },
    "74s" : {
      "call" : 1
    },
    "75o" : {
      "call" : 0.245,
      "fold" : 0.755
    },
    "75s" : {
      "call" : 1
    },
    "76o" : {
      "call" : 1
    },
    "76s" : {
      "call" : 0.92000000000000004,
      "raise25x" : 0.080000000000000002
    },
    "77" : {
      "call" : 1
    },
    "82s" : {
      "call" : 1
    },
    "83s" : {
      "call" : 1
    },
    "84s" : {
      "call" : 1
    },
    "85s" : {
      "call" : 1
    },
    "86o" : {
      "call" : 1
    },
    "86s" : {
      "call" : 1
    },
    "87o" : {
      "call" : 0.96009999999999995,
      "raise25x" : 0.039899999999999998
    },
    "87s" : {
      "call" : 1
    },
    "88" : {
      "call" : 0.86019999999999996,
      "raise25x" : 0.13980000000000001
    },
    "92s" : {
      "call" : 1
    },
    "93s" : {
      "call" : 1
    },
    "94s" : {
      "call" : 1
    },
    "95s" : {
      "call" : 1
    },
    "96s" : {
      "call" : 1
    },
    "97o" : {
      "call" : 1
    },
    "97s" : {
      "call" : 1
    },
    "98o" : {
      "call" : 1
    },
    "98s" : {
      "call" : 1
    },
    "99" : {
      "call" : 0.40489999999999998,
      "raise25x" : 0.59509999999999996
    },
    "A2o" : {
      "call" : 0.87509999999999999,
      "raise25x" : 0.1249
    },
    "A2s" : {
      "call" : 1
    },
    "A3o" : {
      "call" : 0.90010000000000001,
      "raise25x" : 0.099900000000000003
    },
    "A3s" : {
      "call" : 1
    },
    "A4o" : {
      "call" : 0.87009999999999998,
      "raise25x" : 0.12989999999999999
    },
    "A4s" : {
      "call" : 1
    },
    "A5o" : {
      "call" : 0.78000000000000003,
      "raise25x" : 0.22
    },
    "A5s" : {
      "call" : 1
    },
    "A6o" : {
      "call" : 1
    },
    "A6s" : {
      "call" : 1
    },
    "A7o" : {
      "call" : 0.74509999999999998,
      "raise25x" : 0.25490000000000002
    },
    "A7s" : {
      "call" : 1
    },
    "A8o" : {
      "call" : 0.78500000000000003,
      "raise25x" : 0.215
    },
    "A8s" : {
      "call" : 1
    },
    "A9o" : {
      "call" : 0.63,
      "raise25x" : 0.37
    },
    "A9s" : {
      "call" : 1
    },
    "AA" : {
      "raise25x" : 1
    },
    "AJo" : {
      "call" : 0.755,
      "raise25x" : 0.245
    },
    "AJs" : {
      "call" : 1
    },
    "AKo" : {
      "raise25x" : 1
    },
    "AKs" : {
      "raise25x" : 1
    },
    "AQo" : {
      "call" : 0.45500000000000002,
      "raise25x" : 0.54500000000000004
    },
    "AQs" : {
      "raise25x" : 1
    },
    "ATo" : {
      "call" : 0.93020000000000003,
      "raise25x" : 0.069800000000000001
    },
    "ATs" : {
      "call" : 1
    },
    "J2s" : {
      "call" : 1
    },
    "J3s" : {
      "call" : 1
    },
    "J4s" : {
      "call" : 1
    },
    "J5s" : {
      "call" : 1
    },
    "J6s" : {
      "call" : 1
    },
    "J7s" : {
      "call" : 0.98009999999999997,
      "raise25x" : 0.019899999999999998
    },
    "J8o" : {
      "call" : 1
    },
    "J8s" : {
      "call" : 0.29999999999999999,
      "raise25x" : 0.69999999999999996
    },
    "J9o" : {
      "call" : 0.83499999999999996,
      "raise25x" : 0.16500000000000001
    },
    "J9s" : {
      "call" : 1
    },
    "JJ" : {
      "raise25x" : 1
    },
    "JTo" : {
      "call" : 0.80010000000000003,
      "raise25x" : 0.19989999999999999
    },
    "JTs" : {
      "call" : 1
    },
    "K2s" : {
      "call" : 1
    },
    "K3s" : {
      "call" : 1
    },
    "K4s" : {
      "call" : 1
    },
    "K5o" : {
      "call" : 1
    },
    "K5s" : {
      "call" : 1
    },
    "K6o" : {
      "call" : 0.82509999999999994,
      "raise25x" : 0.1749
    },
    "K6s" : {
      "call" : 1
    },
    "K7o" : {
      "call" : 0.98999999999999999,
      "raise25x" : 0.01
    },
    "K7s" : {
      "call" : 0.78000000000000003,
      "raise25x" : 0.22
    },
    "K8o" : {
      "call" : 1
    },
    "K8s" : {
      "call" : 1
    },
    "K9o" : {
      "call" : 0.70499999999999996,
      "raise25x" : 0.29499999999999998
    },
    "K9s" : {
      "call" : 1
    },
    "KJo" : {
      "call" : 0.92000000000000004,
      "raise25x" : 0.080000000000000002
    },
    "KJs" : {
      "call" : 1
    },
    "KK" : {
      "raise25x" : 1
    },
    "KQo" : {
      "call" : 1
    },
    "KQs" : {
      "call" : 1
    },
    "KTo" : {
      "call" : 0.55989999999999995,
      "raise25x" : 0.44009999999999999
    },
    "KTs" : {
      "call" : 1
    },
    "Q2s" : {
      "call" : 1
    },
    "Q3s" : {
      "call" : 1
    },
    "Q4s" : {
      "call" : 1
    },
    "Q5s" : {
      "call" : 1
    },
    "Q6o" : {
      "call" : 0.4199,
      "fold" : 0.58009999999999995
    },
    "Q6s" : {
      "call" : 1
    },
    "Q7s" : {
      "call" : 1
    },
    "Q8o" : {
      "call" : 0.97009999999999996,
      "raise25x" : 0.029899999999999999
    },
    "Q8s" : {
      "call" : 1
    },
    "Q9o" : {
      "call" : 0.94020000000000004,
      "raise25x" : 0.059799999999999999
    },
    "Q9s" : {
      "call" : 1
    },
    "QJo" : {
      "call" : 0.93020000000000003,
      "raise25x" : 0.069800000000000001
    },
    "QJs" : {
      "call" : 1
    },
    "QQ" : {
      "raise25x" : 1
    },
    "QTo" : {
      "call" : 0.8901,
      "raise25x" : 0.1099
    },
    "QTs" : {
      "call" : 1
    },
    "T2s" : {
      "call" : 1
    },
    "T3s" : {
      "call" : 1
    },
    "T4s" : {
      "call" : 1
    },
    "T5s" : {
      "call" : 1
    },
    "T6s" : {
      "call" : 1
    },
    "T7s" : {
      "call" : 1
    },
    "T8o" : {
      "call" : 0.94020000000000004,
      "raise25x" : 0.059799999999999999
    },
    "T8s" : {
      "call" : 0.93020000000000003,
      "raise25x" : 0.069800000000000001
    },
    "T9o" : {
      "call" : 0.92500000000000004,
      "raise25x" : 0.074999999999999997
    },
    "T9s" : {
      "call" : 0.93520000000000003,
      "raise25x" : 0.064799999999999996
    },
    "TT" : {
      "raise25x" : 1
    }
  },
  "id" : "mtt_9max_40bb_bb_vsopen_vs_lj",
  "source" : {
    "description" : "Adapted from RangeConverter 8-max baseline.",
    "publisher" : {
      "accessedDate" : "2026-06-01",
      "name" : "RangeConverter",
      "product" : "Free Poker Charts — 8 max 1bb ante MTT GTO Ranges",
      "treeParams" : "2.5x open, 3.5x 3bet IP, 4.5x 3bet OOP, 2.3x 4bet IP, 2.75x 4bet OOP, SB vs BB 3.2bb",
      "url" : "https:\/\/rangeconverter.com\/free-poker-charts"
    },
    "solver" : {
      "assumptions" : "Frequencies rounded to nearest 25% per source. ChipEV (non-ICM). 1bb (12.5%) big-blind ante. Copied verbatim from 8-max BB (same effective seat in 9-max)."
    },
    "type" : "published"
  },
  "spot" : {
    "anteType" : "bigBlindAnte",
    "facingAction" : "vsOpen",
    "opponentPosition" : "LJ",
    "position" : "BB",
    "stackDepthBB" : 40
  }
}