{
  "format" : "NLHE_MTT_8MAX",
  "hands" : {
    "22" : {
      "call" : 0.24990000000000001,
      "fold" : 0.75009999999999999
    },
    "33" : {
      "call" : 0.34989999999999999,
      "fold" : 0.65010000000000001
    },
    "44" : {
      "call" : 0.82999999999999996,
      "fold" : 0.17000000000000001
    },
    "55" : {
      "call" : 1
    },
    "66" : {
      "call" : 1
    },
    "76s" : {
      "call" : 0.044900000000000002,
      "fold" : 0.95509999999999995
    },
    "77" : {
      "call" : 0.82509999999999994,
      "raise3x" : 0.1749
    },
    "87s" : {
      "call" : 0.25990000000000002,
      "fold" : 0.74009999999999998
    },
    "88" : {
      "call" : 0.54510000000000003,
      "raise3x" : 0.26500000000000001,
      "shove" : 0.18990000000000001
    },
    "98s" : {
      "call" : 0.6734,
      "fold" : 0.23619999999999999,
      "raise3x" : 0.090399999999999994
    },
    "99" : {
      "raise3x" : 0.17000000000000001,
      "shove" : 0.82999999999999996
    },
    "A3s" : {
      "call" : 0.1593,
      "fold" : 0.81599999999999995,
      "raise3x" : 0.0147,
      "shove" : 0.01
    },
    "A4s" : {
      "shove" : 1
    },
    "A5s" : {
      "call" : 0.59999999999999998,
      "shove" : 0.40000000000000002
    },
    "A6s" : {
      "call" : 0.57509999999999994,
      "raise3x" : 0.4249
    },
    "A7s" : {
      "call" : 0.61499999999999999,
      "raise3x" : 0.38500000000000001
    },
    "A8s" : {
      "call" : 0.65510000000000002,
      "raise3x" : 0.34489999999999998
    },
    "A9s" : {
      "call" : 0.75009999999999999,
      "raise3x" : 0.24990000000000001
    },
    "AA" : {
      "call" : 0.31,
      "raise3x" : 0.68999999999999995
    },
    "AJo" : {
      "call" : 0.81010000000000004,
      "raise3x" : 0.18990000000000001
    },
    "AJs" : {
      "call" : 1
    },
    "AKo" : {
      "raise3x" : 0.1249,
      "shove" : 0.87509999999999999
    },
    "AKs" : {
      "raise3x" : 1
    },
    "AQo" : {
      "call" : 0.080000000000000002,
      "raise3x" : 0.044900000000000002,
      "shove" : 0.87509999999999999
    },
    "AQs" : {
      "call" : 0.23000000000000001,
      "raise3x" : 0.77000000000000002
    },
    "ATo" : {
      "call" : 0.44500000000000001,
      "raise3x" : 0.55500000000000005
    },
    "ATs" : {
      "call" : 0.70499999999999996,
      "raise3x" : 0.29499999999999998
    },
    "J9s" : {
      "call" : 0.25990000000000002,
      "fold" : 0.74009999999999998
    },
    "JJ" : {
      "call" : 0.1255,
      "raise3x" : 0.48249999999999998,
      "shove" : 0.39200000000000002
    },
    "JTs" : {
      "call" : 0.76500000000000001,
      "shove" : 0.23499999999999999
    },
    "K9s" : {
      "call" : 0.28489999999999999,
      "raise3x" : 0.71509999999999996
    },
    "KJo" : {
      "call" : 0.60999999999999999,
      "fold" : 0.22,
      "raise3x" : 0.17000000000000001
    },
    "KJs" : {
      "shove" : 1
    },
    "KK" : {
      "raise3x" : 1
    },
    "KQo" : {
      "call" : 0.85499999999999998,
      "raise3x" : 0.14499999999999999
    },
    "KQs" : {
      "call" : 1
    },
    "KTs" : {
      "call" : 0.67500000000000004,
      "shove" : 0.32500000000000001
    },
    "Q8s" : {
      "fold" : 0.83499999999999996,
      "raise3x" : 0.16500000000000001
    },
    "Q9s" : {
      "call" : 0.55500000000000005,
      "raise3x" : 0.44500000000000001
    },
    "QJs" : {
      "call" : 0.4249,
      "shove" : 0.57509999999999994
    },
    "QQ" : {
      "call" : 0.26989999999999997,
      "raise3x" : 0.73009999999999997
    },
    "QTs" : {
      "call" : 1
    },
    "T8s" : {
      "call" : 0.38,
      "fold" : 0.53500000000000003,
      "raise3x" : 0.085000000000000006
    },
    "T9s" : {
      "call" : 0.94020000000000004,
      "raise3x" : 0.059799999999999999
    },
    "TT" : {
      "shove" : 1
    }
  },
  "id" : "mtt_8max_25bb_btn_vsopen_vs_utg1",
  "source" : {
    "description" : "RangeConverter free PDF — 8-max 25bb 1bb ante (12.5%).",
    "publisher" : {
      "accessedDate" : "2026-06-01",
      "name" : "RangeConverter",
      "product" : "Free Poker Charts — 8 max 1bb ante MTT GTO Ranges",
      "treeParams" : "poker.academy CE-Symmetric Regular @ 25bb (GTO ChipEV, 1bb ante)",
      "url" : "https:\/\/rangeconverter.com\/free-poker-charts"
    },
    "solver" : {
      "assumptions" : "Frequencies rounded to nearest 25% per source. ChipEV (non-ICM). 1bb (12.5%) big-blind ante."
    },
    "type" : "published"
  },
  "spot" : {
    "anteType" : "bigBlindAnte",
    "facingAction" : "vsOpen",
    "opponentPosition" : "UTG1",
    "position" : "BTN",
    "stackDepthBB" : 25
  }
}