{
  "format" : "NLHE_MTT_9MAX",
  "hands" : {
    "22" : {
      "raise25x" : 0.22989999999999999,
      "shove" : 0.77010000000000001
    },
    "33" : {
      "shove" : 1
    },
    "44" : {
      "shove" : 1
    },
    "55" : {
      "shove" : 1
    },
    "66" : {
      "shove" : 1
    },
    "77" : {
      "shove" : 1
    },
    "88" : {
      "shove" : 1
    },
    "98s" : {
      "shove" : 1
    },
    "99" : {
      "shove" : 1
    },
    "A2o" : {
      "fold" : 0.94430000000000003,
      "raise25x" : 0.0557
    },
    "A2s" : {
      "shove" : 1
    },
    "A3o" : {
      "fold" : 0.63990000000000002,
      "raise25x" : 0.36009999999999998
    },
    "A3s" : {
      "shove" : 1
    },
    "A4o" : {
      "shove" : 1
    },
    "A4s" : {
      "shove" : 1
    },
    "A5o" : {
      "shove" : 1
    },
    "A5s" : {
      "shove" : 1
    },
    "A6o" : {
      "raise25x" : 0.15559999999999999,
      "shove" : 0.84440000000000004
    },
    "A6s" : {
      "shove" : 1
    },
    "A7o" : {
      "raise25x" : 0.016,
      "shove" : 0.98399999999999999
    },
    "A7s" : {
      "shove" : 1
    },
    "A8o" : {
      "raise25x" : 0.029899999999999999,
      "shove" : 0.97009999999999996
    },
    "A8s" : {
      "shove" : 1
    },
    "A9o" : {
      "raise25x" : 0.089999999999999997,
      "shove" : 0.91000000000000003
    },
    "A9s" : {
      "shove" : 1
    },
    "AA" : {
      "raise25x" : 1
    },
    "AJo" : {
      "shove" : 1
    },
    "AJs" : {
      "shove" : 1
    },
    "AKo" : {
      "shove" : 1
    },
    "AKs" : {
      "shove" : 1
    },
    "AQo" : {
      "shove" : 1
    },
    "AQs" : {
      "shove" : 1
    },
    "ATo" : {
      "shove" : 1
    },
    "ATs" : {
      "shove" : 1
    },
    "J9s" : {
      "shove" : 1
    },
    "JJ" : {
      "raise25x" : 0.26989999999999997,
      "shove" : 0.73009999999999997
    },
    "JTo" : {
      "raise25x" : 0.17549999999999999,
      "shove" : 0.82450000000000001
    },
    "JTs" : {
      "shove" : 1
    },
    "K8s" : {
      "fold" : 0.66010000000000002,
      "raise25x" : 0.33989999999999998
    },
    "K9o" : {
      "fold" : 0.98009999999999997,
      "raise25x" : 0.019899999999999998
    },
    "K9s" : {
      "raise25x" : 0.1356,
      "shove" : 0.86439999999999995
    },
    "KJo" : {
      "shove" : 1
    },
    "KJs" : {
      "shove" : 1
    },
    "KK" : {
      "shove" : 1
    },
    "KQo" : {
      "shove" : 1
    },
    "KQs" : {
      "shove" : 1
    },
    "KTo" : {
      "raise25x" : 0.01,
      "shove" : 0.98999999999999999
    },
    "KTs" : {
      "shove" : 1
    },
    "Q9s" : {
      "shove" : 1
    },
    "QJo" : {
      "raise25x" : 0.089999999999999997,
      "shove" : 0.91000000000000003
    },
    "QJs" : {
      "shove" : 1
    },
    "QQ" : {
      "shove" : 1
    },
    "QTo" : {
      "fold" : 0.84440000000000004,
      "raise25x" : 0.15559999999999999
    },
    "QTs" : {
      "shove" : 1
    },
    "T8s" : {
      "fold" : 0.82999999999999996,
      "shove" : 0.17000000000000001
    },
    "T9s" : {
      "shove" : 1
    },
    "TT" : {
      "raise25x" : 0.0057999999999999996,
      "shove" : 0.99419999999999997
    }
  },
  "id" : "mtt_9max_10bb_hj_unopened",
  "source" : {
    "description" : "Adapted from RangeConverter 8-max baseline.",
    "publisher" : {
      "accessedDate" : "2026-06-01",
      "name" : "RangeConverter",
      "product" : "Free Poker Charts — 8 max 1bb ante MTT GTO Ranges",
      "treeParams" : "2.5x open, 3.5x 3bet IP, 4.5x 3bet OOP, 2.3x 4bet IP, 2.75x 4bet OOP, SB vs BB 3.2bb",
      "url" : "https:\/\/rangeconverter.com\/free-poker-charts"
    },
    "solver" : {
      "assumptions" : "Frequencies rounded to nearest 25% per source. ChipEV (non-ICM). 1bb (12.5%) big-blind ante. Copied verbatim from 8-max HJ (same effective seat in 9-max)."
    },
    "type" : "published"
  },
  "spot" : {
    "anteType" : "bigBlindAnte",
    "facingAction" : "unopened",
    "position" : "HJ",
    "stackDepthBB" : 10
  }
}