{
  "format" : "NLHE_MTT_9MAX",
  "hands" : {
    "22" : {
      "call" : 1
    },
    "33" : {
      "call" : 1
    },
    "44" : {
      "call" : 1
    },
    "55" : {
      "call" : 1
    },
    "66" : {
      "call" : 1
    },
    "76s" : {
      "call" : 0.4899,
      "fold" : 0.5101
    },
    "77" : {
      "call" : 0.82999999999999996,
      "raise25x" : 0.17000000000000001
    },
    "87s" : {
      "call" : 0.6351,
      "fold" : 0.19989999999999999,
      "raise25x" : 0.16500000000000001
    },
    "88" : {
      "call" : 0.73009999999999997,
      "raise25x" : 0.26989999999999997
    },
    "98s" : {
      "call" : 1
    },
    "99" : {
      "call" : 0.47499999999999998,
      "raise25x" : 0.52500000000000002
    },
    "A3s" : {
      "call" : 0.66510000000000002,
      "raise25x" : 0.33489999999999998
    },
    "A4s" : {
      "call" : 1
    },
    "A5s" : {
      "call" : 0.67010000000000003,
      "raise25x" : 0.32990000000000003
    },
    "A6s" : {
      "call" : 0.45000000000000001,
      "raise25x" : 0.55000000000000004
    },
    "A7s" : {
      "call" : 0.50509999999999999,
      "raise25x" : 0.49490000000000001
    },
    "A8s" : {
      "call" : 0.66510000000000002,
      "raise25x" : 0.33489999999999998
    },
    "A9o" : {
      "fold" : 0.65010000000000001,
      "raise25x" : 0.34989999999999999
    },
    "A9s" : {
      "call" : 1
    },
    "AA" : {
      "call" : 0.039899999999999998,
      "raise25x" : 0.96009999999999995
    },
    "AJo" : {
      "call" : 0.60499999999999998,
      "raise25x" : 0.39500000000000002
    },
    "AJs" : {
      "call" : 1
    },
    "AKo" : {
      "raise25x" : 1
    },
    "AKs" : {
      "raise25x" : 1
    },
    "AQo" : {
      "call" : 0.755,
      "raise25x" : 0.245
    },
    "AQs" : {
      "raise25x" : 1
    },
    "ATo" : {
      "call" : 0.4199,
      "raise25x" : 0.58009999999999995
    },
    "ATs" : {
      "call" : 1
    },
    "J9s" : {
      "call" : 0.70499999999999996,
      "raise25x" : 0.29499999999999998
    },
    "JJ" : {
      "call" : 0.1099,
      "raise25x" : 0.8901
    },
    "JTs" : {
      "call" : 1
    },
    "K8s" : {
      "call" : 0.47499999999999998,
      "raise25x" : 0.52500000000000002
    },
    "K9s" : {
      "call" : 0.32500000000000001,
      "raise25x" : 0.67500000000000004
    },
    "KJo" : {
      "call" : 0.74009999999999998,
      "raise25x" : 0.25990000000000002
    },
    "KJs" : {
      "call" : 1
    },
    "KK" : {
      "raise25x" : 1
    },
    "KQo" : {
      "call" : 0.82999999999999996,
      "raise25x" : 0.17000000000000001
    },
    "KQs" : {
      "call" : 1
    },
    "KTo" : {
      "fold" : 0.82509999999999994,
      "raise25x" : 0.1749
    },
    "KTs" : {
      "call" : 1
    },
    "Q8s" : {
      "fold" : 0.77500000000000002,
      "raise25x" : 0.22500000000000001
    },
    "Q9s" : {
      "call" : 0.41489999999999999,
      "raise25x" : 0.58509999999999995
    },
    "QJo" : {
      "fold" : 0.67010000000000003,
      "raise25x" : 0.32990000000000003
    },
    "QJs" : {
      "call" : 1
    },
    "QQ" : {
      "raise25x" : 1
    },
    "QTo" : {
      "fold" : 0.95509999999999995,
      "raise25x" : 0.044900000000000002
    },
    "QTs" : {
      "call" : 1
    },
    "T8s" : {
      "call" : 0.46000000000000002,
      "raise25x" : 0.54000000000000004
    },
    "T9s" : {
      "call" : 0.92500000000000004,
      "raise25x" : 0.074999999999999997
    },
    "TT" : {
      "call" : 0.074999999999999997,
      "raise25x" : 0.92500000000000004
    }
  },
  "id" : "mtt_9max_30bb_btn_vsopen_vs_lj",
  "source" : {
    "description" : "Adapted from RangeConverter 8-max baseline.",
    "publisher" : {
      "accessedDate" : "2026-06-01",
      "name" : "RangeConverter",
      "product" : "Free Poker Charts — 8 max 1bb ante MTT GTO Ranges",
      "treeParams" : "2.5x open, 3.5x 3bet IP, 4.5x 3bet OOP, 2.3x 4bet IP, 2.75x 4bet OOP, SB vs BB 3.2bb",
      "url" : "https:\/\/rangeconverter.com\/free-poker-charts"
    },
    "solver" : {
      "assumptions" : "Frequencies rounded to nearest 25% per source. ChipEV (non-ICM). 1bb (12.5%) big-blind ante. Copied verbatim from 8-max BTN (same effective seat in 9-max)."
    },
    "type" : "published"
  },
  "spot" : {
    "anteType" : "bigBlindAnte",
    "facingAction" : "vsOpen",
    "opponentPosition" : "LJ",
    "position" : "BTN",
    "stackDepthBB" : 30
  }
}