{
  "format" : "NLHE_MTT_9MAX",
  "hands" : {
    "33" : {
      "call" : 0.039400000000000004,
      "fold" : 0.96060000000000001
    },
    "44" : {
      "call" : 0.0121,
      "fold" : 0.9879
    },
    "55" : {
      "call" : 0.019099999999999999,
      "fold" : 0.98089999999999999
    },
    "64s" : {
      "fold" : 0.99980000000000002
    },
    "65s" : {
      "fold" : 0.99990000000000001
    },
    "66" : {
      "call" : 0.0066,
      "fold" : 0.99339999999999995
    },
    "77" : {
      "call" : 0.044600000000000001,
      "fold" : 0.95540000000000003
    },
    "83s" : {
      "call" : 0.0027000000000000001,
      "fold" : 0.99729999999999996
    },
    "88" : {
      "call" : 0.38500000000000001,
      "fold" : 0.61499999999999999
    },
    "98s" : {
      "call" : 0.0064000000000000003,
      "fold" : 0.99360000000000004
    },
    "99" : {
      "call" : 0.80230000000000001,
      "fold" : 0.19769999999999999
    },
    "A2s" : {
      "call" : 0.0018,
      "fold" : 0.99819999999999998
    },
    "A3o" : {
      "fold" : 0.99909999999999999
    },
    "A3s" : {
      "call" : 0.24679999999999999,
      "fold" : 0.75319999999999998
    },
    "A4o" : {
      "call" : 0.0021000000000000003,
      "fold" : 0.99790000000000001
    },
    "A4s" : {
      "call" : 0.0057999999999999996,
      "fold" : 0.99419999999999997
    },
    "A5o" : {
      "fold" : 0.99909999999999999
    },
    "A5s" : {
      "call" : 0.016999999999999998,
      "fold" : 0.98299999999999998
    },
    "A6o" : {
      "fold" : 0.99970000000000003
    },
    "A6s" : {
      "call" : 0.0088000000000000005,
      "fold" : 0.99119999999999997
    },
    "A7o" : {
      "call" : 0.0043,
      "fold" : 0.99570000000000003
    },
    "A7s" : {
      "call" : 0.0057000000000000011,
      "fold" : 0.99429999999999996
    },
    "A8o" : {
      "call" : 0.0083000000000000001,
      "fold" : 0.99170000000000003
    },
    "A8s" : {
      "call" : 0.0057999999999999996,
      "fold" : 0.99419999999999997
    },
    "A9o" : {
      "call" : 0.0033999999999999994,
      "fold" : 0.99660000000000004
    },
    "A9s" : {
      "call" : 0.20799999999999999,
      "fold" : 0.79200000000000004
    },
    "AA" : {
      "call" : 1
    },
    "AJo" : {
      "call" : 0.1041,
      "fold" : 0.89590000000000003
    },
    "AJs" : {
      "call" : 0.9163,
      "fold" : 0.083700000000000011
    },
    "AKo" : {
      "call" : 1
    },
    "AKs" : {
      "call" : 1
    },
    "AQo" : {
      "call" : 0.35189999999999999,
      "fold" : 0.64810000000000001
    },
    "AQs" : {
      "call" : 0.95389999999999997,
      "fold" : 0.046100000000000002
    },
    "ATo" : {
      "call" : 0.0101,
      "fold" : 0.9899
    },
    "ATs" : {
      "call" : 0.80730000000000002,
      "fold" : 0.19270000000000001
    },
    "J2s" : {
      "call" : 0.014199999999999999,
      "fold" : 0.98580000000000001
    },
    "J3s" : {
      "call" : 0.0014,
      "fold" : 0.99860000000000004
    },
    "J8s" : {
      "call" : 0.0014,
      "fold" : 0.99860000000000004
    },
    "J9s" : {
      "call" : 0.0022000000000000001,
      "fold" : 0.99780000000000002
    },
    "JJ" : {
      "call" : 1
    },
    "JTo" : {
      "call" : 0.0055999999999999991,
      "fold" : 0.99439999999999995
    },
    "JTs" : {
      "fold" : 0.99990000000000001
    },
    "K4o" : {
      "call" : 0.0032000000000000002,
      "fold" : 0.99680000000000002
    },
    "K4s" : {
      "call" : 0.0016000000000000001,
      "fold" : 0.99839999999999995
    },
    "K5s" : {
      "call" : 0.0016000000000000001,
      "fold" : 0.99839999999999995
    },
    "K6o" : {
      "call" : 0.0022000000000000001,
      "fold" : 0.99780000000000002
    },
    "K6s" : {
      "call" : 0.0067999999999999988,
      "fold" : 0.99319999999999997
    },
    "K7o" : {
      "fold" : 0.99960000000000004
    },
    "K7s" : {
      "call" : 0.0065000000000000006,
      "fold" : 0.99350000000000005
    },
    "K8o" : {
      "call" : 0.0038,
      "fold" : 0.99619999999999997
    },
    "K8s" : {
      "call" : 0.022100000000000002,
      "fold" : 0.97789999999999999
    },
    "K9o" : {
      "call" : 0.0019,
      "fold" : 0.99809999999999999
    },
    "K9s" : {
      "call" : 0.0055000000000000005,
      "fold" : 0.99450000000000005
    },
    "KJo" : {
      "call" : 0.0025000000000000001,
      "fold" : 0.99750000000000005
    },
    "KJs" : {
      "call" : 0.52939999999999998,
      "fold" : 0.47060000000000002
    },
    "KK" : {
      "call" : 1
    },
    "KQo" : {
      "call" : 0.0099000000000000008,
      "fold" : 0.99009999999999998
    },
    "KQs" : {
      "call" : 0.1938,
      "fold" : 0.80620000000000003
    },
    "KTo" : {
      "call" : 0.0012000000000000001,
      "fold" : 0.99880000000000002
    },
    "KTs" : {
      "fold" : 0.99970000000000003
    },
    "Q3s" : {
      "call" : 0.0079000000000000008,
      "fold" : 0.99209999999999998
    },
    "Q6s" : {
      "fold" : 0.99990000000000001
    },
    "Q7s" : {
      "call" : 0.0064000000000000003,
      "fold" : 0.99360000000000004
    },
    "Q8s" : {
      "call" : 0.022700000000000001,
      "fold" : 0.97729999999999995
    },
    "Q9o" : {
      "call" : 0.0028999999999999998,
      "fold" : 0.99709999999999999
    },
    "Q9s" : {
      "call" : 0.027100000000000003,
      "fold" : 0.97289999999999999
    },
    "QJo" : {
      "fold" : 0.99980000000000002
    },
    "QJs" : {
      "call" : 0.0088000000000000005,
      "fold" : 0.99119999999999997
    },
    "QQ" : {
      "call" : 1
    },
    "QTo" : {
      "call" : 0.0040000000000000001,
      "fold" : 0.996
    },
    "QTs" : {
      "call" : 0.0177,
      "fold" : 0.98229999999999995
    },
    "T4s" : {
      "fold" : 0.999
    },
    "T5s" : {
      "fold" : 0.99929999999999997
    },
    "T8s" : {
      "call" : 0.037199999999999997,
      "fold" : 0.96279999999999999
    },
    "T9s" : {
      "call" : 0.0022000000000000001,
      "fold" : 0.99780000000000002
    },
    "TT" : {
      "call" : 1
    }
  },
  "id" : "mtt_9max_30bb_hj_vs3betjam",
  "source" : {
    "description" : "Adapted from RangeConverter 8-max baseline.",
    "publisher" : {
      "accessedDate" : "2026-05-25",
      "name" : "RangeConverter",
      "product" : "Free Poker Charts — 8 max 1bb ante MTT GTO Ranges",
      "treeParams" : "2.5x open, 3.5x 3bet IP, 4.5x 3bet OOP, 2.3x 4bet IP, 2.75x 4bet OOP, SB vs BB 3.2bb",
      "url" : "https:\/\/rangeconverter.com\/free-poker-charts"
    },
    "solver" : {
      "assumptions" : "Frequencies rounded to nearest 25% per source. ChipEV (non-ICM). 1bb (12.5%) big-blind ante. Copied verbatim from 8-max HJ (same effective seat in 9-max)."
    },
    "type" : "published"
  },
  "spot" : {
    "anteType" : "bigBlindAnte",
    "facingAction" : "vs3BetJam",
    "position" : "HJ",
    "stackDepthBB" : 30
  }
}