{
  "format" : "NLHE_MTT_8MAX",
  "hands" : {
    "22" : {
      "call" : 1
    },
    "33" : {
      "call" : 1
    },
    "44" : {
      "call" : 1
    },
    "54s" : {
      "call" : 0.85409999999999997,
      "raise3x" : 0.1459
    },
    "55" : {
      "call" : 1
    },
    "65s" : {
      "call" : 0.8901,
      "raise3x" : 0.1099
    },
    "66" : {
      "call" : 0.92210000000000003,
      "raise3x" : 0.077899999999999997
    },
    "76s" : {
      "call" : 0.64410000000000001,
      "raise3x" : 0.35589999999999999
    },
    "77" : {
      "call" : 0.878,
      "raise3x" : 0.122
    },
    "86s" : {
      "call" : 0.112,
      "fold" : 0.88800000000000001
    },
    "87s" : {
      "call" : 0.71199999999999997,
      "raise3x" : 0.28799999999999998
    },
    "88" : {
      "call" : 0.78200000000000003,
      "raise3x" : 0.218
    },
    "97s" : {
      "call" : 0.32990000000000003,
      "fold" : 0.67010000000000003
    },
    "98s" : {
      "call" : 0.75819999999999999,
      "raise3x" : 0.24179999999999999
    },
    "99" : {
      "call" : 0.63990000000000002,
      "raise3x" : 0.36009999999999998
    },
    "A2s" : {
      "call" : 0.96220000000000006,
      "raise3x" : 0.0378
    },
    "A3s" : {
      "call" : 0.87619999999999998,
      "raise3x" : 0.12379999999999999
    },
    "A4s" : {
      "call" : 0.78410000000000002,
      "raise3x" : 0.21590000000000001
    },
    "A5s" : {
      "call" : 0.50409999999999999,
      "raise3x" : 0.49590000000000001
    },
    "A6s" : {
      "call" : 0.57799999999999996,
      "raise3x" : 0.42199999999999999
    },
    "A7s" : {
      "call" : 0.82210000000000005,
      "raise3x" : 0.1779
    },
    "A8s" : {
      "call" : 0.58399999999999996,
      "raise3x" : 0.41599999999999998
    },
    "A9s" : {
      "call" : 0.502,
      "raise3x" : 0.498
    },
    "AA" : {
      "raise3x" : 1
    },
    "AJo" : {
      "call" : 0.73199999999999998,
      "raise3x" : 0.26800000000000002
    },
    "AJs" : {
      "call" : 1
    },
    "AKo" : {
      "call" : 0.16600000000000001,
      "raise3x" : 0.83399999999999996
    },
    "AKs" : {
      "raise3x" : 1
    },
    "AQo" : {
      "call" : 0.80010000000000003,
      "raise3x" : 0.19989999999999999
    },
    "AQs" : {
      "call" : 0.042000000000000003,
      "raise3x" : 0.95799999999999996
    },
    "ATo" : {
      "call" : 0.36399999999999999,
      "raise3x" : 0.63600000000000001
    },
    "ATs" : {
      "call" : 0.47810000000000002,
      "raise3x" : 0.52190000000000003
    },
    "J8s" : {
      "call" : 0.14399999999999999,
      "fold" : 0.85599999999999998
    },
    "J9s" : {
      "call" : 0.55200000000000005,
      "raise3x" : 0.44800000000000001
    },
    "JJ" : {
      "call" : 0.66610000000000003,
      "raise3x" : 0.33389999999999997
    },
    "JTs" : {
      "call" : 0.93810000000000004,
      "raise3x" : 0.061899999999999997
    },
    "K6s" : {
      "call" : 0.56210000000000004,
      "fold" : 0.1779,
      "raise3x" : 0.26000000000000001
    },
    "K7s" : {
      "call" : 0.55689999999999995,
      "fold" : 0.2356,
      "raise3x" : 0.20749999999999999
    },
    "K8s" : {
      "call" : 0.56599999999999995,
      "raise3x" : 0.434
    },
    "K9s" : {
      "call" : 0.52610000000000001,
      "raise3x" : 0.47389999999999999
    },
    "KJo" : {
      "call" : 0.53790000000000004,
      "raise3x" : 0.46210000000000001
    },
    "KJs" : {
      "call" : 0.92810000000000004,
      "raise3x" : 0.071900000000000006
    },
    "KK" : {
      "raise3x" : 1
    },
    "KQo" : {
      "call" : 0.66200000000000003,
      "raise3x" : 0.33800000000000002
    },
    "KQs" : {
      "call" : 1
    },
    "KTo" : {
      "call" : 0.0057999999999999996,
      "fold" : 0.88029999999999997,
      "raise3x" : 0.1139
    },
    "KTs" : {
      "call" : 0.71199999999999997,
      "raise3x" : 0.28799999999999998
    },
    "Q8s" : {
      "fold" : 0.92420000000000002,
      "raise3x" : 0.075800000000000006
    },
    "Q9s" : {
      "call" : 0.77210000000000001,
      "raise3x" : 0.22789999999999999
    },
    "QJo" : {
      "call" : 0.013899999999999999,
      "fold" : 0.6401,
      "raise3x" : 0.34599999999999997
    },
    "QJs" : {
      "call" : 0.99209999999999998,
      "raise3x" : 0.0079000000000000008
    },
    "QQ" : {
      "call" : 0.11799999999999999,
      "raise3x" : 0.88200000000000001
    },
    "QTs" : {
      "call" : 1
    },
    "T8s" : {
      "call" : 0.82399999999999995,
      "raise3x" : 0.17599999999999999
    },
    "T9s" : {
      "call" : 0.96799999999999997,
      "raise3x" : 0.032000000000000001
    },
    "TT" : {
      "call" : 0.59609999999999996,
      "raise3x" : 0.40389999999999998
    }
  },
  "id" : "mtt_8max_70bb_btn_vsopen_vs_utg1",
  "source" : {
    "description" : "RangeConverter free PDF — 8-max 70bb 1bb ante (12.5%).",
    "publisher" : {
      "accessedDate" : "2026-06-01",
      "name" : "RangeConverter",
      "product" : "Free Poker Charts — 8 max 1bb ante MTT GTO Ranges",
      "treeParams" : "poker.academy CE-Symmetric Regular @ 70bb (GTO ChipEV, 1bb ante)",
      "url" : "https:\/\/rangeconverter.com\/free-poker-charts"
    },
    "solver" : {
      "assumptions" : "Frequencies rounded to nearest 25% per source. ChipEV (non-ICM). 1bb (12.5%) big-blind ante."
    },
    "type" : "published"
  },
  "spot" : {
    "anteType" : "bigBlindAnte",
    "facingAction" : "vsOpen",
    "opponentPosition" : "UTG1",
    "position" : "BTN",
    "stackDepthBB" : 70
  }
}