{
  "format" : "NLHE_MTT_8MAX",
  "hands" : {
    "22" : {
      "call" : 1
    },
    "33" : {
      "call" : 1
    },
    "44" : {
      "call" : 1
    },
    "53s" : {
      "call" : 0.17000000000000001,
      "fold" : 0.82999999999999996
    },
    "54s" : {
      "call" : 0.65800000000000003,
      "raise3x" : 0.34200000000000003
    },
    "55" : {
      "call" : 1
    },
    "65s" : {
      "call" : 0.60399999999999998,
      "raise3x" : 0.39600000000000002
    },
    "66" : {
      "call" : 1
    },
    "76s" : {
      "call" : 0.59609999999999996,
      "raise3x" : 0.40389999999999998
    },
    "77" : {
      "call" : 1
    },
    "86s" : {
      "call" : 0.2379,
      "fold" : 0.7621
    },
    "87s" : {
      "call" : 0.63990000000000002,
      "raise3x" : 0.36009999999999998
    },
    "88" : {
      "call" : 0.97609999999999997,
      "raise3x" : 0.023900000000000001
    },
    "97s" : {
      "call" : 0.0339,
      "fold" : 0.96609999999999996
    },
    "98s" : {
      "call" : 0.94199999999999995,
      "raise3x" : 0.058000000000000003
    },
    "99" : {
      "call" : 0.97009999999999996,
      "raise3x" : 0.029899999999999999
    },
    "A2s" : {
      "call" : 1
    },
    "A3s" : {
      "call" : 0.88800000000000001,
      "raise3x" : 0.112
    },
    "A4s" : {
      "call" : 0.80010000000000003,
      "raise3x" : 0.19989999999999999
    },
    "A5s" : {
      "call" : 0.3659,
      "raise3x" : 0.6341
    },
    "A6s" : {
      "call" : 0.8861,
      "raise3x" : 0.1139
    },
    "A7s" : {
      "call" : 1
    },
    "A8s" : {
      "call" : 0.79200000000000004,
      "raise3x" : 0.20799999999999999
    },
    "A9s" : {
      "call" : 0.84599999999999997,
      "raise3x" : 0.154
    },
    "AA" : {
      "raise3x" : 1
    },
    "AJo" : {
      "call" : 1
    },
    "AJs" : {
      "call" : 0.182,
      "raise3x" : 0.81799999999999995
    },
    "AKo" : {
      "call" : 0.246,
      "raise3x" : 0.754
    },
    "AKs" : {
      "raise3x" : 1
    },
    "AQo" : {
      "call" : 0.90610000000000002,
      "raise3x" : 0.093899999999999997
    },
    "AQs" : {
      "call" : 0.0057999999999999996,
      "raise3x" : 0.99419999999999997
    },
    "ATo" : {
      "call" : 0.1799,
      "fold" : 0.82010000000000005
    },
    "ATs" : {
      "call" : 0.10199999999999999,
      "raise3x" : 0.89800000000000002
    },
    "J8s" : {
      "call" : 0.10199999999999999,
      "fold" : 0.89800000000000002
    },
    "J9s" : {
      "call" : 0.93020000000000003,
      "raise3x" : 0.069800000000000001
    },
    "JJ" : {
      "call" : 0.4461,
      "raise3x" : 0.55389999999999995
    },
    "JTs" : {
      "call" : 0.94810000000000005,
      "raise3x" : 0.051900000000000002
    },
    "K5s" : {
      "call" : 0.58609999999999995,
      "fold" : 0.41389999999999999
    },
    "K6s" : {
      "call" : 0.97399999999999998,
      "raise3x" : 0.025999999999999999
    },
    "K7s" : {
      "call" : 0.40389999999999998,
      "fold" : 0.59609999999999996
    },
    "K8s" : {
      "call" : 1
    },
    "K9s" : {
      "call" : 0.91610000000000003,
      "raise3x" : 0.083900000000000002
    },
    "KJo" : {
      "call" : 0.25990000000000002,
      "fold" : 0.74009999999999998
    },
    "KJs" : {
      "call" : 0.097900000000000001,
      "raise3x" : 0.90210000000000001
    },
    "KK" : {
      "raise3x" : 1
    },
    "KQo" : {
      "call" : 0.98009999999999997,
      "raise3x" : 0.019900000000000001
    },
    "KQs" : {
      "raise3x" : 1
    },
    "KTo" : {
      "call" : 0.01,
      "fold" : 0.98999999999999999
    },
    "KTs" : {
      "call" : 0.55200000000000005,
      "raise3x" : 0.44800000000000001
    },
    "Q9s" : {
      "call" : 1
    },
    "QJs" : {
      "call" : 0.68810000000000004,
      "raise3x" : 0.31190000000000001
    },
    "QQ" : {
      "raise3x" : 1
    },
    "QTs" : {
      "call" : 0.96609999999999996,
      "raise3x" : 0.0339
    },
    "T8s" : {
      "call" : 0.96799999999999997,
      "raise3x" : 0.032000000000000001
    },
    "T9s" : {
      "call" : 0.79200000000000004,
      "raise3x" : 0.20799999999999999
    },
    "TT" : {
      "call" : 0.80410000000000004,
      "raise3x" : 0.19589999999999999
    }
  },
  "id" : "mtt_8max_70bb_sb_vsopen_vs_utg",
  "source" : {
    "description" : "RangeConverter free PDF — 8-max 70bb 1bb ante (12.5%).",
    "publisher" : {
      "accessedDate" : "2026-06-01",
      "name" : "RangeConverter",
      "product" : "Free Poker Charts — 8 max 1bb ante MTT GTO Ranges",
      "treeParams" : "poker.academy CE-Symmetric Regular @ 70bb (GTO ChipEV, 1bb ante)",
      "url" : "https:\/\/rangeconverter.com\/free-poker-charts"
    },
    "solver" : {
      "assumptions" : "Frequencies rounded to nearest 25% per source. ChipEV (non-ICM). 1bb (12.5%) big-blind ante."
    },
    "type" : "published"
  },
  "spot" : {
    "anteType" : "bigBlindAnte",
    "facingAction" : "vsOpen",
    "opponentPosition" : "UTG",
    "position" : "SB",
    "stackDepthBB" : 70
  }
}