{
  "format" : "NLHE_MTT_9MAX",
  "hands" : {
    "54s" : {
      "fold" : 0.81010000000000004,
      "raise25x" : 0.18990000000000001
    },
    "55" : {
      "fold" : 0.85499999999999998,
      "raise25x" : 0.14499999999999999
    },
    "65s" : {
      "fold" : 0.82509999999999994,
      "raise25x" : 0.1749
    },
    "66" : {
      "fold" : 0.1249,
      "raise25x" : 0.87509999999999999
    },
    "76s" : {
      "fold" : 0.70499999999999996,
      "raise25x" : 0.29499999999999998
    },
    "77" : {
      "raise25x" : 1
    },
    "87s" : {
      "fold" : 0.84999999999999998,
      "raise25x" : 0.14999999999999999
    },
    "88" : {
      "raise25x" : 1
    },
    "99" : {
      "raise25x" : 1
    },
    "A3s" : {
      "fold" : 0.84999999999999998,
      "raise25x" : 0.14999999999999999
    },
    "A4s" : {
      "raise25x" : 1
    },
    "A5s" : {
      "raise25x" : 1
    },
    "A6s" : {
      "raise25x" : 1
    },
    "A7s" : {
      "raise25x" : 1
    },
    "A8s" : {
      "raise25x" : 1
    },
    "A9s" : {
      "raise25x" : 1
    },
    "AA" : {
      "raise25x" : 1
    },
    "AJo" : {
      "raise25x" : 1
    },
    "AJs" : {
      "raise25x" : 1
    },
    "AKo" : {
      "raise25x" : 1
    },
    "AKs" : {
      "raise25x" : 1
    },
    "AQo" : {
      "raise25x" : 1
    },
    "AQs" : {
      "raise25x" : 1
    },
    "ATo" : {
      "raise25x" : 1
    },
    "ATs" : {
      "raise25x" : 1
    },
    "J9s" : {
      "raise25x" : 1
    },
    "JJ" : {
      "raise25x" : 1
    },
    "JTs" : {
      "raise25x" : 1
    },
    "K8s" : {
      "fold" : 0.30499999999999999,
      "raise25x" : 0.69499999999999995
    },
    "K9s" : {
      "raise25x" : 1
    },
    "KJo" : {
      "fold" : 0.2049,
      "raise25x" : 0.79510000000000003
    },
    "KJs" : {
      "raise25x" : 1
    },
    "KK" : {
      "raise25x" : 1
    },
    "KQo" : {
      "raise25x" : 1
    },
    "KQs" : {
      "raise25x" : 1
    },
    "KTo" : {
      "fold" : 0.84499999999999997,
      "raise25x" : 0.155
    },
    "KTs" : {
      "raise25x" : 1
    },
    "Q9s" : {
      "raise25x" : 1
    },
    "QJs" : {
      "raise25x" : 1
    },
    "QQ" : {
      "raise25x" : 1
    },
    "QTs" : {
      "raise25x" : 1
    },
    "T8s" : {
      "fold" : 0.18990000000000001,
      "raise25x" : 0.81010000000000004
    },
    "T9s" : {
      "raise25x" : 1
    },
    "TT" : {
      "raise25x" : 1
    }
  },
  "id" : "mtt_9max_35bb_utg1_unopened",
  "source" : {
    "description" : "Adapted from RangeConverter 8-max baseline.",
    "publisher" : {
      "accessedDate" : "2026-06-01",
      "name" : "RangeConverter",
      "product" : "Free Poker Charts — 8 max 1bb ante MTT GTO Ranges",
      "treeParams" : "2.5x open, 3.5x 3bet IP, 4.5x 3bet OOP, 2.3x 4bet IP, 2.75x 4bet OOP, SB vs BB 3.2bb",
      "url" : "https:\/\/rangeconverter.com\/free-poker-charts"
    },
    "solver" : {
      "assumptions" : "Frequencies rounded to nearest 25% per source. ChipEV (non-ICM). 1bb (12.5%) big-blind ante. Adapted from 8-max UTG (9-max UTG+1 plays the same role as 8-max UTG)."
    },
    "type" : "published"
  },
  "spot" : {
    "anteType" : "bigBlindAnte",
    "facingAction" : "unopened",
    "position" : "UTG1",
    "stackDepthBB" : 35
  }
}