{
  "format" : "NLHE_MTT_8MAX",
  "hands" : {
    "22" : {
      "fold" : 0.99980000000000002
    },
    "32o" : {
      "fold" : 1
    },
    "32s" : {
      "fold" : 1
    },
    "33" : {
      "fold" : 1
    },
    "42o" : {
      "fold" : 1
    },
    "42s" : {
      "fold" : 1
    },
    "43o" : {
      "fold" : 1
    },
    "43s" : {
      "fold" : 1
    },
    "44" : {
      "fold" : 0.96740000000000004,
      "raise25x" : 0.032599999999999997
    },
    "52o" : {
      "fold" : 1
    },
    "52s" : {
      "fold" : 1
    },
    "53o" : {
      "fold" : 1
    },
    "53s" : {
      "fold" : 0.99990000000000001
    },
    "54o" : {
      "fold" : 1
    },
    "54s" : {
      "fold" : 0.99990000000000001
    },
    "55" : {
      "fold" : 0.25879999999999997,
      "raise25x" : 0.74119999999999997
    },
    "62o" : {
      "fold" : 1
    },
    "62s" : {
      "fold" : 1
    },
    "63o" : {
      "fold" : 1
    },
    "63s" : {
      "fold" : 1
    },
    "64o" : {
      "fold" : 1
    },
    "64s" : {
      "fold" : 1
    },
    "65o" : {
      "fold" : 1
    },
    "65s" : {
      "fold" : 0.99980000000000002
    },
    "66" : {
      "raise25x" : 0.99990000000000001
    },
    "72o" : {
      "fold" : 1
    },
    "72s" : {
      "fold" : 1
    },
    "73o" : {
      "fold" : 1
    },
    "73s" : {
      "fold" : 1
    },
    "74o" : {
      "fold" : 1
    },
    "74s" : {
      "fold" : 1
    },
    "75o" : {
      "fold" : 1
    },
    "75s" : {
      "fold" : 1
    },
    "76o" : {
      "fold" : 1
    },
    "76s" : {
      "fold" : 0.99960000000000004
    },
    "77" : {
      "raise25x" : 1
    },
    "82o" : {
      "fold" : 1
    },
    "82s" : {
      "fold" : 1
    },
    "83o" : {
      "fold" : 1
    },
    "83s" : {
      "fold" : 1
    },
    "84o" : {
      "fold" : 1
    },
    "84s" : {
      "fold" : 1
    },
    "85o" : {
      "fold" : 1
    },
    "85s" : {
      "fold" : 1
    },
    "86o" : {
      "fold" : 1
    },
    "86s" : {
      "fold" : 0.99990000000000001
    },
    "87o" : {
      "fold" : 1
    },
    "87s" : {
      "fold" : 1
    },
    "88" : {
      "raise25x" : 1
    },
    "92o" : {
      "fold" : 1
    },
    "92s" : {
      "fold" : 1
    },
    "93o" : {
      "fold" : 1
    },
    "93s" : {
      "fold" : 1
    },
    "94o" : {
      "fold" : 1
    },
    "94s" : {
      "fold" : 1
    },
    "95o" : {
      "fold" : 1
    },
    "95s" : {
      "fold" : 1
    },
    "96o" : {
      "fold" : 1
    },
    "96s" : {
      "fold" : 1
    },
    "97o" : {
      "fold" : 1
    },
    "97s" : {
      "fold" : 0.99980000000000002
    },
    "98o" : {
      "fold" : 1
    },
    "98s" : {
      "fold" : 0.99950000000000006
    },
    "99" : {
      "raise25x" : 1
    },
    "A2o" : {
      "fold" : 0.99990000000000001
    },
    "A2s" : {
      "fold" : 0.99929999999999997
    },
    "A3o" : {
      "fold" : 0.99950000000000006
    },
    "A3s" : {
      "fold" : 0.66269999999999996,
      "raise25x" : 0.33729999999999999
    },
    "A4o" : {
      "fold" : 1
    },
    "A4s" : {
      "fold" : 0.38140000000000002,
      "raise25x" : 0.61860000000000004
    },
    "A5o" : {
      "fold" : 0.99880000000000002,
      "raise25x" : 0.0011999999999999999
    },
    "A5s" : {
      "fold" : 0.68769999999999998,
      "raise25x" : 0.31230000000000002
    },
    "A6o" : {
      "fold" : 1
    },
    "A6s" : {
      "fold" : 0.99709999999999999,
      "raise25x" : 0.0028999999999999998
    },
    "A7o" : {
      "fold" : 0.99819999999999998,
      "raise25x" : 0.0018
    },
    "A7s" : {
      "fold" : 0.019900000000000001,
      "raise25x" : 0.98009999999999997
    },
    "A8o" : {
      "fold" : 0.65580000000000005,
      "raise25x" : 0.34420000000000001
    },
    "A8s" : {
      "fold" : 0.27960000000000002,
      "raise25x" : 0.72040000000000004
    },
    "A9o" : {
      "fold" : 0.051999999999999998,
      "raise25x" : 0.94799999999999995
    },
    "A9s" : {
      "raise25x" : 1
    },
    "AA" : {
      "raise25x" : 1
    },
    "AJo" : {
      "raise25x" : 1
    },
    "AJs" : {
      "raise25x" : 1
    },
    "AKo" : {
      "raise25x" : 1
    },
    "AKs" : {
      "raise25x" : 1
    },
    "AQo" : {
      "raise25x" : 1
    },
    "AQs" : {
      "raise25x" : 1
    },
    "ATo" : {
      "raise25x" : 1
    },
    "ATs" : {
      "raise25x" : 1
    },
    "J2o" : {
      "fold" : 1
    },
    "J2s" : {
      "fold" : 1
    },
    "J3o" : {
      "fold" : 1
    },
    "J3s" : {
      "fold" : 1
    },
    "J4o" : {
      "fold" : 1
    },
    "J4s" : {
      "fold" : 0.99990000000000001
    },
    "J5o" : {
      "fold" : 1
    },
    "J5s" : {
      "fold" : 1
    },
    "J6o" : {
      "fold" : 1
    },
    "J6s" : {
      "fold" : 1
    },
    "J7o" : {
      "fold" : 1
    },
    "J7s" : {
      "fold" : 0.99990000000000001
    },
    "J8o" : {
      "fold" : 1
    },
    "J8s" : {
      "fold" : 0.999
    },
    "J9o" : {
      "fold" : 1
    },
    "J9s" : {
      "fold" : 0.77059999999999995,
      "raise25x" : 0.22939999999999999
    },
    "JJ" : {
      "raise25x" : 1
    },
    "JTo" : {
      "fold" : 0.99209999999999998,
      "raise25x" : 0.0079000000000000008
    },
    "JTs" : {
      "fold" : 0.0028,
      "raise25x" : 0.99719999999999998
    },
    "K2o" : {
      "fold" : 1
    },
    "K2s" : {
      "fold" : 0.99819999999999998,
      "raise25x" : 0.0018
    },
    "K3o" : {
      "fold" : 1
    },
    "K3s" : {
      "fold" : 0.99980000000000002
    },
    "K4o" : {
      "fold" : 1
    },
    "K4s" : {
      "fold" : 1
    },
    "K5o" : {
      "fold" : 1
    },
    "K5s" : {
      "fold" : 0.99739999999999995,
      "raise25x" : 0.0025999999999999999
    },
    "K6o" : {
      "fold" : 1
    },
    "K6s" : {
      "fold" : 0.99960000000000004
    },
    "K7o" : {
      "fold" : 0.99990000000000001
    },
    "K7s" : {
      "fold" : 0.98980000000000001,
      "raise25x" : 0.010200000000000001
    },
    "K8o" : {
      "fold" : 1
    },
    "K8s" : {
      "fold" : 0.98980000000000001,
      "raise25x" : 0.010200000000000001
    },
    "K9o" : {
      "fold" : 0.99960000000000004
    },
    "K9s" : {
      "fold" : 0.69779999999999998,
      "raise25x" : 0.30220000000000002
    },
    "KJo" : {
      "raise25x" : 1
    },
    "KJs" : {
      "raise25x" : 1
    },
    "KK" : {
      "raise25x" : 1
    },
    "KQo" : {
      "raise25x" : 1
    },
    "KQs" : {
      "raise25x" : 0.99960000000000004
    },
    "KTo" : {
      "fold" : 0.15970000000000001,
      "raise25x" : 0.84030000000000005
    },
    "KTs" : {
      "raise25x" : 1
    },
    "Q2o" : {
      "fold" : 1
    },
    "Q2s" : {
      "fold" : 1
    },
    "Q3o" : {
      "fold" : 1
    },
    "Q3s" : {
      "fold" : 0.99970000000000003
    },
    "Q4o" : {
      "fold" : 1
    },
    "Q4s" : {
      "fold" : 0.99960000000000004
    },
    "Q5o" : {
      "fold" : 1
    },
    "Q5s" : {
      "fold" : 0.99990000000000001
    },
    "Q6o" : {
      "fold" : 1
    },
    "Q6s" : {
      "fold" : 0.99950000000000006
    },
    "Q7o" : {
      "fold" : 1
    },
    "Q7s" : {
      "fold" : 0.99950000000000006
    },
    "Q8o" : {
      "fold" : 1
    },
    "Q8s" : {
      "fold" : 0.99829999999999997,
      "raise25x" : 0.0016999999999999999
    },
    "Q9o" : {
      "fold" : 0.99960000000000004
    },
    "Q9s" : {
      "fold" : 0.64549999999999996,
      "raise25x" : 0.35449999999999998
    },
    "QJo" : {
      "fold" : 0.69379999999999997,
      "raise25x" : 0.30620000000000003
    },
    "QJs" : {
      "fold" : 0.0077999999999999996,
      "raise25x" : 0.99219999999999997
    },
    "QQ" : {
      "raise25x" : 1
    },
    "QTo" : {
      "fold" : 0.999
    },
    "QTs" : {
      "fold" : 0.39179999999999998,
      "raise25x" : 0.60819999999999996
    },
    "T2o" : {
      "fold" : 1
    },
    "T2s" : {
      "fold" : 0.99980000000000002
    },
    "T3o" : {
      "fold" : 1
    },