{
  "format" : "NLHE_MTT_9MAX",
  "hands" : {
    "22" : {
      "call" : 0.98019999999999996,
      "fold" : 0.019800000000000002
    },
    "33" : {
      "call" : 0.81799999999999995,
      "fold" : 0.182
    },
    "44" : {
      "call" : 0.76400000000000001,
      "fold" : 0.23599999999999999
    },
    "54s" : {
      "call" : 0.37009999999999998,
      "fold" : 0.39800000000000002,
      "raise25x" : 0.2319
    },
    "55" : {
      "call" : 0.93410000000000004,
      "fold" : 0.055899999999999991,
      "raise25x" : 0.01
    },
    "65s" : {
      "call" : 0.3921,
      "fold" : 0.47989999999999999,
      "raise25x" : 0.128
    },
    "66" : {
      "call" : 0.89800000000000002,
      "raise25x" : 0.10199999999999999
    },
    "76s" : {
      "call" : 0.40000000000000002,
      "fold" : 0.46200000000000002,
      "raise25x" : 0.13800000000000001
    },
    "77" : {
      "call" : 0.85809999999999997,
      "raise25x" : 0.1419
    },
    "87s" : {
      "call" : 0.182,
      "fold" : 0.72799999999999998,
      "raise25x" : 0.089999999999999997
    },
    "88" : {
      "call" : 0.75819999999999999,
      "raise25x" : 0.24179999999999999
    },
    "98s" : {
      "call" : 0.43590000000000001,
      "fold" : 0.56410000000000005
    },
    "99" : {
      "call" : 0.70809999999999995,
      "raise25x" : 0.29189999999999999
    },
    "A3s" : {
      "call" : 0.41999999999999998,
      "fold" : 0.31009999999999999,
      "raise25x" : 0.26989999999999997
    },
    "A4s" : {
      "call" : 0.63,
      "raise25x" : 0.37
    },
    "A5s" : {
      "call" : 0.57199999999999995,
      "raise25x" : 0.42799999999999999
    },
    "A6s" : {
      "fold" : 0.96409999999999996,
      "raise25x" : 0.035900000000000001
    },
    "A7s" : {
      "call" : 0.68999999999999995,
      "fold" : 0.14399999999999999,
      "raise25x" : 0.16600000000000001
    },
    "A8s" : {
      "call" : 0.5161,
      "raise25x" : 0.4839
    },
    "A9s" : {
      "call" : 0.68610000000000004,
      "raise25x" : 0.31390000000000001
    },
    "AA" : {
      "raise25x" : 1
    },
    "AJo" : {
      "call" : 0.39479999999999998,
      "fold" : 0.15029999999999999,
      "raise25x" : 0.45490000000000003
    },
    "AJs" : {
      "call" : 1
    },
    "AKo" : {
      "call" : 0.44190000000000002,
      "raise25x" : 0.55810000000000004
    },
    "AKs" : {
      "raise25x" : 1
    },
    "AQo" : {
      "call" : 0.70599999999999996,
      "raise25x" : 0.29399999999999998
    },
    "AQs" : {
      "call" : 0.68999999999999995,
      "raise25x" : 0.31
    },
    "ATs" : {
      "call" : 0.41199999999999998,
      "raise25x" : 0.58799999999999997
    },
    "J9s" : {
      "call" : 0.55410000000000004,
      "fold" : 0.26390000000000002,
      "raise25x" : 0.182
    },
    "JJ" : {
      "call" : 0.59799999999999998,
      "raise25x" : 0.40200000000000002
    },
    "JTs" : {
      "call" : 0.872,
      "raise25x" : 0.128
    },
    "K6s" : {
      "call" : 0.045899999999999996,
      "fold" : 0.87019999999999997,
      "raise25x" : 0.083900000000000002
    },
    "K8s" : {
      "call" : 0.18390000000000001,
      "fold" : 0.76229999999999998,
      "raise25x" : 0.053800000000000001
    },
    "K9s" : {
      "call" : 0.24790000000000001,
      "raise25x" : 0.75209999999999999
    },
    "KJs" : {
      "call" : 0.70999999999999996,
      "raise25x" : 0.28999999999999998
    },
    "KK" : {
      "raise25x" : 1
    },
    "KQo" : {
      "call" : 0.50409999999999999,
      "raise25x" : 0.49590000000000001
    },
    "KQs" : {
      "call" : 1
    },
    "KTs" : {
      "call" : 0.53000000000000003,
      "raise25x" : 0.46999999999999997
    },
    "QJs" : {
      "call" : 0.60999999999999999,
      "raise25x" : 0.39000000000000001
    },
    "QQ" : {
      "call" : 0.502,
      "raise25x" : 0.498
    },
    "QTs" : {
      "call" : 0.91000000000000003,
      "raise25x" : 0.089999999999999997
    },
    "T8s" : {
      "call" : 0.36009999999999998,
      "fold" : 0.63990000000000002
    },
    "T9s" : {
      "call" : 0.84809999999999997,
      "raise25x" : 0.15190000000000001
    },
    "TT" : {
      "call" : 0.55200000000000005,
      "raise25x" : 0.44800000000000001
    }
  },
  "id" : "mtt_9max_70bb_co_vsopen_vs_utg1",
  "source" : {
    "description" : "Adapted from RangeConverter 8-max baseline.",
    "publisher" : {
      "accessedDate" : "2026-06-01",
      "name" : "RangeConverter",
      "product" : "Free Poker Charts — 8 max 1bb ante MTT GTO Ranges",
      "treeParams" : "2.5x open, 3.5x 3bet IP, 4.5x 3bet OOP, 2.3x 4bet IP, 2.75x 4bet OOP, SB vs BB 3.2bb",
      "url" : "https:\/\/rangeconverter.com\/free-poker-charts"
    },
    "solver" : {
      "assumptions" : "Frequencies rounded to nearest 25% per source. ChipEV (non-ICM). 1bb (12.5%) big-blind ante. Copied verbatim from 8-max CO (same effective seat in 9-max)."
    },
    "type" : "published"
  },
  "spot" : {
    "anteType" : "bigBlindAnte",
    "facingAction" : "vsOpen",
    "opponentPosition" : "UTG1",
    "position" : "CO",
    "stackDepthBB" : 70
  }
}