{
  "format" : "NLHE_MTT_9MAX",
  "hands" : {
    "22" : {
      "call" : 1
    },
    "33" : {
      "call" : 1
    },
    "44" : {
      "call" : 1
    },
    "54s" : {
      "call" : 1
    },
    "55" : {
      "call" : 1
    },
    "65s" : {
      "call" : 1
    },
    "66" : {
      "call" : 1
    },
    "76s" : {
      "call" : 1
    },
    "77" : {
      "call" : 0.91810000000000003,
      "raise25x" : 0.081900000000000014
    },
    "87s" : {
      "call" : 1
    },
    "88" : {
      "call" : 0.92810000000000004,
      "raise25x" : 0.071900000000000019
    },
    "97s" : {
      "call" : 1
    },
    "98s" : {
      "call" : 1
    },
    "99" : {
      "call" : 0.98009999999999997,
      "raise25x" : 0.019899999999999998
    },
    "A2s" : {
      "call" : 0.011899999999999999,
      "fold" : 0.98809999999999998
    },
    "A3s" : {
      "call" : 0.84209999999999996,
      "raise25x" : 0.15790000000000001
    },
    "A4s" : {
      "call" : 0.98609999999999998,
      "raise25x" : 0.013900000000000001
    },
    "A5s" : {
      "call" : 0.71540000000000004,
      "raise25x" : 0.28460000000000002
    },
    "A6s" : {
      "call" : 0.96799999999999997,
      "raise25x" : 0.032000000000000001
    },
    "A7s" : {
      "call" : 0.626,
      "raise25x" : 0.374
    },
    "A8s" : {
      "call" : 0.84419999999999995,
      "raise25x" : 0.15579999999999999
    },
    "A9s" : {
      "call" : 1
    },
    "AA" : {
      "raise25x" : 1
    },
    "AJo" : {
      "call" : 0.61209999999999998,
      "raise25x" : 0.38790000000000002
    },
    "AJs" : {
      "call" : 1
    },
    "AKo" : {
      "raise25x" : 0.36009999999999998,
      "shove" : 0.63990000000000002
    },
    "AKs" : {
      "raise25x" : 1
    },
    "AQo" : {
      "call" : 0.70809999999999995,
      "raise25x" : 0.29189999999999999
    },
    "AQs" : {
      "call" : 1
    },
    "ATo" : {
      "fold" : 0.98399999999999999,
      "raise25x" : 0.016
    },
    "ATs" : {
      "call" : 1
    },
    "J8s" : {
      "call" : 0.1162,
      "fold" : 0.88380000000000003
    },
    "J9s" : {
      "call" : 1
    },
    "JJ" : {
      "call" : 0.49919999999999998,
      "raise25x" : 0.23949999999999999,
      "shove" : 0.26129999999999998
    },
    "JTs" : {
      "call" : 1
    },
    "K5s" : {
      "call" : 0.95879999999999999,
      "raise25x" : 0.041200000000000001
    },
    "K6s" : {
      "call" : 1
    },
    "K7s" : {
      "call" : 0.40200000000000002,
      "fold" : 0.59799999999999998
    },
    "K8s" : {
      "call" : 0.27800000000000002,
      "fold" : 0.72199999999999998
    },
    "K9s" : {
      "call" : 0.96009999999999995,
      "raise25x" : 0.039899999999999998
    },
    "KJo" : {
      "fold" : 0.99419999999999997,
      "raise25x" : 0.0057999999999999996
    },
    "KJs" : {
      "call" : 0.90010000000000001,
      "raise25x" : 0.099900000000000003
    },
    "KK" : {
      "raise25x" : 1
    },
    "KQo" : {
      "call" : 0.73199999999999998,
      "raise25x" : 0.26800000000000002
    },
    "KQs" : {
      "call" : 1
    },
    "KTs" : {
      "call" : 0.54600000000000004,
      "raise25x" : 0.45400000000000001
    },
    "Q9s" : {
      "call" : 1
    },
    "QJs" : {
      "call" : 1
    },
    "QQ" : {
      "raise25x" : 0.70809999999999995,
      "shove" : 0.29189999999999999
    },
    "QTs" : {
      "call" : 1
    },
    "T8s" : {
      "call" : 1
    },
    "T9s" : {
      "call" : 1
    },
    "TT" : {
      "call" : 0.57589999999999997,
      "raise25x" : 0.42409999999999998
    }
  },
  "id" : "mtt_9max_60bb_lj_vs3bet_vs_co",
  "source" : {
    "description" : "Adapted from RangeConverter 8-max baseline.",
    "publisher" : {
      "accessedDate" : "2026-06-01",
      "name" : "RangeConverter",
      "product" : "Free Poker Charts — 8 max 1bb ante MTT GTO Ranges",
      "treeParams" : "2.5x open, 3.5x 3bet IP, 4.5x 3bet OOP, 2.3x 4bet IP, 2.75x 4bet OOP, SB vs BB 3.2bb",
      "url" : "https:\/\/rangeconverter.com\/free-poker-charts"
    },
    "solver" : {
      "assumptions" : "Frequencies rounded to nearest 25% per source. ChipEV (non-ICM). 1bb (12.5%) big-blind ante. Copied verbatim from 8-max LJ (same effective seat in 9-max)."
    },
    "type" : "published"
  },
  "spot" : {
    "anteType" : "bigBlindAnte",
    "facingAction" : "vs3Bet",
    "opponentPosition" : "CO",
    "position" : "LJ",
    "stackDepthBB" : 60
  }
}